bodyId,dopamine_evidence,consensus_nt,predicted_nt,predicted_nt_confidence,celltype_predicted_nt,celltype_predicted_nt_confidence,cell_type,type,instance,class,subclass,superclass,supertype,flywireType,hemibrainType,mancType,vfbId,somaSide,somaNeuromere,rootSide,statusLabel,receptorType
224748,consensus_dopamine,dopamine,dopamine,0.9089004941599281,unclear,,,,,,,,,,,,,,,,Orphan,
269890,consensus_dopamine,dopamine,dopamine,0.9219732704402517,unclear,,,,KC_R_fragment,,,,,,,,,R,,,Orphan,
547066,consensus_dopamine,dopamine,dopamine,0.9050270789657582,unclear,,,,,,,,,,,,,,,,Orphan,
564403,consensus_dopamine,dopamine,dopamine,0.8771317126269955,unclear,,,,,,,,,,,,,,,,Orphan,
10898,consensus_dopamine,dopamine,dopamine,0.7098902386436916,dopamine,0.6826247756039518,AVLP476,AVLP476,AVLP476_R,,,cb_intrinsic,,AVLP476,AVLP476,,VFB_jrmc3ixn,R,,,Roughly traced,
529811,consensus_dopamine,dopamine,dopamine,0.6523795219706033,dopamine,0.6826247756039518,AVLP476,AVLP476,AVLP476_L,,,cb_intrinsic,,AVLP476,AVLP476,,VFB_jrmc3ixm,L,,,Roughly traced,
11125,consensus_dopamine,dopamine,dopamine,0.575824372731035,dopamine,0.5896177008135943,AVLP610,AVLP610,AVLP610_R,,,cb_intrinsic,11125,CB0623,,,VFB_jrmc3j7v,R,MX,,Roughly traced,
520188,consensus_dopamine,dopamine,dopamine,0.6029518574603135,dopamine,0.5896177008135943,AVLP610,AVLP610,AVLP610(hb1416796844)_L,,,cb_intrinsic,11125,CB0623,(hb1416796844),,VFB_jrmc3j7w,L,MX,,Roughly traced,
11734,consensus_dopamine,dopamine,dopamine,0.8702168403877344,dopamine,0.8701814271329671,DPM,DPM,DPM_L,,,cb_intrinsic,,DPM,DPM,,VFB_jrmc30wd,L,,,Roughly traced,
12569,consensus_dopamine,dopamine,dopamine,0.8701402180071319,dopamine,0.8701814271329671,DPM,DPM,DPM_R,,,cb_intrinsic,,DPM,DPM,,VFB_jrmc30we,R,,,Roughly traced,
18156,consensus_dopamine,dopamine,dopamine,0.6700888208588446,dopamine,0.6396446431328852,ExR2,ExR2,ExR2_L,CX,,cb_intrinsic,18156,ExR2,ExR2,,VFB_jrmc2zyz,L,,,Roughly traced,
38706,consensus_dopamine,dopamine,dopamine,0.607750951671632,dopamine,0.6396446431328852,ExR2,ExR2,ExR2_R,CX,,cb_intrinsic,18156,ExR2,ExR2,,VFB_jrmc2zyw,R,,,Roughly traced,
515933,consensus_dopamine,dopamine,dopamine,0.6293010841359897,dopamine,0.6396446431328852,ExR2,ExR2,ExR2_R,CX,,cb_intrinsic,18156,ExR2,ExR2,,VFB_jrmc2zyy,R,,,Roughly traced,
517512,consensus_dopamine,dopamine,dopamine,0.6552850620047613,dopamine,0.6396446431328852,ExR2,ExR2,ExR2_L,CX,,cb_intrinsic,18156,ExR2,ExR2,,VFB_jrmc2zyx,L,,,Roughly traced,
11255,consensus_dopamine,dopamine,dopamine,0.6496466064665207,dopamine,0.6430914969943113,FB1C,FB1C,FB1C_L,CX,,cb_intrinsic,11255,CB.FB1H0,FB1C,,VFB_jrmc2zzu,L,,,Roughly traced,
45024,consensus_dopamine,dopamine,dopamine,0.6749753652856911,dopamine,0.6430914969943113,FB1C,FB1C,FB1C_R,CX,,cb_intrinsic,11255,CB.FB1H0,FB1C,,VFB_jrmc2zzt,R,,,Roughly traced,
523776,consensus_dopamine,dopamine,dopamine,0.5973500736075541,dopamine,0.6430914969943113,FB1C,FB1C,FB1C_R,CX,,cb_intrinsic,11255,CB.FB1H0,FB1C,,VFB_jrmc2zzs,R,,,Roughly traced,
539227,consensus_dopamine,dopamine,dopamine,0.653459455943441,dopamine,0.6430914969943113,FB1C,FB1C,FB1C_L,CX,,cb_intrinsic,11255,CB.FB1H0,FB1C,,VFB_jrmc2zzr,L,,,Roughly traced,
521584,consensus_dopamine,dopamine,dopamine,0.5963639290894535,dopamine,0.5881704253438013,FB1H,FB1H,FB1H(NO2/3)_L,CX,,cb_intrinsic,,CB.FBTF0,FB1H,,VFB_jrmc300b,L,,,Roughly traced,
533103,consensus_dopamine,dopamine,dopamine,0.5799884509186165,dopamine,0.5881704253438013,FB1H,FB1H,FB1H(NO2/3)_R,CX,,cb_intrinsic,,CB.FBTF0,FB1H,,VFB_jrmc300c,R,,,Roughly traced,
21519,consensus_dopamine,dopamine,dopamine,0.6481906812198333,dopamine,0.6805941389000402,FB2A,FB2A,FB2A_R,CX,,cb_intrinsic,21519,CB.FB2H0,FB2A,,VFB_jrmc300i,R,,,Roughly traced,
25529,consensus_dopamine,dopamine,dopamine,0.710388901367675,dopamine,0.6805941389000402,FB2A,FB2A,FB2A_L,CX,,cb_intrinsic,21519,CB.FB2H0,FB2A,,VFB_jrmc300j,L,,,Roughly traced,
35293,consensus_dopamine,dopamine,dopamine,0.7121607083747103,dopamine,0.6805941389000402,FB2A,FB2A,FB2A_L,CX,,cb_intrinsic,21519,CB.FB2H0,FB2A,,VFB_jrmc300k,L,,,Roughly traced,
523775,consensus_dopamine,dopamine,dopamine,0.6508181879472584,dopamine,0.6805941389000402,FB2A,FB2A,FB2A_R,CX,,cb_intrinsic,21519,CB.FB2H0,FB2A,,VFB_jrmc300h,R,,,Roughly traced,
10568,consensus_dopamine,dopamine,dopamine,0.7614813063175189,dopamine,0.7040577171265496,FB4L,FB4L,FB4L_R,CX,,cb_intrinsic,10568,"CB.FB3,4A21",FB4L,,VFB_jrmc3055,R,,,Roughly traced,
17061,consensus_dopamine,dopamine,dopamine,0.6943196196643221,dopamine,0.7040577171265496,FB4L,FB4L,FB4L_L,CX,,cb_intrinsic,10568,"CB.FB3,4A21",FB4L,,VFB_jrmc3053,L,,,Roughly traced,
36423,consensus_dopamine,dopamine,dopamine,0.6502826720310766,dopamine,0.7040577171265496,FB4L,FB4L,FB4L_R,CX,,cb_intrinsic,10568,"CB.FB3,4A21",FB4L,,VFB_jrmc3054,R,,,Roughly traced,
536057,consensus_dopamine,dopamine,dopamine,0.703481117650453,dopamine,0.7040577171265496,FB4L,FB4L,FB4L_L,CX,,cb_intrinsic,10568,"CB.FB3,4A21",FB4L,,VFB_jrmc3056,L,,,Roughly traced,
12333,consensus_dopamine,dopamine,dopamine,0.7244850628930818,dopamine,0.7278898746883307,FB4M,FB4M,FB4M(PPM3-FB3/4-NO-DAN)_R,CX,,cb_intrinsic,12333,"CB.FB3,4A10",FB4M,,VFB_jrmc3058,R,,,Roughly traced,
15888,consensus_dopamine,dopamine,dopamine,0.7144319179065778,dopamine,0.7278898746883307,FB4M,FB4M,FB4M(PPM3-FB3/4-NO-DAN)_R,CX,,cb_intrinsic,12333,"CB.FB3,4A10",FB4M,,VFB_jrmc3057,R,,,Roughly traced,
43756,consensus_dopamine,dopamine,dopamine,0.7296345054316752,dopamine,0.7278898746883307,FB4M,FB4M,FB4M(PPM3-FB3/4-NO-DAN)_L,CX,,cb_intrinsic,12333,"CB.FB3,4A10",FB4M,,VFB_jrmc3059,L,,,Roughly traced,
44903,consensus_dopamine,dopamine,dopamine,0.7428543647268372,dopamine,0.7278898746883307,FB4M,FB4M,FB4M(PPM3-FB3/4-NO-DAN)_L,CX,,cb_intrinsic,12333,"CB.FB3,4A10",FB4M,,VFB_jrmc305a,L,,,Roughly traced,
16430,consensus_dopamine,dopamine,unclear,0.43823632637017074,unclear,0.41213585392094587,FB5H,FB5H,FB5H_L,CX,,cb_intrinsic,,CB.FB5F0,FB5H,,VFB_jrmc307n,L,,,Roughly traced,
536208,consensus_dopamine,dopamine,unclear,0.41812607035821325,unclear,0.41213585392094587,FB5H,FB5H,FB5H_R,CX,,cb_intrinsic,,CB.FB5F0,FB5H,,VFB_jrmc307m,R,,,Roughly traced,
17421,consensus_dopamine,dopamine,dopamine,0.8217807833192449,dopamine,0.8224514553706974,LAL128,LAL128,LAL128_R,,,cb_intrinsic,12858,LAL128,LAL128,,VFB_jrmc2cwo,R,CG,,Roughly traced,
529808,consensus_dopamine,dopamine,dopamine,0.8230846597097783,dopamine,0.8224514553706974,LAL128,LAL128,LAL128_L,,,cb_intrinsic,12858,LAL128,LAL128,,VFB_jrmc2cwp,L,CG,,Roughly traced,
10735,consensus_dopamine,dopamine,dopamine,0.7129259789737908,dopamine,0.7120246293829425,LoVC18,LoVC18,"LoVC18(PLP030,PLP031)_L",,,visual_centrifugal,,cL16,PLP030,,VFB_jrmc1zn1,L,,,Roughly traced,
10852,consensus_dopamine,dopamine,dopamine,0.675541397438856,dopamine,0.7120246293829425,LoVC18,LoVC18,"LoVC18(PLP030,PLP031)_L",,,visual_centrifugal,,cL16,PLP030,,VFB_jrmc1zn0,L,,,Roughly traced,
10914,consensus_dopamine,dopamine,dopamine,0.7317381143104253,dopamine,0.7120246293829425,LoVC18,LoVC18,LoVC18_R,,,visual_centrifugal,,cL16,PLP030,,VFB_jrmc1zn2,R,,,Roughly traced,
537899,consensus_dopamine,dopamine,dopamine,0.7207592096120917,dopamine,0.7120246293829425,LoVC18,LoVC18,LoVC18_R,,,visual_centrifugal,,cL16,PLP030,,VFB_jrmc1zn3,R,,,Roughly traced,
10639,consensus_dopamine,dopamine,dopamine,0.7365113364828719,dopamine,0.7392269329424779,LoVC22,LoVC22,LoVC22_R,,,visual_centrifugal,,cLLP02,CL033,,VFB_jrmc1znf,R,,,Roughly traced,
11079,consensus_dopamine,dopamine,dopamine,0.6999619555990485,dopamine,0.7392269329424779,LoVC22,LoVC22,LoVC22_R,,,visual_centrifugal,,cLLP02,CL033,,VFB_jrmc1zng,R,,,Roughly traced,
11214,consensus_dopamine,dopamine,dopamine,0.7543310107086437,dopamine,0.7392269329424779,LoVC22,LoVC22,LoVC22_L,,,visual_centrifugal,,cLLP02,CL033,,VFB_jrmc1znh,L,,,Roughly traced,
15042,consensus_dopamine,dopamine,dopamine,0.7598860415568335,dopamine,0.7392269329424779,LoVC22,LoVC22,LoVC22_L,,,visual_centrifugal,,cLLP02,CL033,,VFB_jrmc1zne,L,,,Roughly traced,
53285,consensus_dopamine,dopamine,dopamine,0.8735243324054025,dopamine,0.9074950111972347,PAM01,PAM01,PAM01(y5)_L,DAN,,cb_intrinsic,49043,PAM01,PAM01,,VFB_jrmc1pqi,L,,,Roughly traced,
62731,consensus_dopamine,dopamine,dopamine,0.8987176752977386,dopamine,0.9074950111972347,PAM01,PAM01,PAM01(y5)_R,DAN,,cb_intrinsic,49043,PAM01,PAM01,,VFB_jrmc1pqw,R,,,Prelim Roughly traced,
63391,consensus_dopamine,dopamine,dopamine,0.8629269246292,dopamine,0.9074950111972347,PAM01,PAM01,PAM01(y5)_R,DAN,,cb_intrinsic,63391,PAM01,PAM01,,VFB_jrmc1pqx,R,,,Roughly traced,
74856,consensus_dopamine,dopamine,dopamine,0.9178264349254915,dopamine,0.9074950111972347,PAM01,PAM01,PAM01(y5)_L,DAN,,cb_intrinsic,74856,PAM01,PAM01,,VFB_jrmc1pq6,L,,,Roughly traced,
80744,consensus_dopamine,dopamine,dopamine,0.9099072188513008,dopamine,0.9074950111972347,PAM01,PAM01,PAM01(y5)_L,DAN,,cb_intrinsic,74856,PAM01,PAM01,,VFB_jrmc1pq7,L,,,Roughly traced,
83277,consensus_dopamine,dopamine,dopamine,0.9219732704402516,dopamine,0.9074950111972347,PAM01,PAM01,PAM01(y5)_L,DAN,,cb_intrinsic,63391,PAM01,PAM01,,VFB_jrmc1pq8,L,,,Roughly traced,
88477,consensus_dopamine,dopamine,dopamine,0.903320863153329,dopamine,0.9074950111972347,PAM01,PAM01,PAM01(y5)_L,DAN,,cb_intrinsic,63391,PAM01,PAM01,,VFB_jrmc1pqh,L,,,Roughly traced,
90867,consensus_dopamine,dopamine,dopamine,0.8939341170528237,dopamine,0.9074950111972347,PAM01,PAM01,PAM01(y5)_R,DAN,,cb_intrinsic,63391,PAM01,PAM01,,VFB_jrmc1pr7,R,,,Roughly traced,
93704,consensus_dopamine,dopamine,dopamine,0.904746462264151,dopamine,0.9074950111972347,PAM01,PAM01,PAM01(y5)_L,DAN,,cb_intrinsic,74856,PAM01,PAM01,,VFB_jrmc1pqt,L,,,Roughly traced,
99089,consensus_dopamine,dopamine,dopamine,0.9065076129055182,dopamine,0.9074950111972347,PAM01,PAM01,PAM01(y5)_L,DAN,,cb_intrinsic,74856,PAM01,PAM01,,VFB_jrmc1pq9,L,,,Roughly traced,
100258,consensus_dopamine,dopamine,dopamine,0.9124334001368658,dopamine,0.9074950111972347,PAM01,PAM01,PAM01(y5)_R,DAN,,cb_intrinsic,74856,PAM01,PAM01,,VFB_jrmc1pr2,R,,,Roughly traced,
113067,consensus_dopamine,dopamine,dopamine,0.9174660004538676,dopamine,0.9074950111972347,PAM01,PAM01,PAM01(y5)_R,DAN,,cb_intrinsic,63391,PAM01,PAM01,,VFB_jrmc1prc,R,,,Roughly traced,
114216,consensus_dopamine,dopamine,dopamine,0.9219732704402515,dopamine,0.9074950111972347,PAM01,PAM01,PAM01(y5)_L,DAN,,cb_intrinsic,63391,PAM01,PAM01,,VFB_jrmc1pr3,L,,,Roughly traced,
114700,consensus_dopamine,dopamine,dopamine,0.9219732704402517,dopamine,0.9074950111972347,PAM01,PAM01,PAM01(y5)_R,DAN,,cb_intrinsic,63391,PAM01,PAM01,,VFB_jrmc1pr0,R,,,Roughly traced,
129563,consensus_dopamine,dopamine,dopamine,0.8501260788839823,dopamine,0.9074950111972347,PAM01,PAM01,PAM01(y5)_R,DAN,,cb_intrinsic,74856,PAM01,PAM01,,VFB_jrmc1prd,R,,,Prelim Roughly traced,
138629,consensus_dopamine,dopamine,dopamine,0.9042662473794549,dopamine,0.9074950111972347,PAM01,PAM01,PAM01(y5)_L,DAN,,cb_intrinsic,63391,PAM01,PAM01,,VFB_jrmc1pqj,L,,,Roughly traced,
141615,consensus_dopamine,dopamine,dopamine,0.9162952809768847,dopamine,0.9074950111972347,PAM01,PAM01,PAM01(y5)_R,DAN,,cb_intrinsic,74856,PAM01,PAM01,,VFB_jrmc1pr8,R,,,Roughly traced,
144315,consensus_dopamine,dopamine,dopamine,0.8865678346810423,dopamine,0.9074950111972347,PAM01,PAM01,PAM01(y5)_R,DAN,,cb_intrinsic,74856,PAM01,PAM01,,VFB_jrmc1pqr,R,,,Roughly traced,
145094,consensus_dopamine,dopamine,dopamine,0.9102002130916915,dopamine,0.9074950111972347,PAM01,PAM01,PAM01(y5)_R,DAN,,cb_intrinsic,74856,PAM01,PAM01,,VFB_jrmc1pqs,R,,,Roughly traced,
145148,consensus_dopamine,dopamine,dopamine,0.9162539308176101,dopamine,0.9074950111972347,PAM01,PAM01,PAM01(y5)_L,DAN,,cb_intrinsic,63391,PAM01,PAM01,,VFB_jrmc1prb,L,,,Roughly traced,
146603,consensus_dopamine,dopamine,dopamine,0.9130186761773278,dopamine,0.9074950111972347,PAM01,PAM01,PAM01(y5)_R,DAN,,cb_intrinsic,63391,PAM01,PAM01,,VFB_jrmc1pqf,R,,,Roughly traced,
150177,consensus_dopamine,dopamine,dopamine,0.9219732704402516,dopamine,0.9074950111972347,PAM01,PAM01,PAM01(y5)_L,DAN,,cb_intrinsic,74856,PAM01,PAM01,,VFB_jrmc1pqu,L,,,Roughly traced,
153931,consensus_dopamine,dopamine,dopamine,0.9086458333333333,dopamine,0.9074950111972347,PAM01,PAM01,PAM01(y5)_L,DAN,,cb_intrinsic,74856,PAM01,PAM01,,VFB_jrmc1pqk,L,,,Roughly traced,
155916,consensus_dopamine,dopamine,dopamine,0.9219732704402516,dopamine,0.9074950111972347,PAM01,PAM01,PAM01(y5)_L,DAN,,cb_intrinsic,63391,PAM01,PAM01,,VFB_jrmc1pqv,L,,,Roughly traced,
156028,consensus_dopamine,dopamine,dopamine,0.8995883628266729,dopamine,0.9074950111972347,PAM01,PAM01,PAM01(y5)_R,DAN,,cb_intrinsic,63391,PAM01,PAM01,,VFB_jrmc1pqy,R,,,Roughly traced,
156046,consensus_dopamine,dopamine,dopamine,0.9219732704402516,dopamine,0.9074950111972347,PAM01,PAM01,PAM01(y5)_L,DAN,,cb_intrinsic,74856,PAM01,PAM01,,VFB_jrmc1pqe,L,,,Roughly traced,
159062,consensus_dopamine,dopamine,dopamine,0.9157902005779364,dopamine,0.9074950111972347,PAM01,PAM01,PAM01(y5)_L,DAN,,cb_intrinsic,63391,PAM01,PAM01,,VFB_jrmc1pqa,L,,,Roughly traced,
159158,consensus_dopamine,dopamine,dopamine,0.9219732704402516,dopamine,0.9074950111972347,PAM01,PAM01,PAM01(y5)_L,DAN,,cb_intrinsic,74856,PAM01,PAM01,,VFB_jrmc1pr6,L,,,Roughly traced,
164086,consensus_dopamine,dopamine,dopamine,0.9163938917476654,dopamine,0.9074950111972347,PAM01,PAM01,PAM01(y5)_R,DAN,,cb_intrinsic,74856,PAM01,PAM01,,VFB_jrmc1pqp,R,,,Roughly traced,
165365,consensus_dopamine,dopamine,dopamine,0.9050972817069877,dopamine,0.9074950111972347,PAM01,PAM01,PAM01(y5)_L,DAN,,cb_intrinsic,74856,PAM01,PAM01,,VFB_jrmc1pqb,L,,,Roughly traced,
167009,consensus_dopamine,dopamine,dopamine,0.9219732704402515,dopamine,0.9074950111972347,PAM01,PAM01,PAM01(y5)_R,DAN,,cb_intrinsic,74856,PAM01,PAM01,,VFB_jrmc1pr5,R,,,Roughly traced,
169278,consensus_dopamine,dopamine,dopamine,0.9219732704402516,dopamine,0.9074950111972347,PAM01,PAM01,PAM01(y5)_L,DAN,,cb_intrinsic,74856,PAM01,PAM01,,VFB_jrmc1pra,L,,,Roughly traced,
181924,consensus_dopamine,dopamine,dopamine,0.9145630130050102,dopamine,0.9074950111972347,PAM01,PAM01,PAM01(y5)_L,DAN,,cb_intrinsic,74856,PAM01,PAM01,,VFB_jrmc1pqz,L,,,Roughly traced,
185518,consensus_dopamine,dopamine,dopamine,0.9159428540446758,dopamine,0.9074950111972347,PAM01,PAM01,PAM01(y5)_L,DAN,,cb_intrinsic,63391,PAM01,PAM01,,VFB_jrmc1pr9,L,,,Roughly traced,
197691,consensus_dopamine,dopamine,dopamine,0.871685495768305,dopamine,0.9074950111972347,PAM01,PAM01,PAM01(y5)_L,DAN,,cb_intrinsic,74856,PAM01,PAM01,,VFB_jrmc1pql,L,,,Roughly traced,
198758,consensus_dopamine,dopamine,dopamine,0.9219732704402515,dopamine,0.9074950111972347,PAM01,PAM01,PAM01(y5)_L,DAN,,cb_intrinsic,63391,PAM01,PAM01,,VFB_jrmc1pqc,L,,,Roughly traced,
205884,consensus_dopamine,dopamine,dopamine,0.9219732704402516,dopamine,0.9074950111972347,PAM01,PAM01,PAM01(y5)_R,DAN,,cb_intrinsic,74856,PAM01,PAM01,,VFB_jrmc1pr4,R,,,Roughly traced,
212085,consensus_dopamine,dopamine,dopamine,0.9219732704402516,dopamine,0.9074950111972347,PAM01,PAM01,PAM01(y5)_R,DAN,,cb_intrinsic,74856,PAM01,PAM01,,VFB_jrmc1pqg,R,,,Roughly traced,
252045,consensus_dopamine,dopamine,dopamine,0.8835559372436422,dopamine,0.9074950111972347,PAM01,PAM01,PAM01(y5)_R,DAN,,cb_intrinsic,74856,PAM01,PAM01,,VFB_jrmc1pqm,R,,,Roughly traced,
325731,consensus_dopamine,dopamine,dopamine,0.9149340832123851,dopamine,0.9074950111972347,PAM01,PAM01,PAM01(y5)_R,DAN,,cb_intrinsic,74856,PAM01,PAM01,,VFB_jrmc1pqq,R,,,Roughly traced,
506819,consensus_dopamine,dopamine,dopamine,0.9219732704402516,dopamine,0.9074950111972347,PAM01,PAM01,PAM01(y5)_R,DAN,,cb_intrinsic,74856,PAM01,PAM01,,VFB_jrmc1pqn,R,,,Roughly traced,
523638,consensus_dopamine,dopamine,dopamine,0.9036556603773584,dopamine,0.9074950111972347,PAM01,PAM01,PAM01(y5)_R,DAN,,cb_intrinsic,63391,PAM01,PAM01,,VFB_jrmc1pr1,R,,,Roughly traced,
533294,consensus_dopamine,dopamine,dopamine,0.9177308857200823,dopamine,0.9074950111972347,PAM01,PAM01,PAM01(y5)_L,DAN,,cb_intrinsic,63391,PAM01,PAM01,,VFB_jrmc1pqd,L,,,Roughly traced,
543677,consensus_dopamine,dopamine,dopamine,0.9169150425046652,dopamine,0.9074950111972347,PAM01,PAM01,PAM01(y5)_R,DAN,,cb_intrinsic,74856,PAM01,PAM01,,VFB_jrmc1pqo,R,,,Roughly traced,
107986,consensus_dopamine,dopamine,dopamine,0.8964430404443833,dopamine,0.8959679801243963,PAM02,PAM02,PAM02(B'2a)_L,DAN,,cb_intrinsic,107986,PAM02,PAM02,,VFB_jrmc1prs,L,,,Roughly traced,
127659,consensus_dopamine,dopamine,dopamine,0.8731209827907942,dopamine,0.8959679801243963,PAM02,PAM02,PAM02(B'2a)_L,DAN,,cb_intrinsic,107986,PAM02,PAM02,,VFB_jrmc1pro,L,,,Roughly traced,
135046,consensus_dopamine,dopamine,dopamine,0.9002253880097383,dopamine,0.8959679801243963,PAM02,PAM02,PAM02(B'2a)_L,DAN,,cb_intrinsic,107986,PAM02,PAM02,,VFB_jrmc1prq,L,,,Prelim Roughly traced,
141246,consensus_dopamine,dopamine,dopamine,0.9074116684563073,dopamine,0.8959679801243963,PAM02,PAM02,PAM02(B'2a)_L,DAN,,cb_intrinsic,107986,PAM02,PAM02,,VFB_jrmc1pru,L,,,Roughly traced,
142238,consensus_dopamine,dopamine,dopamine,0.9073997641509434,dopamine,0.8959679801243963,PAM02,PAM02,PAM02(B'2a)_R,DAN,,cb_intrinsic,63391,PAM02,PAM02,,VFB_jrmc1prn,R,,,Prelim Roughly traced,
144126,consensus_dopamine,dopamine,dopamine,0.9105651364018748,dopamine,0.8959679801243963,PAM02,PAM02,PAM02(B'2a)_R,DAN,,cb_intrinsic,107986,PAM02,PAM02,,VFB_jrmc1prf,R,,,Prelim Roughly traced,
145022,consensus_dopamine,dopamine,dopamine,0.8632112554883113,dopamine,0.8959679801243963,PAM02,PAM02,PAM02(B'2a)_L,DAN,,cb_intrinsic,63391,PAM02,PAM02,,VFB_jrmc1prt,L,,,Roughly traced,
145324,consensus_dopamine,dopamine,dopamine,0.8899512465499299,dopamine,0.8959679801243963,PAM02,PAM02,PAM02(B'2a)_L,DAN,,cb_intrinsic,63391,PAM02,PAM02,,VFB_jrmc1prp,L,,,Roughly traced,
148328,consensus_dopamine,dopamine,dopamine,0.9219732704402516,dopamine,0.8959679801243963,PAM02,PAM02,PAM02(B'2a)_L,DAN,,cb_intrinsic,107986,PAM02,PAM02,,VFB_jrmc1prl,L,,,Prelim Roughly traced,
148469,consensus_dopamine,dopamine,dopamine,0.8763991045730732,dopamine,0.8959679801243963,PAM02,PAM02,PAM02(B'2a)_L,DAN,,cb_intrinsic,107986,PAM02,PAM02,,VFB_jrmc1pri,L,,,Roughly traced,
150828,consensus_dopamine,dopamine,dopamine,0.9127298932723461,dopamine,0.8959679801243963,PAM02,PAM02,PAM02(B'2a)_L,DAN,,cb_intrinsic,107986,PAM02,PAM02,,VFB_jrmc1pre,L,,,Roughly traced,
155329,consensus_dopamine,dopamine,dopamine,0.9008435903105346,dopamine,0.8959679801243963,PAM02,PAM02,PAM02(B'2a)_R,DAN,,cb_intrinsic,63391,PAM02,PAM02,,VFB_jrmc1prr,R,,,Roughly traced,
171959,consensus_dopamine,dopamine,dopamine,0.8814349590071878,dopamine,0.8959679801243963,PAM02,PAM02,PAM02(B'2a)_R,DAN,,cb_intrinsic,107986,PAM02,PAM02,,VFB_jrmc1prj,R,,,Roughly traced,
190296,consensus_dopamine,dopamine,dopamine,0.8790524857741839,dopamine,0.8959679801243963,PAM02,PAM02,PAM02(B'2a)_R,DAN,,cb_intrinsic,107986,PAM02,PAM02,,VFB_jrmc1prm,R,,,Roughly traced,
257650,consensus_dopamine,dopamine,dopamine,0.9024942041959326,dopamine,0.8959679801243963,PAM02,PAM02,PAM02(B'2a)_R,DAN,,cb_intrinsic,63391,PAM02,PAM02,,VFB_jrmc1prk,R,,,Roughly traced,
259089,consensus_dopamine,dopamine,dopamine,0.8919874613580642,dopamine,0.8959679801243963,PAM02,PAM02,PAM02(B'2a)_R,DAN,,cb_intrinsic,107986,PAM02,PAM02,,VFB_jrmc1prh,R,,,Prelim Roughly traced,
291665,consensus_dopamine,dopamine,dopamine,0.9025419287211739,dopamine,0.8959679801243963,PAM02,PAM02,PAM02(B'2a)_R,DAN,,cb_intrinsic,107986,PAM02,PAM02,,VFB_jrmc1prg,R,,,Roughly traced,
151013,consensus_dopamine,dopamine,dopamine,0.8856839622641509,dopamine,0.8907663657828204,PAM03,PAM03,PAM03(B2B'2a)_L,DAN,,cb_intrinsic,72601,PAM03,PAM03,,VFB_jrmc1ps5,L,,,Roughly traced,
163883,consensus_dopamine,dopamine,unclear,0.9219732704402516,dopamine,0.8907663657828204,PAM03,PAM03,PAM03(B2B'2a)_L,DAN,,cb_intrinsic,72601,PAM03,PAM03,,VFB_jrmc1ps6,L,,,Roughly traced,
168020,consensus_dopamine,dopamine,unclear,0.8580197820681585,dopamine,0.8907663657828204,PAM03,PAM03,PAM03(B2B'2a)_L,DAN,,cb_intrinsic,92324,PAM03,PAM03,,VFB_jrmc1pry,L,,,Roughly traced,
168080,consensus_dopamine,dopamine,unclear,0.8137367694431662,dopamine,0.8907663657828204,PAM03,PAM03,PAM03(B2B'2a)_L,DAN,,cb_intrinsic,168080,PAM03,PAM03,,VFB_jrmc1ps0,L,,,Roughly traced,
169027,consensus_dopamine,dopamine,dopamine,0.868473082699709,dopamine,0.8907663657828204,PAM03,PAM03,PAM03(B2B'2a)_R,DAN,,cb_intrinsic,168080,PAM03,PAM03,,VFB_jrmc1ps4,R,,,Roughly traced,
170467,consensus_dopamine,dopamine,dopamine,0.9042694726656991,dopamine,0.8907663657828204,PAM03,PAM03,PAM03(B2B'2a)_R,DAN,,cb_intrinsic,72601,PAM03,PAM03,,VFB_jrmc1prz,R,,,Roughly traced,
174384,consensus_dopamine,dopamine,dopamine,0.9085208030962748,dopamine,0.8907663657828204,PAM03,PAM03,PAM03(B2B'2a)_R,DAN,,cb_intrinsic,168080,PAM03,PAM03,,VFB_jrmc1ps1,R,,,Roughly traced,
177202,consensus_dopamine,dopamine,unclear,0.8969901168014375,dopamine,0.8907663657828204,PAM03,PAM03,PAM03(B2B'2a)_L,DAN,,cb_intrinsic,168080,PAM03,PAM03,,VFB_jrmc1ps2,L,,,Roughly traced,
190297,consensus_dopamine,dopamine,unclear,0.8710691823899371,dopamine,0.8907663657828204,PAM03,PAM03,PAM03(B2B'2a)_L,DAN,,cb_intrinsic,72601,PAM03,PAM03,,VFB_jrmc1ps3,L,,,Roughly traced,
336850,consensus_dopamine,dopamine,dopamine,0.9219732704402516,dopamine,0.8907663657828204,PAM03,PAM03,PAM03(B2B'2a)_L,DAN,,cb_intrinsic,92324,PAM03,PAM03,,VFB_jrmc1prv,L,,,Roughly traced,
580579,consensus_dopamine,dopamine,dopamine,0.9060748999428244,dopamine,0.8907663657828204,PAM03,PAM03,PAM03(B2B'2a)_R,DAN,,cb_intrinsic,92324,PAM03,PAM03,,VFB_jrmc1prx,R,,,Roughly traced,
909818,consensus_dopamine,dopamine,dopamine,0.9096576313225263,dopamine,0.8907663657828204,PAM03,PAM03,PAM03(B2B'2a)_R,DAN,,cb_intrinsic,72601,PAM03,PAM03,,VFB_jrmc1prw,R,,,Roughly traced,
37845,consensus_dopamine,dopamine,dopamine,0.8949511498391665,dopamine,0.8822546325518937,PAM04,PAM04,PAM04(B2)_R,DAN,,cb_intrinsic,37845,PAM04,PAM04,,VFB_jrmc1psu,R,,,Roughly traced,
46794,consensus_dopamine,dopamine,dopamine,0.8122611655122999,dopamine,0.8822546325518937,PAM04,PAM04,PAM04(B2)_R,DAN,,cb_intrinsic,37845,PAM04,PAM04,,VFB_jrmc1psz,R,,,Roughly traced,
108429,consensus_dopamine,dopamine,dopamine,0.9084907655716247,dopamine,0.8822546325518937,PAM04,PAM04,PAM04(B2)_L,DAN,,cb_intrinsic,108429,PAM04,PAM04,,VFB_jrmc1psk,L,,,Roughly traced,
109793,consensus_dopamine,dopamine,dopamine,0.9092391387311473,dopamine,0.8822546325518937,PAM04,PAM04,PAM04(B2)_L,DAN,,cb_intrinsic,37845,PAM04,PAM04,,VFB_jrmc1pse,L,,,Roughly traced,
115617,consensus_dopamine,dopamine,dopamine,0.7992674172656484,dopamine,0.8822546325518937,PAM04,PAM04,PAM04(B2)_L,DAN,,cb_intrinsic,28434,PAM04,PAM04,,VFB_jrmc1pss,L,,,Roughly traced,
120259,consensus_dopamine,dopamine,dopamine,0.8795289037344648,dopamine,0.8822546325518937,PAM04,PAM04,PAM04(B2)_R,DAN,,cb_intrinsic,108429,PAM04,PAM04,,VFB_jrmc1psl,R,,,Roughly traced,
124918,consensus_dopamine,dopamine,dopamine,0.8981289308176101,dopamine,0.8822546325518937,PAM04,PAM04,PAM04(B2)_L,DAN,,cb_intrinsic,37845,PAM04,PAM04,,VFB_jrmc1psy,L,,,Roughly traced,
125080,consensus_dopamine,dopamine,dopamine,0.9086742532941148,dopamine,0.8822546325518937,PAM04,PAM04,PAM04(B2)_L,DAN,,cb_intrinsic,37845,PAM04,PAM04,,VFB_jrmc1psh,L,,,Roughly traced,
128076,consensus_dopamine,dopamine,dopamine,0.8897786709023232,dopamine,0.8822546325518937,PAM04,PAM04,PAM04(B2)_R,DAN,,cb_intrinsic,37845,PAM04,PAM04,,VFB_jrmc1ps7,R,,,Roughly traced,
137321,consensus_dopamine,dopamine,dopamine,0.8849120593827702,dopamine,0.8822546325518937,PAM04,PAM04,PAM04(B2)_L,DAN,,cb_intrinsic,108429,PAM04,PAM04,,VFB_jrmc1pt2,L,,,Roughly traced,
144678,consensus_dopamine,dopamine,dopamine,0.8288318575526867,dopamine,0.8822546325518937,PAM04,PAM04,PAM04(B2)_R,DAN,,cb_intrinsic,144678,PAM04,PAM04,,VFB_jrmc1psf,R,,,Roughly traced,
146773,consensus_dopamine,dopamine,dopamine,0.8679973212205916,dopamine,0.8822546325518937,PAM04,PAM04,PAM04(B2)_R,DAN,,cb_intrinsic,37845,PAM04,PAM04,,VFB_jrmc1psp,R,,,Roughly traced,
153035,consensus_dopamine,dopamine,dopamine,0.9132291666666668,dopamine,0.8822546325518937,PAM04,PAM04,PAM04(B2)_L,DAN,,cb_intrinsic,108429,PAM04,PAM04,,VFB_jrmc1psc,L,,,Roughly traced,
157683,consensus_dopamine,dopamine,dopamine,0.9219732704402516,dopamine,0.8822546325518937,PAM04,PAM04,PAM04(B2)_R,DAN,,cb_intrinsic,37845,PAM04,PAM04,,VFB_jrmc1pso,R,,,Roughly traced,
157816,consensus_dopamine,dopamine,dopamine,0.8191014613392527,dopamine,0.8822546325518937,PAM04,PAM04,PAM04(B2)_L,DAN,,cb_intrinsic,37845,PAM04,PAM04,,VFB_jrmc1psn,L,,,Roughly traced,
158196,consensus_dopamine,dopamine,dopamine,0.8644462719298246,dopamine,0.8822546325518937,PAM04,PAM04,PAM04(B2)_L,DAN,,cb_intrinsic,37845,PAM04,PAM04,,VFB_jrmc1psj,L,,,Roughly traced,
169674,consensus_dopamine,dopamine,dopamine,0.8804724351415094,dopamine,0.8822546325518937,PAM04,PAM04,PAM04(B2)_L,DAN,,cb_intrinsic,108429,PAM04,PAM04,,VFB_jrmc1psd,L,,,Roughly traced,
176429,consensus_dopamine,dopamine,dopamine,0.882745894479385,dopamine,0.8822546325518937,PAM04,PAM04,PAM04(B2)_L,DAN,,cb_intrinsic,37845,PAM04,PAM04,,VFB_jrmc1psx,L,,,Roughly traced,
177603,consensus_dopamine,dopamine,dopamine,0.8863101369912528,dopamine,0.8822546325518937,PAM04,PAM04,PAM04(B2)_L,DAN,,cb_intrinsic,37845,PAM04,PAM04,,VFB_jrmc1pt1,L,,,Roughly traced,
177800,consensus_dopamine,dopamine,dopamine,0.9093006562756357,dopamine,0.8822546325518937,PAM04,PAM04,PAM04(B2)_L,DAN,,cb_intrinsic,37845,PAM04,PAM04,,VFB_jrmc1psm,L,,,Roughly traced,
178539,consensus_dopamine,dopamine,dopamine,0.8033661609722931,dopamine,0.8822546325518937,PAM04,PAM04,PAM04(B2)_R,DAN,,cb_intrinsic,108429,PAM04,PAM04,,VFB_jrmc1psi,R,,,Roughly traced,
186566,consensus_dopamine,dopamine,dopamine,0.8484642513976239,dopamine,0.8822546325518937,PAM04,PAM04,PAM04(B2)_R,DAN,,cb_intrinsic,37845,PAM04,PAM04,,VFB_jrmc1pt0,R,,,Roughly traced,
218583,consensus_dopamine,dopamine,dopamine,0.9070260845024996,dopamine,0.8822546325518937,PAM04,PAM04,PAM04(B2)_R,DAN,,cb_intrinsic,108429,PAM04,PAM04,,VFB_jrmc1psg,R,,,Roughly traced,
239873,consensus_dopamine,dopamine,dopamine,0.8470822612921669,dopamine,0.8822546325518937,PAM04,PAM04,PAM04(B2)_L,DAN,,cb_intrinsic,144678,PAM04,PAM04,,VFB_jrmc1pst,L,,,Roughly traced,
259486,consensus_dopamine,dopamine,dopamine,0.8569894494576611,dopamine,0.8822546325518937,PAM04,PAM04,PAM04(B2)_R,DAN,,cb_intrinsic,37845,PAM04,PAM04,,VFB_jrmc1ps9,R,,,Roughly traced,
292203,consensus_dopamine,dopamine,dopamine,0.8998489091981131,dopamine,0.8822546325518937,PAM04,PAM04,PAM04(B2)_L,DAN,,cb_intrinsic,108429,PAM04,PAM04,,VFB_jrmc1psv,L,,,Roughly traced,
297139,consensus_dopamine,dopamine,dopamine,0.8593597750022146,dopamine,0.8822546325518937,PAM04,PAM04,PAM04(B2)_R,DAN,,cb_intrinsic,108429,PAM04,PAM04,,VFB_jrmc1psr,R,,,Roughly traced,
341512,consensus_dopamine,dopamine,dopamine,0.905852431004279,dopamine,0.8822546325518937,PAM04,PAM04,PAM04(B2)_L,DAN,,cb_intrinsic,37845,PAM04,PAM04,,VFB_jrmc1psb,L,,,Roughly traced,
516044,consensus_dopamine,dopamine,dopamine,0.8495358404411131,dopamine,0.8822546325518937,PAM04,PAM04,PAM04(B2)_R,DAN,,cb_intrinsic,37845,PAM04,PAM04,,VFB_jrmc1ps8,R,,,Roughly traced,
523791,consensus_dopamine,dopamine,dopamine,0.9066327375041376,dopamine,0.8822546325518937,PAM04,PAM04,PAM04(B2)_R,DAN,,cb_intrinsic,37845,PAM04,PAM04,,VFB_jrmc1psw,R,,,Roughly traced,
544770,consensus_dopamine,dopamine,dopamine,0.916349548558861,dopamine,0.8822546325518937,PAM04,PAM04,PAM04(B2)_R,DAN,,cb_intrinsic,108429,PAM04,PAM04,,VFB_jrmc1psa,R,,,Roughly traced,
567409,consensus_dopamine,dopamine,dopamine,0.9001802837953258,dopamine,0.8822546325518937,PAM04,PAM04,PAM04(B2)_R,DAN,,cb_intrinsic,108429,PAM04,PAM04,,VFB_jrmc1psq,R,,,Roughly traced,
94250,consensus_dopamine,dopamine,dopamine,0.9074368779385724,dopamine,0.8899391111320345,PAM05,PAM05,PAM05(B'2p)_L,DAN,,cb_intrinsic,72601,PAM05,PAM05,,VFB_jrmc1ptf,L,,,Roughly traced,
94922,consensus_dopamine,dopamine,dopamine,0.900456723569931,dopamine,0.8899391111320345,PAM05,PAM05,PAM05(B'2p)_L,DAN,,cb_intrinsic,92324,PAM05,PAM05,,VFB_jrmc1ptb,L,,,Roughly traced,
105362,consensus_dopamine,dopamine,dopamine,0.9068623253834819,dopamine,0.8899391111320345,PAM05,PAM05,PAM05(B'2p)_R,DAN,,cb_intrinsic,72601,PAM05,PAM05,,VFB_jrmc1pt4,R,,,Roughly traced,
110653,consensus_dopamine,dopamine,dopamine,0.9016799818686612,dopamine,0.8899391111320345,PAM05,PAM05,PAM05(B'2p)_R,DAN,,cb_intrinsic,72601,PAM05,PAM05,,VFB_jrmc1pt5,R,,,Roughly traced,
135287,consensus_dopamine,dopamine,dopamine,0.8945414159076122,dopamine,0.8899391111320345,PAM05,PAM05,PAM05(B'2p)_L,DAN,,cb_intrinsic,92324,PAM05,PAM05,,VFB_jrmc1ptc,L,,,Roughly traced,
145371,consensus_dopamine,dopamine,dopamine,0.9219732704402516,dopamine,0.8899391111320345,PAM05,PAM05,PAM05(B'2p)_L,DAN,,cb_intrinsic,72601,PAM05,PAM05,,VFB_jrmc1pt3,L,,,Roughly traced,
151993,consensus_dopamine,dopamine,dopamine,0.899798718434942,dopamine,0.8899391111320345,PAM05,PAM05,PAM05(B'2p)_R,DAN,,cb_intrinsic,92324,PAM05,PAM05,,VFB_jrmc1ptm,R,,,Roughly traced,
152997,consensus_dopamine,dopamine,dopamine,0.8947139482169653,dopamine,0.8899391111320345,PAM05,PAM05,PAM05(B'2p)_L,DAN,,cb_intrinsic,72601,PAM05,PAM05,,VFB_jrmc1ptd,L,,,Roughly traced,
154230,consensus_dopamine,dopamine,dopamine,0.8927508871386532,dopamine,0.8899391111320345,PAM05,PAM05,PAM05(B'2p)_R,DAN,,cb_intrinsic,92324,PAM05,PAM05,,VFB_jrmc1pt8,R,,,Roughly traced,
157767,consensus_dopamine,dopamine,dopamine,0.9147467383959665,dopamine,0.8899391111320345,PAM05,PAM05,PAM05(B'2p)_R,DAN,,cb_intrinsic,72601,PAM05,PAM05,,VFB_jrmc1pt7,R,,,Roughly traced,
165187,consensus_dopamine,dopamine,dopamine,0.8883887482742752,dopamine,0.8899391111320345,PAM05,PAM05,PAM05(B'2p)_R,DAN,,cb_intrinsic,92324,PAM05,PAM05,,VFB_jrmc1pt6,R,,,Roughly traced,
190635,consensus_dopamine,dopamine,dopamine,0.8963163976661362,dopamine,0.8899391111320345,PAM05,PAM05,PAM05(B'2p)_R,DAN,,cb_intrinsic,92324,PAM05,PAM05,,VFB_jrmc1pt9,R,,,Roughly traced,
192245,consensus_dopamine,dopamine,dopamine,0.9094915690739536,dopamine,0.8899391111320345,PAM05,PAM05,PAM05(B'2p)_R,DAN,,cb_intrinsic,92324,PAM05,PAM05,,VFB_jrmc1pth,R,,,Roughly traced,
196985,consensus_dopamine,dopamine,dopamine,0.8614395645645646,dopamine,0.8899391111320345,PAM05,PAM05,PAM05(B'2p)_R,DAN,,cb_intrinsic,72601,PAM05,PAM05,,VFB_jrmc1ptl,R,,,Roughly traced,
213743,consensus_dopamine,dopamine,dopamine,0.8430357620768099,dopamine,0.8899391111320345,PAM05,PAM05,PAM05(B'2p)_R,DAN,,cb_intrinsic,92324,PAM05,PAM05,,VFB_jrmc1pta,R,,,Roughly traced,
226452,consensus_dopamine,dopamine,dopamine,0.8882603418331096,dopamine,0.8899391111320345,PAM05,PAM05,PAM05(B'2p)_R,DAN,,cb_intrinsic,72601,PAM05,PAM05,,VFB_jrmc1pti,R,,,Roughly traced,
230802,consensus_dopamine,dopamine,dopamine,0.864447967428881,dopamine,0.8899391111320345,PAM05,PAM05,PAM05(B'2p)_L,DAN,,cb_intrinsic,72601,PAM05,PAM05,,VFB_jrmc1pte,L,,,Roughly traced,
523553,consensus_dopamine,dopamine,dopamine,0.8884239888423989,dopamine,0.8899391111320345,PAM05,PAM05,PAM05(B'2p)_L,DAN,,cb_intrinsic,92324,PAM05,PAM05,,VFB_jrmc1ptg,L,,,Roughly traced,
525787,consensus_dopamine,dopamine,dopamine,0.8743109575563648,dopamine,0.8899391111320345,PAM05,PAM05,PAM05(B'2p)_L,DAN,,cb_intrinsic,92324,PAM05,PAM05,,VFB_jrmc1ptk,L,,,Roughly traced,
532715,consensus_dopamine,dopamine,dopamine,0.8800481734243275,dopamine,0.8899391111320345,PAM05,PAM05,PAM05(B'2p)_L,DAN,,cb_intrinsic,92324,PAM05,PAM05,,VFB_jrmc1ptj,L,,,Roughly traced,
72601,consensus_dopamine,dopamine,dopamine,0.9114740866100149,dopamine,0.9068692914376569,PAM06,PAM06,PAM06(B'2m)_L,DAN,,cb_intrinsic,72601,PAM06,PAM06,,VFB_jrmc1ptr,L,,,Roughly traced,
83852,consensus_dopamine,dopamine,dopamine,0.9083121673923561,dopamine,0.9068692914376569,PAM06,PAM06,PAM06(B'2m)_R,DAN,,cb_intrinsic,72601,PAM06,PAM06,,VFB_jrmc1ptx,R,,,Roughly traced,
92324,consensus_dopamine,dopamine,dopamine,0.9152736652435385,dopamine,0.9068692914376569,PAM06,PAM06,PAM06(B'2m)_R,DAN,,cb_intrinsic,92324,PAM06,PAM06,,VFB_jrmc1pty,R,,,Roughly traced,
97990,consensus_dopamine,dopamine,dopamine,0.9095851372016887,dopamine,0.9068692914376569,PAM06,PAM06,PAM06(B'2m)_L,DAN,,cb_intrinsic,72601,PAM06,PAM06,,VFB_jrmc1pts,L,,,Roughly traced,
98265,consensus_dopamine,dopamine,dopamine,0.8833047327607584,dopamine,0.9068692914376569,PAM06,PAM06,PAM06(B'2m)_L,DAN,,cb_intrinsic,72601,PAM06,PAM06,,VFB_jrmc1pu9,L,,,Roughly traced,
126501,consensus_dopamine,dopamine,dopamine,0.9079687692687137,dopamine,0.9068692914376569,PAM06,PAM06,PAM06(B'2m)_L,DAN,,cb_intrinsic,92324,PAM06,PAM06,,VFB_jrmc1pu7,L,,,Roughly traced,
131419,consensus_dopamine,dopamine,dopamine,0.9128615822798213,dopamine,0.9068692914376569,PAM06,PAM06,PAM06(B'2m)_R,DAN,,cb_intrinsic,72601,PAM06,PAM06,,VFB_jrmc1ptn,R,,,Roughly traced,
132513,consensus_dopamine,dopamine,dopamine,0.8974500405761817,dopamine,0.9068692914376569,PAM06,PAM06,PAM06(B'2m)_R,DAN,,cb_intrinsic,72601,PAM06,PAM06,,VFB_jrmc1pu8,R,,,Roughly traced,
134265,consensus_dopamine,dopamine,dopamine,0.9077236650880753,dopamine,0.9068692914376569,PAM06,PAM06,PAM06(B'2m)_R,DAN,,cb_intrinsic,92324,PAM06,PAM06,,VFB_jrmc1pu2,R,,,Roughly traced,
134769,consensus_dopamine,dopamine,dopamine,0.907397156975998,dopamine,0.9068692914376569,PAM06,PAM06,PAM06(B'2m)_R,DAN,,cb_intrinsic,92324,PAM06,PAM06,,VFB_jrmc1pu3,R,,,Roughly traced,
134869,consensus_dopamine,dopamine,dopamine,0.9017523791015947,dopamine,0.9068692914376569,PAM06,PAM06,PAM06(B'2m)_L,DAN,,cb_intrinsic,92324,PAM06,PAM06,,VFB_jrmc1ptz,L,,,Roughly traced,
136024,consensus_dopamine,dopamine,dopamine,0.8762745633924474,dopamine,0.9068692914376569,PAM06,PAM06,PAM06(B'2m)_L,DAN,,cb_intrinsic,92324,PAM06,PAM06,,VFB_jrmc1pu0,L,,,Roughly traced,
136215,consensus_dopamine,dopamine,dopamine,0.9117911376867504,dopamine,0.9068692914376569,PAM06,PAM06,PAM06(B'2m)_L,DAN,,cb_intrinsic,92324,PAM06,PAM06,,VFB_jrmc1pud,L,,,Roughly traced,
137373,consensus_dopamine,dopamine,dopamine,0.9140844087778051,dopamine,0.9068692914376569,PAM06,PAM06,PAM06(B'2m)_L,DAN,,cb_intrinsic,72601,PAM06,PAM06,,VFB_jrmc1ptu,L,,,Roughly traced,
140271,consensus_dopamine,dopamine,dopamine,0.9151947938504542,dopamine,0.9068692914376569,PAM06,PAM06,PAM06(B'2m)_R,DAN,,cb_intrinsic,72601,PAM06,PAM06,,VFB_jrmc1ptq,R,,,Roughly traced,
142898,consensus_dopamine,dopamine,dopamine,0.9076791771901154,dopamine,0.9068692914376569,PAM06,PAM06,PAM06(B'2m)_R,DAN,,cb_intrinsic,72601,PAM06,PAM06,,VFB_jrmc1pto,R,,,Roughly traced,
147591,consensus_dopamine,dopamine,dopamine,0.9157107025200016,dopamine,0.9068692914376569,PAM06,PAM06,PAM06(B'2m)_R,DAN,,cb_intrinsic,72601,PAM06,PAM06,,VFB_jrmc1pua,R,,,Roughly traced,
151133,consensus_dopamine,dopamine,dopamine,0.9100065513626834,dopamine,0.9068692914376569,PAM06,PAM06,PAM06(B'2m)_L,DAN,,cb_intrinsic,72601,PAM06,PAM06,,VFB_jrmc1pu6,L,,,Roughly traced,
152056,consensus_dopamine,dopamine,dopamine,0.9181879441313403,dopamine,0.9068692914376569,PAM06,PAM06,PAM06(B'2m)_L,DAN,,cb_intrinsic,72601,PAM06,PAM06,,VFB_jrmc1ptt,L,,,Roughly traced,
158651,consensus_dopamine,dopamine,dopamine,0.9068972294513121,dopamine,0.9068692914376569,PAM06,PAM06,PAM06(B'2m)_L,DAN,,cb_intrinsic,72601,PAM06,PAM06,,VFB_jrmc1ptv,L,,,Roughly traced,
160277,consensus_dopamine,dopamine,dopamine,0.9108097484276729,dopamine,0.9068692914376569,PAM06,PAM06,PAM06(B'2m)_R,DAN,,cb_intrinsic,92324,PAM06,PAM06,,VFB_jrmc1pu4,R,,,Roughly traced,
163194,consensus_dopamine,dopamine,dopamine,0.9219732704402516,dopamine,0.9068692914376569,PAM06,PAM06,PAM06(B'2m)_R,DAN,,cb_intrinsic,72601,PAM06,PAM06,,VFB_jrmc1pue,R,,,Roughly traced,
163951,consensus_dopamine,dopamine,dopamine,0.9219732704402516,dopamine,0.9068692914376569,PAM06,PAM06,PAM06(B'2m)_R,DAN,,cb_intrinsic,92324,PAM06,PAM06,,VFB_jrmc1pu5,R,,,Roughly traced,
196030,consensus_dopamine,dopamine,dopamine,0.9011268343815514,dopamine,0.9068692914376569,PAM06,PAM06,PAM06(B'2m)_L,DAN,,cb_intrinsic,92324,PAM06,PAM06,,VFB_jrmc1ptw,L,,,Roughly traced,
207463,consensus_dopamine,dopamine,dopamine,0.9059753577215676,dopamine,0.9068692914376569,PAM06,PAM06,PAM06(B'2m)_R,DAN,,cb_intrinsic,92324,PAM06,PAM06,,VFB_jrmc1pub,R,,,Roughly traced,
217007,consensus_dopamine,dopamine,dopamine,0.9050911504687315,dopamine,0.9068692914376569,PAM06,PAM06,PAM06(B'2m)_R,DAN,,cb_intrinsic,92324,PAM06,PAM06,,VFB_jrmc1ptp,R,,,Roughly traced,
518137,consensus_dopamine,dopamine,dopamine,0.8932609368290773,dopamine,0.9068692914376569,PAM06,PAM06,PAM06(B'2m)_L,DAN,,cb_intrinsic,72601,PAM06,PAM06,,VFB_jrmc1puc,L,,,Roughly traced,
577933,consensus_dopamine,dopamine,dopamine,0.9117262738305818,dopamine,0.9068692914376569,PAM06,PAM06,PAM06(B'2m)_L,DAN,,cb_intrinsic,92324,PAM06,PAM06,,VFB_jrmc1pu1,L,,,Roughly traced,
39617,consensus_dopamine,dopamine,dopamine,0.9144739821932345,dopamine,0.9060479844431597,PAM07,PAM07,PAM07(y4<y1y2)_L,DAN,,cb_intrinsic,39617,PAM07,PAM07,,VFB_jrmc1pug,L,,,Roughly traced,
47196,consensus_dopamine,dopamine,dopamine,0.9076509433962264,dopamine,0.9060479844431597,PAM07,PAM07,PAM07(y4<y1y2)_R,DAN,,cb_intrinsic,47196,PAM07,PAM07,,VFB_jrmc1pup,R,,,Roughly traced,
49043,consensus_dopamine,dopamine,dopamine,0.9100807923405211,dopamine,0.9060479844431597,PAM07,PAM07,PAM07(y4<y1y2)_R,DAN,,cb_intrinsic,49043,PAM07,PAM07,,VFB_jrmc1puj,R,,,Prelim Roughly traced,
60273,consensus_dopamine,dopamine,dopamine,0.8736452483119833,dopamine,0.9060479844431597,PAM07,PAM07,PAM07(y4<y1y2)_L,DAN,,cb_intrinsic,47196,PAM07,PAM07,,VFB_jrmc1puh,L,,,Roughly traced,
65559,consensus_dopamine,dopamine,dopamine,0.9184014881394542,dopamine,0.9060479844431597,PAM07,PAM07,PAM07(y4<y1y2)_R,DAN,,cb_intrinsic,47196,PAM07,PAM07,,VFB_jrmc1pur,R,,,Roughly traced,
86066,consensus_dopamine,dopamine,dopamine,0.9077550289993392,dopamine,0.9060479844431597,PAM07,PAM07,PAM07(y4<y1y2)_L,DAN,,cb_intrinsic,47196,PAM07,PAM07,,VFB_jrmc1puo,L,,,Roughly traced,
86431,consensus_dopamine,dopamine,dopamine,0.9095262742252198,dopamine,0.9060479844431597,PAM07,PAM07,PAM07(y4<y1y2)_L,DAN,,cb_intrinsic,47196,PAM07,PAM07,,VFB_jrmc1pul,L,,,Roughly traced,
96497,consensus_dopamine,dopamine,dopamine,0.913324517616169,dopamine,0.9060479844431597,PAM07,PAM07,PAM07(y4<y1y2)_R,DAN,,cb_intrinsic,39617,PAM07,PAM07,,VFB_jrmc1pun,R,,,Roughly traced,
98554,consensus_dopamine,dopamine,dopamine,0.8948168880071261,dopamine,0.9060479844431597,PAM07,PAM07,PAM07(y4<y1y2)_L,DAN,,cb_intrinsic,39617,PAM07,PAM07,,VFB_jrmc1puk,L,,,Roughly traced,
114522,consensus_dopamine,dopamine,dopamine,0.8573454145809266,dopamine,0.9060479844431597,PAM07,PAM07,PAM07(y4<y1y2)_R,DAN,,cb_intrinsic,39617,PAM07,PAM07,,VFB_jrmc1pus,R,,,Roughly traced,
120768,consensus_dopamine,dopamine,dopamine,0.9005079970509463,dopamine,0.9060479844431597,PAM07,PAM07,PAM07(y4<y1y2)_R,DAN,,cb_intrinsic,39617,PAM07,PAM07,,VFB_jrmc1puq,R,,,Roughly traced,
131607,consensus_dopamine,dopamine,dopamine,0.9144739821932345,dopamine,0.9060479844431597,PAM07,PAM07,PAM07(y4<y1y2)_L,DAN,,cb_intrinsic,39617,PAM07,PAM07,,VFB_jrmc1pui,L,,,Roughly traced,
137595,consensus_dopamine,dopamine,dopamine,0.9185307098994702,dopamine,0.9060479844431597,PAM07,PAM07,PAM07(y4<y1y2)_R,DAN,,cb_intrinsic,47196,PAM07,PAM07,,VFB_jrmc1pum,R,,,Roughly traced,
153771,consensus_dopamine,dopamine,dopamine,0.9219732704402516,dopamine,0.9060479844431597,PAM07,PAM07,PAM07(y4<y1y2)_L,DAN,,cb_intrinsic,39617,PAM07,PAM07,,VFB_jrmc1puf,L,,,Roughly traced,
55210,consensus_dopamine,dopamine,dopamine,0.880194411687631,dopamine,0.8854331793994269,PAM08,PAM08,PAM08(y4)_L,DAN,,cb_intrinsic,55210,PAM08,PAM08,,VFB_jrmc1pw0,L,,,Prelim Roughly traced,
58941,consensus_dopamine,dopamine,dopamine,0.9067508984725966,dopamine,0.8854331793994269,PAM08,PAM08,PAM08(y4)_L,DAN,,cb_intrinsic,55210,PAM08,PAM08,,VFB_jrmc1pv6,L,,,Prelim Roughly traced,
65524,consensus_dopamine,dopamine,dopamine,0.9087590741262241,dopamine,0.8854331793994269,PAM08,PAM08,PAM08(y4)_L,DAN,,cb_intrinsic,47196,PAM08,PAM08,,VFB_jrmc1puy,L,,,Prelim Roughly traced,
65886,consensus_dopamine,dopamine,dopamine,0.9075898335634299,dopamine,0.8854331793994269,PAM08,PAM08,PAM08(y4)_L,DAN,,cb_intrinsic,47196,PAM08,PAM08,,VFB_jrmc1pvp,L,,,Prelim Roughly traced,
69722,consensus_dopamine,dopamine,dopamine,0.8916010041452258,dopamine,0.8854331793994269,PAM08,PAM08,PAM08(y4)_L,DAN,,cb_intrinsic,47196,PAM08,PAM08,,VFB_jrmc1pw3,L,,,Prelim Roughly traced,
74743,consensus_dopamine,dopamine,dopamine,0.8849574674665972,dopamine,0.8854331793994269,PAM08,PAM08,PAM08(y4)_L,DAN,,cb_intrinsic,47196,PAM08,PAM08,,VFB_jrmc1pvw,L,,,Prelim Roughly traced,
75922,consensus_dopamine,dopamine,dopamine,0.9079033748297997,dopamine,0.8854331793994269,PAM08,PAM08,PAM08(y4)_L,DAN,,cb_intrinsic,47196,PAM08,PAM08,,VFB_jrmc1pvo,L,,,Prelim Roughly traced,
76362,consensus_dopamine,dopamine,dopamine,0.9219732704402516,dopamine,0.8854331793994269,PAM08,PAM08,PAM08(y4)_L,DAN,,cb_intrinsic,55210,PAM08,PAM08,,VFB_jrmc1pvj,L,,,Prelim Roughly traced,
86156,consensus_dopamine,dopamine,dopamine,0.8933871432508959,dopamine,0.8854331793994269,PAM08,PAM08,PAM08(y4)_R,DAN,,cb_intrinsic,49043,PAM08,PAM08,,VFB_jrmc1pvl,R,,,Prelim Roughly traced,
87177,consensus_dopamine,dopamine,dopamine,0.8552653301886793,dopamine,0.8854331793994269,PAM08,PAM08,PAM08(y4)_L,DAN,,cb_intrinsic,49043,PAM08,PAM08,,VFB_jrmc1put,L,,,Prelim Roughly traced,
90678,consensus_dopamine,dopamine,dopamine,0.9128171408344035,dopamine,0.8854331793994269,PAM08,PAM08,PAM08(y4)_L,DAN,,cb_intrinsic,55210,PAM08,PAM08,,VFB_jrmc1pw5,L,,,Prelim Roughly traced,
90902,consensus_dopamine,dopamine,dopamine,0.9067873242097876,dopamine,0.8854331793994269,PAM08,PAM08,PAM08(y4)_R,DAN,,cb_intrinsic,47196,PAM08,PAM08,,VFB_jrmc1pw2,R,,,Prelim Roughly traced,
95523,consensus_dopamine,dopamine,dopamine,0.8555774950026815,dopamine,0.8854331793994269,PAM08,PAM08,PAM08(y4)_L,DAN,,cb_intrinsic,95523,PAM08,PAM08,,VFB_jrmc1pvt,L,,,Prelim Roughly traced,
102936,consensus_dopamine,dopamine,dopamine,0.911905165224643,dopamine,0.8854331793994269,PAM08,PAM08,PAM08(y4)_R,DAN,,cb_intrinsic,55210,PAM08,PAM08,,VFB_jrmc1pvs,R,,,Prelim Roughly traced,
103255,consensus_dopamine,dopamine,dopamine,0.9171569844422376,dopamine,0.8854331793994269,PAM08,PAM08,PAM08(y4)_R,DAN,,cb_intrinsic,47196,PAM08,PAM08,,VFB_jrmc1pvk,R,,,Prelim Roughly traced,
104713,consensus_dopamine,dopamine,dopamine,0.8727886907326039,dopamine,0.8854331793994269,PAM08,PAM08,PAM08(y4)_R,DAN,,cb_intrinsic,47196,PAM08,PAM08,,VFB_jrmc1pvz,R,,,Prelim Roughly traced,
105365,consensus_dopamine,dopamine,dopamine,0.8652899716435816,dopamine,0.8854331793994269,PAM08,PAM08,PAM08(y4)_R,DAN,,cb_intrinsic,49043,PAM08,PAM08,,VFB_jrmc1pvy,R,,,Prelim Roughly traced,
107285,consensus_dopamine,dopamine,dopamine,0.9175905037523167,dopamine,0.8854331793994269,PAM08,PAM08,PAM08(y4)_L,DAN,,cb_intrinsic,47196,PAM08,PAM08,,VFB_jrmc1pw4,L,,,Prelim Roughly traced,
109624,consensus_dopamine,dopamine,dopamine,0.9063699232491205,dopamine,0.8854331793994269,PAM08,PAM08,PAM08(y4)_L,DAN,,cb_intrinsic,47196,PAM08,PAM08,,VFB_jrmc1pvr,L,,,Prelim Roughly traced,
117782,consensus_dopamine,dopamine,dopamine,0.9111251725724804,dopamine,0.8854331793994269,PAM08,PAM08,PAM08(y4)_L,DAN,,cb_intrinsic,49043,PAM08,PAM08,,VFB_jrmc1pw1,L,,,Prelim Roughly traced,
119499,consensus_dopamine,dopamine,dopamine,0.8411746062099835,dopamine,0.8854331793994269,PAM08,PAM08,PAM08(y4)_L,DAN,,cb_intrinsic,49043,PAM08,PAM08,,VFB_jrmc1pvu,L,,,Prelim Roughly traced,
122062,consensus_dopamine,dopamine,dopamine,0.9054770999729908,dopamine,0.8854331793994269,PAM08,PAM08,PAM08(y4)_R,DAN,,cb_intrinsic,55210,PAM08,PAM08,,VFB_jrmc1pv7,R,,,Prelim Roughly traced,
129430,consensus_dopamine,dopamine,dopamine,0.874087713987825,dopamine,0.8854331793994269,PAM08,PAM08,PAM08(y4)_L,DAN,,cb_intrinsic,49043,PAM08,PAM08,,VFB_jrmc1pv2,L,,,Prelim Roughly traced,
133019,consensus_dopamine,dopamine,dopamine,0.9008748354541466,dopamine,0.8854331793994269,PAM08,PAM08,PAM08(y4)_R,DAN,,cb_intrinsic,55210,PAM08,PAM08,,VFB_jrmc1pvq,R,,,Prelim Roughly traced,
135578,consensus_dopamine,dopamine,dopamine,0.9219732704402515,dopamine,0.8854331793994269,PAM08,PAM08,PAM08(y4)_L,DAN,,cb_intrinsic,55210,PAM08,PAM08,,VFB_jrmc1pvn,L,,,Prelim Roughly traced,
136144,consensus_dopamine,dopamine,dopamine,0.9171475645657702,dopamine,0.8854331793994269,PAM08,PAM08,PAM08(y4)_R,DAN,,cb_intrinsic,55210,PAM08,PAM08,,VFB_jrmc1pvv,R,,,Prelim Roughly traced,
142538,consensus_dopamine,dopamine,dopamine,0.9173207950330592,dopamine,0.8854331793994269,PAM08,PAM08,PAM08(y4)_R,DAN,,cb_intrinsic,55210,PAM08,PAM08,,VFB_jrmc1pv8,R,,,Prelim Roughly traced,
146058,consensus_dopamine,dopamine,dopamine,0.9138392204183121,dopamine,0.8854331793994269,PAM08,PAM08,PAM08(y4)_R,DAN,,cb_intrinsic,49043,PAM08,PAM08,,VFB_jrmc1pv3,R,,,Prelim Roughly traced,
147184,consensus_dopamine,dopamine,dopamine,0.9141246225029784,dopamine,0.8854331793994269,PAM08,PAM08,PAM08(y4)_L,DAN,,cb_intrinsic,49043,PAM08,PAM08,,VFB_jrmc1pvm,L,,,Prelim Roughly traced,
152019,consensus_dopamine,dopamine,dopamine,0.9120151991614256,dopamine,0.8854331793994269,PAM08,PAM08,PAM08(y4)_R,DAN,,cb_intrinsic,47196,PAM08,PAM08,,VFB_jrmc1pvg,R,,,Prelim Roughly traced,
152044,consensus_dopamine,dopamine,dopamine,0.8929338270102116,dopamine,0.8854331793994269,PAM08,PAM08,PAM08(y4)_R,DAN,,cb_intrinsic,49043,PAM08,PAM08,,VFB_jrmc1pve,R,,,Prelim Roughly traced,
152385,consensus_dopamine,dopamine,dopamine,0.9072926125853429,dopamine,0.8854331793994269,PAM08,PAM08,PAM08(y4)_R,DAN,,cb_intrinsic,49043,PAM08,PAM08,,VFB_jrmc1pv4,R,,,Prelim Roughly traced,
157134,consensus_dopamine,dopamine,dopamine,0.9164748904135696,dopamine,0.8854331793994269,PAM08,PAM08,PAM08(y4)_R,DAN,,cb_intrinsic,47196,PAM08,PAM08,,VFB_jrmc1pv9,R,,,Prelim Roughly traced,
158372,consensus_dopamine,dopamine,dopamine,0.9142196901630864,dopamine,0.8854331793994269,PAM08,PAM08,PAM08(y4)_L,DAN,,cb_intrinsic,95523,PAM08,PAM08,,VFB_jrmc1puu,L,,,Prelim Roughly traced,
161153,consensus_dopamine,dopamine,dopamine,0.8766770978635929,dopamine,0.8854331793994269,PAM08,PAM08,PAM08(y4)_L,DAN,,cb_intrinsic,95523,PAM08,PAM08,,VFB_jrmc1pvc,L,,,Prelim Roughly traced,
162050,consensus_dopamine,dopamine,dopamine,0.9058142306269387,dopamine,0.8854331793994269,PAM08,PAM08,PAM08(y4)_L,DAN,,cb_intrinsic,95523,PAM08,PAM08,,VFB_jrmc1pvx,L,,,Prelim Roughly traced,
174672,consensus_dopamine,dopamine,dopamine,0.9049754849008593,dopamine,0.8854331793994269,PAM08,PAM08,PAM08(y4)_L,DAN,,cb_intrinsic,49043,PAM08,PAM08,,VFB_jrmc1pvd,L,,,Prelim Roughly traced,
174862,consensus_dopamine,dopamine,dopamine,0.906706374586931,dopamine,0.8854331793994269,PAM08,PAM08,PAM08(y4)_R,DAN,,cb_intrinsic,47196,PAM08,PAM08,,VFB_jrmc1pw6,R,,,Prelim Roughly traced,
175459,consensus_dopamine,dopamine,dopamine,0.8219719601677149,dopamine,0.8854331793994269,PAM08,PAM08,PAM08(y4)_L,DAN,,cb_intrinsic,95523,PAM08,PAM08,,VFB_jrmc1puv,L,,,Prelim Roughly traced,
175964,consensus_dopamine,dopamine,dopamine,0.9057407804459691,dopamine,0.8854331793994269,PAM08,PAM08,PAM08(y4)_R,DAN,,cb_intrinsic,95523,PAM08,PAM08,,VFB_jrmc1pv0,R,,,Prelim Roughly traced,
178101,consensus_dopamine,dopamine,dopamine,0.826448912546994,dopamine,0.8854331793994269,PAM08,PAM08,PAM08(y4)_L,DAN,,cb_intrinsic,47196,PAM08,PAM08,,VFB_jrmc1puz,L,,,Prelim Roughly traced,
178487,consensus_dopamine,dopamine,dopamine,0.7927225230560961,dopamine,0.8854331793994269,PAM08,PAM08,PAM08(y4)_R,DAN,,cb_intrinsic,49043,PAM08,PAM08,,VFB_jrmc1pv5,R,,,Prelim Roughly traced,
184778,consensus_dopamine,dopamine,dopamine,0.9003790431266846,dopamine,0.8854331793994269,PAM08,PAM08,PAM08(y4)_R,DAN,,cb_intrinsic,95523,PAM08,PAM08,,VFB_jrmc1pux,R,,,Prelim Roughly traced,
197920,consensus_dopamine,dopamine,dopamine,0.909935141509434,dopamine,0.8854331793994269,PAM08,PAM08,PAM08(y4)_R,DAN,,cb_intrinsic,47196,PAM08,PAM08,,VFB_jrmc1pva,R,,,Prelim Roughly traced,
212160,consensus_dopamine,dopamine,dopamine,0.7132487917092667,dopamine,0.8854331793994269,PAM08,PAM08,PAM08(y4)_R,DAN,,cb_intrinsic,95523,PAM08,PAM08,,VFB_jrmc1pvb,R,,,Prelim Roughly traced,
226708,consensus_dopamine,dopamine,dopamine,0.872487441370856,dopamine,0.8854331793994269,PAM08,PAM08,PAM08(y4)_R,DAN,,cb_intrinsic,95523,PAM08,PAM08,,VFB_jrmc1pvh,R,,,Prelim Roughly traced,
242429,consensus_dopamine,dopamine,dopamine,0.9096767266480318,dopamine,0.8854331793994269,PAM08,PAM08,PAM08(y4)_R,DAN,,cb_intrinsic,95523,PAM08,PAM08,,VFB_jrmc1pv1,R,,,Prelim Roughly traced,
523382,consensus_dopamine,dopamine,dopamine,0.8356697819314642,dopamine,0.8854331793994269,PAM08,PAM08,PAM08(y4)_L,DAN,,cb_intrinsic,49043,PAM08,PAM08,,VFB_jrmc1puw,L,,,Prelim Roughly traced,
523942,consensus_dopamine,dopamine,dopamine,0.9001525531596286,dopamine,0.8854331793994269,PAM08,PAM08,PAM08(y4)_R,DAN,,cb_intrinsic,49043,PAM08,PAM08,,VFB_jrmc1pvf,R,,,Prelim Roughly traced,
524069,consensus_dopamine,dopamine,dopamine,0.8058061927503327,dopamine,0.8854331793994269,PAM08,PAM08,PAM08(y4)_R,DAN,,cb_intrinsic,95523,PAM08,PAM08,,VFB_jrmc1pvi,R,,,Prelim Roughly traced,
142528,consensus_dopamine,dopamine,dopamine,0.9004251700680271,dopamine,0.865317978399569,PAM09,PAM09,PAM09(B1ped)_R,DAN,,cb_intrinsic,36624,PAM09,PAM09,,VFB_jrmc1pw7,R,,,Roughly traced,
149869,consensus_dopamine,dopamine,dopamine,0.8858954877379597,dopamine,0.865317978399569,PAM09,PAM09,PAM09(B1ped)_L,DAN,,cb_intrinsic,28434,PAM09,PAM09,,VFB_jrmc1pwb,L,,,Roughly traced,
150034,consensus_dopamine,dopamine,dopamine,0.8241529088050314,dopamine,0.865317978399569,PAM09,PAM09,PAM09(B1ped)_R,DAN,,cb_intrinsic,28434,PAM09,PAM09,,VFB_jrmc1pwe,R,,,Roughly traced,
180403,consensus_dopamine,dopamine,dopamine,0.9040996684945936,dopamine,0.865317978399569,PAM09,PAM09,PAM09(B1ped)_R,DAN,,cb_intrinsic,28434,PAM09,PAM09,,VFB_jrmc1pwc,R,,,Roughly traced,
224205,consensus_dopamine,dopamine,dopamine,0.8959955688965123,dopamine,0.865317978399569,PAM09,PAM09,PAM09(B1ped)_R,DAN,,cb_intrinsic,28434,PAM09,PAM09,,VFB_jrmc1pw9,R,,,Roughly traced,
518072,consensus_dopamine,dopamine,dopamine,0.8768649300402799,dopamine,0.865317978399569,PAM09,PAM09,PAM09(B1ped)_L,DAN,,cb_intrinsic,36624,PAM09,PAM09,,VFB_jrmc1pwd,L,,,Roughly traced,
528100,consensus_dopamine,dopamine,dopamine,0.8681005468414539,dopamine,0.865317978399569,PAM09,PAM09,PAM09(B1ped)_L,DAN,,cb_intrinsic,28434,PAM09,PAM09,,VFB_jrmc1pw8,L,,,Roughly traced,
553201,consensus_dopamine,dopamine,dopamine,0.7401405171887403,dopamine,0.865317978399569,PAM09,PAM09,PAM09(B1ped)_R,DAN,,cb_intrinsic,28434,PAM09,PAM09,,VFB_jrmc1pwa,R,,,Roughly traced,
920537,consensus_dopamine,dopamine,dopamine,0.8794597065889276,dopamine,0.865317978399569,PAM09,PAM09,PAM09(B1ped)_L,DAN,,cb_intrinsic,28434,PAM09,PAM09,,VFB_jrmc1pwf,L,,,Roughly traced,
28434,consensus_dopamine,dopamine,dopamine,0.9142351255078754,dopamine,0.9104516946986302,PAM10,PAM10,PAM10(B1)_R,DAN,,cb_intrinsic,28434,PAM10,PAM10,,VFB_jrmc1pwg,R,,,Roughly traced,
29565,consensus_dopamine,dopamine,dopamine,0.9105430694290294,dopamine,0.9104516946986302,PAM10,PAM10,PAM10(B1)_R,DAN,,cb_intrinsic,28434,PAM10,PAM10,,VFB_jrmc1pws,R,,,Roughly traced,
32865,consensus_dopamine,dopamine,dopamine,0.9076705957096413,dopamine,0.9104516946986302,PAM10,PAM10,PAM10(B1)_L,DAN,,cb_intrinsic,28434,PAM10,PAM10,,VFB_jrmc1pwn,L,,,Prelim Roughly traced,
36624,consensus_dopamine,dopamine,dopamine,0.912637986377515,dopamine,0.9104516946986302,PAM10,PAM10,PAM10(B1)_R,DAN,,cb_intrinsic,36624,PAM10,PAM10,,VFB_jrmc1pwo,R,,,Roughly traced,
48113,consensus_dopamine,dopamine,dopamine,0.9087854251786561,dopamine,0.9104516946986302,PAM10,PAM10,PAM10(B1)_L,DAN,,cb_intrinsic,28434,PAM10,PAM10,,VFB_jrmc1pwj,L,,,Roughly traced,
60930,consensus_dopamine,dopamine,dopamine,0.9091204217536071,dopamine,0.9104516946986302,PAM10,PAM10,PAM10(B1)_L,DAN,,cb_intrinsic,36624,PAM10,PAM10,,VFB_jrmc1pwu,L,,,Roughly traced,
66934,consensus_dopamine,dopamine,dopamine,0.9105813441013912,dopamine,0.9104516946986302,PAM10,PAM10,PAM10(B1)_L,DAN,,cb_intrinsic,36624,PAM10,PAM10,,VFB_jrmc1pwk,L,,,Roughly traced,
143120,consensus_dopamine,dopamine,dopamine,0.8994580536617162,dopamine,0.9104516946986302,PAM10,PAM10,PAM10(B1)_L,DAN,,cb_intrinsic,28434,PAM10,PAM10,,VFB_jrmc1pwr,L,,,Roughly traced,
170450,consensus_dopamine,dopamine,dopamine,0.9130650550314465,dopamine,0.9104516946986302,PAM10,PAM10,PAM10(B1)_L,DAN,,cb_intrinsic,28434,PAM10,PAM10,,VFB_jrmc1pwt,L,,,Roughly traced,
178945,consensus_dopamine,dopamine,dopamine,0.9083149295053371,dopamine,0.9104516946986302,PAM10,PAM10,PAM10(B1)_R,DAN,,cb_intrinsic,36624,PAM10,PAM10,,VFB_jrmc1pwp,R,,,Roughly traced,
200973,consensus_dopamine,dopamine,dopamine,0.9175217661691543,dopamine,0.9104516946986302,PAM10,PAM10,PAM10(B1)_R,DAN,,cb_intrinsic,28434,PAM10,PAM10,,VFB_jrmc1pwi,R,,,Roughly traced,
520403,consensus_dopamine,dopamine,dopamine,0.9137559725176996,dopamine,0.9104516946986302,PAM10,PAM10,PAM10(B1)_L,DAN,,cb_intrinsic,28434,PAM10,PAM10,,VFB_jrmc1pwq,L,,,Roughly traced,
544257,consensus_dopamine,dopamine,dopamine,0.9113790955079921,dopamine,0.9104516946986302,PAM10,PAM10,PAM10(B1)_R,DAN,,cb_intrinsic,36624,PAM10,PAM10,,VFB_jrmc1pwm,R,,,Roughly traced,
544359,consensus_dopamine,dopamine,dopamine,0.9060684085377007,dopamine,0.9104516946986302,PAM10,PAM10,PAM10(B1)_R,DAN,,cb_intrinsic,28434,PAM10,PAM10,,VFB_jrmc1pwl,R,,,Roughly traced,
547260,consensus_dopamine,dopamine,dopamine,0.910878537735849,dopamine,0.9104516946986302,PAM10,PAM10,PAM10(B1)_R,DAN,,cb_intrinsic,28434,PAM10,PAM10,,VFB_jrmc1pwh,R,,,Roughly traced,
114661,consensus_dopamine,dopamine,dopamine,0.866646688253731,dopamine,0.8508826865885822,PAM11,PAM11,PAM11(a1)_R,DAN,,cb_intrinsic,114661,PAM11,PAM11,,VFB_jrmc1pwv,R,,,Roughly traced,
119763,consensus_dopamine,dopamine,dopamine,0.887595047422597,dopamine,0.8508826865885822,PAM11,PAM11,PAM11(a1)_L,DAN,,cb_intrinsic,119763,PAM11,PAM11,,VFB_jrmc1px5,L,,,Roughly traced,
137539,consensus_dopamine,dopamine,dopamine,0.8199587264150944,dopamine,0.8508826865885822,PAM11,PAM11,PAM11(a1)_R,DAN,,cb_intrinsic,114661,PAM11,PAM11,,VFB_jrmc1px2,R,,,Roughly traced,
138822,consensus_dopamine,dopamine,dopamine,0.8629769392033543,dopamine,0.8508826865885822,PAM11,PAM11,PAM11(a1)_L,DAN,,cb_intrinsic,119763,PAM11,PAM11,,VFB_jrmc1pwx,L,,,Roughly traced,
139706,consensus_dopamine,dopamine,dopamine,0.8063902895250488,dopamine,0.8508826865885822,PAM11,PAM11,PAM11(a1)_R,DAN,,cb_intrinsic,119763,PAM11,PAM11,,VFB_jrmc1px4,R,,,Roughly traced,
145749,consensus_dopamine,dopamine,dopamine,0.884098993919639,dopamine,0.8508826865885822,PAM11,PAM11,PAM11(a1)_L,DAN,,cb_intrinsic,114661,PAM11,PAM11,,VFB_jrmc1px7,L,,,Roughly traced,
147857,consensus_dopamine,dopamine,dopamine,0.8328052295853148,dopamine,0.8508826865885822,PAM11,PAM11,PAM11(a1)_L,DAN,,cb_intrinsic,114661,PAM11,PAM11,,VFB_jrmc1pwy,L,,,Roughly traced,
157016,consensus_dopamine,dopamine,dopamine,0.7631476707620302,dopamine,0.8508826865885822,PAM11,PAM11,PAM11(a1)_L,DAN,,cb_intrinsic,114661,PAM11,PAM11,,VFB_jrmc1px9,L,,,Roughly traced,
204930,consensus_dopamine,dopamine,dopamine,0.8777416834777106,dopamine,0.8508826865885822,PAM11,PAM11,PAM11(a1)_L,DAN,,cb_intrinsic,119763,PAM11,PAM11,,VFB_jrmc1px1,L,,,Roughly traced,
215931,consensus_dopamine,dopamine,dopamine,0.8870040117846173,dopamine,0.8508826865885822,PAM11,PAM11,PAM11(a1)_R,DAN,,cb_intrinsic,114661,PAM11,PAM11,,VFB_jrmc1px3,R,,,Roughly traced,
224500,consensus_dopamine,dopamine,dopamine,0.8331691546058447,dopamine,0.8508826865885822,PAM11,PAM11,PAM11(a1)_R,DAN,,cb_intrinsic,114661,PAM11,PAM11,,VFB_jrmc1px8,R,,,Roughly traced,
238644,consensus_dopamine,dopamine,dopamine,0.7382749652625421,dopamine,0.8508826865885822,PAM11,PAM11,PAM11(a1)_R,DAN,,cb_intrinsic,114661,PAM11,PAM11,,VFB_jrmc1px6,R,,,Roughly traced,
273182,consensus_dopamine,dopamine,dopamine,0.8357347836546724,dopamine,0.8508826865885822,PAM11,PAM11,PAM11(a1)_L,DAN,,cb_intrinsic,119763,PAM11,PAM11,,VFB_jrmc1px0,L,,,Roughly traced,
319321,consensus_dopamine,dopamine,dopamine,0.8396496750134437,dopamine,0.8508826865885822,PAM11,PAM11,PAM11(a1)_R,DAN,,cb_intrinsic,114661,PAM11,PAM11,,VFB_jrmc1pww,R,,,Roughly traced,
520616,consensus_dopamine,dopamine,dopamine,0.8965755708132851,dopamine,0.8508826865885822,PAM11,PAM11,PAM11(a1)_L,DAN,,cb_intrinsic,114661,PAM11,PAM11,,VFB_jrmc1pwz,L,,,Roughly traced,
61360,consensus_dopamine,dopamine,dopamine,0.9032383000369959,dopamine,0.9050047707026305,PAM12,PAM12,PAM12(y3)_L,DAN,,cb_intrinsic,61360,PAM12,PAM12,,VFB_jrmc1pxn,L,,,Roughly traced,
91391,consensus_dopamine,dopamine,dopamine,0.9126756834809395,dopamine,0.9050047707026305,PAM12,PAM12,PAM12(y3)_L,DAN,,cb_intrinsic,55210,PAM12,PAM12,,VFB_jrmc1pxi,L,,,Roughly traced,
91875,consensus_dopamine,dopamine,dopamine,0.8954046964381657,dopamine,0.9050047707026305,PAM12,PAM12,PAM12(y3)_L,DAN,,cb_intrinsic,61360,PAM12,PAM12,,VFB_jrmc1pxb,L,,,Roughly traced,
96571,consensus_dopamine,dopamine,dopamine,0.8962137721137226,dopamine,0.9050047707026305,PAM12,PAM12,PAM12(y3)_L,DAN,,cb_intrinsic,55210,PAM12,PAM12,,VFB_jrmc1pxp,L,,,Roughly traced,
104460,consensus_dopamine,dopamine,dopamine,0.9117462484828422,dopamine,0.9050047707026305,PAM12,PAM12,PAM12(y3)_L,DAN,,cb_intrinsic,61360,PAM12,PAM12,,VFB_jrmc1pxs,L,,,Roughly traced,
105447,consensus_dopamine,dopamine,dopamine,0.9118502983847914,dopamine,0.9050047707026305,PAM12,PAM12,PAM12(y3)_L,DAN,,cb_intrinsic,61360,PAM12,PAM12,,VFB_jrmc1pxc,L,,,Roughly traced,
111665,consensus_dopamine,dopamine,dopamine,0.916508205581761,dopamine,0.9050047707026305,PAM12,PAM12,PAM12(y3)_R,DAN,,cb_intrinsic,55210,PAM12,PAM12,,VFB_jrmc1pxl,R,,,Roughly traced,
113001,consensus_dopamine,dopamine,dopamine,0.9025722817972037,dopamine,0.9050047707026305,PAM12,PAM12,PAM12(y3)_R,DAN,,cb_intrinsic,55210,PAM12,PAM12,,VFB_jrmc1pxo,R,,,Roughly traced,
126900,consensus_dopamine,dopamine,dopamine,0.9094447163878011,dopamine,0.9050047707026305,PAM12,PAM12,PAM12(y3)_L,DAN,,cb_intrinsic,55210,PAM12,PAM12,,VFB_jrmc1pxt,L,,,Roughly traced,
135171,consensus_dopamine,dopamine,dopamine,0.9133157419515536,dopamine,0.9050047707026305,PAM12,PAM12,PAM12(y3)_R,DAN,,cb_intrinsic,61360,PAM12,PAM12,,VFB_jrmc1pxq,R,,,Roughly traced,
138585,consensus_dopamine,dopamine,dopamine,0.9012596899224806,dopamine,0.9050047707026305,PAM12,PAM12,PAM12(y3)_L,DAN,,cb_intrinsic,61360,PAM12,PAM12,,VFB_jrmc1pxe,L,,,Roughly traced,
139280,consensus_dopamine,dopamine,dopamine,0.9219732704402516,dopamine,0.9050047707026305,PAM12,PAM12,PAM12(y3)_R,DAN,,cb_intrinsic,61360,PAM12,PAM12,,VFB_jrmc1pxh,R,,,Prelim Roughly traced,
139378,consensus_dopamine,dopamine,dopamine,0.8792999816977803,dopamine,0.9050047707026305,PAM12,PAM12,PAM12(y3)_R,DAN,,cb_intrinsic,61360,PAM12,PAM12,,VFB_jrmc1pxu,R,,,Roughly traced,
144625,consensus_dopamine,dopamine,dopamine,0.9056799093714598,dopamine,0.9050047707026305,PAM12,PAM12,PAM12(y3)_L,DAN,,cb_intrinsic,55210,PAM12,PAM12,,VFB_jrmc1pxm,L,,,Roughly traced,
146418,consensus_dopamine,dopamine,dopamine,0.9069673186938138,dopamine,0.9050047707026305,PAM12,PAM12,PAM12(y3)_R,DAN,,cb_intrinsic,55210,PAM12,PAM12,,VFB_jrmc1pxd,R,,,Roughly traced,
152428,consensus_dopamine,dopamine,dopamine,0.9049041629230309,dopamine,0.9050047707026305,PAM12,PAM12,PAM12(y3)_L,DAN,,cb_intrinsic,61360,PAM12,PAM12,,VFB_jrmc1pxv,L,,,Roughly traced,
157257,consensus_dopamine,dopamine,dopamine,0.9057171758698286,dopamine,0.9050047707026305,PAM12,PAM12,PAM12(y3)_L,DAN,,cb_intrinsic,55210,PAM12,PAM12,,VFB_jrmc1pxg,L,,,Roughly traced,
158917,consensus_dopamine,dopamine,dopamine,0.9109743977690756,dopamine,0.9050047707026305,PAM12,PAM12,PAM12(y3)_R,DAN,,cb_intrinsic,61360,PAM12,PAM12,,VFB_jrmc1pxj,R,,,Prelim Roughly traced,
196622,consensus_dopamine,dopamine,dopamine,0.8839389704169579,dopamine,0.9050047707026305,PAM12,PAM12,PAM12(y3)_R,DAN,,cb_intrinsic,55210,PAM12,PAM12,,VFB_jrmc1pxr,R,,,Roughly traced,
206851,consensus_dopamine,dopamine,dopamine,0.9055817610062894,dopamine,0.9050047707026305,PAM12,PAM12,PAM12(y3)_R,DAN,,cb_intrinsic,55210,PAM12,PAM12,,VFB_jrmc1pxk,R,,,Roughly traced,
520384,consensus_dopamine,dopamine,dopamine,0.9087199615131888,dopamine,0.9050047707026305,PAM12,PAM12,PAM12(y3)_R,DAN,,cb_intrinsic,61360,PAM12,PAM12,,VFB_jrmc1pxa,R,,,Roughly traced,
552362,consensus_dopamine,dopamine,dopamine,0.9093946540880503,dopamine,0.9050047707026305,PAM12,PAM12,PAM12(y3)_R,DAN,,cb_intrinsic,61360,PAM12,PAM12,,VFB_jrmc1pxf,R,,,Prelim Roughly traced,
108576,consensus_dopamine,dopamine,dopamine,0.9095939058772501,dopamine,0.8797995088263246,PAM13,PAM13,PAM13(B'1ap)_R,DAN,,cb_intrinsic,103433,PAM13,PAM13,,VFB_jrmc1py5,R,,,Roughly traced,
142660,consensus_dopamine,dopamine,dopamine,0.8771564597168054,dopamine,0.8797995088263246,PAM13,PAM13,PAM13(B'1ap)_R,DAN,,cb_intrinsic,103433,PAM13,PAM13,,VFB_jrmc1pya,R,,,Roughly traced,
152326,consensus_dopamine,dopamine,dopamine,0.8722731670844879,dopamine,0.8797995088263246,PAM13,PAM13,PAM13(B'1ap)_L,DAN,,cb_intrinsic,115868,PAM13,PAM13,,VFB_jrmc1pxw,L,,,Roughly traced,
157370,consensus_dopamine,dopamine,dopamine,0.8927309111700192,dopamine,0.8797995088263246,PAM13,PAM13,PAM13(B'1ap)_R,DAN,,cb_intrinsic,115868,PAM13,PAM13,,VFB_jrmc1py2,R,,,Roughly traced,
162116,consensus_dopamine,dopamine,dopamine,0.8940943197197676,dopamine,0.8797995088263246,PAM13,PAM13,PAM13(B'1ap)_L,DAN,,cb_intrinsic,115868,PAM13,PAM13,,VFB_jrmc1py7,L,,,Roughly traced,
162631,consensus_dopamine,dopamine,dopamine,0.880216010711478,dopamine,0.8797995088263246,PAM13,PAM13,PAM13(B'1ap)_R,DAN,,cb_intrinsic,103433,PAM13,PAM13,,VFB_jrmc1py1,R,,,Roughly traced,
175232,consensus_dopamine,dopamine,dopamine,0.8400073000898473,dopamine,0.8797995088263246,PAM13,PAM13,PAM13(B'1ap)_L,DAN,,cb_intrinsic,103433,PAM13,PAM13,,VFB_jrmc1py8,L,,,Roughly traced,
183567,consensus_dopamine,dopamine,dopamine,0.8772959049225255,dopamine,0.8797995088263246,PAM13,PAM13,PAM13(B'1ap)_L,DAN,,cb_intrinsic,103433,PAM13,PAM13,,VFB_jrmc1py9,L,,,Roughly traced,
198507,consensus_dopamine,dopamine,dopamine,0.8918028991126045,dopamine,0.8797995088263246,PAM13,PAM13,PAM13(B'1ap)_L,DAN,,cb_intrinsic,103433,PAM13,PAM13,,VFB_jrmc1pxx,L,,,Roughly traced,
202330,consensus_dopamine,dopamine,dopamine,0.874584494111688,dopamine,0.8797995088263246,PAM13,PAM13,PAM13(B'1ap)_R,DAN,,cb_intrinsic,103433,PAM13,PAM13,,VFB_jrmc1py0,R,,,Roughly traced,
203885,consensus_dopamine,dopamine,dopamine,0.8991316924689565,dopamine,0.8797995088263246,PAM13,PAM13,PAM13(B'1ap)_R,DAN,,cb_intrinsic,115868,PAM13,PAM13,,VFB_jrmc1py3,R,,,Roughly traced,
207122,consensus_dopamine,dopamine,dopamine,0.8789530352748154,dopamine,0.8797995088263246,PAM13,PAM13,PAM13(B'1ap)_L,DAN,,cb_intrinsic,115868,PAM13,PAM13,,VFB_jrmc1pxy,L,,,Prelim Roughly traced,
209656,consensus_dopamine,dopamine,dopamine,0.8991960843984582,dopamine,0.8797995088263246,PAM13,PAM13,PAM13(B'1ap)_L,DAN,,cb_intrinsic,115868,PAM13,PAM13,,VFB_jrmc1pyb,L,,,Roughly traced,
215940,consensus_dopamine,dopamine,dopamine,0.8740157720247672,dopamine,0.8797995088263246,PAM13,PAM13,PAM13(B'1ap)_L,DAN,,cb_intrinsic,103433,PAM13,PAM13,,VFB_jrmc1pxz,L,,,Roughly traced,
218518,consensus_dopamine,dopamine,dopamine,0.8609043337264151,dopamine,0.8797995088263246,PAM13,PAM13,PAM13(B'1ap)_R,DAN,,cb_intrinsic,115868,PAM13,PAM13,,VFB_jrmc1py4,R,,,Roughly traced,
243477,consensus_dopamine,dopamine,dopamine,0.844587188558297,dopamine,0.8797995088263246,PAM13,PAM13,PAM13(B'1ap)_R,DAN,,cb_intrinsic,115868,PAM13,PAM13,,VFB_jrmc1py6,R,,,Roughly traced,
103433,consensus_dopamine,dopamine,dopamine,0.9055778787172918,dopamine,0.8841557754995698,PAM14,PAM14,PAM14(B'1m)_R,DAN,,cb_intrinsic,103433,PAM14,PAM14,,VFB_jrmc1i1q,R,,,Roughly traced,
115868,consensus_dopamine,dopamine,dopamine,0.8660938550690243,dopamine,0.8841557754995698,PAM14,PAM14,PAM14(B'1m)_R,DAN,,cb_intrinsic,115868,PAM14,PAM14,,VFB_jrmc1i1w,R,,,Roughly traced,
146774,consensus_dopamine,dopamine,dopamine,0.8737871989568952,dopamine,0.8841557754995698,PAM14,PAM14,PAM14(B'1m)_R,DAN,,cb_intrinsic,115868,PAM14,PAM14,,VFB_jrmc1i1z,R,,,Roughly traced,
150983,consensus_dopamine,dopamine,dopamine,0.876725513318535,dopamine,0.8841557754995698,PAM14,PAM14,PAM14(B'1m)_L,DAN,,cb_intrinsic,115868,PAM14,PAM14,,VFB_jrmc1i1x,L,,,Roughly traced,
152291,consensus_dopamine,dopamine,dopamine,0.8983477463312368,dopamine,0.8841557754995698,PAM14,PAM14,PAM14(B'1m)_L,DAN,,cb_intrinsic,103433,PAM14,PAM14,,VFB_jrmc1i1o,L,,,Roughly traced,
154387,consensus_dopamine,dopamine,dopamine,0.8946479461477986,dopamine,0.8841557754995698,PAM14,PAM14,PAM14(B'1m)_L,DAN,,cb_intrinsic,115868,PAM14,PAM14,,VFB_jrmc1i1p,L,,,Prelim Roughly traced,
159831,consensus_dopamine,dopamine,dopamine,0.8985042067557999,dopamine,0.8841557754995698,PAM14,PAM14,PAM14(B'1m)_L,DAN,,cb_intrinsic,115868,PAM14,PAM14,,VFB_jrmc1i1v,L,,,Roughly traced,
161596,consensus_dopamine,dopamine,dopamine,0.8885361989880362,dopamine,0.8841557754995698,PAM14,PAM14,PAM14(B'1m)_R,DAN,,cb_intrinsic,115868,PAM14,PAM14,,VFB_jrmc1i1j,R,,,Roughly traced,
164279,consensus_dopamine,dopamine,dopamine,0.8925527384696017,dopamine,0.8841557754995698,PAM14,PAM14,PAM14(B'1m)_R,DAN,,cb_intrinsic,115868,PAM14,PAM14,,VFB_jrmc1i1s,R,,,Roughly traced,
164601,consensus_dopamine,dopamine,dopamine,0.9219732704402516,dopamine,0.8841557754995698,PAM14,PAM14,PAM14(B'1m)_L,DAN,,cb_intrinsic,103433,PAM14,PAM14,,VFB_jrmc1i1u,L,,,Roughly traced,
167073,consensus_dopamine,dopamine,dopamine,0.8850263530870759,dopamine,0.8841557754995698,PAM14,PAM14,PAM14(B'1m)_R,DAN,,cb_intrinsic,115868,PAM14,PAM14,,VFB_jrmc1i1k,R,,,Roughly traced,
174255,consensus_dopamine,dopamine,dopamine,0.8328653203616352,dopamine,0.8841557754995698,PAM14,PAM14,PAM14(B'1m)_L,DAN,,cb_intrinsic,103433,PAM14,PAM14,,VFB_jrmc1i1t,L,,,Prelim Roughly traced,
203682,consensus_dopamine,dopamine,dopamine,0.8383497425182559,dopamine,0.8841557754995698,PAM14,PAM14,PAM14(B'1m)_R,DAN,,cb_intrinsic,92324,PAM14,PAM14,,VFB_jrmc1i1r,R,,,Prelim Roughly traced,
212684,consensus_dopamine,dopamine,dopamine,0.8949211435978683,dopamine,0.8841557754995698,PAM14,PAM14,PAM14(B'1m)_L,DAN,,cb_intrinsic,103433,PAM14,PAM14,,VFB_jrmc1i1y,L,,,Roughly traced,
217737,consensus_dopamine,dopamine,dopamine,0.886996855345912,dopamine,0.8841557754995698,PAM14,PAM14,PAM14(B'1m)_L,DAN,,cb_intrinsic,115868,PAM14,PAM14,,VFB_jrmc1i1m,L,,,Roughly traced,
224160,consensus_dopamine,dopamine,dopamine,0.8972847121432027,dopamine,0.8841557754995698,PAM14,PAM14,PAM14(B'1m)_R,DAN,,cb_intrinsic,103433,PAM14,PAM14,,VFB_jrmc1i1i,R,,,Roughly traced,
231413,consensus_dopamine,dopamine,dopamine,0.8855351296631343,dopamine,0.8841557754995698,PAM14,PAM14,PAM14(B'1m)_L,DAN,,cb_intrinsic,115868,PAM14,PAM14,,VFB_jrmc1i1n,L,,,Roughly traced,
933708,consensus_dopamine,dopamine,dopamine,0.8923322406992857,dopamine,0.8841557754995698,PAM14,PAM14,PAM14(B'1m)_R,DAN,,cb_intrinsic,103433,PAM14,PAM14,,VFB_jrmc1i1l,R,,,Roughly traced,
135290,consensus_dopamine,dopamine,dopamine,0.9134062922471051,dopamine,0.9104005057034733,PAM15,PAM15,PAM15(y5B'2a)_R,DAN,,cb_intrinsic,63391,PAM15,PAM15,,VFB_jrmc1i21,R,,,Roughly traced,
141510,consensus_dopamine,dopamine,dopamine,0.9140845261331598,dopamine,0.9104005057034733,PAM15,PAM15,PAM15(y5B'2a)_R,DAN,,cb_intrinsic,63391,PAM15,PAM15,,VFB_jrmc1i20,R,,,Roughly traced,
161079,consensus_dopamine,dopamine,dopamine,0.9219732704402516,dopamine,0.9104005057034733,PAM15,PAM15,PAM15(y5B'2a)_L,DAN,,cb_intrinsic,74856,PAM15,PAM15,,VFB_jrmc1i22,L,,,Prelim Roughly traced,
176460,consensus_dopamine,dopamine,dopamine,0.8964538409703504,dopamine,0.9104005057034733,PAM15,PAM15,PAM15(y5B'2a)_R,DAN,,cb_intrinsic,63391,PAM15,PAM15,,VFB_jrmc1i23,R,,,Prelim Roughly traced,
11327,consensus_dopamine,dopamine,dopamine,0.8404837532243573,dopamine,0.8418632933899208,PPL101,PPL101,PPL101(y1ped)_R,DAN,,cb_intrinsic,,PPL101,PPL101,,VFB_jrmc1j5z,R,,,Roughly traced,
11900,consensus_dopamine,dopamine,dopamine,0.8433397926053453,dopamine,0.8418632933899208,PPL101,PPL101,PPL101(y1ped)_L,DAN,,cb_intrinsic,,PPL101,PPL101,,VFB_jrmc1j5y,L,,,Roughly traced,
11618,consensus_dopamine,dopamine,dopamine,0.6580363227096528,dopamine,0.6654286660046342,PPL102,PPL102,PPL102(y1)_L,DAN,,cb_intrinsic,,PPL102,PPL102,,VFB_jrmc1j61,L,,,Roughly traced,
13428,consensus_dopamine,dopamine,dopamine,0.6730604923036706,dopamine,0.6654286660046342,PPL102,PPL102,PPL102(y1)_R,DAN,,cb_intrinsic,,PPL102,PPL102,,VFB_jrmc1j60,R,,,Roughly traced,
11752,consensus_dopamine,dopamine,dopamine,0.896371662841416,dopamine,0.8667523139416936,PPL103,PPL103,PPL103(y2a'1)_L,DAN,,cb_intrinsic,,PPL103,PPL103,,VFB_jrmc1j62,L,,,Roughly traced,
14182,consensus_dopamine,dopamine,dopamine,0.8398758118580867,dopamine,0.8667523139416936,PPL103,PPL103,PPL103(y2a'1)_R,DAN,,cb_intrinsic,,PPL103,PPL103,,VFB_jrmc1j63,R,,,Roughly traced,
21145,consensus_dopamine,dopamine,dopamine,0.7261500930896555,dopamine,0.744062262795489,PPL104,PPL104,PPL104(a'3)_R,DAN,,cb_intrinsic,,PPL104,PPL104,,VFB_jrmc1j64,R,,,Roughly traced,
515048,consensus_dopamine,dopamine,dopamine,0.7630889675052411,dopamine,0.744062262795489,PPL104,PPL104,PPL104(a'3)_L,DAN,,cb_intrinsic,,PPL104,PPL104,,VFB_jrmc1j65,L,,,Roughly traced,
14225,consensus_dopamine,dopamine,dopamine,0.8744763959073044,dopamine,0.8749819441028465,PPL105,PPL105,PPL105(a'2a2)_R,DAN,,cb_intrinsic,,PPL105,PPL105,,VFB_jrmc1j66,R,,,Roughly traced,
512326,consensus_dopamine,dopamine,dopamine,0.8754546999830018,dopamine,0.8749819441028465,PPL105,PPL105,PPL105(a'2a2)_L,DAN,,cb_intrinsic,,PPL105,PPL105,,VFB_jrmc1j67,L,,,Roughly traced,
529512,consensus_dopamine,dopamine,dopamine,0.8074165474983918,dopamine,0.8072203483398076,PPL106,PPL106,PPL106_R,DAN,,cb_intrinsic,,PPL106,PPL106,,VFB_jrmc1j69,R,,,Roughly traced,
529516,consensus_dopamine,dopamine,dopamine,0.8070244374974006,dopamine,0.8072203483398076,PPL106,PPL106,PPL106_L,DAN,,cb_intrinsic,,PPL106,PPL106,,VFB_jrmc1j68,L,,,Roughly traced,
14705,consensus_dopamine,dopamine,dopamine,0.6039053985963945,dopamine,0.6570629626328391,PPL107,PPL107,PPL107_R,DAN,,cb_intrinsic,,PPL107,PPL107,,VFB_jrmc1j6a,R,,,Roughly traced,
519616,consensus_dopamine,dopamine,dopamine,0.6942208950275229,dopamine,0.6570629626328391,PPL107,PPL107,PPL107_L,DAN,,cb_intrinsic,,PPL107,PPL107,,VFB_jrmc1j6b,L,,,Roughly traced,
12902,consensus_dopamine,dopamine,dopamine,0.6455005436428942,dopamine,0.6620477485907361,PPL108,PPL108,PPL108_R,DAN,,cb_intrinsic,,PPL108,PPL108,,VFB_jrmc1j6d,R,,,Roughly traced,
15310,consensus_dopamine,dopamine,dopamine,0.6803937914572563,dopamine,0.6620477485907361,PPL108,PPL108,PPL108_L,DAN,,cb_intrinsic,,PPL108,PPL108,,VFB_jrmc1j6c,L,,,Roughly traced,
10753,consensus_dopamine,dopamine,unclear,0.4824843773248029,unclear,0.48240571315729036,PPL201,PPL201,PPL201_L,DAN,,cb_intrinsic,10753,PPL201,PPL201,,VFB_jrmc1j6e,L,,,Roughly traced,
11560,consensus_dopamine,dopamine,dopamine,0.5037215534698338,unclear,0.48240571315729036,PPL201,PPL201,PPL201_R,DAN,,cb_intrinsic,10753,PPL201,PPL201,,VFB_jrmc1j6f,R,,,Roughly traced,
10399,consensus_dopamine,dopamine,dopamine,0.5584794745659242,dopamine,0.5523311457478807,PPL202,PPL202,PPL202_R,DAN,,cb_intrinsic,,PPL202,PPL202,,VFB_jrmc1j6g,R,,,Roughly traced,
13259,consensus_dopamine,dopamine,dopamine,0.5447102457299927,dopamine,0.5523311457478807,PPL202,PPL202,PPL202_L,DAN,,cb_intrinsic,,PPL202,PPL202,,VFB_jrmc1j6h,L,,,Roughly traced,
33316,consensus_dopamine,dopamine,unclear,0.4955603222366804,unclear,0.47851322544688263,PPL204,PPL204,PPL204_L,DAN,,cb_intrinsic,,PPL204,PPL204,,VFB_jrmc1j6k,L,,,Roughly traced,
520182,consensus_dopamine,dopamine,unclear,0.4741210407239819,unclear,0.47851322544688263,PPL204,PPL204,PPL204_R,DAN,,cb_intrinsic,,PPL204,PPL204,,VFB_jrmc1j6l,R,,,Roughly traced,
12588,consensus_dopamine,dopamine,dopamine,0.750772225074198,dopamine,0.7841449327308108,PPM1201,PPM1201,PPM1201_R,,,cb_intrinsic,12588,PPM1201,PPM1201,,VFB_jrmc1j6m,R,,,Roughly traced,
12644,consensus_dopamine,dopamine,dopamine,0.7909731051551984,dopamine,0.7841449327308108,PPM1201,PPM1201,PPM1201_L,,,cb_intrinsic,12588,PPM1201,PPM1201,,VFB_jrmc1j6n,L,,,Roughly traced,
13068,consensus_dopamine,dopamine,dopamine,0.7857924435656354,dopamine,0.7841449327308108,PPM1201,PPM1201,PPM1201_R,,,cb_intrinsic,12588,PPM1201,PPM1201,,VFB_jrmc1j6o,R,,,Roughly traced,
522823,consensus_dopamine,dopamine,dopamine,0.825450510727508,dopamine,0.7841449327308108,PPM1201,PPM1201,PPM1201_L,,,cb_intrinsic,12588,PPM1201,PPM1201,,VFB_jrmc1j6p,L,,,Roughly traced,
21671,consensus_dopamine,dopamine,dopamine,0.8427128987804752,dopamine,0.8094870140900835,PPM1202,PPM1202,PPM1202_R,,,cb_intrinsic,21671,PPM1202,PPM1202,,VFB_jrmc1j6t,R,,,Prelim Roughly traced,
22982,consensus_dopamine,dopamine,dopamine,0.7530302496949216,dopamine,0.8094870140900835,PPM1202,PPM1202,PPM1202_L,,,cb_intrinsic,21671,PPM1202,PPM1202,,VFB_jrmc1j6r,L,,,Prelim Roughly traced,
513354,consensus_dopamine,dopamine,dopamine,0.8077719735953013,dopamine,0.8094870140900835,PPM1202,PPM1202,PPM1202_L,,,cb_intrinsic,21671,PPM1202,PPM1202,,VFB_jrmc1j6s,L,,,Prelim Roughly traced,
529419,consensus_dopamine,dopamine,dopamine,0.8279452449492579,dopamine,0.8094870140900835,PPM1202,PPM1202,PPM1202_R,,,cb_intrinsic,21671,PPM1202,PPM1202,,VFB_jrmc1j6q,R,,,Prelim Roughly traced,
10910,consensus_dopamine,dopamine,dopamine,0.7157639837449061,dopamine,0.7401128791635133,PPM1203,PPM1203,PPM1203_L,,,cb_intrinsic,,PPM1203,PPM1203,,VFB_jrmc1j6u,L,,,Roughly traced,
11532,consensus_dopamine,dopamine,dopamine,0.7608915187042833,dopamine,0.7401128791635133,PPM1203,PPM1203,PPM1203_R,,,cb_intrinsic,,PPM1203,PPM1203,,VFB_jrmc1j6v,R,,,Roughly traced,
12858,consensus_dopamine,dopamine,dopamine,0.8324917352039993,dopamine,0.8417156654000699,PPM1205,PPM1205,PPM1205_R,,,cb_intrinsic,12858,PPM1205,PPM1205,,VFB_jrmc1j6y,R,CG,,Roughly traced,
519947,consensus_dopamine,dopamine,dopamine,0.8515906965511572,dopamine,0.8417156654000699,PPM1205,PPM1205,PPM1205_L,,,cb_intrinsic,12858,PPM1205,PPM1205,,VFB_jrmc1j6z,L,CG,,Roughly traced,
11964,consensus_dopamine,dopamine,dopamine,0.5228243609773844,dopamine,0.5318551160859201,SIP106m,SIP106m,SIP106m_R,,,cb_intrinsic,,,,,VFB_jrmc1bn7,R,,,Roughly traced,
520146,consensus_dopamine,dopamine,dopamine,0.5412121053691483,dopamine,0.5318551160859201,SIP106m,SIP106m,SIP106m_L,,,cb_intrinsic,,,,,VFB_jrmc1bn6,L,,,Roughly traced,
25631,celltype_prediction_only,acetylcholine,dopamine,0.656836867395521,dopamine,0.682075901056256,KCa'b'-ap1,KCa'b'-ap1,KCa'b'-ap1_R,Kenyon_Cell,,cb_intrinsic,17488,KCapbp-ap1,KCa'b'-ap1,,VFB_jrmc2i5s,R,,,Roughly traced,
28196,celltype_prediction_only,acetylcholine,dopamine,0.6760967902417453,dopamine,0.682075901056256,KCa'b'-ap1,KCa'b'-ap1,KCa'b'-ap1_L,Kenyon_Cell,,cb_intrinsic,17488,KCapbp-ap1,KCa'b'-ap1,,VFB_jrmc2i3x,L,,,Roughly traced,
28516,celltype_prediction_only,acetylcholine,dopamine,0.6895628867417326,dopamine,0.682075901056256,KCa'b'-ap1,KCa'b'-ap1,KCa'b'-ap1_L,Kenyon_Cell,,cb_intrinsic,17488,KCapbp-ap1,KCa'b'-ap1,,VFB_jrmc2i3y,L,,,Roughly traced,
32386,celltype_prediction_only,acetylcholine,dopamine,0.6817719992538108,dopamine,0.682075901056256,KCa'b'-ap1,KCa'b'-ap1,KCa'b'-ap1_L,Kenyon_Cell,,cb_intrinsic,17488,KCapbp-ap1,KCa'b'-ap1,,VFB_jrmc2i2c,L,,,Roughly traced,
33673,celltype_prediction_only,acetylcholine,dopamine,0.7027849027620786,dopamine,0.682075901056256,KCa'b'-ap1,KCa'b'-ap1,KCa'b'-ap1_L,Kenyon_Cell,,cb_intrinsic,17488,KCapbp-ap1,KCa'b'-ap1,,VFB_jrmc2i4k,L,,,Roughly traced,
35489,celltype_prediction_only,acetylcholine,dopamine,0.6457551812509286,dopamine,0.682075901056256,KCa'b'-ap1,KCa'b'-ap1,KCa'b'-ap1_L,Kenyon_Cell,,cb_intrinsic,17488,KCapbp-ap1,KCa'b'-ap1,,VFB_jrmc2i6m,L,,,Roughly traced,
35668,celltype_prediction_only,acetylcholine,dopamine,0.7062336800876011,dopamine,0.682075901056256,KCa'b'-ap1,KCa'b'-ap1,KCa'b'-ap1_L,Kenyon_Cell,,cb_intrinsic,17488,KCapbp-ap1,KCa'b'-ap1,,VFB_jrmc2i3z,L,,,Roughly traced,
36007,celltype_prediction_only,acetylcholine,dopamine,0.6342072470575955,dopamine,0.682075901056256,KCa'b'-ap1,KCa'b'-ap1,KCa'b'-ap1_L,Kenyon_Cell,,cb_intrinsic,17488,KCapbp-ap1,KCa'b'-ap1,,VFB_jrmc2i52,L,,,Roughly traced,
36119,celltype_prediction_only,acetylcholine,dopamine,0.6405060410460113,dopamine,0.682075901056256,KCa'b'-ap1,KCa'b'-ap1,KCa'b'-ap1_R,Kenyon_Cell,,cb_intrinsic,17488,KCapbp-ap1,KCa'b'-ap1,,VFB_jrmc2i66,R,,,Roughly traced,
36713,celltype_prediction_only,acetylcholine,dopamine,0.6107675419528736,dopamine,0.682075901056256,KCa'b'-ap1,KCa'b'-ap1,KCa'b'-ap1_R,Kenyon_Cell,,cb_intrinsic,17488,KCapbp-ap1,KCa'b'-ap1,,VFB_jrmc2i5t,R,,,Roughly traced,
37043,celltype_prediction_only,acetylcholine,dopamine,0.7327830188679245,dopamine,0.682075901056256,KCa'b'-ap1,KCa'b'-ap1,KCa'b'-ap1_L,Kenyon_Cell,,cb_intrinsic,17488,KCapbp-ap1,KCa'b'-ap1,,VFB_jrmc2i53,L,,,Roughly traced,
37293,celltype_prediction_only,acetylcholine,dopamine,0.7114240971799554,dopamine,0.682075901056256,KCa'b'-ap1,KCa'b'-ap1,KCa'b'-ap1_R,Kenyon_Cell,,cb_intrinsic,17488,KCapbp-ap1,KCa'b'-ap1,,VFB_jrmc2i30,R,,,Roughly traced,
37904,celltype_prediction_only,acetylcholine,dopamine,0.6701453434334046,dopamine,0.682075901056256,KCa'b'-ap1,KCa'b'-ap1,KCa'b'-ap1_R,Kenyon_Cell,,cb_intrinsic,17488,KCapbp-ap1,KCa'b'-ap1,,VFB_jrmc2i5e,R,,,Roughly traced,
38121,celltype_prediction_only,acetylcholine,dopamine,0.6931412315658207,dopamine,0.682075901056256,KCa'b'-ap1,KCa'b'-ap1,KCa'b'-ap1_R,Kenyon_Cell,,cb_intrinsic,17488,KCapbp-ap1,KCa'b'-ap1,,VFB_jrmc2i6i,R,,,Roughly traced,
38528,celltype_prediction_only,acetylcholine,dopamine,0.6873599751666801,dopamine,0.682075901056256,KCa'b'-ap1,KCa'b'-ap1,KCa'b'-ap1_R,Kenyon_Cell,,cb_intrinsic,17488,KCapbp-ap1,KCa'b'-ap1,,VFB_jrmc2i2p,R,,,Roughly traced,
38684,celltype_prediction_only,acetylcholine,dopamine,0.6655296604325278,dopamine,0.682075901056256,KCa'b'-ap1,KCa'b'-ap1,KCa'b'-ap1_L,Kenyon_Cell,,cb_intrinsic,17488,KCapbp-ap1,KCa'b'-ap1,,VFB_jrmc2i4j,L,,,Roughly traced,
38774,celltype_prediction_only,acetylcholine,dopamine,0.7054135585783238,dopamine,0.682075901056256,KCa'b'-ap1,KCa'b'-ap1,KCa'b'-ap1_R,Kenyon_Cell,,cb_intrinsic,17488,KCapbp-ap1,KCa'b'-ap1,,VFB_jrmc2i7s,R,,,Roughly traced,
39205,celltype_prediction_only,acetylcholine,dopamine,0.7467467548318543,dopamine,0.682075901056256,KCa'b'-ap1,KCa'b'-ap1,KCa'b'-ap1_R,Kenyon_Cell,,cb_intrinsic,17488,KCapbp-ap1,KCa'b'-ap1,,VFB_jrmc2i2q,R,,,Roughly traced,
39655,celltype_prediction_only,acetylcholine,dopamine,0.761268648530057,dopamine,0.682075901056256,KCa'b'-ap1,KCa'b'-ap1,KCa'b'-ap1_R,Kenyon_Cell,,cb_intrinsic,17488,KCapbp-ap1,KCa'b'-ap1,,VFB_jrmc2i6w,R,,,Roughly traced,
40615,celltype_prediction_only,acetylcholine,dopamine,0.6841038891971882,dopamine,0.682075901056256,KCa'b'-ap1,KCa'b'-ap1,KCa'b'-ap1_R,Kenyon_Cell,,cb_intrinsic,17488,KCapbp-ap1,KCa'b'-ap1,,VFB_jrmc2i67,R,,,Roughly traced,
41555,celltype_prediction_only,acetylcholine,dopamine,0.6527545577581403,dopamine,0.682075901056256,KCa'b'-ap1,KCa'b'-ap1,KCa'b'-ap1_L,Kenyon_Cell,,cb_intrinsic,17488,KCapbp-ap1,KCa'b'-ap1,,VFB_jrmc2i40,L,,,Roughly traced,
41602,celltype_prediction_only,acetylcholine,dopamine,0.6788290283156189,dopamine,0.682075901056256,KCa'b'-ap1,KCa'b'-ap1,KCa'b'-ap1_L,Kenyon_Cell,,cb_intrinsic,17488,KCapbp-ap1,KCa'b'-ap1,,VFB_jrmc2i4l,L,,,Roughly traced,
41968,celltype_prediction_only,acetylcholine,dopamine,0.7152200633922332,dopamine,0.682075901056256,KCa'b'-ap1,KCa'b'-ap1,KCa'b'-ap1_R,Kenyon_Cell,,cb_intrinsic,17488,KCapbp-ap1,KCa'b'-ap1,,VFB_jrmc2i31,R,,,Roughly traced,
42111,celltype_prediction_only,acetylcholine,dopamine,0.6851070022564694,dopamine,0.682075901056256,KCa'b'-ap1,KCa'b'-ap1,KCa'b'-ap1_L,Kenyon_Cell,,cb_intrinsic,17488,KCapbp-ap1,KCa'b'-ap1,,VFB_jrmc2i41,L,,,Roughly traced,
42115,celltype_prediction_only,acetylcholine,dopamine,0.6691870144284129,dopamine,0.682075901056256,KCa'b'-ap1,KCa'b'-ap1,KCa'b'-ap1_L,Kenyon_Cell,,cb_intrinsic,17488,KCapbp-ap1,KCa'b'-ap1,,VFB_jrmc2i6b,L,,,Roughly traced,
42131,celltype_prediction_only,acetylcholine,dopamine,0.6522778858625162,dopamine,0.682075901056256,KCa'b'-ap1,KCa'b'-ap1,KCa'b'-ap1_L,Kenyon_Cell,,cb_intrinsic,17488,KCapbp-ap1,KCa'b'-ap1,,VFB_jrmc2i4m,L,,,Roughly traced,
42260,celltype_prediction_only,acetylcholine,dopamine,0.6649176179905926,dopamine,0.682075901056256,KCa'b'-ap1,KCa'b'-ap1,KCa'b'-ap1_R,Kenyon_Cell,,cb_intrinsic,17488,KCapbp-ap1,KCa'b'-ap1,,VFB_jrmc2i5f,R,,,Roughly traced,
42409,celltype_prediction_only,acetylcholine,dopamine,0.6678259425554098,dopamine,0.682075901056256,KCa'b'-ap1,KCa'b'-ap1,KCa'b'-ap1_L,Kenyon_Cell,,cb_intrinsic,17488,KCapbp-ap1,KCa'b'-ap1,,VFB_jrmc2i42,L,,,Roughly traced,
42597,celltype_prediction_only,acetylcholine,dopamine,0.7027264587700908,dopamine,0.682075901056256,KCa'b'-ap1,KCa'b'-ap1,KCa'b'-ap1_L,Kenyon_Cell,,cb_intrinsic,17488,KCapbp-ap1,KCa'b'-ap1,,VFB_jrmc2i2d,L,,,Roughly traced,
43246,celltype_prediction_only,acetylcholine,dopamine,0.6733682925197377,dopamine,0.682075901056256,KCa'b'-ap1,KCa'b'-ap1,KCa'b'-ap1_L,Kenyon_Cell,,cb_intrinsic,17488,KCapbp-ap1,KCa'b'-ap1,,VFB_jrmc2i43,L,,,Roughly traced,
43351,celltype_prediction_only,acetylcholine,dopamine,0.6728498076707098,dopamine,0.682075901056256,KCa'b'-ap1,KCa'b'-ap1,KCa'b'-ap1_L,Kenyon_Cell,,cb_intrinsic,17488,KCapbp-ap1,KCa'b'-ap1,,VFB_jrmc2i7e,L,,,Roughly traced,
43358,celltype_prediction_only,acetylcholine,dopamine,0.6901920431180455,dopamine,0.682075901056256,KCa'b'-ap1,KCa'b'-ap1,KCa'b'-ap1_R,Kenyon_Cell,,cb_intrinsic,17488,KCapbp-ap1,KCa'b'-ap1,,VFB_jrmc2i32,R,,,Roughly traced,
43462,celltype_prediction_only,acetylcholine,dopamine,0.6884835857517556,dopamine,0.682075901056256,KCa'b'-ap1,KCa'b'-ap1,KCa'b'-ap1_R,Kenyon_Cell,,cb_intrinsic,17488,KCapbp-ap1,KCa'b'-ap1,,VFB_jrmc2i33,R,,,Roughly traced,
43899,celltype_prediction_only,acetylcholine,dopamine,0.6044895552560647,dopamine,0.682075901056256,KCa'b'-ap1,KCa'b'-ap1,KCa'b'-ap1_R,Kenyon_Cell,,cb_intrinsic,17488,KCapbp-ap1,KCa'b'-ap1,,VFB_jrmc2i2x,R,,,Roughly traced,
44035,celltype_prediction_only,acetylcholine,dopamine,0.5843134741591468,dopamine,0.682075901056256,KCa'b'-ap1,KCa'b'-ap1,KCa'b'-ap1_L,Kenyon_Cell,,cb_intrinsic,17488,KCapbp-ap1,KCa'b'-ap1,,VFB_jrmc2i44,L,,,Roughly traced,
44647,celltype_prediction_only,acetylcholine,dopamine,0.6805938177157654,dopamine,0.682075901056256,KCa'b'-ap1,KCa'b'-ap1,KCa'b'-ap1_L,Kenyon_Cell,,cb_intrinsic,17488,KCapbp-ap1,KCa'b'-ap1,,VFB_jrmc2i4n,L,,,Roughly traced,
44820,celltype_prediction_only,acetylcholine,dopamine,0.6568440692677652,dopamine,0.682075901056256,KCa'b'-ap1,KCa'b'-ap1,KCa'b'-ap1_L,Kenyon_Cell,,cb_intrinsic,17488,KCapbp-ap1,KCa'b'-ap1,,VFB_jrmc2i45,L,,,Roughly traced,
44848,celltype_prediction_only,acetylcholine,dopamine,0.7200806348801632,dopamine,0.682075901056256,KCa'b'-ap1,KCa'b'-ap1,KCa'b'-ap1_L,Kenyon_Cell,,cb_intrinsic,17488,KCapbp-ap1,KCa'b'-ap1,,VFB_jrmc2i2e,L,,,Roughly traced,
45388,celltype_prediction_only,acetylcholine,dopamine,0.669187595129376,dopamine,0.682075901056256,KCa'b'-ap1,KCa'b'-ap1,KCa'b'-ap1_R,Kenyon_Cell,,cb_intrinsic,17488,KCapbp-ap1,KCa'b'-ap1,,VFB_jrmc2i34,R,,,Roughly traced,
46118,celltype_prediction_only,acetylcholine,dopamine,0.7103702115494568,dopamine,0.682075901056256,KCa'b'-ap1,KCa'b'-ap1,KCa'b'-ap1_R,Kenyon_Cell,,cb_intrinsic,17488,KCapbp-ap1,KCa'b'-ap1,,VFB_jrmc2i35,R,,,Roughly traced,
46631,celltype_prediction_only,acetylcholine,dopamine,0.5999410377358491,dopamine,0.682075901056256,KCa'b'-ap1,KCa'b'-ap1,KCa'b'-ap1_L,Kenyon_Cell,,cb_intrinsic,17488,KCapbp-ap1,KCa'b'-ap1,,VFB_jrmc2i2f,L,,,Roughly traced,
46806,celltype_prediction_only,acetylcholine,dopamine,0.6512417594907933,dopamine,0.682075901056256,KCa'b'-ap1,KCa'b'-ap1,KCa'b'-ap1_L,Kenyon_Cell,,cb_intrinsic,17488,KCapbp-ap1,KCa'b'-ap1,,VFB_jrmc2i2g,L,,,Roughly traced,
47074,celltype_prediction_only,acetylcholine,dopamine,0.6603844138042252,dopamine,0.682075901056256,KCa'b'-ap1,KCa'b'-ap1,KCa'b'-ap1_L,Kenyon_Cell,,cb_intrinsic,17488,KCapbp-ap1,KCa'b'-ap1,,VFB_jrmc2i46,L,,,Roughly traced,
47301,celltype_prediction_only,acetylcholine,dopamine,0.7080533118781683,dopamine,0.682075901056256,KCa'b'-ap1,KCa'b'-ap1,KCa'b'-ap1_L,Kenyon_Cell,,cb_intrinsic,17488,KCapbp-ap1,KCa'b'-ap1,,VFB_jrmc2i2h,L,,,Roughly traced,
47435,celltype_prediction_only,acetylcholine,dopamine,0.6587926369765993,dopamine,0.682075901056256,KCa'b'-ap1,KCa'b'-ap1,KCa'b'-ap1_R,Kenyon_Cell,,cb_intrinsic,17488,KCapbp-ap1,KCa'b'-ap1,,VFB_jrmc2i36,R,,,Roughly traced,
47732,celltype_prediction_only,acetylcholine,dopamine,0.7106732042370076,dopamine,0.682075901056256,KCa'b'-ap1,KCa'b'-ap1,KCa'b'-ap1_R,Kenyon_Cell,,cb_intrinsic,17488,KCapbp-ap1,KCa'b'-ap1,,VFB_jrmc2i5g,R,,,Roughly traced,
47737,celltype_prediction_only,acetylcholine,dopamine,0.6939057208514756,dopamine,0.682075901056256,KCa'b'-ap1,KCa'b'-ap1,KCa'b'-ap1_R,Kenyon_Cell,,cb_intrinsic,17488,KCapbp-ap1,KCa'b'-ap1,,VFB_jrmc2i5h,R,,,Roughly traced,
47834,celltype_prediction_only,acetylcholine,dopamine,0.6759119812583668,dopamine,0.682075901056256,KCa'b'-ap1,KCa'b'-ap1,KCa'b'-ap1_R,Kenyon_Cell,,cb_intrinsic,17488,KCapbp-ap1,KCa'b'-ap1,,VFB_jrmc2i37,R,,,Roughly traced,
48174,celltype_prediction_only,acetylcholine,dopamine,0.6569111704181838,dopamine,0.682075901056256,KCa'b'-ap1,KCa'b'-ap1,KCa'b'-ap1_R,Kenyon_Cell,,cb_intrinsic,17488,KCapbp-ap1,KCa'b'-ap1,,VFB_jrmc2i5i,R,,,Roughly traced,
48443,celltype_prediction_only,acetylcholine,dopamine,0.6822006419731618,dopamine,0.682075901056256,KCa'b'-ap1,KCa'b'-ap1,KCa'b'-ap1_R,Kenyon_Cell,,cb_intrinsic,17488,KCapbp-ap1,KCa'b'-ap1,,VFB_jrmc2i38,R,,,Roughly traced,
48517,celltype_prediction_only,acetylcholine,dopamine,0.6915751246529549,dopamine,0.682075901056256,KCa'b'-ap1,KCa'b'-ap1,KCa'b'-ap1_R,Kenyon_Cell,,cb_intrinsic,17488,KCapbp-ap1,KCa'b'-ap1,,VFB_jrmc2i39,R,,,Roughly traced,
48729,celltype_prediction_only,acetylcholine,dopamine,0.6800570425625274,dopamine,0.682075901056256,KCa'b'-ap1,KCa'b'-ap1,KCa'b'-ap1_R,Kenyon_Cell,,cb_intrinsic,17488,KCapbp-ap1,KCa'b'-ap1,,VFB_jrmc2i3a,R,,,Roughly traced,
48829,celltype_prediction_only,acetylcholine,dopamine,0.6908108981529818,dopamine,0.682075901056256,KCa'b'-ap1,KCa'b'-ap1,KCa'b'-ap1_R,Kenyon_Cell,,cb_intrinsic,17488,KCapbp-ap1,KCa'b'-ap1,,VFB_jrmc2i68,R,,,Roughly traced,
49022,celltype_prediction_only,acetylcholine,dopamine,0.6379596298135275,dopamine,0.682075901056256,KCa'b'-ap1,KCa'b'-ap1,KCa'b'-ap1_L,Kenyon_Cell,,cb_intrinsic,17488,KCapbp-ap1,KCa'b'-ap1,,VFB_jrmc2i2i,L,,,Roughly traced,
49480,celltype_prediction_only,acetylcholine,dopamine,0.6029866024633124,dopamine,0.682075901056256,KCa'b'-ap1,KCa'b'-ap1,KCa'b'-ap1_L,Kenyon_Cell,,cb_intrinsic,17488,KCapbp-ap1,KCa'b'-ap1,,VFB_jrmc2i6c,L,,,Roughly traced,
49661,celltype_prediction_only,acetylcholine,dopamine,0.7243547382493241,dopamine,0.682075901056256,KCa'b'-ap1,KCa'b'-ap1,KCa'b'-ap1_R,Kenyon_Cell,,cb_intrinsic,17488,KCapbp-ap1,KCa'b'-ap1,,VFB_jrmc2i6q,R,,,Roughly traced,
49978,celltype_prediction_only,acetylcholine,dopamine,0.6994141685023785,dopamine,0.682075901056256,KCa'b'-ap1,KCa'b'-ap1,KCa'b'-ap1_R,Kenyon_Cell,,cb_intrinsic,17488,KCapbp-ap1,KCa'b'-ap1,,VFB_jrmc2i79,R,,,Roughly traced,
50057,celltype_prediction_only,acetylcholine,dopamine,0.6646107866626734,dopamine,0.682075901056256,KCa'b'-ap1,KCa'b'-ap1,KCa'b'-ap1_R,Kenyon_Cell,,cb_intrinsic,17488,KCapbp-ap1,KCa'b'-ap1,,VFB_jrmc2i3b,R,,,Roughly traced,
50065,celltype_prediction_only,acetylcholine,dopamine,0.6933112807803007,dopamine,0.682075901056256,KCa'b'-ap1,KCa'b'-ap1,KCa'b'-ap1_R,Kenyon_Cell,,cb_intrinsic,17488,KCapbp-ap1,KCa'b'-ap1,,VFB_jrmc2i7a,R,,,Roughly traced,
50471,celltype_prediction_only,acetylcholine,dopamine,0.6306570319818011,dopamine,0.682075901056256,KCa'b'-ap1,KCa'b'-ap1,KCa'b'-ap1_L,Kenyon_Cell,,cb_intrinsic,17488,KCapbp-ap1,KCa'b'-ap1,,VFB_jrmc2i7k,L,,,Roughly traced,
50712,celltype_prediction_only,acetylcholine,dopamine,0.7266765394178734,dopamine,0.682075901056256,KCa'b'-ap1,KCa'b'-ap1,KCa'b'-ap1_L,Kenyon_Cell,,cb_intrinsic,17488,KCapbp-ap1,KCa'b'-ap1,,VFB_jrmc2i4o,L,,,Roughly traced,
50746,celltype_prediction_only,acetylcholine,dopamine,0.714479242583745,dopamine,0.682075901056256,KCa'b'-ap1,KCa'b'-ap1,KCa'b'-ap1_R,Kenyon_Cell,,cb_intrinsic,17488,KCapbp-ap1,KCa'b'-ap1,,VFB_jrmc2i5j,R,,,Roughly traced,
51010,celltype_prediction_only,acetylcholine,dopamine,0.6764103297122165,dopamine,0.682075901056256,KCa'b'-ap1,KCa'b'-ap1,KCa'b'-ap1_R,Kenyon_Cell,,cb_intrinsic,17488,KCapbp-ap1,KCa'b'-ap1,,VFB_jrmc2i2y,R,,,Roughly traced,
51334,celltype_prediction_only,acetylcholine,dopamine,0.636253500884434,dopamine,0.682075901056256,KCa'b'-ap1,KCa'b'-ap1,KCa'b'-ap1_L,Kenyon_Cell,,cb_intrinsic,17488,KCapbp-ap1,KCa'b'-ap1,,VFB_jrmc2i47,L,,,Roughly traced,
51383,celltype_prediction_only,acetylcholine,dopamine,0.6754388583711488,dopamine,0.682075901056256,KCa'b'-ap1,KCa'b'-ap1,KCa'b'-ap1_R,Kenyon_Cell,,cb_intrinsic,17488,KCapbp-ap1,KCa'b'-ap1,,VFB_jrmc2i3c,R,,,Roughly traced,
51538,celltype_prediction_only,acetylcholine,dopamine,0.6526861115337796,dopamine,0.682075901056256,KCa'b'-ap1,KCa'b'-ap1,KCa'b'-ap1_L,Kenyon_Cell,,cb_intrinsic,17488,KCapbp-ap1,KCa'b'-ap1,,VFB_jrmc2i48,L,,,Roughly traced,
51556,celltype_prediction_only,acetylcholine,dopamine,0.6627156169071403,dopamine,0.682075901056256,KCa'b'-ap1,KCa'b'-ap1,KCa'b'-ap1_R,Kenyon_Cell,,cb_intrinsic,17488,KCapbp-ap1,KCa'b'-ap1,,VFB_jrmc2i6r,R,,,Roughly traced,
51715,celltype_prediction_only,acetylcholine,dopamine,0.7224218560207304,dopamine,0.682075901056256,KCa'b'-ap1,KCa'b'-ap1,KCa'b'-ap1_L,Kenyon_Cell,,cb_intrinsic,17488,KCapbp-ap1,KCa'b'-ap1,,VFB_jrmc2i6f,L,,,Roughly traced,
52140,celltype_prediction_only,acetylcholine,dopamine,0.7068526623730043,dopamine,0.682075901056256,KCa'b'-ap1,KCa'b'-ap1,KCa'b'-ap1_R,Kenyon_Cell,,cb_intrinsic,17488,KCapbp-ap1,KCa'b'-ap1,,VFB_jrmc2i60,R,,,Roughly traced,
52141,celltype_prediction_only,acetylcholine,dopamine,0.6364592230245619,dopamine,0.682075901056256,KCa'b'-ap1,KCa'b'-ap1,KCa'b'-ap1_L,Kenyon_Cell,,cb_intrinsic,17488,KCapbp-ap1,KCa'b'-ap1,,VFB_jrmc2i4p,L,,,Roughly traced,
52513,celltype_prediction_only,acetylcholine,dopamine,0.7133222524940359,dopamine,0.682075901056256,KCa'b'-ap1,KCa'b'-ap1,KCa'b'-ap1_L,Kenyon_Cell,,cb_intrinsic,17488,KCapbp-ap1,KCa'b'-ap1,,VFB_jrmc2i76,L,,,Roughly traced,
52581,celltype_prediction_only,acetylcholine,dopamine,0.6538794986023759,dopamine,0.682075901056256,KCa'b'-ap1,KCa'b'-ap1,KCa'b'-ap1_R,Kenyon_Cell,,cb_intrinsic,17488,KCapbp-ap1,KCa'b'-ap1,,VFB_jrmc2i2r,R,,,Roughly traced,
52923,celltype_prediction_only,acetylcholine,dopamine,0.6146493839571089,dopamine,0.682075901056256,KCa'b'-ap1,KCa'b'-ap1,KCa'b'-ap1_L,Kenyon_Cell,,cb_intrinsic,17488,KCapbp-ap1,KCa'b'-ap1,,VFB_jrmc2i49,L,,,Roughly traced,
53278,celltype_prediction_only,acetylcholine,dopamine,0.6686935486105339,dopamine,0.682075901056256,KCa'b'-ap1,KCa'b'-ap1,KCa'b'-ap1_L,Kenyon_Cell,,cb_intrinsic,17488,KCapbp-ap1,KCa'b'-ap1,,VFB_jrmc2i4a,L,,,Roughly traced,
53331,celltype_prediction_only,acetylcholine,dopamine,0.6898766216435749,dopamine,0.682075901056256,KCa'b'-ap1,KCa'b'-ap1,KCa'b'-ap1_L,Kenyon_Cell,,cb_intrinsic,17488,KCapbp-ap1,KCa'b'-ap1,,VFB_jrmc2i7u,L,,,Roughly traced,
53535,celltype_prediction_only,acetylcholine,dopamine,0.6838906086215933,dopamine,0.682075901056256,KCa'b'-ap1,KCa'b'-ap1,KCa'b'-ap1_R,Kenyon_Cell,,cb_intrinsic,17488,KCapbp-ap1,KCa'b'-ap1,,VFB_jrmc2i7n,R,,,Roughly traced,
53592,celltype_prediction_only,acetylcholine,dopamine,0.7127808781409631,dopamine,0.682075901056256,KCa'b'-ap1,KCa'b'-ap1,KCa'b'-ap1_R,Kenyon_Cell,,cb_intrinsic,17488,KCapbp-ap1,KCa'b'-ap1,,VFB_jrmc2i3d,R,,,Roughly traced,
54067,celltype_prediction_only,acetylcholine,dopamine,0.6909209163698821,dopamine,0.682075901056256,KCa'b'-ap1,KCa'b'-ap1,KCa'b'-ap1_L,Kenyon_Cell,,cb_intrinsic,17488,KCapbp-ap1,KCa'b'-ap1,,VFB_jrmc2i4q,L,,,Roughly traced,
54192,celltype_prediction_only,acetylcholine,dopamine,0.7285093672125312,dopamine,0.682075901056256,KCa'b'-ap1,KCa'b'-ap1,KCa'b'-ap1_R,Kenyon_Cell,,cb_intrinsic,17488,KCapbp-ap1,KCa'b'-ap1,,VFB_jrmc2i3e,R,,,Roughly traced,
54549,celltype_prediction_only,acetylcholine,dopamine,0.704547107472363,dopamine,0.682075901056256,KCa'b'-ap1,KCa'b'-ap1,KCa'b'-ap1_L,Kenyon_Cell,,cb_intrinsic,17488,KCapbp-ap1,KCa'b'-ap1,,VFB_jrmc2i2j,L,,,Roughly traced,
54641,celltype_prediction_only,acetylcholine,dopamine,0.6846114446350295,dopamine,0.682075901056256,KCa'b'-ap1,KCa'b'-ap1,KCa'b'-ap1_L,Kenyon_Cell,,cb_intrinsic,17488,KCapbp-ap1,KCa'b'-ap1,,VFB_jrmc2i2k,L,,,Roughly traced,
54647,celltype_prediction_only,acetylcholine,dopamine,0.6069509958071279,dopamine,0.682075901056256,KCa'b'-ap1,KCa'b'-ap1,KCa'b'-ap1_L,Kenyon_Cell,,cb_intrinsic,17488,KCapbp-ap1,KCa'b'-ap1,,VFB_jrmc2i6g,L,,,Roughly traced,
54702,celltype_prediction_only,acetylcholine,dopamine,0.6991225268605871,dopamine,0.682075901056256,KCa'b'-ap1,KCa'b'-ap1,KCa'b'-ap1_R,Kenyon_Cell,,cb_intrinsic,17488,KCapbp-ap1,KCa'b'-ap1,,VFB_jrmc2i6j,R,,,Roughly traced,
54729,celltype_prediction_only,acetylcholine,dopamine,0.6749546687969162,dopamine,0.682075901056256,KCa'b'-ap1,KCa'b'-ap1,KCa'b'-ap1_L,Kenyon_Cell,,cb_intrinsic,17488,KCapbp-ap1,KCa'b'-ap1,,VFB_jrmc2i4r,L,,,Roughly traced,
55003,celltype_prediction_only,acetylcholine,dopamine,0.7174458346658139,dopamine,0.682075901056256,KCa'b'-ap1,KCa'b'-ap1,KCa'b'-ap1_L,Kenyon_Cell,,cb_intrinsic,17488,KCapbp-ap1,KCa'b'-ap1,,VFB_jrmc2i2l,L,,,Roughly traced,
55083,celltype_prediction_only,acetylcholine,dopamine,0.6555368095771842,dopamine,0.682075901056256,KCa'b'-ap1,KCa'b'-ap1,KCa'b'-ap1_R,Kenyon_Cell,,cb_intrinsic,17488,KCapbp-ap1,KCa'b'-ap1,,VFB_jrmc2i7i,R,,,Roughly traced,
55485,celltype_prediction_only,acetylcholine,dopamine,0.6911488602287503,dopamine,0.682075901056256,KCa'b'-ap1,KCa'b'-ap1,KCa'b'-ap1_L,Kenyon_Cell,,cb_intrinsic,17488,KCapbp-ap1,KCa'b'-ap1,,VFB_jrmc2i4s,L,,,Roughly traced,
55586,celltype_prediction_only,acetylcholine,dopamine,0.6627067010446648,dopamine,0.682075901056256,KCa'b'-ap1,KCa'b'-ap1,KCa'b'-ap1_L,Kenyon_Cell,,cb_intrinsic,17488,KCapbp-ap1,KCa'b'-ap1,,VFB_jrmc2i4b,L,,,Roughly traced,
55919,celltype_prediction_only,acetylcholine,dopamine,0.6493346068470929,dopamine,0.682075901056256,KCa'b'-ap1,KCa'b'-ap1,KCa'b'-ap1_R,Kenyon_Cell,,cb_intrinsic,17488,KCapbp-ap1,KCa'b'-ap1,,VFB_jrmc2i5k,R,,,Roughly traced,
56000,celltype_prediction_only,acetylcholine,dopamine,0.669284188034188,dopamine,0.682075901056256,KCa'b'-ap1,KCa'b'-ap1,KCa'b'-ap1_R,Kenyon_Cell,,cb_intrinsic,17488,KCapbp-ap1,KCa'b'-ap1,,VFB_jrmc2i6k,R,,,Roughly traced,
56692,celltype_prediction_only,acetylcholine,dopamine,0.6952987421383647,dopamine,0.682075901056256,KCa'b'-ap1,KCa'b'-ap1,KCa'b'-ap1_L,Kenyon_Cell,,cb_intrinsic,17488,KCapbp-ap1,KCa'b'-ap1,,VFB_jrmc2i4t,L,,,Roughly traced,
57403,celltype_prediction_only,acetylcholine,dopamine,0.7105425984160261,dopamine,0.682075901056256,KCa'b'-ap1,KCa'b'-ap1,KCa'b'-ap1_R,Kenyon_Cell,,cb_intrinsic,17488,KCapbp-ap1,KCa'b'-ap1,,VFB_jrmc2i2z,R,,,Roughly traced,
57661,celltype_prediction_only,acetylcholine,dopamine,0.6255382741231797,dopamine,0.682075901056256,KCa'b'-ap1,KCa'b'-ap1,KCa'b'-ap1_L,Kenyon_Cell,,cb_intrinsic,17488,KCapbp-ap1,KCa'b'-ap1,,VFB_jrmc2i6n,L,,,Roughly traced,
57977,celltype_prediction_only,acetylcholine,dopamine,0.6945272813860668,dopamine,0.682075901056256,KCa'b'-ap1,KCa'b'-ap1,KCa'b'-ap1_R,Kenyon_Cell,,cb_intrinsic,17488,KCapbp-ap1,KCa'b'-ap1,,VFB_jrmc2i3f,R,,,Roughly traced,
58097,celltype_prediction_only,acetylcholine,dopamine,0.6779618371828238,dopamine,0.682075901056256,KCa'b'-ap1,KCa'b'-ap1,KCa'b'-ap1_L,Kenyon_Cell,,cb_intrinsic,17488,KCapbp-ap1,KCa'b'-ap1,,VFB_jrmc2i6o,L,,,Roughly traced,
58111,celltype_prediction_only,acetylcholine,dopamine,0.691581562557245,dopamine,0.682075901056256,KCa'b'-ap1,KCa'b'-ap1,KCa'b'-ap1_R,Kenyon_Cell,,cb_intrinsic,17488,KCapbp-ap1,KCa'b'-ap1,,VFB_jrmc2i3g,R,,,Roughly traced,
58130,celltype_prediction_only,acetylcholine,dopamine,0.6753704843071127,dopamine,0.682075901056256,KCa'b'-ap1,KCa'b'-ap1,KCa'b'-ap1_R,Kenyon_Cell,,cb_intrinsic,17488,KCapbp-ap1,KCa'b'-ap1,,VFB_jrmc2i3h,R,,,Roughly traced,
60349,celltype_prediction_only,acetylcholine,dopamine,0.6970753044292787,dopamine,0.682075901056256,KCa'b'-ap1,KCa'b'-ap1,KCa'b'-ap1_L,Kenyon_Cell,,cb_intrinsic,17488,KCapbp-ap1,KCa'b'-ap1,,VFB_jrmc2i54,L,,,Roughly traced,
60354,celltype_prediction_only,acetylcholine,dopamine,0.7261524676608717,dopamine,0.682075901056256,KCa'b'-ap1,KCa'b'-ap1,KCa'b'-ap1_R,Kenyon_Cell,,cb_intrinsic,17488,KCapbp-ap1,KCa'b'-ap1,,VFB_jrmc2i3i,R,,,Roughly traced,
60539,celltype_prediction_only,acetylcholine,dopamine,0.7090475712565235,dopamine,0.682075901056256,KCa'b'-ap1,KCa'b'-ap1,KCa'b'-ap1_L,Kenyon_Cell,,cb_intrinsic,17488,KCapbp-ap1,KCa'b'-ap1,,VFB_jrmc2i75,L,,,Roughly traced,
60697,celltype_prediction_only,acetylcholine,dopamine,0.6973520280353906,dopamine,0.682075901056256,KCa'b'-ap1,KCa'b'-ap1,KCa'b'-ap1_L,Kenyon_Cell,,cb_intrinsic,17488,KCapbp-ap1,KCa'b'-ap1,,VFB_jrmc2i7p,L,,,Roughly traced,
61071,celltype_prediction_only,acetylcholine,dopamine,0.727491796554553,dopamine,0.682075901056256,KCa'b'-ap1,KCa'b'-ap1,KCa'b'-ap1_L,Kenyon_Cell,,cb_intrinsic,17488,KCapbp-ap1,KCa'b'-ap1,,VFB_jrmc2i4u,L,,,Roughly traced,
61253,celltype_prediction_only,acetylcholine,dopamine,0.7233042346111158,dopamine,0.682075901056256,KCa'b'-ap1,KCa'b'-ap1,KCa'b'-ap1_L,Kenyon_Cell,,cb_intrinsic,17488,KCapbp-ap1,KCa'b'-ap1,,VFB_jrmc2i6d,L,,,Roughly traced,
61475,celltype_prediction_only,acetylcholine,dopamine,0.7069916880739362,dopamine,0.682075901056256,KCa'b'-ap1,KCa'b'-ap1,KCa'b'-ap1_R,Kenyon_Cell,,cb_intrinsic,17488,KCapbp-ap1,KCa'b'-ap1,,VFB_jrmc2i5l,R,,,Roughly traced,
61555,celltype_prediction_only,acetylcholine,dopamine,0.7042889187005943,dopamine,0.682075901056256,KCa'b'-ap1,KCa'b'-ap1,KCa'b'-ap1_R,Kenyon_Cell,,cb_intrinsic,17488,KCapbp-ap1,KCa'b'-ap1,,VFB_jrmc2i3j,R,,,Roughly traced,
62638,celltype_prediction_only,acetylcholine,dopamine,0.6635725990499696,dopamine,0.682075901056256,KCa'b'-ap1,KCa'b'-ap1,KCa'b'-ap1_L,Kenyon_Cell,,cb_intrinsic,17488,KCapbp-ap1,KCa'b'-ap1,,VFB_jrmc2i73,L,,,Roughly traced,
62703,celltype_prediction_only,acetylcholine,dopamine,0.7435773247978437,dopamine,0.682075901056256,KCa'b'-ap1,KCa'b'-ap1,KCa'b'-ap1_L,Kenyon_Cell,,cb_intrinsic,17488,KCa'b'-ap1,KCa'b'-ap1,,VFB_jrmc2i55,L,,,Roughly traced,
63209,celltype_prediction_only,acetylcholine,dopamine,0.7391830719967836,dopamine,0.682075901056256,KCa'b'-ap1,KCa'b'-ap1,KCa'b'-ap1_L,Kenyon_Cell,,cb_intrinsic,17488,KCapbp-ap1,KCa'b'-ap1,,VFB_jrmc2i4c,L,,,Roughly traced,
63218,celltype_prediction_only,acetylcholine,dopamine,0.7395629773135669,dopamine,0.682075901056256,KCa'b'-ap1,KCa'b'-ap1,KCa'b'-ap1_L,Kenyon_Cell,,cb_intrinsic,17488,KCapbp-ap1,KCa'b'-ap1,,VFB_jrmc2i7q,L,,,Roughly traced,
63590,celltype_prediction_only,acetylcholine,dopamine,0.7220041694045496,dopamine,0.682075901056256,KCa'b'-ap1,KCa'b'-ap1,KCa'b'-ap1_L,Kenyon_Cell,,cb_intrinsic,17488,KCapbp-ap1,KCa'b'-ap1,,VFB_jrmc2i7f,L,,,Roughly traced,
64005,celltype_prediction_only,acetylcholine,dopamine,0.6424653753512646,dopamine,0.682075901056256,KCa'b'-ap1,KCa'b'-ap1,KCa'b'-ap1_R,Kenyon_Cell,,cb_intrinsic,17488,KCapbp-ap1,KCa'b'-ap1,,VFB_jrmc2i5m,R,,,Roughly traced,
65500,celltype_prediction_only,acetylcholine,dopamine,0.7034493385891871,dopamine,0.682075901056256,KCa'b'-ap1,KCa'b'-ap1,KCa'b'-ap1_R,Kenyon_Cell,,cb_intrinsic,17488,KCapbp-ap1,KCa'b'-ap1,,VFB_jrmc2i7g,R,,,Roughly traced,
65750,celltype_prediction_only,acetylcholine,dopamine,0.601754891684137,dopamine,0.682075901056256,KCa'b'-ap1,KCa'b'-ap1,KCa'b'-ap1_L,Kenyon_Cell,,cb_intrinsic,17488,KCapbp-ap1,KCa'b'-ap1,,VFB_jrmc2i7j,L,,,Roughly traced,
65768,celltype_prediction_only,acetylcholine,dopamine,0.6939072327044025,dopamine,0.682075901056256,KCa'b'-ap1,KCa'b'-ap1,KCa'b'-ap1_R,Kenyon_Cell,,cb_intrinsic,17488,KCapbp-ap1,KCa'b'-ap1,,VFB_jrmc2i5n,R,,,Roughly traced,
65974,celltype_prediction_only,acetylcholine,dopamine,0.6753579621610475,dopamine,0.682075901056256,KCa'b'-ap1,KCa'b'-ap1,KCa'b'-ap1_L,Kenyon_Cell,,cb_intrinsic,17488,KCapbp-ap1,KCa'b'-ap1,,VFB_jrmc2i4v,L,,,Roughly traced,
67022,celltype_prediction_only,acetylcholine,dopamine,0.6632976508428822,dopamine,0.682075901056256,KCa'b'-ap1,KCa'b'-ap1,KCa'b'-ap1_L,Kenyon_Cell,,cb_intrinsic,17488,KCapbp-ap1,KCa'b'-ap1,,VFB_jrmc2i4d,L,,,Roughly traced,
67102,celltype_prediction_only,acetylcholine,dopamine,0.7748637799611627,dopamine,0.682075901056256,KCa'b'-ap1,KCa'b'-ap1,KCa'b'-ap1_L,Kenyon_Cell,,cb_intrinsic,17488,KCapbp-ap1,KCa'b'-ap1,,VFB_jrmc2i4w,L,,,Roughly traced,
67474,celltype_prediction_only,acetylcholine,dopamine,0.7141909535040432,dopamine,0.682075901056256,KCa'b'-ap1,KCa'b'-ap1,KCa'b'-ap1_R,Kenyon_Cell,,cb_intrinsic,17488,KCapbp-ap1,KCa'b'-ap1,,VFB_jrmc2i3k,R,,,Roughly traced,
67544,celltype_prediction_only,acetylcholine,dopamine,0.7220159566627359,dopamine,0.682075901056256,KCa'b'-ap1,KCa'b'-ap1,KCa'b'-ap1_R,Kenyon_Cell,,cb_intrinsic,17488,KCapbp-ap1,KCa'b'-ap1,,VFB_jrmc2i3l,R,,,Roughly traced,
68283,celltype_prediction_only,acetylcholine,dopamine,0.6856662365017206,dopamine,0.682075901056256,KCa'b'-ap1,KCa'b'-ap1,KCa'b'-ap1_L,Kenyon_Cell,,cb_intrinsic,17488,KCapbp-ap1,KCa'b'-ap1,,VFB_jrmc2i6u,L,,,Roughly traced,
68428,celltype_prediction_only,acetylcholine,dopamine,0.7317482833530824,dopamine,0.682075901056256,KCa'b'-ap1,KCa'b'-ap1,KCa'b'-ap1_R,Kenyon_Cell,,cb_intrinsic,17488,KCapbp-ap1,KCa'b'-ap1,,VFB_jrmc2i3m,R,,,Roughly traced,
68941,celltype_prediction_only,acetylcholine,dopamine,0.7092730138615101,dopamine,0.682075901056256,KCa'b'-ap1,KCa'b'-ap1,KCa'b'-ap1_R,Kenyon_Cell,,cb_intrinsic,17488,KCa'b'-ap1,KCa'b'-ap1,,VFB_jrmc2i7o,R,,,Prelim Roughly traced,
69747,celltype_prediction_only,acetylcholine,dopamine,0.6833765142361434,dopamine,0.682075901056256,KCa'b'-ap1,KCa'b'-ap1,KCa'b'-ap1_L,Kenyon_Cell,,cb_intrinsic,17488,KCapbp-ap1,KCa'b'-ap1,,VFB_jrmc2i7b,L,,,Roughly traced,
69842,celltype_prediction_only,acetylcholine,dopamine,0.7280011107982102,dopamine,0.682075901056256,KCa'b'-ap1,KCa'b'-ap1,KCa'b'-ap1_R,Kenyon_Cell,,cb_intrinsic,17488,KCapbp-ap1,KCa'b'-ap1,,VFB_jrmc2i61,R,,,Roughly traced,
69956,celltype_prediction_only,acetylcholine,dopamine,0.6690728329908463,dopamine,0.682075901056256,KCa'b'-ap1,KCa'b'-ap1,KCa'b'-ap1_R,Kenyon_Cell,,cb_intrinsic,17488,KCapbp-ap1,KCa'b'-ap1,,VFB_jrmc2i6v,R,,,Roughly traced,
70175,celltype_prediction_only,acetylcholine,dopamine,0.6359714003944773,dopamine,0.682075901056256,KCa'b'-ap1,KCa'b'-ap1,KCa'b'-ap1_R,Kenyon_Cell,,cb_intrinsic,17488,KCapbp-ap1,KCa'b'-ap1,,VFB_jrmc2i71,R,,,Roughly traced,
70457,celltype_prediction_only,acetylcholine,dopamine,0.6931642437364677,dopamine,0.682075901056256,KCa'b'-ap1,KCa'b'-ap1,KCa'b'-ap1_L,Kenyon_Cell,,cb_intrinsic,17488,KCapbp-ap1,KCa'b'-ap1,,VFB_jrmc2i4e,L,,,Roughly traced,
71053,celltype_prediction_only,acetylcholine,dopamine,0.7111646978981885,dopamine,0.682075901056256,KCa'b'-ap1,KCa'b'-ap1,KCa'b'-ap1_R,Kenyon_Cell,,cb_intrinsic,17488,KCapbp-ap1,KCa'b'-ap1,,VFB_jrmc2i7r,R,,,Roughly traced,
71095,celltype_prediction_only,acetylcholine,dopamine,0.6413120037565098,dopamine,0.682075901056256,KCa'b'-ap1,KCa'b'-ap1,KCa'b'-ap1_L,Kenyon_Cell,,cb_intrinsic,17488,KCapbp-ap1,KCa'b'-ap1,,VFB_jrmc2i2m,L,,,Roughly traced,
72195,celltype_prediction_only,acetylcholine,dopamine,0.704060014335923,dopamine,0.682075901056256,KCa'b'-ap1,KCa'b'-ap1,KCa'b'-ap1_R,Kenyon_Cell,,cb_intrinsic,17488,KCapbp-ap1,KCa'b'-ap1,,VFB_jrmc2i3n,R,,,Roughly traced,
74380,celltype_prediction_only,acetylcholine,dopamine,0.7015261982711583,dopamine,0.682075901056256,KCa'b'-ap1,KCa'b'-ap1,KCa'b'-ap1_R,Kenyon_Cell,,cb_intrinsic,17488,KCapbp-ap1,KCa'b'-ap1,,VFB_jrmc2i72,R,,,Roughly traced,
74548,celltype_prediction_only,acetylcholine,dopamine,0.6773149707996406,dopamine,0.682075901056256,KCa'b'-ap1,KCa'b'-ap1,KCa'b'-ap1_R,Kenyon_Cell,,cb_intrinsic,17488,KCapbp-ap1,KCa'b'-ap1,,VFB_jrmc2i5u,R,,,Roughly traced,
74663,celltype_prediction_only,acetylcholine,dopamine,0.6370292160304227,dopamine,0.682075901056256,KCa'b'-ap1,KCa'b'-ap1,KCa'b'-ap1_L,Kenyon_Cell,,cb_intrinsic,17488,KCapbp-ap1,KCa'b'-ap1,,VFB_jrmc2i2n,L,,,Roughly traced,
74668,celltype_prediction_only,acetylcholine,dopamine,0.7072962022254474,dopamine,0.682075901056256,KCa'b'-ap1,KCa'b'-ap1,KCa'b'-ap1_R,Kenyon_Cell,,cb_intrinsic,17488,KCapbp-ap1,KCa'b'-ap1,,VFB_jrmc2i62,R,,,Roughly traced,
75031,celltype_prediction_only,acetylcholine,dopamine,0.6400037599124966,dopamine,0.682075901056256,KCa'b'-ap1,KCa'b'-ap1,KCa'b'-ap1_R,Kenyon_Cell,,cb_intrinsic,17488,KCapbp-ap1,KCa'b'-ap1,,VFB_jrmc2i63,R,,,Roughly traced,
75225,celltype_prediction_only,acetylcholine,dopamine,0.7648916023794033,dopamine,0.682075901056256,KCa'b'-ap1,KCa'b'-ap1,KCa'b'-ap1_L,Kenyon_Cell,,cb_intrinsic,17488,KCapbp-ap1,KCa'b'-ap1,,VFB_jrmc2i2o,L,,,Roughly traced,
75260,celltype_prediction_only,acetylcholine,dopamine,0.5960802833100396,dopamine,0.682075901056256,KCa'b'-ap1,KCa'b'-ap1,KCa'b'-ap1_R,Kenyon_Cell,,cb_intrinsic,17488,KCapbp-ap1,KCa'b'-ap1,,VFB_jrmc2i3o,R,,,Roughly traced,
75265,celltype_prediction_only,acetylcholine,dopamine,0.6929757203451806,dopamine,0.682075901056256,KCa'b'-ap1,KCa'b'-ap1,KCa'b'-ap1_R,Kenyon_Cell,,cb_intrinsic,17488,KCapbp-ap1,KCa'b'-ap1,,VFB_jrmc2i7m,R,,,Roughly traced,
75650,celltype_prediction_only,acetylcholine,dopamine,0.6614100601346133,dopamine,0.682075901056256,KCa'b'-ap1,KCa'b'-ap1,KCa'b'-ap1_L,Kenyon_Cell,,cb_intrinsic,17488,KCapbp-ap1,KCa'b'-ap1,,VFB_jrmc2i6p,L,,,Roughly traced,
75718,celltype_prediction_only,acetylcholine,dopamine,0.7449369151710384,dopamine,0.682075901056256,KCa'b'-ap1,KCa'b'-ap1,KCa'b'-ap1_R,Kenyon_Cell,,cb_intrinsic,17488,KCapbp-ap1,KCa'b'-ap1,,VFB_jrmc2i5o,R,,,Roughly traced,
75756,celltype_prediction_only,acetylcholine,dopamine,0.6968449459909185,dopamine,0.682075901056256,KCa'b'-ap1,KCa'b'-ap1,KCa'b'-ap1_L,Kenyon_Cell,,cb_intrinsic,17488,KCapbp-ap1,KCa'b'-ap1,,VFB_jrmc2i4x,L,,,Roughly traced,
75780,celltype_prediction_only,acetylcholine,dopamine,0.6943284976860092,dopamine,0.682075901056256,KCa'b'-ap1,KCa'b'-ap1,KCa'b'-ap1_L,Kenyon_Cell,,cb_intrinsic,17488,KCapbp-ap1,KCa'b'-ap1,,VFB_jrmc2i4y,L,,,Roughly traced,
75782,celltype_prediction_only,acetylcholine,dopamine,0.693228613629557,dopamine,0.682075901056256,KCa'b'-ap1,KCa'b'-ap1,KCa'b'-ap1_L,Kenyon_Cell,,cb_intrinsic,17488,KCapbp-ap1,KCa'b'-ap1,,VFB_jrmc2i56,L,,,Roughly traced,
76203,celltype_prediction_only,acetylcholine,dopamine,0.6720715408805031,dopamine,0.682075901056256,KCa'b'-ap1,KCa'b'-ap1,KCa'b'-ap1_L,Kenyon_Cell,,cb_intrinsic,17488,KCapbp-ap1,KCa'b'-ap1,,VFB_jrmc2i4f,L,,,Roughly traced,
76429,celltype_prediction_only,acetylcholine,dopamine,0.7164161798373727,dopamine,0.682075901056256,KCa'b'-ap1,KCa'b'-ap1,KCa'b'-ap1_R,Kenyon_Cell,,cb_intrinsic,17488,KCapbp-ap1,KCa'b'-ap1,,VFB_jrmc2i51,R,,,Roughly traced,
76850,celltype_prediction_only,acetylcholine,dopamine,0.7043507078761085,dopamine,0.682075901056256,KCa'b'-ap1,KCa'b'-ap1,KCa'b'-ap1_L,Kenyon_Cell,,cb_intrinsic,17488,KCapbp-ap1,KCa'b'-ap1,,VFB_jrmc2i2s,L,,,Roughly traced,
76889,celltype_prediction_only,acetylcholine,dopamine,0.6874658189773037,dopamine,0.682075901056256,KCa'b'-ap1,KCa'b'-ap1,KCa'b'-ap1_L,Kenyon_Cell,,cb_intrinsic,17488,KCapbp-ap1,KCa'b'-ap1,,VFB_jrmc2i4g,L,,,Roughly traced,
77409,celltype_prediction_only,acetylcholine,dopamine,0.6922169811320754,dopamine,0.682075901056256,KCa'b'-ap1,KCa'b'-ap1,KCa'b'-ap1_L,Kenyon_Cell,,cb_intrinsic,17488,KCapbp-ap1,KCa'b'-ap1,,VFB_jrmc2i57,L,,,Roughly traced,
77679,celltype_prediction_only,acetylcholine,dopamine,0.6793969613070824,dopamine,0.682075901056256,KCa'b'-ap1,KCa'b'-ap1,KCa'b'-ap1_R,Kenyon_Cell,,cb_intrinsic,17488,KCapbp-ap1,KCa'b'-ap1,,VFB_jrmc2i64,R,,,Roughly traced,
77755,celltype_prediction_only,acetylcholine,dopamine,0.7282239511013096,dopamine,0.682075901056256,KCa'b'-ap1,KCa'b'-ap1,KCa'b'-ap1_R,Kenyon_Cell,,cb_intrinsic,17488,KCapbp-ap1,KCa'b'-ap1,,VFB_jrmc2i3p,R,,,Roughly traced,
78073,celltype_prediction_only,acetylcholine,dopamine,0.6443727154222437,dopamine,0.682075901056256,KCa'b'-ap1,KCa'b'-ap1,KCa'b'-ap1_L,Kenyon_Cell,,cb_intrinsic,17488,KCapbp-ap1,KCa'b'-ap1,,VFB_jrmc2i7l,L,,,Roughly traced,
79052,celltype_prediction_only,acetylcholine,dopamine,0.6624233631962354,dopamine,0.682075901056256,KCa'b'-ap1,KCa'b'-ap1,KCa'b'-ap1_L,Kenyon_Cell,,cb_intrinsic,17488,KCapbp-ap1,KCa'b'-ap1,,VFB_jrmc2i4z,L,,,Roughly traced,
79364,celltype_prediction_only,acetylcholine,dopamine,0.6535783928351215,dopamine,0.682075901056256,KCa'b'-ap1,KCa'b'-ap1,KCa'b'-ap1_R,Kenyon_Cell,,cb_intrinsic,17488,KCapbp-ap1,KCa'b'-ap1,,VFB_jrmc2i6x,R,,,Roughly traced,
79476,celltype_prediction_only,acetylcholine,dopamine,0.6858298553748948,dopamine,0.682075901056256,KCa'b'-ap1,KCa'b'-ap1,KCa'b'-ap1_R,Kenyon_Cell,,cb_intrinsic,17488,KCapbp-ap1,KCa'b'-ap1,,VFB_jrmc2i6s,R,,,Roughly traced,
80611,celltype_prediction_only,acetylcholine,dopamine,0.6015158012370705,dopamine,0.682075901056256,KCa'b'-ap1,KCa'b'-ap1,KCa'b'-ap1_L,Kenyon_Cell,,cb_intrinsic,17488,KCapbp-ap1,KCa'b'-ap1,,VFB_jrmc2i50,L,,,Roughly traced,
80832,celltype_prediction_only,acetylcholine,dopamine,0.6658544218903693,dopamine,0.682075901056256,KCa'b'-ap1,KCa'b'-ap1,KCa'b'-ap1_R,Kenyon_Cell,,cb_intrinsic,17488,KCapbp-ap1,KCa'b'-ap1,,VFB_jrmc2i3q,R,,,Roughly traced,
82225,celltype_prediction_only,acetylcholine,dopamine,0.7124775128902487,dopamine,0.682075901056256,KCa'b'-ap1,KCa'b'-ap1,KCa'b'-ap1_R,Kenyon_Cell,,cb_intrinsic,17488,KCapbp-ap1,KCa'b'-ap1,,VFB_jrmc2i7d,R,,,Roughly traced,
82460,celltype_prediction_only,acetylcholine,dopamine,0.6676682527258246,dopamine,0.682075901056256,KCa'b'-ap1,KCa'b'-ap1,KCa'b'-ap1_L,Kenyon_Cell,,cb_intrinsic,17488,KCapbp-ap1,KCa'b'-ap1,,VFB_jrmc2i2t,L,,,Roughly traced,
83777,celltype_prediction_only,acetylcholine,dopamine,0.6256745359345423,dopamine,0.682075901056256,KCa'b'-ap1,KCa'b'-ap1,KCa'b'-ap1_L,Kenyon_Cell,,cb_intrinsic,17488,KCapbp-ap1,KCa'b'-ap1,,VFB_jrmc2i5d,L,,,Roughly traced,
84244,celltype_prediction_only,acetylcholine,dopamine,0.6821217821404019,dopamine,0.682075901056256,KCa'b'-ap1,KCa'b'-ap1,KCa'b'-ap1_L,Kenyon_Cell,,cb_intrinsic,17488,KCapbp-ap1,KCa'b'-ap1,,VFB_jrmc2i74,L,,,Roughly traced,
86306,celltype_prediction_only,acetylcholine,dopamine,0.7219024464577618,dopamine,0.682075901056256,KCa'b'-ap1,KCa'b'-ap1,KCa'b'-ap1_R,Kenyon_Cell,,cb_intrinsic,17488,KCapbp-ap1,KCa'b'-ap1,,VFB_jrmc2i5v,R,,,Roughly traced,
87281,celltype_prediction_only,acetylcholine,dopamine,0.6385622306662008,dopamine,0.682075901056256,KCa'b'-ap1,KCa'b'-ap1,KCa'b'-ap1_L,Kenyon_Cell,,cb_intrinsic,17488,KCapbp-ap1,KCa'b'-ap1,,VFB_jrmc2i6h,L,,,Roughly traced,
88476,celltype_prediction_only,acetylcholine,dopamine,0.6616186190999572,dopamine,0.682075901056256,KCa'b'-ap1,KCa'b'-ap1,KCa'b'-ap1_L,Kenyon_Cell,,cb_intrinsic,17488,KCapbp-ap1,KCa'b'-ap1,,VFB_jrmc2i4h,L,,,Roughly traced,
88822,celltype_prediction_only,acetylcholine,dopamine,0.7161678311097077,dopamine,0.682075901056256,KCa'b'-ap1,KCa'b'-ap1,KCa'b'-ap1_R,Kenyon_Cell,,cb_intrinsic,17488,KCapbp-ap1,KCa'b'-ap1,,VFB_jrmc2i6l,R,,,Roughly traced,
90153,celltype_prediction_only,acetylcholine,dopamine,0.6219245504473382,dopamine,0.682075901056256,KCa'b'-ap1,KCa'b'-ap1,KCa'b'-ap1_L,Kenyon_Cell,,cb_intrinsic,17488,KCapbp-ap1,KCa'b'-ap1,,VFB_jrmc2i7c,L,,,Roughly traced,
90323,celltype_prediction_only,acetylcholine,dopamine,0.7322909009229763,dopamine,0.682075901056256,KCa'b'-ap1,KCa'b'-ap1,KCa'b'-ap1_R,Kenyon_Cell,,cb_intrinsic,17488,KCapbp-ap1,KCa'b'-ap1,,VFB_jrmc2i6z,R,,,Roughly traced,
92190,celltype_prediction_only,acetylcholine,dopamine,0.6826336122257322,dopamine,0.682075901056256,KCa'b'-ap1,KCa'b'-ap1,KCa'b'-ap1_R,Kenyon_Cell,,cb_intrinsic,17488,KCapbp-ap1,KCa'b'-ap1,,VFB_jrmc2i6t,R,,,Roughly traced,
92662,celltype_prediction_only,acetylcholine,dopamine,0.7174499639675053,dopamine,0.682075901056256,KCa'b'-ap1,KCa'b'-ap1,KCa'b'-ap1_R,Kenyon_Cell,,cb_intrinsic,17488,KCapbp-ap1,KCa'b'-ap1,,VFB_jrmc2i78,R,,,Roughly traced,
92847,celltype_prediction_only,acetylcholine,dopamine,0.6678844678161957,dopamine,0.682075901056256,KCa'b'-ap1,KCa'b'-ap1,KCa'b'-ap1_L,Kenyon_Cell,,cb_intrinsic,17488,KCapbp-ap1,KCa'b'-ap1,,VFB_jrmc2i2u,L,,,Roughly traced,
93263,celltype_prediction_only,acetylcholine,dopamine,0.6796241996713694,dopamine,0.682075901056256,KCa'b'-ap1,KCa'b'-ap1,KCa'b'-ap1_R,Kenyon_Cell,,cb_intrinsic,17488,KCapbp-ap1,KCa'b'-ap1,,VFB_jrmc2i3r,R,,,Roughly traced,
95358,celltype_prediction_only,acetylcholine,dopamine,0.7078227124183007,dopamine,0.682075901056256,KCa'b'-ap1,KCa'b'-ap1,KCa'b'-ap1_R,Kenyon_Cell,,cb_intrinsic,17488,KCapbp-ap1,KCa'b'-ap1,,VFB_jrmc2i5p,R,,,Roughly traced,
95517,celltype_prediction_only,acetylcholine,dopamine,0.6909067085953878,dopamine,0.682075901056256,KCa'b'-ap1,KCa'b'-ap1,KCa'b'-ap1_L,Kenyon_Cell,,cb_intrinsic,17488,KCapbp-ap1,KCa'b'-ap1,,VFB_jrmc2i58,L,,,Roughly traced,
104755,celltype_prediction_only,acetylcholine,dopamine,0.6581923766705975,dopamine,0.682075901056256,KCa'b'-ap1,KCa'b'-ap1,KCa'b'-ap1_R,Kenyon_Cell,,cb_intrinsic,17488,KCapbp-ap1,KCa'b'-ap1,,VFB_jrmc2i5q,R,,,Roughly traced,
109655,celltype_prediction_only,acetylcholine,dopamine,0.6680787001237241,dopamine,0.682075901056256,KCa'b'-ap1,KCa'b'-ap1,KCa'b'-ap1_L,Kenyon_Cell,,cb_intrinsic,17488,KCapbp-ap1,KCa'b'-ap1,,VFB_jrmc2i59,L,,,Roughly traced,
111185,celltype_prediction_only,acetylcholine,dopamine,0.6285779581687875,dopamine,0.682075901056256,KCa'b'-ap1,KCa'b'-ap1,KCa'b'-ap1_R,Kenyon_Cell,,cb_intrinsic,17488,KCapbp-ap1,KCa'b'-ap1,,VFB_jrmc2i5r,R,,,Roughly traced,
114370,celltype_prediction_only,acetylcholine,dopamine,0.696667946467749,dopamine,0.682075901056256,KCa'b'-ap1,KCa'b'-ap1,KCa'b'-ap1_R,Kenyon_Cell,,cb_intrinsic,17488,KCapbp-ap1,KCa'b'-ap1,,VFB_jrmc2i7h,R,,,Roughly traced,
118580,celltype_prediction_only,acetylcholine,dopamine,0.7310677863986363,dopamine,0.682075901056256,KCa'b'-ap1,KCa'b'-ap1,KCa'b'-ap1_L,Kenyon_Cell,,cb_intrinsic,17488,KCapbp-ap1,KCa'b'-ap1,,VFB_jrmc2i6e,L,,,Roughly traced,
123605,celltype_prediction_only,acetylcholine,dopamine,0.6616300106084716,dopamine,0.682075901056256,KCa'b'-ap1,KCa'b'-ap1,KCa'b'-ap1_R,Kenyon_Cell,,cb_intrinsic,17488,KCapbp-ap1,KCa'b'-ap1,,VFB_jrmc2i3s,R,,,Roughly traced,
124937,celltype_prediction_only,acetylcholine,dopamine,0.68709978570704,dopamine,0.682075901056256,KCa'b'-ap1,KCa'b'-ap1,KCa'b'-ap1_R,Kenyon_Cell,,cb_intrinsic,17488,KCapbp-ap1,KCa'b'-ap1,,VFB_jrmc2i70,R,,,Roughly traced,
125908,celltype_prediction_only,acetylcholine,dopamine,0.6950127516475579,dopamine,0.682075901056256,KCa'b'-ap1,KCa'b'-ap1,KCa'b'-ap1_R,Kenyon_Cell,,cb_intrinsic,17488,KCapbp-ap1,KCa'b'-ap1,,VFB_jrmc2i6y,R,,,Roughly traced,
128085,celltype_prediction_only,acetylcholine,dopamine,0.6872512140753124,dopamine,0.682075901056256,KCa'b'-ap1,KCa'b'-ap1,KCa'b'-ap1_R,Kenyon_Cell,,cb_intrinsic,17488,KCapbp-ap1,KCa'b'-ap1,,VFB_jrmc2i69,R,,,Roughly traced,
132804,celltype_prediction_only,acetylcholine,dopamine,0.6709675477364156,dopamine,0.682075901056256,KCa'b'-ap1,KCa'b'-ap1,KCa'b'-ap1_R,Kenyon_Cell,,cb_intrinsic,17488,KCapbp-ap1,KCa'b'-ap1,,VFB_jrmc2i5w,R,,,Roughly traced,
132857,celltype_prediction_only,acetylcholine,dopamine,0.7307826694619147,dopamine,0.682075901056256,KCa'b'-ap1,KCa'b'-ap1,KCa'b'-ap1_L,Kenyon_Cell,,cb_intrinsic,17488,KCapbp-ap1,KCa'b'-ap1,,VFB_jrmc2i77,L,,,Roughly traced,
140052,celltype_prediction_only,acetylcholine,dopamine,0.7146638378511989,dopamine,0.682075901056256,KCa'b'-ap1,KCa'b'-ap1,KCa'b'-ap1_L,Kenyon_Cell,,cb_intrinsic,17488,KCapbp-ap1,KCa'b'-ap1,,VFB_jrmc2i2v,L,,,Roughly traced,
150823,celltype_prediction_only,acetylcholine,dopamine,0.6615361839418442,dopamine,0.682075901056256,KCa'b'-ap1,KCa'b'-ap1,KCa'b'-ap1_R,Kenyon_Cell,,cb_intrinsic,17488,KCapbp-ap1,KCa'b'-ap1,,VFB_jrmc2i5x,R,,,Roughly traced,
152860,celltype_prediction_only,acetylcholine,dopamine,0.6956925090877618,dopamine,0.682075901056256,KCa'b'-ap1,KCa'b'-ap1,KCa'b'-ap1_R,Kenyon_Cell,,cb_intrinsic,17488,KCapbp-ap1,KCa'b'-ap1,,VFB_jrmc2i3t,R,,,Roughly traced,
155793,celltype_prediction_only,acetylcholine,dopamine,0.7311929095537586,dopamine,0.682075901056256,KCa'b'-ap1,KCa'b'-ap1,KCa'b'-ap1_R,Kenyon_Cell,,cb_intrinsic,17488,KCapbp-ap1,KCa'b'-ap1,,VFB_jrmc2i65,R,,,Roughly traced,
163102,celltype_prediction_only,acetylcholine,dopamine,0.7199339926472823,dopamine,0.682075901056256,KCa'b'-ap1,KCa'b'-ap1,KCa'b'-ap1_R,Kenyon_Cell,,cb_intrinsic,17488,KCapbp-ap1,KCa'b'-ap1,,VFB_jrmc2i6a,R,,,Roughly traced,
182702,celltype_prediction_only,acetylcholine,dopamine,0.7286495014926239,dopamine,0.682075901056256,KCa'b'-ap1,KCa'b'-ap1,KCa'b'-ap1_R,Kenyon_Cell,,cb_intrinsic,17488,KCapbp-ap1,KCa'b'-ap1,,VFB_jrmc2i3u,R,,,Roughly traced,
518333,celltype_prediction_only,acetylcholine,dopamine,0.6885620953000589,dopamine,0.682075901056256,KCa'b'-ap1,KCa'b'-ap1,KCa'b'-ap1_R,Kenyon_Cell,,cb_intrinsic,17488,KCapbp-ap1,KCa'b'-ap1,,VFB_jrmc2i3v,R,,,Roughly traced,
526724,celltype_prediction_only,acetylcholine,dopamine,0.6567281643932588,dopamine,0.682075901056256,KCa'b'-ap1,KCa'b'-ap1,KCa'b'-ap1_R,Kenyon_Cell,,cb_intrinsic,17488,KCapbp-ap1,KCa'b'-ap1,,VFB_jrmc2i3w,R,,,Roughly traced,
529490,celltype_prediction_only,acetylcholine,dopamine,0.5820005119204329,dopamine,0.682075901056256,KCa'b'-ap1,KCa'b'-ap1,KCa'b'-ap1_L,Kenyon_Cell,,cb_intrinsic,17488,KCapbp-ap1,KCa'b'-ap1,,VFB_jrmc2i4i,L,,,Roughly traced,
534136,celltype_prediction_only,acetylcholine,dopamine,0.6820715962441315,dopamine,0.682075901056256,KCa'b'-ap1,KCa'b'-ap1,KCa'b'-ap1_L,Kenyon_Cell,,cb_intrinsic,17488,KCapbp-ap1,KCa'b'-ap1,,VFB_jrmc2i5a,L,,,Roughly traced,
535798,celltype_prediction_only,acetylcholine,dopamine,0.6668342097123414,dopamine,0.682075901056256,KCa'b'-ap1,KCa'b'-ap1,KCa'b'-ap1_L,Kenyon_Cell,,cb_intrinsic,17488,KCapbp-ap1,KCa'b'-ap1,,VFB_jrmc2i5b,L,,,Roughly traced,
539583,celltype_prediction_only,acetylcholine,dopamine,0.6614881654312669,dopamine,0.682075901056256,KCa'b'-ap1,KCa'b'-ap1,KCa'b'-ap1_L,Kenyon_Cell,,cb_intrinsic,17488,KCapbp-ap1,KCa'b'-ap1,,VFB_jrmc2i2w,L,,,Roughly traced,
541882,celltype_prediction_only,acetylcholine,dopamine,0.6419629243921697,dopamine,0.682075901056256,KCa'b'-ap1,KCa'b'-ap1,KCa'b'-ap1_R,Kenyon_Cell,,cb_intrinsic,17488,KCapbp-ap1,KCa'b'-ap1,,VFB_jrmc2i5y,R,,,Roughly traced,
553756,celltype_prediction_only,acetylcholine,dopamine,0.6687371775468335,dopamine,0.682075901056256,KCa'b'-ap1,KCa'b'-ap1,KCa'b'-ap1_R,Kenyon_Cell,,cb_intrinsic,17488,KCapbp-ap1,KCa'b'-ap1,,VFB_jrmc2i5z,R,,,Roughly traced,
561474,celltype_prediction_only,acetylcholine,dopamine,0.6843231688651417,dopamine,0.682075901056256,KCa'b'-ap1,KCa'b'-ap1,KCa'b'-ap1_L,Kenyon_Cell,,cb_intrinsic,17488,KCapbp-ap1,KCa'b'-ap1,,VFB_jrmc2i5c,L,,,Roughly traced,
562916,celltype_prediction_only,acetylcholine,dopamine,0.6308195615326286,dopamine,0.682075901056256,KCa'b'-ap1,KCa'b'-ap1,KCa'b'-ap1_R,Kenyon_Cell,,cb_intrinsic,17488,KCapbp-ap1,KCa'b'-ap1,,VFB_jrmc2i7t,R,,,Roughly traced,
17488,celltype_prediction_only,acetylcholine,dopamine,0.7094418606359842,dopamine,0.723031712382836,KCa'b'-ap2,KCa'b'-ap2,KCa'b'-ap2_R,Kenyon_Cell,,cb_intrinsic,17488,KCapbp-ap2,KCa'b'-ap2,,VFB_jrmc2iey,R,,,Roughly traced,
18031,celltype_prediction_only,acetylcholine,dopamine,0.7371460318201631,dopamine,0.723031712382836,KCa'b'-ap2,KCa'b'-ap2,KCa'b'-ap2_R,Kenyon_Cell,,cb_intrinsic,17488,KCapbp-ap2,KCa'b'-ap2,,VFB_jrmc2ibn,R,,,Roughly traced,
20322,celltype_prediction_only,acetylcholine,dopamine,0.78231793896804,dopamine,0.723031712382836,KCa'b'-ap2,KCa'b'-ap2,KCa'b'-ap2_R,Kenyon_Cell,,cb_intrinsic,17488,KCapbp-ap2,KCa'b'-ap2,,VFB_jrmc2ibo,R,,,Roughly traced,
22995,celltype_prediction_only,acetylcholine,dopamine,0.7211426266137041,dopamine,0.723031712382836,KCa'b'-ap2,KCa'b'-ap2,KCa'b'-ap2_R,Kenyon_Cell,,cb_intrinsic,17488,KCapbp-ap2,KCa'b'-ap2,,VFB_jrmc2ie7,R,,,Roughly traced,
33086,celltype_prediction_only,acetylcholine,dopamine,0.704490707144009,dopamine,0.723031712382836,KCa'b'-ap2,KCa'b'-ap2,KCa'b'-ap2_L,Kenyon_Cell,,cb_intrinsic,17488,KCapbp-ap2,KCa'b'-ap2,,VFB_jrmc2i8q,L,,,Roughly traced,
35073,celltype_prediction_only,acetylcholine,dopamine,0.7611891180342255,dopamine,0.723031712382836,KCa'b'-ap2,KCa'b'-ap2,KCa'b'-ap2_L,Kenyon_Cell,,cb_intrinsic,17488,KCapbp-ap2,KCa'b'-ap2,,VFB_jrmc2ide,L,,,Roughly traced,
35775,celltype_prediction_only,acetylcholine,dopamine,0.6907805704183486,dopamine,0.723031712382836,KCa'b'-ap2,KCa'b'-ap2,KCa'b'-ap2_R,Kenyon_Cell,,cb_intrinsic,17488,KCapbp-ap2,KCa'b'-ap2,,VFB_jrmc2i7v,R,,,Roughly traced,
36043,celltype_prediction_only,acetylcholine,dopamine,0.7481230771325111,dopamine,0.723031712382836,KCa'b'-ap2,KCa'b'-ap2,KCa'b'-ap2_L,Kenyon_Cell,,cb_intrinsic,17488,KCapbp-ap2,KCa'b'-ap2,,VFB_jrmc2i8r,L,,,Roughly traced,
36376,celltype_prediction_only,acetylcholine,dopamine,0.7128638526044186,dopamine,0.723031712382836,KCa'b'-ap2,KCa'b'-ap2,KCa'b'-ap2_L,Kenyon_Cell,,cb_intrinsic,17488,KCapbp-ap2,KCa'b'-ap2,,VFB_jrmc2i8s,L,,,Roughly traced,
37860,celltype_prediction_only,acetylcholine,dopamine,0.6724597896690381,dopamine,0.723031712382836,KCa'b'-ap2,KCa'b'-ap2,KCa'b'-ap2_R,Kenyon_Cell,,cb_intrinsic,17488,KCapbp-ap2,KCa'b'-ap2,,VFB_jrmc2ic2,R,,,Roughly traced,
38746,celltype_prediction_only,acetylcholine,dopamine,0.7046973270440251,dopamine,0.723031712382836,KCa'b'-ap2,KCa'b'-ap2,KCa'b'-ap2_L,Kenyon_Cell,,cb_intrinsic,17488,KCapbp-ap2,KCa'b'-ap2,,VFB_jrmc2icu,L,,,Roughly traced,
38934,celltype_prediction_only,acetylcholine,dopamine,0.7325078616352201,dopamine,0.723031712382836,KCa'b'-ap2,KCa'b'-ap2,KCa'b'-ap2_R,Kenyon_Cell,,cb_intrinsic,17488,KCapbp-ap2,KCa'b'-ap2,,VFB_jrmc2i7w,R,,,Roughly traced,
39456,celltype_prediction_only,acetylcholine,dopamine,0.7196660050086798,dopamine,0.723031712382836,KCa'b'-ap2,KCa'b'-ap2,KCa'b'-ap2_L,Kenyon_Cell,,cb_intrinsic,17488,KCapbp-ap2,KCa'b'-ap2,,VFB_jrmc2i8t,L,,,Roughly traced,
40066,celltype_prediction_only,acetylcholine,dopamine,0.7391037308586274,dopamine,0.723031712382836,KCa'b'-ap2,KCa'b'-ap2,KCa'b'-ap2_R,Kenyon_Cell,,cb_intrinsic,17488,KCapbp-ap2,KCa'b'-ap2,,VFB_jrmc2ic3,R,,,Roughly traced,
40788,celltype_prediction_only,acetylcholine,dopamine,0.7100414349952906,dopamine,0.723031712382836,KCa'b'-ap2,KCa'b'-ap2,KCa'b'-ap2_R,Kenyon_Cell,,cb_intrinsic,17488,KCapbp-ap2,KCa'b'-ap2,,VFB_jrmc2i7x,R,,,Roughly traced,
41509,celltype_prediction_only,acetylcholine,dopamine,0.6752292976939204,dopamine,0.723031712382836,KCa'b'-ap2,KCa'b'-ap2,KCa'b'-ap2_L,Kenyon_Cell,,cb_intrinsic,17488,KCapbp-ap2,KCa'b'-ap2,,VFB_jrmc2ifm,L,,,Roughly traced,
41645,celltype_prediction_only,acetylcholine,unclear,0.42866815719635004,dopamine,0.723031712382836,KCa'b'-ap2,KCa'b'-ap2,KCa'b'-ap2_R,Kenyon_Cell,,cb_intrinsic,17488,KCapbp-ap2,KCa'b'-ap2,,VFB_jrmc2ibk,R,,,Roughly traced,
41793,celltype_prediction_only,acetylcholine,dopamine,0.7941552617592346,dopamine,0.723031712382836,KCa'b'-ap2,KCa'b'-ap2,KCa'b'-ap2_L,Kenyon_Cell,,cb_intrinsic,17488,KCapbp-ap2,KCa'b'-ap2,,VFB_jrmc2icp,L,,,Roughly traced,
41899,celltype_prediction_only,acetylcholine,dopamine,0.6680688538439876,dopamine,0.723031712382836,KCa'b'-ap2,KCa'b'-ap2,KCa'b'-ap2_R,Kenyon_Cell,,cb_intrinsic,17488,KCapbp-ap2,KCa'b'-ap2,,VFB_jrmc2i9f,R,,,Roughly traced,
42182,celltype_prediction_only,acetylcholine,dopamine,0.7629605731577073,dopamine,0.723031712382836,KCa'b'-ap2,KCa'b'-ap2,KCa'b'-ap2_R,Kenyon_Cell,,cb_intrinsic,17488,KCapbp-ap2,KCa'b'-ap2,,VFB_jrmc2iez,R,,,Roughly traced,
43228,celltype_prediction_only,acetylcholine,dopamine,0.7446418153618487,dopamine,0.723031712382836,KCa'b'-ap2,KCa'b'-ap2,KCa'b'-ap2_L,Kenyon_Cell,,cb_intrinsic,17488,KCapbp-ap2,KCa'b'-ap2,,VFB_jrmc2i8u,L,,,Roughly traced,
43580,celltype_prediction_only,acetylcholine,dopamine,0.7451415094339623,dopamine,0.723031712382836,KCa'b'-ap2,KCa'b'-ap2,KCa'b'-ap2_L,Kenyon_Cell,,cb_intrinsic,17488,KCapbp-ap2,KCa'b'-ap2,,VFB_jrmc2ien,L,,,Roughly traced,
43856,celltype_prediction_only,acetylcholine,dopamine,0.6947003457382119,dopamine,0.723031712382836,KCa'b'-ap2,KCa'b'-ap2,KCa'b'-ap2_L,Kenyon_Cell,,cb_intrinsic,17488,KCapbp-ap2,KCa'b'-ap2,,VFB_jrmc2i8v,L,,,Roughly traced,
43889,celltype_prediction_only,acetylcholine,dopamine,0.7251366151806635,dopamine,0.723031712382836,KCa'b'-ap2,KCa'b'-ap2,KCa'b'-ap2_R,Kenyon_Cell,,cb_intrinsic,17488,KCapbp-ap2,KCa'b'-ap2,,VFB_jrmc2i9g,R,,,Roughly traced,
44179,celltype_prediction_only,acetylcholine,dopamine,0.742112852261732,dopamine,0.723031712382836,KCa'b'-ap2,KCa'b'-ap2,KCa'b'-ap2_R,Kenyon_Cell,,cb_intrinsic,17488,KCapbp-ap2,KCa'b'-ap2,,VFB_jrmc2i7y,R,,,Roughly traced,
44314,celltype_prediction_only,acetylcholine,dopamine,0.7675088257980301,dopamine,0.723031712382836,KCa'b'-ap2,KCa'b'-ap2,KCa'b'-ap2_R,Kenyon_Cell,,cb_intrinsic,17488,KCapbp-ap2,KCa'b'-ap2,,VFB_jrmc2ibp,R,,,Roughly traced,
44551,celltype_prediction_only,acetylcholine,dopamine,0.7274672236302763,dopamine,0.723031712382836,KCa'b'-ap2,KCa'b'-ap2,KCa'b'-ap2_L,Kenyon_Cell,,cb_intrinsic,17488,KCapbp-ap2,KCa'b'-ap2,,VFB_jrmc2i8w,L,,,Roughly traced,
44748,celltype_prediction_only,acetylcholine,dopamine,0.762956371530783,dopamine,0.723031712382836,KCa'b'-ap2,KCa'b'-ap2,KCa'b'-ap2_R,Kenyon_Cell,,cb_intrinsic,17488,KCapbp-ap2,KCa'b'-ap2,,VFB_jrmc2i9h,R,,,Roughly traced,
45066,celltype_prediction_only,acetylcholine,dopamine,0.7779167729049805,dopamine,0.723031712382836,KCa'b'-ap2,KCa'b'-ap2,KCa'b'-ap2_L,Kenyon_Cell,,cb_intrinsic,17488,KCapbp-ap2,KCa'b'-ap2,,VFB_jrmc2icq,L,,,Roughly traced,
45266,celltype_prediction_only,acetylcholine,dopamine,0.7190086600189004,dopamine,0.723031712382836,KCa'b'-ap2,KCa'b'-ap2,KCa'b'-ap2_L,Kenyon_Cell,,cb_intrinsic,17488,KCapbp-ap2,KCa'b'-ap2,,VFB_jrmc2i8x,L,,,Prelim Roughly traced,
46056,celltype_prediction_only,acetylcholine,dopamine,0.744636576351009,dopamine,0.723031712382836,KCa'b'-ap2,KCa'b'-ap2,KCa'b'-ap2_R,Kenyon_Cell,,cb_intrinsic,17488,KCapbp-ap2,KCa'b'-ap2,,VFB_jrmc2i9i,R,,,Roughly traced,
46400,celltype_prediction_only,acetylcholine,dopamine,0.7258343160377358,dopamine,0.723031712382836,KCa'b'-ap2,KCa'b'-ap2,KCa'b'-ap2_L,Kenyon_Cell,,cb_intrinsic,17488,KCapbp-ap2,KCa'b'-ap2,,VFB_jrmc2ieo,L,,,Roughly traced,
46566,celltype_prediction_only,acetylcholine,dopamine,0.7287309720598876,dopamine,0.723031712382836,KCa'b'-ap2,KCa'b'-ap2,KCa'b'-ap2_L,Kenyon_Cell,,cb_intrinsic,17488,KCapbp-ap2,KCa'b'-ap2,,VFB_jrmc2i8y,L,,,Roughly traced,
47391,celltype_prediction_only,acetylcholine,dopamine,0.7077733478087251,dopamine,0.723031712382836,KCa'b'-ap2,KCa'b'-ap2,KCa'b'-ap2_L,Kenyon_Cell,,cb_intrinsic,17488,KCapbp-ap2,KCa'b'-ap2,,VFB_jrmc2ido,L,,,Roughly traced,
47630,celltype_prediction_only,acetylcholine,dopamine,0.7511820134644345,dopamine,0.723031712382836,KCa'b'-ap2,KCa'b'-ap2,KCa'b'-ap2_R,Kenyon_Cell,,cb_intrinsic,17488,KCapbp-ap2,KCa'b'-ap2,,VFB_jrmc2i7z,R,,,Roughly traced,
47771,celltype_prediction_only,acetylcholine,dopamine,0.7105475040257649,dopamine,0.723031712382836,KCa'b'-ap2,KCa'b'-ap2,KCa'b'-ap2_L,Kenyon_Cell,,cb_intrinsic,17488,KCapbp-ap2,KCa'b'-ap2,,VFB_jrmc2ida,L,,,Roughly traced,
48009,celltype_prediction_only,acetylcholine,dopamine,0.7124290645557724,dopamine,0.723031712382836,KCa'b'-ap2,KCa'b'-ap2,KCa'b'-ap2_R,Kenyon_Cell,,cb_intrinsic,17488,KCapbp-ap2,KCa'b'-ap2,,VFB_jrmc2i9j,R,,,Roughly traced,
48032,celltype_prediction_only,acetylcholine,dopamine,0.7333211342441986,dopamine,0.723031712382836,KCa'b'-ap2,KCa'b'-ap2,KCa'b'-ap2_L,Kenyon_Cell,,cb_intrinsic,17488,KCapbp-ap2,KCa'b'-ap2,,VFB_jrmc2icv,L,,,Roughly traced,
48034,celltype_prediction_only,acetylcholine,dopamine,0.6889401246580366,dopamine,0.723031712382836,KCa'b'-ap2,KCa'b'-ap2,KCa'b'-ap2_L,Kenyon_Cell,,cb_intrinsic,17488,KCapbp-ap2,KCa'b'-ap2,,VFB_jrmc2id3,L,,,Roughly traced,
48100,celltype_prediction_only,acetylcholine,dopamine,0.7564771354215075,dopamine,0.723031712382836,KCa'b'-ap2,KCa'b'-ap2,KCa'b'-ap2_L,Kenyon_Cell,,cb_intrinsic,17488,KCapbp-ap2,KCa'b'-ap2,,VFB_jrmc2ifq,L,,,Roughly traced,
48502,celltype_prediction_only,acetylcholine,dopamine,0.7402822518791227,dopamine,0.723031712382836,KCa'b'-ap2,KCa'b'-ap2,KCa'b'-ap2_L,Kenyon_Cell,,cb_intrinsic,17488,KCapbp-ap2,KCa'b'-ap2,,VFB_jrmc2ifi,L,,,Roughly traced,
48779,celltype_prediction_only,acetylcholine,dopamine,0.7340427523210543,dopamine,0.723031712382836,KCa'b'-ap2,KCa'b'-ap2,KCa'b'-ap2_R,Kenyon_Cell,,cb_intrinsic,17488,KCapbp-ap2,KCa'b'-ap2,,VFB_jrmc2i9k,R,,,Roughly traced,
48912,celltype_prediction_only,acetylcholine,dopamine,0.7307429049719953,dopamine,0.723031712382836,KCa'b'-ap2,KCa'b'-ap2,KCa'b'-ap2_R,Kenyon_Cell,,cb_intrinsic,17488,KCapbp-ap2,KCa'b'-ap2,,VFB_jrmc2i80,R,,,Roughly traced,
49363,celltype_prediction_only,acetylcholine,dopamine,0.7171948026657434,dopamine,0.723031712382836,KCa'b'-ap2,KCa'b'-ap2,KCa'b'-ap2_L,Kenyon_Cell,,cb_intrinsic,17488,KCapbp-ap2,KCa'b'-ap2,,VFB_jrmc2iep,L,,,Roughly traced,
49394,celltype_prediction_only,acetylcholine,dopamine,0.7620745253901701,dopamine,0.723031712382836,KCa'b'-ap2,KCa'b'-ap2,KCa'b'-ap2_L,Kenyon_Cell,,cb_intrinsic,17488,KCapbp-ap2,KCa'b'-ap2,,VFB_jrmc2i8z,L,,,Roughly traced,
49450,celltype_prediction_only,acetylcholine,dopamine,0.7158164453761938,dopamine,0.723031712382836,KCa'b'-ap2,KCa'b'-ap2,KCa'b'-ap2_L,Kenyon_Cell,,cb_intrinsic,17488,KCapbp-ap2,KCa'b'-ap2,,VFB_jrmc2idf,L,,,Roughly traced,
49535,celltype_prediction_only,acetylcholine,dopamine,0.714663197564141,dopamine,0.723031712382836,KCa'b'-ap2,KCa'b'-ap2,KCa'b'-ap2_L,Kenyon_Cell,,cb_intrinsic,17488,KCapbp-ap2,KCa'b'-ap2,,VFB_jrmc2i90,L,,,Roughly traced,
49750,celltype_prediction_only,acetylcholine,dopamine,0.775149953412532,dopamine,0.723031712382836,KCa'b'-ap2,KCa'b'-ap2,KCa'b'-ap2_R,Kenyon_Cell,,cb_intrinsic,17488,KCapbp-ap2,KCa'b'-ap2,,VFB_jrmc2ifd,R,,,Roughly traced,
50122,celltype_prediction_only,acetylcholine,dopamine,0.6885915986741459,dopamine,0.723031712382836,KCa'b'-ap2,KCa'b'-ap2,KCa'b'-ap2_L,Kenyon_Cell,,cb_intrinsic,17488,KCapbp-ap2,KCa'b'-ap2,,VFB_jrmc2ieq,L,,,Roughly traced,
50698,celltype_prediction_only,acetylcholine,dopamine,0.6819640985324947,dopamine,0.723031712382836,KCa'b'-ap2,KCa'b'-ap2,KCa'b'-ap2_L,Kenyon_Cell,,cb_intrinsic,17488,KCapbp-ap2,KCa'b'-ap2,,VFB_jrmc2idg,L,,,Roughly traced,
50705,celltype_prediction_only,acetylcholine,dopamine,0.7802450456864839,dopamine,0.723031712382836,KCa'b'-ap2,KCa'b'-ap2,KCa'b'-ap2_L,Kenyon_Cell,,cb_intrinsic,17488,KCapbp-ap2,KCa'b'-ap2,,VFB_jrmc2id4,L,,,Roughly traced,
51054,celltype_prediction_only,acetylcholine,dopamine,0.7116007101308057,dopamine,0.723031712382836,KCa'b'-ap2,KCa'b'-ap2,KCa'b'-ap2_R,Kenyon_Cell,,cb_intrinsic,17488,KCapbp-ap2,KCa'b'-ap2,,VFB_jrmc2icz,R,,,Roughly traced,
51254,celltype_prediction_only,acetylcholine,dopamine,0.7732855714323307,dopamine,0.723031712382836,KCa'b'-ap2,KCa'b'-ap2,KCa'b'-ap2_R,Kenyon_Cell,,cb_intrinsic,17488,KCapbp-ap2,KCa'b'-ap2,,VFB_jrmc2i81,R,,,Roughly traced,
51318,celltype_prediction_only,acetylcholine,dopamine,0.7310889568091388,dopamine,0.723031712382836,KCa'b'-ap2,KCa'b'-ap2,KCa'b'-ap2_R,Kenyon_Cell,,cb_intrinsic,17488,KCapbp-ap2,KCa'b'-ap2,,VFB_jrmc2ife,R,,,Roughly traced,
51688,celltype_prediction_only,acetylcholine,dopamine,0.746482782154952,dopamine,0.723031712382836,KCa'b'-ap2,KCa'b'-ap2,KCa'b'-ap2_R,Kenyon_Cell,,cb_intrinsic,17488,KCapbp-ap2,KCa'b'-ap2,,VFB_jrmc2i82,R,,,Roughly traced,
51894,celltype_prediction_only,acetylcholine,dopamine,0.7077028989242877,dopamine,0.723031712382836,KCa'b'-ap2,KCa'b'-ap2,KCa'b'-ap2_R,Kenyon_Cell,,cb_intrinsic,17488,KCapbp-ap2,KCa'b'-ap2,,VFB_jrmc2id0,R,,,Roughly traced,
52189,celltype_prediction_only,acetylcholine,dopamine,0.6842168959320879,dopamine,0.723031712382836,KCa'b'-ap2,KCa'b'-ap2,KCa'b'-ap2_L,Kenyon_Cell,,cb_intrinsic,17488,KCapbp-ap2,KCa'b'-ap2,,VFB_jrmc2icw,L,,,Roughly traced,
52337,celltype_prediction_only,acetylcholine,dopamine,0.7451917677448339,dopamine,0.723031712382836,KCa'b'-ap2,KCa'b'-ap2,KCa'b'-ap2_R,Kenyon_Cell,,cb_intrinsic,17488,KCapbp-ap2,KCa'b'-ap2,,VFB_jrmc2i83,R,,,Roughly traced,
52789,celltype_prediction_only,acetylcholine,dopamine,0.7516996203604133,dopamine,0.723031712382836,KCa'b'-ap2,KCa'b'-ap2,KCa'b'-ap2_R,Kenyon_Cell,,cb_intrinsic,17488,KCapbp-ap2,KCa'b'-ap2,,VFB_jrmc2i84,R,,,Roughly traced,
52877,celltype_prediction_only,acetylcholine,dopamine,0.6822967205750224,dopamine,0.723031712382836,KCa'b'-ap2,KCa'b'-ap2,KCa'b'-ap2_R,Kenyon_Cell,,cb_intrinsic,17488,KCapbp-ap2,KCa'b'-ap2,,VFB_jrmc2i9l,R,,,Roughly traced,
52933,celltype_prediction_only,acetylcholine,dopamine,0.7124398299427287,dopamine,0.723031712382836,KCa'b'-ap2,KCa'b'-ap2,KCa'b'-ap2_R,Kenyon_Cell,,cb_intrinsic,17488,KCapbp-ap2,KCa'b'-ap2,,VFB_jrmc2i9m,R,,,Roughly traced,
53221,celltype_prediction_only,acetylcholine,dopamine,0.7513757861635221,dopamine,0.723031712382836,KCa'b'-ap2,KCa'b'-ap2,KCa'b'-ap2_R,Kenyon_Cell,,cb_intrinsic,17488,KCapbp-ap2,KCa'b'-ap2,,VFB_jrmc2ic4,R,,,Roughly traced,
53241,celltype_prediction_only,acetylcholine,dopamine,0.7228550618360552,dopamine,0.723031712382836,KCa'b'-ap2,KCa'b'-ap2,KCa'b'-ap2_L,Kenyon_Cell,,cb_intrinsic,17488,KCapbp-ap2,KCa'b'-ap2,,VFB_jrmc2i91,L,,,Roughly traced,
53250,celltype_prediction_only,acetylcholine,dopamine,0.6984664377010695,dopamine,0.723031712382836,KCa'b'-ap2,KCa'b'-ap2,KCa'b'-ap2_R,Kenyon_Cell,,cb_intrinsic,17488,KCapbp-ap2,KCa'b'-ap2,,VFB_jrmc2i85,R,,,Roughly traced,
53354,celltype_prediction_only,acetylcholine,dopamine,0.7385159941018928,dopamine,0.723031712382836,KCa'b'-ap2,KCa'b'-ap2,KCa'b'-ap2_L,Kenyon_Cell,,cb_intrinsic,17488,KCapbp-ap2,KCa'b'-ap2,,VFB_jrmc2i92,L,,,Roughly traced,
53382,celltype_prediction_only,acetylcholine,dopamine,0.68125,dopamine,0.723031712382836,KCa'b'-ap2,KCa'b'-ap2,KCa'b'-ap2_R,Kenyon_Cell,,cb_intrinsic,17488,KCapbp-ap2,KCa'b'-ap2,,VFB_jrmc2i9n,R,,,Roughly traced,
53397,celltype_prediction_only,acetylcholine,dopamine,0.7184444767355211,dopamine,0.723031712382836,KCa'b'-ap2,KCa'b'-ap2,KCa'b'-ap2_L,Kenyon_Cell,,cb_intrinsic,17488,KCapbp-ap2,KCa'b'-ap2,,VFB_jrmc2ifj,L,,,Roughly traced,
53645,celltype_prediction_only,acetylcholine,dopamine,0.7211740041928721,dopamine,0.723031712382836,KCa'b'-ap2,KCa'b'-ap2,KCa'b'-ap2_R,Kenyon_Cell,,cb_intrinsic,17488,KCapbp-ap2,KCa'b'-ap2,,VFB_jrmc2ie8,R,,,Roughly traced,
53686,celltype_prediction_only,acetylcholine,dopamine,0.6960817053486948,dopamine,0.723031712382836,KCa'b'-ap2,KCa'b'-ap2,KCa'b'-ap2_R,Kenyon_Cell,,cb_intrinsic,17488,KCapbp-ap2,KCa'b'-ap2,,VFB_jrmc2i9o,R,,,Roughly traced,
53766,celltype_prediction_only,acetylcholine,dopamine,0.6944290687973302,dopamine,0.723031712382836,KCa'b'-ap2,KCa'b'-ap2,KCa'b'-ap2_R,Kenyon_Cell,,cb_intrinsic,17488,KCapbp-ap2,KCa'b'-ap2,,VFB_jrmc2i9p,R,,,Roughly traced,
53851,celltype_prediction_only,acetylcholine,dopamine,0.7200134770889488,dopamine,0.723031712382836,KCa'b'-ap2,KCa'b'-ap2,KCa'b'-ap2_R,Kenyon_Cell,,cb_intrinsic,17488,KCapbp-ap2,KCa'b'-ap2,,VFB_jrmc2i86,R,,,Roughly traced,
54996,celltype_prediction_only,acetylcholine,dopamine,0.7701523886665396,dopamine,0.723031712382836,KCa'b'-ap2,KCa'b'-ap2,KCa'b'-ap2_R,Kenyon_Cell,,cb_intrinsic,17488,KCapbp-ap2,KCa'b'-ap2,,VFB_jrmc2i9q,R,,,Roughly traced,
55123,celltype_prediction_only,acetylcholine,dopamine,0.7323881857525375,dopamine,0.723031712382836,KCa'b'-ap2,KCa'b'-ap2,KCa'b'-ap2_L,Kenyon_Cell,,cb_intrinsic,17488,KCapbp-ap2,KCa'b'-ap2,,VFB_jrmc2i93,L,,,Roughly traced,
55141,celltype_prediction_only,acetylcholine,dopamine,0.7568364621851396,dopamine,0.723031712382836,KCa'b'-ap2,KCa'b'-ap2,KCa'b'-ap2_R,Kenyon_Cell,,cb_intrinsic,17488,KCapbp-ap2,KCa'b'-ap2,,VFB_jrmc2i9r,R,,,Roughly traced,
55460,celltype_prediction_only,acetylcholine,dopamine,0.7312604286997817,dopamine,0.723031712382836,KCa'b'-ap2,KCa'b'-ap2,KCa'b'-ap2_R,Kenyon_Cell,,cb_intrinsic,17488,KCapbp-ap2,KCa'b'-ap2,,VFB_jrmc2ibq,R,,,Roughly traced,
55935,celltype_prediction_only,acetylcholine,dopamine,0.7723549103847402,dopamine,0.723031712382836,KCa'b'-ap2,KCa'b'-ap2,KCa'b'-ap2_L,Kenyon_Cell,,cb_intrinsic,17488,KCapbp-ap2,KCa'b'-ap2,,VFB_jrmc2idw,L,,,Roughly traced,
56130,celltype_prediction_only,acetylcholine,dopamine,0.6974680183739997,dopamine,0.723031712382836,KCa'b'-ap2,KCa'b'-ap2,KCa'b'-ap2_R,Kenyon_Cell,,cb_intrinsic,17488,KCapbp-ap2,KCa'b'-ap2,,VFB_jrmc2ibr,R,,,Roughly traced,
56461,celltype_prediction_only,acetylcholine,dopamine,0.7473169191919192,dopamine,0.723031712382836,KCa'b'-ap2,KCa'b'-ap2,KCa'b'-ap2_R,Kenyon_Cell,,cb_intrinsic,17488,KCapbp-ap2,KCa'b'-ap2,,VFB_jrmc2i87,R,,,Roughly traced,
56936,celltype_prediction_only,acetylcholine,dopamine,0.7582305273343009,dopamine,0.723031712382836,KCa'b'-ap2,KCa'b'-ap2,KCa'b'-ap2_R,Kenyon_Cell,,cb_intrinsic,17488,KCapbp-ap2,KCa'b'-ap2,,VFB_jrmc2ifc,R,,,Roughly traced,
56943,celltype_prediction_only,acetylcholine,dopamine,0.7049822120576837,dopamine,0.723031712382836,KCa'b'-ap2,KCa'b'-ap2,KCa'b'-ap2_R,Kenyon_Cell,,cb_intrinsic,17488,KCapbp-ap2,KCa'b'-ap2,,VFB_jrmc2i9s,R,,,Roughly traced,
57015,celltype_prediction_only,acetylcholine,dopamine,0.7347388662247153,dopamine,0.723031712382836,KCa'b'-ap2,KCa'b'-ap2,KCa'b'-ap2_R,Kenyon_Cell,,cb_intrinsic,17488,KCapbp-ap2,KCa'b'-ap2,,VFB_jrmc2i9t,R,,,Roughly traced,
57106,celltype_prediction_only,acetylcholine,dopamine,0.6460779366125621,dopamine,0.723031712382836,KCa'b'-ap2,KCa'b'-ap2,KCa'b'-ap2_R,Kenyon_Cell,,cb_intrinsic,17488,KCapbp-ap2,KCa'b'-ap2,,VFB_jrmc2ifk,R,,,Roughly traced,
57673,celltype_prediction_only,acetylcholine,dopamine,0.7273413842301422,dopamine,0.723031712382836,KCa'b'-ap2,KCa'b'-ap2,KCa'b'-ap2_L,Kenyon_Cell,,cb_intrinsic,17488,KCapbp-ap2,KCa'b'-ap2,,VFB_jrmc2idp,L,,,Roughly traced,
57796,celltype_prediction_only,acetylcholine,dopamine,0.7547325487265707,dopamine,0.723031712382836,KCa'b'-ap2,KCa'b'-ap2,KCa'b'-ap2_L,Kenyon_Cell,,cb_intrinsic,17488,KCapbp-ap2,KCa'b'-ap2,,VFB_jrmc2i94,L,,,Roughly traced,
58570,celltype_prediction_only,acetylcholine,dopamine,0.7559069957784096,dopamine,0.723031712382836,KCa'b'-ap2,KCa'b'-ap2,KCa'b'-ap2_R,Kenyon_Cell,,cb_intrinsic,17488,KCapbp-ap2,KCa'b'-ap2,,VFB_jrmc2id1,R,,,Roughly traced,
58980,celltype_prediction_only,acetylcholine,dopamine,0.7172687528762081,dopamine,0.723031712382836,KCa'b'-ap2,KCa'b'-ap2,KCa'b'-ap2_L,Kenyon_Cell,,cb_intrinsic,17488,KCapbp-ap2,KCa'b'-ap2,,VFB_jrmc2idx,L,,,Roughly traced,
59001,celltype_prediction_only,acetylcholine,dopamine,0.7074238500431619,dopamine,0.723031712382836,KCa'b'-ap2,KCa'b'-ap2,KCa'b'-ap2_L,Kenyon_Cell,,cb_intrinsic,17488,KCapbp-ap2,KCa'b'-ap2,,VFB_jrmc2idq,L,,,Roughly traced,
59090,celltype_prediction_only,acetylcholine,dopamine,0.661328745939595,dopamine,0.723031712382836,KCa'b'-ap2,KCa'b'-ap2,KCa'b'-ap2_R,Kenyon_Cell,,cb_intrinsic,17488,KCapbp-ap2,KCa'b'-ap2,,VFB_jrmc2i9u,R,,,Roughly traced,
59320,celltype_prediction_only,acetylcholine,dopamine,0.7491422754394452,dopamine,0.723031712382836,KCa'b'-ap2,KCa'b'-ap2,KCa'b'-ap2_R,Kenyon_Cell,,cb_intrinsic,17488,KCapbp-ap2,KCa'b'-ap2,,VFB_jrmc2i9v,R,,,Roughly traced,
59463,celltype_prediction_only,acetylcholine,dopamine,0.7426255879710374,dopamine,0.723031712382836,KCa'b'-ap2,KCa'b'-ap2,KCa'b'-ap2_L,Kenyon_Cell,,cb_intrinsic,17488,KCapbp-ap2,KCa'b'-ap2,,VFB_jrmc2i95,L,,,Roughly traced,
59616,celltype_prediction_only,acetylcholine,dopamine,0.6893151684204161,dopamine,0.723031712382836,KCa'b'-ap2,KCa'b'-ap2,KCa'b'-ap2_L,Kenyon_Cell,,cb_intrinsic,17488,KCapbp-ap2,KCa'b'-ap2,,VFB_jrmc2i96,L,,,Roughly traced,
59715,celltype_prediction_only,acetylcholine,dopamine,0.7197820769908546,dopamine,0.723031712382836,KCa'b'-ap2,KCa'b'-ap2,KCa'b'-ap2_R,Kenyon_Cell,,cb_intrinsic,17488,KCapbp-ap2,KCa'b'-ap2,,VFB_jrmc2ibs,R,,,Roughly traced,
59901,celltype_prediction_only,acetylcholine,dopamine,0.6985592782710569,dopamine,0.723031712382836,KCa'b'-ap2,KCa'b'-ap2,KCa'b'-ap2_R,Kenyon_Cell,,cb_intrinsic,17488,KCapbp-ap2,KCa'b'-ap2,,VFB_jrmc2ie9,R,,,Roughly traced,
60391,celltype_prediction_only,acetylcholine,dopamine,0.7320962382817136,dopamine,0.723031712382836,KCa'b'-ap2,KCa'b'-ap2,KCa'b'-ap2_L,Kenyon_Cell,,cb_intrinsic,17488,KCapbp-ap2,KCa'b'-ap2,,VFB_jrmc2icr,L,,,Roughly traced,
60443,celltype_prediction_only,acetylcholine,dopamine,0.7723008385744234,dopamine,0.723031712382836,KCa'b'-ap2,KCa'b'-ap2,KCa'b'-ap2_R,Kenyon_Cell,,cb_intrinsic,17488,KCapbp-ap2,KCa'b'-ap2,,VFB_jrmc2i88,R,,,Roughly traced,
60494,celltype_prediction_only,acetylcholine,dopamine,0.7369653324784758,dopamine,0.723031712382836,KCa'b'-ap2,KCa'b'-ap2,KCa'b'-ap2_L,Kenyon_Cell,,cb_intrinsic,17488,KCapbp-ap2,KCa'b'-ap2,,VFB_jrmc2ier,L,,,Roughly traced,
60729,celltype_prediction_only,acetylcholine,dopamine,0.6725325001620956,dopamine,0.723031712382836,KCa'b'-ap2,KCa'b'-ap2,KCa'b'-ap2_R,Kenyon_Cell,,cb_intrinsic,17488,KCapbp-ap2,KCa'b'-ap2,,VFB_jrmc2iea,R,,,Roughly traced,
60960,celltype_prediction_only,acetylcholine,dopamine,0.753344416950201,dopamine,0.723031712382836,KCa'b'-ap2,KCa'b'-ap2,KCa'b'-ap2_R,Kenyon_Cell,,cb_intrinsic,17488,KCapbp-ap2,KCa'b'-ap2,,VFB_jrmc2ibt,R,,,Roughly traced,
61115,celltype_prediction_only,acetylcholine,dopamine,0.6950136140512349,dopamine,0.723031712382836,KCa'b'-ap2,KCa'b'-ap2,KCa'b'-ap2_R,Kenyon_Cell,,cb_intrinsic,17488,KCapbp-ap2,KCa'b'-ap2,,VFB_jrmc2i89,R,,,Roughly traced,
61339,celltype_prediction_only,acetylcholine,dopamine,0.727631253392076,dopamine,0.723031712382836,KCa'b'-ap2,KCa'b'-ap2,KCa'b'-ap2_R,Kenyon_Cell,,cb_intrinsic,17488,KCapbp-ap2,KCa'b'-ap2,,VFB_jrmc2i9w,R,,,Roughly traced,
61570,celltype_prediction_only,acetylcholine,dopamine,0.7291899679050768,dopamine,0.723031712382836,KCa'b'-ap2,KCa'b'-ap2,KCa'b'-ap2_L,Kenyon_Cell,,cb_intrinsic,17488,KCapbp-ap2,KCa'b'-ap2,,VFB_jrmc2i97,L,,,Roughly traced,
61936,celltype_prediction_only,acetylcholine,dopamine,0.7070542740952945,dopamine,0.723031712382836,KCa'b'-ap2,KCa'b'-ap2,KCa'b'-ap2_R,Kenyon_Cell,,cb_intrinsic,17488,KCapbp-ap2,KCa'b'-ap2,,VFB_jrmc2i9x,R,,,Roughly traced,
62733,celltype_prediction_only,acetylcholine,dopamine,0.766555219053745,dopamine,0.723031712382836,KCa'b'-ap2,KCa'b'-ap2,KCa'b'-ap2_R,Kenyon_Cell,,cb_intrinsic,17488,KCapbp-ap2,KCa'b'-ap2,,VFB_jrmc2ieb,R,,,Roughly traced,
63035,celltype_prediction_only,acetylcholine,dopamine,0.739771718990579,dopamine,0.723031712382836,KCa'b'-ap2,KCa'b'-ap2,KCa'b'-ap2_L,Kenyon_Cell,,cb_intrinsic,17488,KCapbp-ap2,KCa'b'-ap2,,VFB_jrmc2i98,L,,,Roughly traced,
63212,celltype_prediction_only,acetylcholine,dopamine,0.7061549245592836,dopamine,0.723031712382836,KCa'b'-ap2,KCa'b'-ap2,KCa'b'-ap2_L,Kenyon_Cell,,cb_intrinsic,17488,KCapbp-ap2,KCa'b'-ap2,,VFB_jrmc2ics,L,,,Roughly traced,
63370,celltype_prediction_only,acetylcholine,dopamine,0.7339504152748939,dopamine,0.723031712382836,KCa'b'-ap2,KCa'b'-ap2,KCa'b'-ap2_R,Kenyon_Cell,,cb_intrinsic,17488,KCapbp-ap2,KCa'b'-ap2,,VFB_jrmc2i9y,R,,,Roughly traced,
63380,celltype_prediction_only,acetylcholine,dopamine,0.7027812718378756,dopamine,0.723031712382836,KCa'b'-ap2,KCa'b'-ap2,KCa'b'-ap2_R,Kenyon_Cell,,cb_intrinsic,17488,KCapbp-ap2,KCa'b'-ap2,,VFB_jrmc2i8a,R,,,Roughly traced,
64023,celltype_prediction_only,acetylcholine,dopamine,0.743932783018868,dopamine,0.723031712382836,KCa'b'-ap2,KCa'b'-ap2,KCa'b'-ap2_L,Kenyon_Cell,,cb_intrinsic,17488,KCapbp-ap2,KCa'b'-ap2,,VFB_jrmc2ick,L,,,Roughly traced,
64472,celltype_prediction_only,acetylcholine,dopamine,0.6737392194408119,dopamine,0.723031712382836,KCa'b'-ap2,KCa'b'-ap2,KCa'b'-ap2_L,Kenyon_Cell,,cb_intrinsic,17488,KCapbp-ap2,KCa'b'-ap2,,VFB_jrmc2icb,L,,,Roughly traced,
64653,celltype_prediction_only,acetylcholine,dopamine,0.7148784566237396,dopamine,0.723031712382836,KCa'b'-ap2,KCa'b'-ap2,KCa'b'-ap2_R,Kenyon_Cell,,cb_intrinsic,17488,KCapbp-ap2,KCa'b'-ap2,,VFB_jrmc2i9z,R,,,Roughly traced,
64674,celltype_prediction_only,acetylcholine,dopamine,0.7190972561671066,dopamine,0.723031712382836,KCa'b'-ap2,KCa'b'-ap2,KCa'b'-ap2_L,Kenyon_Cell,,cb_intrinsic,17488,KCapbp-ap2,KCa'b'-ap2,,VFB_jrmc2icx,L,,,Roughly traced,
64782,celltype_prediction_only,acetylcholine,dopamine,0.6991826483007058,dopamine,0.723031712382836,KCa'b'-ap2,KCa'b'-ap2,KCa'b'-ap2_R,Kenyon_Cell,,cb_intrinsic,17488,KCapbp-ap2,KCa'b'-ap2,,VFB_jrmc2ic5,R,,,Roughly traced,
65446,celltype_prediction_only,acetylcholine,dopamine,0.7139338125187181,dopamine,0.723031712382836,KCa'b'-ap2,KCa'b'-ap2,KCa'b'-ap2_R,Kenyon_Cell,,cb_intrinsic,17488,KCapbp-ap2,KCa'b'-ap2,,VFB_jrmc2ibu,R,,,Roughly traced,
65729,celltype_prediction_only,acetylcholine,dopamine,0.7513347963542192,dopamine,0.723031712382836,KCa'b'-ap2,KCa'b'-ap2,KCa'b'-ap2_R,Kenyon_Cell,,cb_intrinsic,17488,KCapbp-ap2,KCa'b'-ap2,,VFB_jrmc2ia0,R,,,Roughly traced,
66171,celltype_prediction_only,acetylcholine,dopamine,0.7433955286368203,dopamine,0.723031712382836,KCa'b'-ap2,KCa'b'-ap2,KCa'b'-ap2_R,Kenyon_Cell,,cb_intrinsic,17488,KCapbp-ap2,KCa'b'-ap2,,VFB_jrmc2ic6,R,,,Roughly traced,
67011,celltype_prediction_only,acetylcholine,dopamine,0.6393192770207314,dopamine,0.723031712382836,KCa'b'-ap2,KCa'b'-ap2,KCa'b'-ap2_L,Kenyon_Cell,,cb_intrinsic,17488,KCapbp-ap2,KCa'b'-ap2,,VFB_jrmc2id5,L,,,Roughly traced,
67439,celltype_prediction_only,acetylcholine,dopamine,0.7039304414552677,dopamine,0.723031712382836,KCa'b'-ap2,KCa'b'-ap2,KCa'b'-ap2_L,Kenyon_Cell,,cb_intrinsic,17488,KCapbp-ap2,KCa'b'-ap2,,VFB_jrmc2idb,L,,,Roughly traced,
67543,celltype_prediction_only,acetylcholine,dopamine,0.6766152279028878,dopamine,0.723031712382836,KCa'b'-ap2,KCa'b'-ap2,KCa'b'-ap2_R,Kenyon_Cell,,cb_intrinsic,17488,KCapbp-ap2,KCa'b'-ap2,,VFB_jrmc2ia1,R,,,Roughly traced,
67671,celltype_prediction_only,acetylcholine,dopamine,0.6859575050539083,dopamine,0.723031712382836,KCa'b'-ap2,KCa'b'-ap2,KCa'b'-ap2_R,Kenyon_Cell,,cb_intrinsic,17488,KCapbp-ap2,KCa'b'-ap2,,VFB_jrmc2ia2,R,,,Roughly traced,
68334,celltype_prediction_only,acetylcholine,dopamine,0.7314206332189822,dopamine,0.723031712382836,KCa'b'-ap2,KCa'b'-ap2,KCa'b'-ap2_R,Kenyon_Cell,,cb_intrinsic,17488,KCapbp-ap2,KCa'b'-ap2,,VFB_jrmc2ibv,R,,,Roughly traced,
68339,celltype_prediction_only,acetylcholine,dopamine,0.7118325317548403,dopamine,0.723031712382836,KCa'b'-ap2,KCa'b'-ap2,KCa'b'-ap2_L,Kenyon_Cell,,cb_intrinsic,17488,KCapbp-ap2,KCa'b'-ap2,,VFB_jrmc2i99,L,,,Roughly traced,
68507,celltype_prediction_only,acetylcholine,dopamine,0.7370944193258557,dopamine,0.723031712382836,KCa'b'-ap2,KCa'b'-ap2,KCa'b'-ap2_L,Kenyon_Cell,,cb_intrinsic,17488,KCapbp-ap2,KCa'b'-ap2,,VFB_jrmc2idh,L,,,Roughly traced,
68729,celltype_prediction_only,acetylcholine,dopamine,0.7324908451087696,dopamine,0.723031712382836,KCa'b'-ap2,KCa'b'-ap2,KCa'b'-ap2_L,Kenyon_Cell,,cb_intrinsic,17488,KCapbp-ap2,KCa'b'-ap2,,VFB_jrmc2idy,L,,,Roughly traced,
69002,celltype_prediction_only,acetylcholine,dopamine,0.6936118754367575,dopamine,0.723031712382836,KCa'b'-ap2,KCa'b'-ap2,KCa'b'-ap2_R,Kenyon_Cell,,cb_intrinsic,17488,KCapbp-ap2,KCa'b'-ap2,,VFB_jrmc2iec,R,,,Roughly traced,
69037,celltype_prediction_only,acetylcholine,dopamine,0.6808571262187615,dopamine,0.723031712382836,KCa'b'-ap2,KCa'b'-ap2,KCa'b'-ap2_R,Kenyon_Cell,,cb_intrinsic,17488,KCapbp-ap2,KCa'b'-ap2,,VFB_jrmc2ia3,R,,,Roughly traced,
69210,celltype_prediction_only,acetylcholine,dopamine,0.7091652666494357,dopamine,0.723031712382836,KCa'b'-ap2,KCa'b'-ap2,KCa'b'-ap2_L,Kenyon_Cell,,cb_intrinsic,17488,KCapbp-ap2,KCa'b'-ap2,,VFB_jrmc2if5,L,,,Roughly traced,
69721,celltype_prediction_only,acetylcholine,dopamine,0.7124357781911596,dopamine,0.723031712382836,KCa'b'-ap2,KCa'b'-ap2,KCa'b'-ap2_R,Kenyon_Cell,,cb_intrinsic,17488,KCapbp-ap2,KCa'b'-ap2,,VFB_jrmc2ia4,R,,,Roughly traced,
70185,celltype_prediction_only,acetylcholine,dopamine,0.6720639032815199,dopamine,0.723031712382836,KCa'b'-ap2,KCa'b'-ap2,KCa'b'-ap2_R,Kenyon_Cell,,cb_intrinsic,17488,KCapbp-ap2,KCa'b'-ap2,,VFB_jrmc2ic7,R,,,Roughly traced,
70193,celltype_prediction_only,acetylcholine,dopamine,0.727360277301315,dopamine,0.723031712382836,KCa'b'-ap2,KCa'b'-ap2,KCa'b'-ap2_R,Kenyon_Cell,,cb_intrinsic,17488,KCapbp-ap2,KCa'b'-ap2,,VFB_jrmc2i8b,R,,,Roughly traced,
70513,celltype_prediction_only,acetylcholine,dopamine,0.7350552231937413,dopamine,0.723031712382836,KCa'b'-ap2,KCa'b'-ap2,KCa'b'-ap2_R,Kenyon_Cell,,cb_intrinsic,17488,KCapbp-ap2,KCa'b'-ap2,,VFB_jrmc2ia5,R,,,Roughly traced,
70816,celltype_prediction_only,acetylcholine,dopamine,0.7095738760196774,dopamine,0.723031712382836,KCa'b'-ap2,KCa'b'-ap2,KCa'b'-ap2_R,Kenyon_Cell,,cb_intrinsic,17488,KCapbp-ap2,KCa'b'-ap2,,VFB_jrmc2ia6,R,,,Roughly traced,
71530,celltype_prediction_only,acetylcholine,dopamine,0.7513075801958587,dopamine,0.723031712382836,KCa'b'-ap2,KCa'b'-ap2,KCa'b'-ap2_L,Kenyon_Cell,,cb_intrinsic,17488,KCapbp-ap2,KCa'b'-ap2,,VFB_jrmc2i9a,L,,,Roughly traced,
71800,celltype_prediction_only,acetylcholine,dopamine,0.7275561492145817,dopamine,0.723031712382836,KCa'b'-ap2,KCa'b'-ap2,KCa'b'-ap2_R,Kenyon_Cell,,cb_intrinsic,17488,KCapbp-ap2,KCa'b'-ap2,,VFB_jrmc2ia7,R,,,Roughly traced,
71814,celltype_prediction_only,acetylcholine,dopamine,0.7790592882343917,dopamine,0.723031712382836,KCa'b'-ap2,KCa'b'-ap2,KCa'b'-ap2_R,Kenyon_Cell,,cb_intrinsic,17488,KCapbp-ap2,KCa'b'-ap2,,VFB_jrmc2ia8,R,,,Roughly traced,
71840,celltype_prediction_only,acetylcholine,dopamine,0.7177579365079365,dopamine,0.723031712382836,KCa'b'-ap2,KCa'b'-ap2,KCa'b'-ap2_R,Kenyon_Cell,,cb_intrinsic,17488,KCapbp-ap2,KCa'b'-ap2,,VFB_jrmc2ia9,R,,,Roughly traced,
72196,celltype_prediction_only,acetylcholine,dopamine,0.7108082925692989,dopamine,0.723031712382836,KCa'b'-ap2,KCa'b'-ap2,KCa'b'-ap2_L,Kenyon_Cell,,cb_intrinsic,17488,KCapbp-ap2,KCa'b'-ap2,,VFB_jrmc2i9b,L,,,Roughly traced,
72242,celltype_prediction_only,acetylcholine,dopamine,0.7026004542278127,dopamine,0.723031712382836,KCa'b'-ap2,KCa'b'-ap2,KCa'b'-ap2_L,Kenyon_Cell,,cb_intrinsic,17488,KCapbp-ap2,KCa'b'-ap2,,VFB_jrmc2i9c,L,,,Roughly traced,
72344,celltype_prediction_only,acetylcholine,dopamine,0.7183997660138901,dopamine,0.723031712382836,KCa'b'-ap2,KCa'b'-ap2,KCa'b'-ap2_R,Kenyon_Cell,,cb_intrinsic,17488,KCapbp-ap2,KCa'b'-ap2,,VFB_jrmc2ied,R,,,Roughly traced,
72693,celltype_prediction_only,acetylcholine,dopamine,0.6980313155136267,dopamine,0.723031712382836,KCa'b'-ap2,KCa'b'-ap2,KCa'b'-ap2_R,Kenyon_Cell,,cb_intrinsic,17488,KCapbp-ap2,KCa'b'-ap2,,VFB_jrmc2iaa,R,,,Roughly traced,
72723,celltype_prediction_only,acetylcholine,dopamine,0.7216889290542526,dopamine,0.723031712382836,KCa'b'-ap2,KCa'b'-ap2,KCa'b'-ap2_L,Kenyon_Cell,,cb_intrinsic,17488,KCapbp-ap2,KCa'b'-ap2,,VFB_jrmc2i9d,L,,,Roughly traced,
72755,celltype_prediction_only,acetylcholine,dopamine,0.6769183611952945,dopamine,0.723031712382836,KCa'b'-ap2,KCa'b'-ap2,KCa'b'-ap2_R,Kenyon_Cell,,cb_intrinsic,17488,KCapbp-ap2,KCa'b'-ap2,,VFB_jrmc2iab,R,,,Roughly traced,
72865,celltype_prediction_only,acetylcholine,dopamine,0.7243581744367907,dopamine,0.723031712382836,KCa'b'-ap2,KCa'b'-ap2,KCa'b'-ap2_R,Kenyon_Cell,,cb_intrinsic,17488,KCapbp-ap2,KCa'b'-ap2,,VFB_jrmc2iac,R,,,Roughly traced,
73039,celltype_prediction_only,acetylcholine,dopamine,0.7448408018867925,dopamine,0.723031712382836,KCa'b'-ap2,KCa'b'-ap2,KCa'b'-ap2_R,Kenyon_Cell,,cb_intrinsic,17488,KCapbp-ap2,KCa'b'-ap2,,VFB_jrmc2iad,R,,,Roughly traced,
73146,celltype_prediction_only,acetylcholine,dopamine,0.687584913293033,dopamine,0.723031712382836,KCa'b'-ap2,KCa'b'-ap2,KCa'b'-ap2_L,Kenyon_Cell,,cb_intrinsic,17488,KCapbp-ap2,KCa'b'-ap2,,VFB_jrmc2icg,L,,,Roughly traced,
73453,celltype_prediction_only,acetylcholine,dopamine,0.7379111248582328,dopamine,0.723031712382836,KCa'b'-ap2,KCa'b'-ap2,KCa'b'-ap2_L,Kenyon_Cell,,cb_intrinsic,17488,KCapbp-ap2,KCa'b'-ap2,,VFB_jrmc2idi,L,,,Roughly traced,
74064,celltype_prediction_only,acetylcholine,dopamine,0.7853979952830188,dopamine,0.723031712382836,KCa'b'-ap2,KCa'b'-ap2,KCa'b'-ap2_L,Kenyon_Cell,,cb_intrinsic,17488,KCapbp-ap2,KCa'b'-ap2,,VFB_jrmc2i9e,L,,,Roughly traced,
74239,celltype_prediction_only,acetylcholine,dopamine,0.7377009699707681,dopamine,0.723031712382836,KCa'b'-ap2,KCa'b'-ap2,KCa'b'-ap2_R,Kenyon_Cell,,cb_intrinsic,17488,KCapbp-ap2,KCa'b'-ap2,,VFB_jrmc2iae,R,,,Roughly traced,
74307,celltype_prediction_only,acetylcholine,dopamine,0.7531504065040651,dopamine,0.723031712382836,KCa'b'-ap2,KCa'b'-ap2,KCa'b'-ap2_R,Kenyon_Cell,,cb_intrinsic,17488,KCapbp-ap2,KCa'b'-ap2,,VFB_jrmc2ic8,R,,,Roughly traced,
74623,celltype_prediction_only,acetylcholine,dopamine,0.6968367484952999,dopamine,0.723031712382836,KCa'b'-ap2,KCa'b'-ap2,KCa'b'-ap2_R,Kenyon_Cell,,cb_intrinsic,17488,KCapbp-ap2,KCa'b'-ap2,,VFB_jrmc2iaf,R,,,Roughly traced,
74665,celltype_prediction_only,acetylcholine,dopamine,0.7727611523524761,dopamine,0.723031712382836,KCa'b'-ap2,KCa'b'-ap2,KCa'b'-ap2_R,Kenyon_Cell,,cb_intrinsic,17488,KCapbp-ap2,KCa'b'-ap2,,VFB_jrmc2iag,R,,,Roughly traced,
74683,celltype_prediction_only,acetylcholine,dopamine,0.7671512776106706,dopamine,0.723031712382836,KCa'b'-ap2,KCa'b'-ap2,KCa'b'-ap2_R,Kenyon_Cell,,cb_intrinsic,17488,KCapbp-ap2,KCa'b'-ap2,,VFB_jrmc2iee,R,,,Roughly traced,
75053,celltype_prediction_only,acetylcholine,dopamine,0.6807224243449812,dopamine,0.723031712382836,KCa'b'-ap2,KCa'b'-ap2,KCa'b'-ap2_L,Kenyon_Cell,,cb_intrinsic,17488,KCapbp-ap2,KCa'b'-ap2,,VFB_jrmc2icl,L,,,Roughly traced,
75075,celltype_prediction_only,acetylcholine,dopamine,0.7136731828279984,dopamine,0.723031712382836,KCa'b'-ap2,KCa'b'-ap2,KCa'b'-ap2_R,Kenyon_Cell,,cb_intrinsic,17488,KCapbp-ap2,KCa'b'-ap2,,VFB_jrmc2i8c,R,,,Roughly traced,
75122,celltype_prediction_only,acetylcholine,dopamine,0.687953225418428,dopamine,0.723031712382836,KCa'b'-ap2,KCa'b'-ap2,KCa'b'-ap2_R,Kenyon_Cell,,cb_intrinsic,17488,KCapbp-ap2,KCa'b'-ap2,,VFB_jrmc2i8d,R,,,Roughly traced,
75185,celltype_prediction_only,acetylcholine,dopamine,0.71480427881606,dopamine,0.723031712382836,KCa'b'-ap2,KCa'b'-ap2,KCa'b'-ap2_L,Kenyon_Cell,,cb_intrinsic,17488,KCapbp-ap2,KCa'b'-ap2,,VFB_jrmc2icy,L,,,Roughly traced,
75578,celltype_prediction_only,acetylcholine,dopamine,0.7837597607942902,dopamine,0.723031712382836,KCa'b'-ap2,KCa'b'-ap2,KCa'b'-ap2_R,Kenyon_Cell,,cb_intrinsic,17488,KCapbp-ap2,KCa'b'-ap2,,VFB_jrmc2iah,R,,,Roughly traced,
75611,celltype_prediction_only,acetylcholine,dopamine,0.7520595846436059,dopamine,0.723031712382836,KCa'b'-ap2,KCa'b'-ap2,KCa'b'-ap2_L,Kenyon_Cell,,cb_intrinsic,17488,KCapbp-ap2,KCa'b'-ap2,,VFB_jrmc2ib3,L,,,Roughly traced,
76056,celltype_prediction_only,acetylcholine,dopamine,0.6940099152868694,dopamine,0.723031712382836,KCa'b'-ap2,KCa'b'-ap2,KCa'b'-ap2_L,Kenyon_Cell,,cb_intrinsic,17488,KCapbp-ap2,KCa'b'-ap2,,VFB_jrmc2idj,L,,,Roughly traced,
76069,celltype_prediction_only,acetylcholine,dopamine,0.7487560703765623,dopamine,0.723031712382836,KCa'b'-ap2,KCa'b'-ap2,KCa'b'-ap2_L,Kenyon_Cell,,cb_intrinsic,17488,KCapbp-ap2,KCa'b'-ap2,,VFB_jrmc2icm,L,,,Roughly traced,
76299,celltype_prediction_only,acetylcholine,dopamine,0.7335424824967367,dopamine,0.723031712382836,KCa'b'-ap2,KCa'b'-ap2,KCa'b'-ap2_L,Kenyon_Cell,,cb_intrinsic,17488,KCapbp-ap2,KCa'b'-ap2,,VFB_jrmc2ib4,L,,,Roughly traced,
76352,celltype_prediction_only,acetylcholine,dopamine,0.7441114810704156,dopamine,0.723031712382836,KCa'b'-ap2,KCa'b'-ap2,KCa'b'-ap2_L,Kenyon_Cell,,cb_intrinsic,17488,KCapbp-ap2,KCa'b'-ap2,,VFB_jrmc2idk,L,,,Roughly traced,
76354,celltype_prediction_only,acetylcholine,dopamine,0.7285492503652881,dopamine,0.723031712382836,KCa'b'-ap2,KCa'b'-ap2,KCa'b'-ap2_R,Kenyon_Cell,,cb_intrinsic,17488,KCapbp-ap2,KCa'b'-ap2,,VFB_jrmc2iai,R,,,Roughly traced,
76370,celltype_prediction_only,acetylcholine,dopamine,0.7869178386326579,dopamine,0.723031712382836,KCa'b'-ap2,KCa'b'-ap2,KCa'b'-ap2_L,Kenyon_Cell,,cb_intrinsic,17488,KCapbp-ap2,KCa'b'-ap2,,VFB_jrmc2idl,L,,,Roughly traced,
76867,celltype_prediction_only,acetylcholine,dopamine,0.7453929327252675,dopamine,0.723031712382836,KCa'b'-ap2,KCa'b'-ap2,KCa'b'-ap2_R,Kenyon_Cell,,cb_intrinsic,17488,KCapbp-ap2,KCa'b'-ap2,,VFB_jrmc2ibw,R,,,Roughly traced,
76933,celltype_prediction_only,acetylcholine,dopamine,0.7423214092909007,dopamine,0.723031712382836,KCa'b'-ap2,KCa'b'-ap2,KCa'b'-ap2_L,Kenyon_Cell,,cb_intrinsic,17488,KCapbp-ap2,KCa'b'-ap2,,VFB_jrmc2icn,L,,,Roughly traced,
77060,celltype_prediction_only,acetylcholine,dopamine,0.7439296945193172,dopamine,0.723031712382836,KCa'b'-ap2,KCa'b'-ap2,KCa'b'-ap2_R,Kenyon_Cell,,cb_intrinsic,17488,KCapbp-ap2,KCa'b'-ap2,,VFB_jrmc2iaj,R,,,Roughly traced,
77539,celltype_prediction_only,acetylcholine,dopamine,0.7415894994638147,dopamine,0.723031712382836,KCa'b'-ap2,KCa'b'-ap2,KCa'b'-ap2_L,Kenyon_Cell,,cb_intrinsic,17488,KCapbp-ap2,KCa'b'-ap2,,VFB_jrmc2ifg,L,,,Roughly traced,
78147,celltype_prediction_only,acetylcholine,dopamine,0.716103249475891,dopamine,0.723031712382836,KCa'b'-ap2,KCa'b'-ap2,KCa'b'-ap2_R,Kenyon_Cell,,cb_intrinsic,17488,KCapbp-ap2,KCa'b'-ap2,,VFB_jrmc2i8e,R,,,Roughly traced,
78359,celltype_prediction_only,acetylcholine,dopamine,0.7500048890766293,dopamine,0.723031712382836,KCa'b'-ap2,KCa'b'-ap2,KCa'b'-ap2_R,Kenyon_Cell,,cb_intrinsic,17488,KCapbp-ap2,KCa'b'-ap2,,VFB_jrmc2iak,R,,,Roughly traced,
78379,celltype_prediction_only,acetylcholine,dopamine,0.744710302968824,dopamine,0.723031712382836,KCa'b'-ap2,KCa'b'-ap2,KCa'b'-ap2_R,Kenyon_Cell,,cb_intrinsic,17488,KCapbp-ap2,KCa'b'-ap2,,VFB_jrmc2ial,R,,,Roughly traced,
78480,celltype_prediction_only,acetylcholine,dopamine,0.7872868978067236,dopamine,0.723031712382836,KCa'b'-ap2,KCa'b'-ap2,KCa'b'-ap2_R,Kenyon_Cell,,cb_intrinsic,17488,KCapbp-ap2,KCa'b'-ap2,,VFB_jrmc2iam,R,,,Roughly traced,
78512,celltype_prediction_only,acetylcholine,dopamine,0.7184367317945279,dopamine,0.723031712382836,KCa'b'-ap2,KCa'b'-ap2,KCa'b'-ap2_L,Kenyon_Cell,,cb_intrinsic,17488,KCapbp-ap2,KCa'b'-ap2,,VFB_jrmc2icc,L,,,Roughly traced,
79199,celltype_prediction_only,acetylcholine,dopamine,0.7711708709324584,dopamine,0.723031712382836,KCa'b'-ap2,KCa'b'-ap2,KCa'b'-ap2_R,Kenyon_Cell,,cb_intrinsic,17488,KCapbp-ap2,KCa'b'-ap2,,VFB_jrmc2i8f,R,,,Roughly traced,
79656,celltype_prediction_only,acetylcholine,dopamine,0.6983897474795361,dopamine,0.723031712382836,KCa'b'-ap2,KCa'b'-ap2,KCa'b'-ap2_L,Kenyon_Cell,,cb_intrinsic,17488,KCapbp-ap2,KCa'b'-ap2,,VFB_jrmc2ich,L,,,Roughly traced,
79893,celltype_prediction_only,acetylcholine,dopamine,0.7222707754685056,dopamine,0.723031712382836,KCa'b'-ap2,KCa'b'-ap2,KCa'b'-ap2_L,Kenyon_Cell,,cb_intrinsic,17488,KCapbp-ap2,KCa'b'-ap2,,VFB_jrmc2idz,L,,,Roughly traced,
79899,celltype_prediction_only,acetylcholine,dopamine,0.7166060815879061,dopamine,0.723031712382836,KCa'b'-ap2,KCa'b'-ap2,KCa'b'-ap2_R,Kenyon_Cell,,cb_intrinsic,17488,KCapbp-ap2,KCa'b'-ap2,,VFB_jrmc2i8g,R,,,Roughly traced,
80566,celltype_prediction_only,acetylcholine,dopamine,0.6908176100628931,dopamine,0.723031712382836,KCa'b'-ap2,KCa'b'-ap2,KCa'b'-ap2_L,Kenyon_Cell,,cb_intrinsic,17488,KCapbp-ap2,KCa'b'-ap2,,VFB_jrmc2idc,L,,,Roughly traced,
80637,celltype_prediction_only,acetylcholine,dopamine,0.7120984044865664,dopamine,0.723031712382836,KCa'b'-ap2,KCa'b'-ap2,KCa'b'-ap2_R,Kenyon_Cell,,cb_intrinsic,17488,KCapbp-ap2,KCa'b'-ap2,,VFB_jrmc2ian,R,,,Roughly traced,
81095,celltype_prediction_only,acetylcholine,dopamine,0.7019582618639222,dopamine,0.723031712382836,KCa'b'-ap2,KCa'b'-ap2,KCa'b'-ap2_R,Kenyon_Cell,,cb_intrinsic,17488,KCapbp-ap2,KCa'b'-ap2,,VFB_jrmc2if0,R,,,Roughly traced,
81273,celltype_prediction_only,acetylcholine,dopamine,0.6925303234501348,dopamine,0.723031712382836,KCa'b'-ap2,KCa'b'-ap2,KCa'b'-ap2_R,Kenyon_Cell,,cb_intrinsic,17488,KCapbp-ap2,KCa'b'-ap2,,VFB_jrmc2ibl,R,,,Roughly traced,
81492,celltype_prediction_only,acetylcholine,dopamine,0.7705087430912902,dopamine,0.723031712382836,KCa'b'-ap2,KCa'b'-ap2,KCa'b'-ap2_L,Kenyon_Cell,,cb_intrinsic,17488,KCapbp-ap2,KCa'b'-ap2,,VFB_jrmc2idd,L,,,Roughly traced,
81976,celltype_prediction_only,acetylcholine,dopamine,0.7661803422553752,dopamine,0.723031712382836,KCa'b'-ap2,KCa'b'-ap2,KCa'b'-ap2_L,Kenyon_Cell,,cb_intrinsic,17488,KCapbp-ap2,KCa'b'-ap2,,VFB_jrmc2ies,L,,,Roughly traced,
81979,celltype_prediction_only,acetylcholine,dopamine,0.7071271118510297,dopamine,0.723031712382836,KCa'b'-ap2,KCa'b'-ap2,KCa'b'-ap2_R,Kenyon_Cell,,cb_intrinsic,17488,KCapbp-ap2,KCa'b'-ap2,,VFB_jrmc2iao,R,,,Roughly traced,
82028,celltype_prediction_only,acetylcholine,dopamine,0.7361753526286866,dopamine,0.723031712382836,KCa'b'-ap2,KCa'b'-ap2,KCa'b'-ap2_L,Kenyon_Cell,,cb_intrinsic,17488,KCapbp-ap2,KCa'b'-ap2,,VFB_jrmc2idr,L,,,Roughly traced,
82296,celltype_prediction_only,acetylcholine,dopamine,0.7143023526671326,dopamine,0.723031712382836,KCa'b'-ap2,KCa'b'-ap2,KCa'b'-ap2_R,Kenyon_Cell,,cb_intrinsic,17488,KCapbp-ap2,KCa'b'-ap2,,VFB_jrmc2iap,R,,,Roughly traced,
82570,celltype_prediction_only,acetylcholine,dopamine,0.6973039861564948,dopamine,0.723031712382836,KCa'b'-ap2,KCa'b'-ap2,KCa'b'-ap2_R,Kenyon_Cell,,cb_intrinsic,17488,KCapbp-ap2,KCa'b'-ap2,,VFB_jrmc2i8h,R,,,Roughly traced,
83166,celltype_prediction_only,acetylcholine,dopamine,0.7606442403177757,dopamine,0.723031712382836,KCa'b'-ap2,KCa'b'-ap2,KCa'b'-ap2_L,Kenyon_Cell,,cb_intrinsic,17488,KCapbp-ap2,KCa'b'-ap2,,VFB_jrmc2id6,L,,,Roughly traced,
83221,celltype_prediction_only,acetylcholine,dopamine,0.7085910425490951,dopamine,0.723031712382836,KCa'b'-ap2,KCa'b'-ap2,KCa'b'-ap2_R,Kenyon_Cell,,cb_intrinsic,17488,KCapbp-ap2,KCa'b'-ap2,,VFB_jrmc2iaq,R,,,Roughly traced,
83611,celltype_prediction_only,acetylcholine,dopamine,0.7469743777128177,dopamine,0.723031712382836,KCa'b'-ap2,KCa'b'-ap2,KCa'b'-ap2_L,Kenyon_Cell,,cb_intrinsic,17488,KCapbp-ap2,KCa'b'-ap2,,VFB_jrmc2ie0,L,,,Roughly traced,
83678,celltype_prediction_only,acetylcholine,dopamine,0.7225007313149042,dopamine,0.723031712382836,KCa'b'-ap2,KCa'b'-ap2,KCa'b'-ap2_L,Kenyon_Cell,,cb_intrinsic,17488,KCapbp-ap2,KCa'b'-ap2,,VFB_jrmc2ico,L,,,Roughly traced,
83715,celltype_prediction_only,acetylcholine,dopamine,0.744109765684921,dopamine,0.723031712382836,KCa'b'-ap2,KCa'b'-ap2,KCa'b'-ap2_R,Kenyon_Cell,,cb_intrinsic,17488,KCapbp-ap2,KCa'b'-ap2,,VFB_jrmc2i8i,R,,,Roughly traced,
83737,celltype_prediction_only,acetylcholine,dopamine,0.6694575471698113,dopamine,0.723031712382836,KCa'b'-ap2,KCa'b'-ap2,KCa'b'-ap2_R,Kenyon_Cell,,cb_intrinsic,17488,KCapbp-ap2,KCa'b'-ap2,,VFB_jrmc2ifb,R,,,Prelim Roughly traced,
84037,celltype_prediction_only,acetylcholine,dopamine,0.7713080146563343,dopamine,0.723031712382836,KCa'b'-ap2,KCa'b'-ap2,KCa'b'-ap2_L,Kenyon_Cell,,cb_intrinsic,17488,KCapbp-ap2,KCa'b'-ap2,,VFB_jrmc2ib5,L,,,Roughly traced,
84131,celltype_prediction_only,acetylcholine,dopamine,0.7538715012181993,dopamine,0.723031712382836,KCa'b'-ap2,KCa'b'-ap2,KCa'b'-ap2_L,Kenyon_Cell,,cb_intrinsic,17488,KCapbp-ap2,KCa'b'-ap2,,VFB_jrmc2ifx,L,,,Roughly traced,
84137,celltype_prediction_only,acetylcholine,dopamine,0.7660651211660556,dopamine,0.723031712382836,KCa'b'-ap2,KCa'b'-ap2,KCa'b'-ap2_R,Kenyon_Cell,,cb_intrinsic,17488,KCapbp-ap2,KCa'b'-ap2,,VFB_jrmc2ibx,R,,,Roughly traced,
84247,celltype_prediction_only,acetylcholine,dopamine,0.6895260437575271,dopamine,0.723031712382836,KCa'b'-ap2,KCa'b'-ap2,KCa'b'-ap2_L,Kenyon_Cell,,cb_intrinsic,17488,KCapbp-ap2,KCa'b'-ap2,,VFB_jrmc2ie1,L,,,Roughly traced,
84498,celltype_prediction_only,acetylcholine,dopamine,0.6906563878719609,dopamine,0.723031712382836,KCa'b'-ap2,KCa'b'-ap2,KCa'b'-ap2_R,Kenyon_Cell,,cb_intrinsic,17488,KCapbp-ap2,KCa'b'-ap2,,VFB_jrmc2ief,R,,,Roughly traced,
84536,celltype_prediction_only,acetylcholine,dopamine,0.7479621813968884,dopamine,0.723031712382836,KCa'b'-ap2,KCa'b'-ap2,KCa'b'-ap2_L,Kenyon_Cell,,cb_intrinsic,17488,KCapbp-ap2,KCa'b'-ap2,,VFB_jrmc2ids,L,,,Roughly traced,
84657,celltype_prediction_only,acetylcholine,dopamine,0.7017944844887287,dopamine,0.723031712382836,KCa'b'-ap2,KCa'b'-ap2,KCa'b'-ap2_L,Kenyon_Cell,,cb_intrinsic,17488,KCapbp-ap2,KCa'b'-ap2,,VFB_jrmc2iet,L,,,Roughly traced,
85452,celltype_prediction_only,acetylcholine,dopamine,0.7707951429252735,dopamine,0.723031712382836,KCa'b'-ap2,KCa'b'-ap2,KCa'b'-ap2_R,Kenyon_Cell,,cb_intrinsic,17488,KCapbp-ap2,KCa'b'-ap2,,VFB_jrmc2if1,R,,,Roughly traced,
85482,celltype_prediction_only,acetylcholine,dopamine,0.7033618453467815,dopamine,0.723031712382836,KCa'b'-ap2,KCa'b'-ap2,KCa'b'-ap2_L,Kenyon_Cell,,cb_intrinsic,17488,KCapbp-ap2,KCa'b'-ap2,,VFB_jrmc2icd,L,,,Roughly traced,
85900,celltype_prediction_only,acetylcholine,dopamine,0.7646476558033161,dopamine,0.723031712382836,KCa'b'-ap2,KCa'b'-ap2,KCa'b'-ap2_L,Kenyon_Cell,,cb_intrinsic,17488,KCapbp-ap2,KCa'b'-ap2,,VFB_jrmc2ib6,L,,,Roughly traced,
86142,celltype_prediction_only,acetylcholine,dopamine,0.7385312085280711,dopamine,0.723031712382836,KCa'b'-ap2,KCa'b'-ap2,KCa'b'-ap2_L,Kenyon_Cell,,cb_intrinsic,17488,KCapbp-ap2,KCa'b'-ap2,,VFB_jrmc2ib7,L,,,Roughly traced,
86970,celltype_prediction_only,acetylcholine,dopamine,0.7167366314585779,dopamine,0.723031712382836,KCa'b'-ap2,KCa'b'-ap2,KCa'b'-ap2_R,Kenyon_Cell,,cb_intrinsic,17488,KCapbp-ap2,KCa'b'-ap2,,VFB_jrmc2ifw,R,,,Roughly traced,
87219,celltype_prediction_only,acetylcholine,dopamine,0.7110364965765096,dopamine,0.723031712382836,KCa'b'-ap2,KCa'b'-ap2,KCa'b'-ap2_R,Kenyon_Cell,,cb_intrinsic,17488,KCapbp-ap2,KCa'b'-ap2,,VFB_jrmc2ifh,R,,,Roughly traced,
87232,celltype_prediction_only,acetylcholine,dopamine,0.7618833159508233,dopamine,0.723031712382836,KCa'b'-ap2,KCa'b'-ap2,KCa'b'-ap2_R,Kenyon_Cell,,cb_intrinsic,17488,KCapbp-ap2,KCa'b'-ap2,,VFB_jrmc2i8j,R,,,Roughly traced,
87334,celltype_prediction_only,acetylcholine,dopamine,0.7365648174223224,dopamine,0.723031712382836,KCa'b'-ap2,KCa'b'-ap2,KCa'b'-ap2_L,Kenyon_Cell,,cb_intrinsic,17488,KCapbp-ap2,KCa'b'-ap2,,VFB_jrmc2id7,L,,,Roughly traced,
88109,celltype_prediction_only,acetylcholine,dopamine,0.6796015133647799,dopamine,0.723031712382836,KCa'b'-ap2,KCa'b'-ap2,KCa'b'-ap2_R,Kenyon_Cell,,cb_intrinsic,17488,KCapbp-ap2,KCa'b'-ap2,,VFB_jrmc2if8,R,,,Roughly traced,
88185,celltype_prediction_only,acetylcholine,dopamine,0.7069790035978138,dopamine,0.723031712382836,KCa'b'-ap2,KCa'b'-ap2,KCa'b'-ap2_L,Kenyon_Cell,,cb_intrinsic,17488,KCapbp-ap2,KCa'b'-ap2,,VFB_jrmc2ib8,L,,,Roughly traced,
89461,celltype_prediction_only,acetylcholine,dopamine,0.7256355135265264,dopamine,0.723031712382836,KCa'b'-ap2,KCa'b'-ap2,KCa'b'-ap2_R,Kenyon_Cell,,cb_intrinsic,17488,KCapbp-ap2,KCa'b'-ap2,,VFB_jrmc2if2,R,,,Roughly traced,
89530,celltype_prediction_only,acetylcholine,dopamine,0.7261907701932893,dopamine,0.723031712382836,KCa'b'-ap2,KCa'b'-ap2,KCa'b'-ap2_R,Kenyon_Cell,,cb_intrinsic,17488,KCapbp-ap2,KCa'b'-ap2,,VFB_jrmc2ieg,R,,,Roughly traced,
90649,celltype_prediction_only,acetylcholine,dopamine,0.7651475009004516,dopamine,0.723031712382836,KCa'b'-ap2,KCa'b'-ap2,KCa'b'-ap2_L,Kenyon_Cell,,cb_intrinsic,17488,KCapbp-ap2,KCa'b'-ap2,,VFB_jrmc2ib9,L,,,Roughly traced,
91091,celltype_prediction_only,acetylcholine,dopamine,0.7049975230464376,dopamine,0.723031712382836,KCa'b'-ap2,KCa'b'-ap2,KCa'b'-ap2_L,Kenyon_Cell,,cb_intrinsic,17488,KCapbp-ap2,KCa'b'-ap2,,VFB_jrmc2ieu,L,,,Roughly traced,
91497,celltype_prediction_only,acetylcholine,dopamine,0.7646183157292888,dopamine,0.723031712382836,KCa'b'-ap2,KCa'b'-ap2,KCa'b'-ap2_R,Kenyon_Cell,,cb_intrinsic,17488,KCapbp-ap2,KCa'b'-ap2,,VFB_jrmc2i8k,R,,,Prelim Roughly traced,
92149,celltype_prediction_only,acetylcholine,dopamine,0.7194467322218895,dopamine,0.723031712382836,KCa'b'-ap2,KCa'b'-ap2,KCa'b'-ap2_R,Kenyon_Cell,,cb_intrinsic,17488,KCapbp-ap2,KCa'b'-ap2,,VFB_jrmc2if3,R,,,Roughly traced,
92633,celltype_prediction_only,acetylcholine,dopamine,0.6940619604760142,dopamine,0.723031712382836,KCa'b'-ap2,KCa'b'-ap2,KCa'b'-ap2_L,Kenyon_Cell,,cb_intrinsic,17488,KCapbp-ap2,KCa'b'-ap2,,VFB_jrmc2ift,L,,,Roughly traced,
93380,celltype_prediction_only,acetylcholine,dopamine,0.724664621866964,dopamine,0.723031712382836,KCa'b'-ap2,KCa'b'-ap2,KCa'b'-ap2_R,Kenyon_Cell,,cb_intrinsic,17488,KCapbp-ap2,KCa'b'-ap2,,VFB_jrmc2iar,R,,,Roughly traced,
93644,celltype_prediction_only,acetylcholine,dopamine,0.7419850100121274,dopamine,0.723031712382836,KCa'b'-ap2,KCa'b'-ap2,KCa'b'-ap2_L,Kenyon_Cell,,cb_intrinsic,17488,KCapbp-ap2,KCa'b'-ap2,,VFB_jrmc2id8,L,,,Roughly traced,
93902,celltype_prediction_only,acetylcholine,dopamine,0.7378720379899625,dopamine,0.723031712382836,KCa'b'-ap2,KCa'b'-ap2,KCa'b'-ap2_L,Kenyon_Cell,,cb_intrinsic,17488,KCapbp-ap2,KCa'b'-ap2,,VFB_jrmc2id9,L,,,Roughly traced,
94078,celltype_prediction_only,acetylcholine,dopamine,0.6438342823956031,dopamine,0.723031712382836,KCa'b'-ap2,KCa'b'-ap2,KCa'b'-ap2_L,Kenyon_Cell,,cb_intrinsic,17488,KCapbp-ap2,KCa'b'-ap2,,VFB_jrmc2iel,L,,,Roughly traced,
95518,celltype_prediction_only,acetylcholine,dopamine,0.6995670458307002,dopamine,0.723031712382836,KCa'b'-ap2,KCa'b'-ap2,KCa'b'-ap2_L,Kenyon_Cell,,cb_intrinsic,17488,KCapbp-ap2,KCa'b'-ap2,,VFB_jrmc2iev,L,,,Roughly traced,
95639,celltype_prediction_only,acetylcholine,dopamine,0.712573293370021,dopamine,0.723031712382836,KCa'b'-ap2,KCa'b'-ap2,KCa'b'-ap2_L,Kenyon_Cell,,cb_intrinsic,17488,KCapbp-ap2,KCa'b'-ap2,,VFB_jrmc2if6,L,,,Roughly traced,
95778,celltype_prediction_only,acetylcholine,dopamine,0.7416744574763442,dopamine,0.723031712382836,KCa'b'-ap2,KCa'b'-ap2,KCa'b'-ap2_L,Kenyon_Cell,,cb_intrinsic,17488,KCapbp-ap2,KCa'b'-ap2,,VFB_jrmc2ifu,L,,,Roughly traced,
96961,celltype_prediction_only,acetylcholine,dopamine,0.7136761709005305,dopamine,0.723031712382836,KCa'b'-ap2,KCa'b'-ap2,KCa'b'-ap2_R,Kenyon_Cell,,cb_intrinsic,17488,KCapbp-ap2,KCa'b'-ap2,,VFB_jrmc2ias,R,,,Roughly traced,
97927,celltype_prediction_only,acetylcholine,dopamine,0.7268189750501072,dopamine,0.723031712382836,KCa'b'-ap2,KCa'b'-ap2,KCa'b'-ap2_L,Kenyon_Cell,,cb_intrinsic,17488,KCapbp-ap2,KCa'b'-ap2,,VFB_jrmc2ifr,L,,,Roughly traced,
99583,celltype_prediction_only,acetylcholine,dopamine,0.7229785478547854,dopamine,0.723031712382836,KCa'b'-ap2,KCa'b'-ap2,KCa'b'-ap2_R,Kenyon_Cell,,cb_intrinsic,17488,KCapbp-ap2,KCa'b'-ap2,,VFB_jrmc2if7,R,,,Roughly traced,
100136,celltype_prediction_only,acetylcholine,dopamine,0.6980006162889921,dopamine,0.723031712382836,KCa'b'-ap2,KCa'b'-ap2,KCa'b'-ap2_L,Kenyon_Cell,,cb_intrinsic,17488,KCapbp-ap2,KCa'b'-ap2,,VFB_jrmc2ice,L,,,Roughly traced,
100246,celltype_prediction_only,acetylcholine,dopamine,0.6949016459253311,dopamine,0.723031712382836,KCa'b'-ap2,KCa'b'-ap2,KCa'b'-ap2_L,Kenyon_Cell,,cb_intrinsic,17488,KCapbp-ap2,KCa'b'-ap2,,VFB_jrmc2icf,L,,,Roughly traced,
100728,celltype_prediction_only,acetylcholine,dopamine,0.7458382945594432,dopamine,0.723031712382836,KCa'b'-ap2,KCa'b'-ap2,KCa'b'-ap2_L,Kenyon_Cell,,cb_intrinsic,17488,KCapbp-ap2,KCa'b'-ap2,,VFB_jrmc2iba,L,,,Roughly traced,
103957,celltype_prediction_only,acetylcholine,dopamine,0.7403480729678977,dopamine,0.723031712382836,KCa'b'-ap2,KCa'b'-ap2,KCa'b'-ap2_L,Kenyon_Cell,,cb_intrinsic,17488,KCapbp-ap2,KCa'b'-ap2,,VFB_jrmc2ibb,L,,,Roughly traced,
104535,celltype_prediction_only,acetylcholine,dopamine,0.6634142930575713,dopamine,0.723031712382836,KCa'b'-ap2,KCa'b'-ap2,KCa'b'-ap2_L,Kenyon_Cell,,cb_intrinsic,17488,KCapbp-ap2,KCa'b'-ap2,,VFB_jrmc2idt,L,,,Roughly traced,
104845,celltype_prediction_only,acetylcholine,dopamine,0.7617936889363554,dopamine,0.723031712382836,KCa'b'-ap2,KCa'b'-ap2,KCa'b'-ap2_L,Kenyon_Cell,,cb_intrinsic,17488,KCapbp-ap2,KCa'b'-ap2,,VFB_jrmc2iex,L,,,Roughly traced,
106236,celltype_prediction_only,acetylcholine,dopamine,0.7864477503628448,dopamine,0.723031712382836,KCa'b'-ap2,KCa'b'-ap2,KCa'b'-ap2_R,Kenyon_Cell,,cb_intrinsic,17488,KCapbp-ap2,KCa'b'-ap2,,VFB_jrmc2i8l,R,,,Roughly traced,
106559,celltype_prediction_only,acetylcholine,dopamine,0.7302436029981907,dopamine,0.723031712382836,KCa'b'-ap2,KCa'b'-ap2,KCa'b'-ap2_L,Kenyon_Cell,,cb_intrinsic,17488,KCapbp-ap2,KCa'b'-ap2,,VFB_jrmc2ie2,L,,,Roughly traced,
106711,celltype_prediction_only,acetylcholine,dopamine,0.690295248078267,dopamine,0.723031712382836,KCa'b'-ap2,KCa'b'-ap2,KCa'b'-ap2_R,Kenyon_Cell,,cb_intrinsic,17488,KCapbp-ap2,KCa'b'-ap2,,VFB_jrmc2ieh,R,,,Roughly traced,
106931,celltype_prediction_only,acetylcholine,dopamine,0.7320347406016108,dopamine,0.723031712382836,KCa'b'-ap2,KCa'b'-ap2,KCa'b'-ap2_R,Kenyon_Cell,,cb_intrinsic,17488,KCapbp-ap2,KCa'b'-ap2,,VFB_jrmc2iat,R,,,Roughly traced,
107550,celltype_prediction_only,acetylcholine,dopamine,0.7780724277349196,dopamine,0.723031712382836,KCa'b'-ap2,KCa'b'-ap2,KCa'b'-ap2_L,Kenyon_Cell,,cb_intrinsic,17488,KCapbp-ap2,KCa'b'-ap2,,VFB_jrmc2ibc,L,,,Roughly traced,
109117,celltype_prediction_only,acetylcholine,dopamine,0.7037958847363328,dopamine,0.723031712382836,KCa'b'-ap2,KCa'b'-ap2,KCa'b'-ap2_L,Kenyon_Cell,,cb_intrinsic,17488,KCapbp-ap2,KCa'b'-ap2,,VFB_jrmc2ibd,L,,,Roughly traced,
109220,celltype_prediction_only,acetylcholine,dopamine,0.6938377703110192,dopamine,0.723031712382836,KCa'b'-ap2,KCa'b'-ap2,KCa'b'-ap2_L,Kenyon_Cell,,cb_intrinsic,17488,KCapbp-ap2,KCa'b'-ap2,,VFB_jrmc2ifn,L,,,Roughly traced,
114354,celltype_prediction_only,acetylcholine,dopamine,0.7571946182422524,dopamine,0.723031712382836,KCa'b'-ap2,KCa'b'-ap2,KCa'b'-ap2_L,Kenyon_Cell,,cb_intrinsic,17488,KCapbp-ap2,KCa'b'-ap2,,VFB_jrmc2ifv,L,,,Roughly traced,
120275,celltype_prediction_only,acetylcholine,dopamine,0.7214594564240792,dopamine,0.723031712382836,KCa'b'-ap2,KCa'b'-ap2,KCa'b'-ap2_L,Kenyon_Cell,,cb_intrinsic,17488,KCapbp-ap2,KCa'b'-ap2,,VFB_jrmc2idn,L,,,Roughly traced,
122600,celltype_prediction_only,acetylcholine,dopamine,0.6895359071643423,dopamine,0.723031712382836,KCa'b'-ap2,KCa'b'-ap2,KCa'b'-ap2_L,Kenyon_Cell,,cb_intrinsic,17488,KCapbp-ap2,KCa'b'-ap2,,VFB_jrmc2ici,L,,,Roughly traced,
122865,celltype_prediction_only,acetylcholine,dopamine,0.693297471884004,dopamine,0.723031712382836,KCa'b'-ap2,KCa'b'-ap2,KCa'b'-ap2_L,Kenyon_Cell,,cb_intrinsic,17488,KCapbp-ap2,KCa'b'-ap2,,VFB_jrmc2ibe,L,,,Roughly traced,
122874,celltype_prediction_only,acetylcholine,dopamine,0.7458146316460255,dopamine,0.723031712382836,KCa'b'-ap2,KCa'b'-ap2,KCa'b'-ap2_L,Kenyon_Cell,,cb_intrinsic,17488,KCapbp-ap2,KCa'b'-ap2,,VFB_jrmc2ibf,L,,,Roughly traced,
126673,celltype_prediction_only,acetylcholine,dopamine,0.7318229829841416,dopamine,0.723031712382836,KCa'b'-ap2,KCa'b'-ap2,KCa'b'-ap2_R,Kenyon_Cell,,cb_intrinsic,17488,KCapbp-ap2,KCa'b'-ap2,,VFB_jrmc2id2,R,,,Roughly traced,
127366,celltype_prediction_only,acetylcholine,dopamine,0.7307530323450134,dopamine,0.723031712382836,KCa'b'-ap2,KCa'b'-ap2,KCa'b'-ap2_R,Kenyon_Cell,,cb_intrinsic,17488,KCapbp-ap2,KCa'b'-ap2,,VFB_jrmc2iau,R,,,Roughly traced,
128591,celltype_prediction_only,acetylcholine,dopamine,0.7630601880831023,dopamine,0.723031712382836,KCa'b'-ap2,KCa'b'-ap2,KCa'b'-ap2_L,Kenyon_Cell,,cb_intrinsic,17488,KCapbp-ap2,KCa'b'-ap2,,VFB_jrmc2ibg,L,,,Roughly traced,
128604,celltype_prediction_only,acetylcholine,dopamine,0.7692815864862195,dopamine,0.723031712382836,KCa'b'-ap2,KCa'b'-ap2,KCa'b'-ap2_L,Kenyon_Cell,,cb_intrinsic,17488,KCapbp-ap2,KCa'b'-ap2,,VFB_jrmc2ibh,L,,,Roughly traced,
128794,celltype_prediction_only,acetylcholine,dopamine,0.7049013504453596,dopamine,0.723031712382836,KCa'b'-ap2,KCa'b'-ap2,KCa'b'-ap2_L,Kenyon_Cell,,cb_intrinsic,17488,KCapbp-ap2,KCa'b'-ap2,,VFB_jrmc2ie3,L,,,Roughly traced,
128858,celltype_prediction_only,acetylcholine,dopamine,0.683468775635767,dopamine,0.723031712382836,KCa'b'-ap2,KCa'b'-ap2,KCa'b'-ap2_R,Kenyon_Cell,,cb_intrinsic,17488,KCapbp-ap2,KCa'b'-ap2,,VFB_jrmc2i8m,R,,,Roughly traced,
129301,celltype_prediction_only,acetylcholine,dopamine,0.7044137466307278,dopamine,0.723031712382836,KCa'b'-ap2,KCa'b'-ap2,KCa'b'-ap2_L,Kenyon_Cell,,cb_intrinsic,17488,KCapbp-ap2,KCa'b'-ap2,,VFB_jrmc2ie4,L,,,Roughly traced,
130875,celltype_prediction_only,acetylcholine,dopamine,0.6995644587745137,dopamine,0.723031712382836,KCa'b'-ap2,KCa'b'-ap2,KCa'b'-ap2_R,Kenyon_Cell,,cb_intrinsic,17488,KCapbp-ap2,KCa'b'-ap2,,VFB_jrmc2iav,R,,,Roughly traced,
131662,celltype_prediction_only,acetylcholine,dopamine,0.6917404223304253,dopamine,0.723031712382836,KCa'b'-ap2,KCa'b'-ap2,KCa'b'-ap2_R,Kenyon_Cell,,cb_intrinsic,17488,KCapbp-ap2,KCa'b'-ap2,,VFB_jrmc2ic9,R,,,Roughly traced,
132006,celltype_prediction_only,acetylcholine,dopamine,0.6875569417504261,dopamine,0.723031712382836,KCa'b'-ap2,KCa'b'-ap2,KCa'b'-ap2_L,Kenyon_Cell,,cb_intrinsic,17488,KCapbp-ap2,KCa'b'-ap2,,VFB_jrmc2ict,L,,,Roughly traced,
132661,celltype_prediction_only,acetylcholine,dopamine,0.6788087449827755,dopamine,0.723031712382836,KCa'b'-ap2,KCa'b'-ap2,KCa'b'-ap2_L,Kenyon_Cell,,cb_intrinsic,17488,KCapbp-ap2,KCa'b'-ap2,,VFB_jrmc2ie5,L,,,Roughly traced,
133083,celltype_prediction_only,acetylcholine,dopamine,0.7588687850057887,dopamine,0.723031712382836,KCa'b'-ap2,KCa'b'-ap2,KCa'b'-ap2_L,Kenyon_Cell,,cb_intrinsic,17488,KCapbp-ap2,KCa'b'-ap2,,VFB_jrmc2iew,L,,,Roughly traced,
133334,celltype_prediction_only,acetylcholine,dopamine,0.7034483097484276,dopamine,0.723031712382836,KCa'b'-ap2,KCa'b'-ap2,KCa'b'-ap2_R,Kenyon_Cell,,cb_intrinsic,17488,KCapbp-ap2,KCa'b'-ap2,,VFB_jrmc2if9,R,,,Roughly traced,
137021,celltype_prediction_only,acetylcholine,dopamine,0.7602566915313734,dopamine,0.723031712382836,KCa'b'-ap2,KCa'b'-ap2,KCa'b'-ap2_L,Kenyon_Cell,,cb_intrinsic,17488,KCapbp-ap2,KCa'b'-ap2,,VFB_jrmc2idm,L,,,Roughly traced,
137541,celltype_prediction_only,acetylcholine,dopamine,0.7130867464335021,dopamine,0.723031712382836,KCa'b'-ap2,KCa'b'-ap2,KCa'b'-ap2_R,Kenyon_Cell,,cb_intrinsic,17488,KCapbp-ap2,KCa'b'-ap2,,VFB_jrmc2ica,R,,,Roughly traced,
138210,celltype_prediction_only,acetylcholine,dopamine,0.7423949881057125,dopamine,0.723031712382836,KCa'b'-ap2,KCa'b'-ap2,KCa'b'-ap2_L,Kenyon_Cell,,cb_intrinsic,17488,KCapbp-ap2,KCa'b'-ap2,,VFB_jrmc2idu,L,,,Roughly traced,
139663,celltype_prediction_only,acetylcholine,dopamine,0.6993525069881202,dopamine,0.723031712382836,KCa'b'-ap2,KCa'b'-ap2,KCa'b'-ap2_L,Kenyon_Cell,,cb_intrinsic,17488,KCapbp-ap2,KCa'b'-ap2,,VFB_jrmc2idv,L,,,Roughly traced,
144523,celltype_prediction_only,acetylcholine,dopamine,0.7051474992512728,dopamine,0.723031712382836,KCa'b'-ap2,KCa'b'-ap2,KCa'b'-ap2_R,Kenyon_Cell,,cb_intrinsic,17488,KCapbp-ap2,KCa'b'-ap2,,VFB_jrmc2iby,R,,,Roughly traced,
145026,celltype_prediction_only,acetylcholine,dopamine,0.7447856120897791,dopamine,0.723031712382836,KCa'b'-ap2,KCa'b'-ap2,KCa'b'-ap2_L,Kenyon_Cell,,cb_intrinsic,17488,KCapbp-ap2,KCa'b'-ap2,,VFB_jrmc2ifs,L,,,Roughly traced,
145859,celltype_prediction_only,acetylcholine,dopamine,0.7541358575556688,dopamine,0.723031712382836,KCa'b'-ap2,KCa'b'-ap2,KCa'b'-ap2_R,Kenyon_Cell,,cb_intrinsic,17488,KCapbp-ap2,KCa'b'-ap2,,VFB_jrmc2ibz,R,,,Roughly traced,
146099,celltype_prediction_only,acetylcholine,dopamine,0.7165889356337469,dopamine,0.723031712382836,KCa'b'-ap2,KCa'b'-ap2,KCa'b'-ap2_R,Kenyon_Cell,,cb_intrinsic,17488,KCapbp-ap2,KCa'b'-ap2,,VFB_jrmc2i8n,R,,,Roughly traced,
149279,celltype_prediction_only,acetylcholine,dopamine,0.6652468635351153,dopamine,0.723031712382836,KCa'b'-ap2,KCa'b'-ap2,KCa'b'-ap2_R,Kenyon_Cell,,cb_intrinsic,17488,KCapbp-ap2,KCa'b'-ap2,,VFB_jrmc2iaw,R,,,Roughly traced,
150451,celltype_prediction_only,acetylcholine,dopamine,0.6962397291539866,dopamine,0.723031712382836,KCa'b'-ap2,KCa'b'-ap2,KCa'b'-ap2_L,Kenyon_Cell,,cb_intrinsic,17488,KCapbp-ap2,KCa'b'-ap2,,VFB_jrmc2icj,L,,,Roughly traced,
151584,celltype_prediction_only,acetylcholine,dopamine,0.7177193826465158,dopamine,0.723031712382836,KCa'b'-ap2,KCa'b'-ap2,KCa'b'-ap2_R,Kenyon_Cell,,cb_intrinsic,17488,KCapbp-ap2,KCa'b'-ap2,,VFB_jrmc2ifa,R,,,Roughly traced,
152031,celltype_prediction_only,acetylcholine,dopamine,0.7098971151216844,dopamine,0.723031712382836,KCa'b'-ap2,KCa'b'-ap2,KCa'b'-ap2_R,Kenyon_Cell,,cb_intrinsic,17488,KCapbp-ap2,KCa'b'-ap2,,VFB_jrmc2iax,R,,,Roughly traced,
153672,celltype_prediction_only,acetylcholine,dopamine,0.7230459646266322,dopamine,0.723031712382836,KCa'b'-ap2,KCa'b'-ap2,KCa'b'-ap2_R,Kenyon_Cell,,cb_intrinsic,17488,KCapbp-ap2,KCa'b'-ap2,,VFB_jrmc2ibm,R,,,Roughly traced,
157751,celltype_prediction_only,acetylcholine,dopamine,0.7780024833950508,dopamine,0.723031712382836,KCa'b'-ap2,KCa'b'-ap2,KCa'b'-ap2_R,Kenyon_Cell,,cb_intrinsic,17488,KCapbp-ap2,KCa'b'-ap2,,VFB_jrmc2i8o,R,,,Roughly traced,
158869,celltype_prediction_only,acetylcholine,dopamine,0.6978977685050798,dopamine,0.723031712382836,KCa'b'-ap2,KCa'b'-ap2,KCa'b'-ap2_R,Kenyon_Cell,,cb_intrinsic,17488,KCapbp-ap2,KCa'b'-ap2,,VFB_jrmc2iei,R,,,Roughly traced,
161026,celltype_prediction_only,acetylcholine,dopamine,0.7070482583454282,dopamine,0.723031712382836,KCa'b'-ap2,KCa'b'-ap2,KCa'b'-ap2_R,Kenyon_Cell,,cb_intrinsic,17488,KCapbp-ap2,KCa'b'-ap2,,VFB_jrmc2iay,R,,,Prelim Roughly traced,
170719,celltype_prediction_only,acetylcholine,dopamine,0.7034997442147393,dopamine,0.723031712382836,KCa'b'-ap2,KCa'b'-ap2,KCa'b'-ap2_R,Kenyon_Cell,,cb_intrinsic,17488,KCapbp-ap2,KCa'b'-ap2,,VFB_jrmc2i8p,R,,,Roughly traced,
180728,celltype_prediction_only,acetylcholine,dopamine,0.7614985514209178,dopamine,0.723031712382836,KCa'b'-ap2,KCa'b'-ap2,KCa'b'-ap2_R,Kenyon_Cell,,cb_intrinsic,17488,KCapbp-ap2,KCa'b'-ap2,,VFB_jrmc2iej,R,,,Roughly traced,
186305,celltype_prediction_only,acetylcholine,dopamine,0.7400933317206901,dopamine,0.723031712382836,KCa'b'-ap2,KCa'b'-ap2,KCa'b'-ap2_R,Kenyon_Cell,,cb_intrinsic,17488,KCapbp-ap2,KCa'b'-ap2,,VFB_jrmc2iaz,R,,,Roughly traced,
200908,celltype_prediction_only,acetylcholine,dopamine,0.7339270159742521,dopamine,0.723031712382836,KCa'b'-ap2,KCa'b'-ap2,KCa'b'-ap2_R,Kenyon_Cell,,cb_intrinsic,17488,KCapbp-ap2,KCa'b'-ap2,,VFB_jrmc2if4,R,,,Roughly traced,
514066,celltype_prediction_only,acetylcholine,dopamine,0.7313476364374112,dopamine,0.723031712382836,KCa'b'-ap2,KCa'b'-ap2,KCa'b'-ap2_R,Kenyon_Cell,,cb_intrinsic,17488,KCapbp-ap2,KCa'b'-ap2,,VFB_jrmc2ib0,R,,,Roughly traced,
520185,celltype_prediction_only,acetylcholine,dopamine,0.6971677620793466,dopamine,0.723031712382836,KCa'b'-ap2,KCa'b'-ap2,KCa'b'-ap2_L,Kenyon_Cell,,cb_intrinsic,17488,KCapbp-ap2,KCa'b'-ap2,,VFB_jrmc2ibi,L,,,Roughly traced,
526720,celltype_prediction_only,acetylcholine,dopamine,0.7087293632075472,dopamine,0.723031712382836,KCa'b'-ap2,KCa'b'-ap2,KCa'b'-ap2_R,Kenyon_Cell,,cb_intrinsic,17488,KCapbp-ap2,KCa'b'-ap2,,VFB_jrmc2ic0,R,,,Roughly traced,
530565,celltype_prediction_only,acetylcholine,dopamine,0.6931331640058055,dopamine,0.723031712382836,KCa'b'-ap2,KCa'b'-ap2,KCa'b'-ap2_L,Kenyon_Cell,,cb_intrinsic,17488,KCapbp-ap2,KCa'b'-ap2,,VFB_jrmc2iem,L,,,Roughly traced,
542101,celltype_prediction_only,acetylcholine,dopamine,0.75558855247127,dopamine,0.723031712382836,KCa'b'-ap2,KCa'b'-ap2,KCa'b'-ap2_R,Kenyon_Cell,,cb_intrinsic,17488,KCapbp-ap2,KCa'b'-ap2,,VFB_jrmc2ifo,R,,,Roughly traced,
545597,celltype_prediction_only,acetylcholine,dopamine,0.697296877285359,dopamine,0.723031712382836,KCa'b'-ap2,KCa'b'-ap2,KCa'b'-ap2_R,Kenyon_Cell,,cb_intrinsic,17488,KCapbp-ap2,KCa'b'-ap2,,VFB_jrmc2ib1,R,,,Roughly traced,
548654,celltype_prediction_only,acetylcholine,dopamine,0.7481030492544697,dopamine,0.723031712382836,KCa'b'-ap2,KCa'b'-ap2,KCa'b'-ap2_R,Kenyon_Cell,,cb_intrinsic,17488,KCapbp-ap2,KCa'b'-ap2,,VFB_jrmc2ib2,R,,,Roughly traced,
549344,celltype_prediction_only,acetylcholine,dopamine,0.7893197898799313,dopamine,0.723031712382836,KCa'b'-ap2,KCa'b'-ap2,KCa'b'-ap2_R,Kenyon_Cell,,cb_intrinsic,17488,KCapbp-ap2,KCa'b'-ap2,,VFB_jrmc2iff,R,,,Roughly traced,
551436,celltype_prediction_only,acetylcholine,dopamine,0.7152735510921755,dopamine,0.723031712382836,KCa'b'-ap2,KCa'b'-ap2,KCa'b'-ap2_R,Kenyon_Cell,,cb_intrinsic,17488,KCapbp-ap2,KCa'b'-ap2,,VFB_jrmc2ifl,R,,,Roughly traced,
552080,celltype_prediction_only,acetylcholine,dopamine,0.7443872794567818,dopamine,0.723031712382836,KCa'b'-ap2,KCa'b'-ap2,KCa'b'-ap2_R,Kenyon_Cell,,cb_intrinsic,17488,KCapbp-ap2,KCa'b'-ap2,,VFB_jrmc2ic1,R,,,Roughly traced,
570453,celltype_prediction_only,acetylcholine,dopamine,0.7416497885797534,dopamine,0.723031712382836,KCa'b'-ap2,KCa'b'-ap2,KCa'b'-ap2_L,Kenyon_Cell,,cb_intrinsic,17488,KCapbp-ap2,KCa'b'-ap2,,VFB_jrmc2ibj,L,,,Roughly traced,
575249,celltype_prediction_only,acetylcholine,dopamine,0.6758297212306646,dopamine,0.723031712382836,KCa'b'-ap2,KCa'b'-ap2,KCa'b'-ap2_R,Kenyon_Cell,,cb_intrinsic,17488,KCapbp-ap2,KCa'b'-ap2,,VFB_jrmc2ifp,R,,,Roughly traced,
580421,celltype_prediction_only,acetylcholine,dopamine,0.6978221045449151,dopamine,0.723031712382836,KCa'b'-ap2,KCa'b'-ap2,KCa'b'-ap2_L,Kenyon_Cell,,cb_intrinsic,17488,KCapbp-ap2,KCa'b'-ap2,,VFB_jrmc2ie6,L,,,Roughly traced,
583851,celltype_prediction_only,acetylcholine,dopamine,0.7240893605870021,dopamine,0.723031712382836,KCa'b'-ap2,KCa'b'-ap2,KCa'b'-ap2_R,Kenyon_Cell,,cb_intrinsic,17488,KCapbp-ap2,KCa'b'-ap2,,VFB_jrmc2iek,R,,,Roughly traced,
35736,celltype_prediction_only,acetylcholine,dopamine,0.6474032780636555,dopamine,0.7045568531821924,KCa'b'-m,KCa'b'-m,KCa'b'-m_R,Kenyon_Cell,,cb_intrinsic,17488,KCapbp-m,KCa'b'-m,,VFB_jrmc2ikq,R,,,Roughly traced,
41480,celltype_prediction_only,acetylcholine,dopamine,0.7241678533285867,dopamine,0.7045568531821924,KCa'b'-m,KCa'b'-m,KCa'b'-m_L,Kenyon_Cell,,cb_intrinsic,17488,KCapbp-m,KCa'b'-m,,VFB_jrmc2ihq,L,,,Roughly traced,
42813,celltype_prediction_only,acetylcholine,dopamine,0.6826058098773069,dopamine,0.7045568531821924,KCa'b'-m,KCa'b'-m,KCa'b'-m_R,Kenyon_Cell,,cb_intrinsic,17488,KCapbp-m,KCa'b'-m,,VFB_jrmc2ilh,R,,,Roughly traced,
43379,celltype_prediction_only,acetylcholine,dopamine,0.7158867096987752,dopamine,0.7045568531821924,KCa'b'-m,KCa'b'-m,KCa'b'-m_L,Kenyon_Cell,,cb_intrinsic,17488,KCapbp-m,KCa'b'-m,,VFB_jrmc2iik,L,,,Roughly traced,
44557,celltype_prediction_only,acetylcholine,dopamine,0.6723232090811474,dopamine,0.7045568531821924,KCa'b'-m,KCa'b'-m,KCa'b'-m_R,Kenyon_Cell,,cb_intrinsic,17488,KCapbp-m,KCa'b'-m,,VFB_jrmc2il5,R,,,Roughly traced,
45807,celltype_prediction_only,acetylcholine,dopamine,0.7012818057018804,dopamine,0.7045568531821924,KCa'b'-m,KCa'b'-m,KCa'b'-m_L,Kenyon_Cell,,cb_intrinsic,17488,KCapbp-m,KCa'b'-m,,VFB_jrmc2iin,L,,,Roughly traced,
46425,celltype_prediction_only,acetylcholine,dopamine,0.6495381289308176,dopamine,0.7045568531821924,KCa'b'-m,KCa'b'-m,KCa'b'-m_R,Kenyon_Cell,,cb_intrinsic,17488,KCapbp-m,KCa'b'-m,,VFB_jrmc2ify,R,,,Roughly traced,
47203,celltype_prediction_only,acetylcholine,dopamine,0.7257901951298178,dopamine,0.7045568531821924,KCa'b'-m,KCa'b'-m,KCa'b'-m_L,Kenyon_Cell,,cb_intrinsic,17488,KCapbp-m,KCa'b'-m,,VFB_jrmc2ijw,L,,,Roughly traced,
47401,celltype_prediction_only,acetylcholine,dopamine,0.7741357870706338,dopamine,0.7045568531821924,KCa'b'-m,KCa'b'-m,KCa'b'-m_L,Kenyon_Cell,,cb_intrinsic,17488,KCapbp-m,KCa'b'-m,,VFB_jrmc2ild,L,,,Roughly traced,
47793,celltype_prediction_only,acetylcholine,dopamine,0.6732754851511789,dopamine,0.7045568531821924,KCa'b'-m,KCa'b'-m,KCa'b'-m_R,Kenyon_Cell,,cb_intrinsic,17488,KCapbp-m,KCa'b'-m,,VFB_jrmc2ifz,R,,,Roughly traced,
49420,celltype_prediction_only,acetylcholine,dopamine,0.7248872476001323,dopamine,0.7045568531821924,KCa'b'-m,KCa'b'-m,KCa'b'-m_L,Kenyon_Cell,,cb_intrinsic,17488,KCapbp-m,KCa'b'-m,,VFB_jrmc2ik4,L,,,Roughly traced,
49774,celltype_prediction_only,acetylcholine,dopamine,0.6978238282608008,dopamine,0.7045568531821924,KCa'b'-m,KCa'b'-m,KCa'b'-m_R,Kenyon_Cell,,cb_intrinsic,17488,KCapbp-m,KCa'b'-m,,VFB_jrmc2igx,R,,,Roughly traced,
49899,celltype_prediction_only,acetylcholine,dopamine,0.7310921010553246,dopamine,0.7045568531821924,KCa'b'-m,KCa'b'-m,KCa'b'-m_R,Kenyon_Cell,,cb_intrinsic,17488,KCapbp-m,KCa'b'-m,,VFB_jrmc2igy,R,,,Roughly traced,
49950,celltype_prediction_only,acetylcholine,dopamine,0.6650582185959544,dopamine,0.7045568531821924,KCa'b'-m,KCa'b'-m,KCa'b'-m_L,Kenyon_Cell,,cb_intrinsic,17488,KCapbp-m,KCa'b'-m,,VFB_jrmc2ij9,L,,,Roughly traced,
50454,celltype_prediction_only,acetylcholine,dopamine,0.683169400371641,dopamine,0.7045568531821924,KCa'b'-m,KCa'b'-m,KCa'b'-m_R,Kenyon_Cell,,cb_intrinsic,17488,KCapbp-m,KCa'b'-m,,VFB_jrmc2ilc,R,,,Roughly traced,
51745,celltype_prediction_only,acetylcholine,dopamine,0.7225006551362684,dopamine,0.7045568531821924,KCa'b'-m,KCa'b'-m,KCa'b'-m_R,Kenyon_Cell,,cb_intrinsic,17488,KCapbp-m,KCa'b'-m,,VFB_jrmc2il1,R,,,Roughly traced,
51753,celltype_prediction_only,acetylcholine,dopamine,0.6809486373165617,dopamine,0.7045568531821924,KCa'b'-m,KCa'b'-m,KCa'b'-m_R,Kenyon_Cell,,cb_intrinsic,17488,KCapbp-m,KCa'b'-m,,VFB_jrmc2ig0,R,,,Roughly traced,
51795,celltype_prediction_only,acetylcholine,dopamine,0.6895874615892709,dopamine,0.7045568531821924,KCa'b'-m,KCa'b'-m,KCa'b'-m_L,Kenyon_Cell,,cb_intrinsic,17488,KCapbp-m,KCa'b'-m,,VFB_jrmc2iio,L,,,Roughly traced,
52267,celltype_prediction_only,acetylcholine,dopamine,0.6379641869967552,dopamine,0.7045568531821924,KCa'b'-m,KCa'b'-m,KCa'b'-m_R,Kenyon_Cell,,cb_intrinsic,17488,KCapbp-m,KCa'b'-m,,VFB_jrmc2igz,R,,,Roughly traced,
52613,celltype_prediction_only,acetylcholine,dopamine,0.7069801493710692,dopamine,0.7045568531821924,KCa'b'-m,KCa'b'-m,KCa'b'-m_R,Kenyon_Cell,,cb_intrinsic,17488,KCapbp-m,KCa'b'-m,,VFB_jrmc2ij1,R,,,Roughly traced,
52706,celltype_prediction_only,acetylcholine,dopamine,0.7200063414295146,dopamine,0.7045568531821924,KCa'b'-m,KCa'b'-m,KCa'b'-m_R,Kenyon_Cell,,cb_intrinsic,17488,KCapbp-m,KCa'b'-m,,VFB_jrmc2ig1,R,,,Roughly traced,
52972,celltype_prediction_only,acetylcholine,dopamine,0.7504271358739647,dopamine,0.7045568531821924,KCa'b'-m,KCa'b'-m,KCa'b'-m_R,Kenyon_Cell,,cb_intrinsic,17488,KCapbp-m,KCa'b'-m,,VFB_jrmc2igr,R,,,Roughly traced,
53448,celltype_prediction_only,acetylcholine,dopamine,0.6961633151274412,dopamine,0.7045568531821924,KCa'b'-m,KCa'b'-m,KCa'b'-m_R,Kenyon_Cell,,cb_intrinsic,17488,KCapbp-m,KCa'b'-m,,VFB_jrmc2ikr,R,,,Roughly traced,
53833,celltype_prediction_only,acetylcholine,dopamine,0.7014895729890765,dopamine,0.7045568531821924,KCa'b'-m,KCa'b'-m,KCa'b'-m_R,Kenyon_Cell,,cb_intrinsic,17488,KCapbp-m,KCa'b'-m,,VFB_jrmc2ij2,R,,,Roughly traced,
53881,celltype_prediction_only,acetylcholine,dopamine,0.692460015554203,dopamine,0.7045568531821924,KCa'b'-m,KCa'b'-m,KCa'b'-m_L,Kenyon_Cell,,cb_intrinsic,17488,KCapbp-m,KCa'b'-m,,VFB_jrmc2ihr,L,,,Roughly traced,
53914,celltype_prediction_only,acetylcholine,dopamine,0.6729659011498634,dopamine,0.7045568531821924,KCa'b'-m,KCa'b'-m,KCa'b'-m_R,Kenyon_Cell,,cb_intrinsic,17488,KCapbp-m,KCa'b'-m,,VFB_jrmc2ih0,R,,,Roughly traced,
53957,celltype_prediction_only,acetylcholine,dopamine,0.7487001774896785,dopamine,0.7045568531821924,KCa'b'-m,KCa'b'-m,KCa'b'-m_R,Kenyon_Cell,,cb_intrinsic,17488,KCapbp-m,KCa'b'-m,,VFB_jrmc2ig2,R,,,Roughly traced,
54429,celltype_prediction_only,acetylcholine,dopamine,0.7061088479130933,dopamine,0.7045568531821924,KCa'b'-m,KCa'b'-m,KCa'b'-m_L,Kenyon_Cell,,cb_intrinsic,17488,KCapbp-m,KCa'b'-m,,VFB_jrmc2iii,L,,,Roughly traced,
54717,celltype_prediction_only,acetylcholine,dopamine,0.6888218516893374,dopamine,0.7045568531821924,KCa'b'-m,KCa'b'-m,KCa'b'-m_L,Kenyon_Cell,,cb_intrinsic,17488,KCapbp-m,KCa'b'-m,,VFB_jrmc2igp,L,,,Roughly traced,
54957,celltype_prediction_only,acetylcholine,dopamine,0.6773446558448403,dopamine,0.7045568531821924,KCa'b'-m,KCa'b'-m,KCa'b'-m_R,Kenyon_Cell,,cb_intrinsic,17488,KCapbp-m,KCa'b'-m,,VFB_jrmc2il6,R,,,Roughly traced,
55216,celltype_prediction_only,acetylcholine,dopamine,0.7399400550314464,dopamine,0.7045568531821924,KCa'b'-m,KCa'b'-m,KCa'b'-m_R,Kenyon_Cell,,cb_intrinsic,17488,KCapbp-m,KCa'b'-m,,VFB_jrmc2ij3,R,,,Roughly traced,
55480,celltype_prediction_only,acetylcholine,dopamine,0.6808508557839733,dopamine,0.7045568531821924,KCa'b'-m,KCa'b'-m,KCa'b'-m_L,Kenyon_Cell,,cb_intrinsic,17488,KCapbp-m,KCa'b'-m,,VFB_jrmc2ik8,L,,,Roughly traced,
55765,celltype_prediction_only,acetylcholine,dopamine,0.7091782454881049,dopamine,0.7045568531821924,KCa'b'-m,KCa'b'-m,KCa'b'-m_L,Kenyon_Cell,,cb_intrinsic,17488,KCapbp-m,KCa'b'-m,,VFB_jrmc2ihs,L,,,Roughly traced,
55884,celltype_prediction_only,acetylcholine,dopamine,0.6950195478497365,dopamine,0.7045568531821924,KCa'b'-m,KCa'b'-m,KCa'b'-m_L,Kenyon_Cell,,cb_intrinsic,17488,KCapbp-m,KCa'b'-m,,VFB_jrmc2ijq,L,,,Roughly traced,
56749,celltype_prediction_only,acetylcholine,dopamine,0.7045990566037735,dopamine,0.7045568531821924,KCa'b'-m,KCa'b'-m,KCa'b'-m_R,Kenyon_Cell,,cb_intrinsic,17488,KCapbp-m,KCa'b'-m,,VFB_jrmc2ig3,R,,,Roughly traced,
57341,celltype_prediction_only,acetylcholine,dopamine,0.6831305259320026,dopamine,0.7045568531821924,KCa'b'-m,KCa'b'-m,KCa'b'-m_R,Kenyon_Cell,,cb_intrinsic,17488,KCapbp-m,KCa'b'-m,,VFB_jrmc2ig4,R,,,Roughly traced,
57387,celltype_prediction_only,acetylcholine,dopamine,0.6904012692671163,dopamine,0.7045568531821924,KCa'b'-m,KCa'b'-m,KCa'b'-m_L,Kenyon_Cell,,cb_intrinsic,17488,KCapbp-m,KCa'b'-m,,VFB_jrmc2ikk,L,,,Roughly traced,
58805,celltype_prediction_only,acetylcholine,dopamine,0.6700129798873166,dopamine,0.7045568531821924,KCa'b'-m,KCa'b'-m,KCa'b'-m_R,Kenyon_Cell,,cb_intrinsic,17488,KCapbp-m,KCa'b'-m,,VFB_jrmc2ig5,R,,,Roughly traced,
58884,celltype_prediction_only,acetylcholine,dopamine,0.7329297934337314,dopamine,0.7045568531821924,KCa'b'-m,KCa'b'-m,KCa'b'-m_L,Kenyon_Cell,,cb_intrinsic,17488,KCapbp-m,KCa'b'-m,,VFB_jrmc2ijx,L,,,Roughly traced,
59078,celltype_prediction_only,acetylcholine,dopamine,0.7083363416121164,dopamine,0.7045568531821924,KCa'b'-m,KCa'b'-m,KCa'b'-m_L,Kenyon_Cell,,cb_intrinsic,17488,KCapbp-m,KCa'b'-m,,VFB_jrmc2ija,L,,,Roughly traced,
59765,celltype_prediction_only,acetylcholine,dopamine,0.6624198909322506,dopamine,0.7045568531821924,KCa'b'-m,KCa'b'-m,KCa'b'-m_R,Kenyon_Cell,,cb_intrinsic,17488,KCapbp-m,KCa'b'-m,,VFB_jrmc2ih1,R,,,Roughly traced,
60083,celltype_prediction_only,acetylcholine,dopamine,0.7150692260656883,dopamine,0.7045568531821924,KCa'b'-m,KCa'b'-m,KCa'b'-m_L,Kenyon_Cell,,cb_intrinsic,17488,KCapbp-m,KCa'b'-m,,VFB_jrmc2ik9,L,,,Roughly traced,
60098,celltype_prediction_only,acetylcholine,dopamine,0.7192915793151642,dopamine,0.7045568531821924,KCa'b'-m,KCa'b'-m,KCa'b'-m_R,Kenyon_Cell,,cb_intrinsic,17488,KCapbp-m,KCa'b'-m,,VFB_jrmc2ih2,R,,,Roughly traced,
60314,celltype_prediction_only,acetylcholine,dopamine,0.6571950255808648,dopamine,0.7045568531821924,KCa'b'-m,KCa'b'-m,KCa'b'-m_R,Kenyon_Cell,,cb_intrinsic,17488,KCapbp-m,KCa'b'-m,,VFB_jrmc2ikx,R,,,Roughly traced,
60505,celltype_prediction_only,acetylcholine,dopamine,0.6990232772764561,dopamine,0.7045568531821924,KCa'b'-m,KCa'b'-m,KCa'b'-m_R,Kenyon_Cell,,cb_intrinsic,17488,KCapbp-m,KCa'b'-m,,VFB_jrmc2ig6,R,,,Roughly traced,
60983,celltype_prediction_only,acetylcholine,dopamine,0.7387180882736035,dopamine,0.7045568531821924,KCa'b'-m,KCa'b'-m,KCa'b'-m_R,Kenyon_Cell,,cb_intrinsic,17488,KCapbp-m,KCa'b'-m,,VFB_jrmc2ig7,R,,,Roughly traced,
61033,celltype_prediction_only,acetylcholine,dopamine,0.7809868159473723,dopamine,0.7045568531821924,KCa'b'-m,KCa'b'-m,KCa'b'-m_R,Kenyon_Cell,,cb_intrinsic,17488,KCapbp-m,KCa'b'-m,,VFB_jrmc2ih3,R,,,Roughly traced,
61334,celltype_prediction_only,acetylcholine,dopamine,0.657062235271467,dopamine,0.7045568531821924,KCa'b'-m,KCa'b'-m,KCa'b'-m_L,Kenyon_Cell,,cb_intrinsic,17488,KCapbp-m,KCa'b'-m,,VFB_jrmc2igq,L,,,Roughly traced,
61639,celltype_prediction_only,acetylcholine,dopamine,0.6617019621331237,dopamine,0.7045568531821924,KCa'b'-m,KCa'b'-m,KCa'b'-m_L,Kenyon_Cell,,cb_intrinsic,17488,KCapbp-m,KCa'b'-m,,VFB_jrmc2iip,L,,,Roughly traced,
61938,celltype_prediction_only,acetylcholine,dopamine,0.7505803128103277,dopamine,0.7045568531821924,KCa'b'-m,KCa'b'-m,KCa'b'-m_R,Kenyon_Cell,,cb_intrinsic,17488,KCapbp-m,KCa'b'-m,,VFB_jrmc2ig8,R,,,Roughly traced,
62057,celltype_prediction_only,acetylcholine,dopamine,0.6560788548512473,dopamine,0.7045568531821924,KCa'b'-m,KCa'b'-m,KCa'b'-m_R,Kenyon_Cell,,cb_intrinsic,17488,KCapbp-m,KCa'b'-m,,VFB_jrmc2iks,R,,,Roughly traced,
62188,celltype_prediction_only,acetylcholine,dopamine,0.7087493874050477,dopamine,0.7045568531821924,KCa'b'-m,KCa'b'-m,KCa'b'-m_L,Kenyon_Cell,,cb_intrinsic,17488,KCapbp-m,KCa'b'-m,,VFB_jrmc2ijy,L,,,Roughly traced,
62417,celltype_prediction_only,acetylcholine,dopamine,0.6974908280922432,dopamine,0.7045568531821924,KCa'b'-m,KCa'b'-m,KCa'b'-m_L,Kenyon_Cell,,cb_intrinsic,17488,KCapbp-m,KCa'b'-m,,VFB_jrmc2iij,L,,,Roughly traced,
62905,celltype_prediction_only,acetylcholine,dopamine,0.7001561703212645,dopamine,0.7045568531821924,KCa'b'-m,KCa'b'-m,KCa'b'-m_R,Kenyon_Cell,,cb_intrinsic,17488,KCapbp-m,KCa'b'-m,,VFB_jrmc2igs,R,,,Roughly traced,
63283,celltype_prediction_only,acetylcholine,dopamine,0.6891891122049039,dopamine,0.7045568531821924,KCa'b'-m,KCa'b'-m,KCa'b'-m_L,Kenyon_Cell,,cb_intrinsic,17488,KCapbp-m,KCa'b'-m,,VFB_jrmc2iiq,L,,,Roughly traced,
63499,celltype_prediction_only,acetylcholine,dopamine,0.6606975655430712,dopamine,0.7045568531821924,KCa'b'-m,KCa'b'-m,KCa'b'-m_R,Kenyon_Cell,,cb_intrinsic,17488,KCapbp-m,KCa'b'-m,,VFB_jrmc2ilj,R,,,Roughly traced,
63823,celltype_prediction_only,acetylcholine,dopamine,0.7026424810967423,dopamine,0.7045568531821924,KCa'b'-m,KCa'b'-m,KCa'b'-m_R,Kenyon_Cell,,cb_intrinsic,17488,KCapbp-m,KCa'b'-m,,VFB_jrmc2ig9,R,,,Roughly traced,
64141,celltype_prediction_only,acetylcholine,dopamine,0.7364575095092833,dopamine,0.7045568531821924,KCa'b'-m,KCa'b'-m,KCa'b'-m_R,Kenyon_Cell,,cb_intrinsic,17488,KCapbp-m,KCa'b'-m,,VFB_jrmc2ih4,R,,,Roughly traced,
64645,celltype_prediction_only,acetylcholine,dopamine,0.7301428559018728,dopamine,0.7045568531821924,KCa'b'-m,KCa'b'-m,KCa'b'-m_R,Kenyon_Cell,,cb_intrinsic,17488,KCapbp-m,KCa'b'-m,,VFB_jrmc2ih5,R,,,Roughly traced,
64799,celltype_prediction_only,acetylcholine,dopamine,0.7284583778331554,dopamine,0.7045568531821924,KCa'b'-m,KCa'b'-m,KCa'b'-m_L,Kenyon_Cell,,cb_intrinsic,17488,KCapbp-m,KCa'b'-m,,VFB_jrmc2iir,L,,,Roughly traced,
64868,celltype_prediction_only,acetylcholine,dopamine,0.7257347605224964,dopamine,0.7045568531821924,KCa'b'-m,KCa'b'-m,KCa'b'-m_L,Kenyon_Cell,,cb_intrinsic,17488,KCapbp-m,KCa'b'-m,,VFB_jrmc2iht,L,,,Roughly traced,
65109,celltype_prediction_only,acetylcholine,dopamine,0.7224433307127883,dopamine,0.7045568531821924,KCa'b'-m,KCa'b'-m,KCa'b'-m_L,Kenyon_Cell,,cb_intrinsic,17488,KCapbp-m,KCa'b'-m,,VFB_jrmc2ikl,L,,,Roughly traced,
65714,celltype_prediction_only,acetylcholine,dopamine,0.7637780667724681,dopamine,0.7045568531821924,KCa'b'-m,KCa'b'-m,KCa'b'-m_L,Kenyon_Cell,,cb_intrinsic,17488,KCapbp-m,KCa'b'-m,,VFB_jrmc2iis,L,,,Roughly traced,
65752,celltype_prediction_only,acetylcholine,dopamine,0.7588795935922386,dopamine,0.7045568531821924,KCa'b'-m,KCa'b'-m,KCa'b'-m_L,Kenyon_Cell,,cb_intrinsic,17488,KCapbp-m,KCa'b'-m,,VFB_jrmc2ika,L,,,Roughly traced,
65814,celltype_prediction_only,acetylcholine,dopamine,0.7077739477503627,dopamine,0.7045568531821924,KCa'b'-m,KCa'b'-m,KCa'b'-m_L,Kenyon_Cell,,cb_intrinsic,17488,KCapbp-m,KCa'b'-m,,VFB_jrmc2iit,L,,,Roughly traced,
65854,celltype_prediction_only,acetylcholine,dopamine,0.6476267688679246,dopamine,0.7045568531821924,KCa'b'-m,KCa'b'-m,KCa'b'-m_R,Kenyon_Cell,,cb_intrinsic,17488,KCapbp-m,KCa'b'-m,,VFB_jrmc2ih6,R,,,Roughly traced,
66720,celltype_prediction_only,acetylcholine,dopamine,0.721687314258069,dopamine,0.7045568531821924,KCa'b'-m,KCa'b'-m,KCa'b'-m_L,Kenyon_Cell,,cb_intrinsic,17488,KCapbp-m,KCa'b'-m,,VFB_jrmc2ikm,L,,,Roughly traced,
67359,celltype_prediction_only,acetylcholine,dopamine,0.7098759136494985,dopamine,0.7045568531821924,KCa'b'-m,KCa'b'-m,KCa'b'-m_R,Kenyon_Cell,,cb_intrinsic,17488,KCapbp-m,KCa'b'-m,,VFB_jrmc2iga,R,,,Roughly traced,
67378,celltype_prediction_only,acetylcholine,dopamine,0.7019656073311733,dopamine,0.7045568531821924,KCa'b'-m,KCa'b'-m,KCa'b'-m_L,Kenyon_Cell,,cb_intrinsic,17488,KCapbp-m,KCa'b'-m,,VFB_jrmc2ijr,L,,,Roughly traced,
67809,celltype_prediction_only,acetylcholine,dopamine,0.6643813562157098,dopamine,0.7045568531821924,KCa'b'-m,KCa'b'-m,KCa'b'-m_L,Kenyon_Cell,,cb_intrinsic,17488,KCapbp-m,KCa'b'-m,,VFB_jrmc2iie,L,,,Roughly traced,
67912,celltype_prediction_only,acetylcholine,dopamine,0.776565457654027,dopamine,0.7045568531821924,KCa'b'-m,KCa'b'-m,KCa'b'-m_L,Kenyon_Cell,,cb_intrinsic,17488,KCapbp-m,KCa'b'-m,,VFB_jrmc2iji,L,,,Roughly traced,
69223,celltype_prediction_only,acetylcholine,dopamine,0.707617362982929,dopamine,0.7045568531821924,KCa'b'-m,KCa'b'-m,KCa'b'-m_L,Kenyon_Cell,,cb_intrinsic,17488,KCapbp-m,KCa'b'-m,,VFB_jrmc2iil,L,,,Roughly traced,
69501,celltype_prediction_only,acetylcholine,dopamine,0.6489365596867678,dopamine,0.7045568531821924,KCa'b'-m,KCa'b'-m,KCa'b'-m_L,Kenyon_Cell,,cb_intrinsic,17488,KCapbp-m,KCa'b'-m,,VFB_jrmc2ihu,L,,,Roughly traced,
69508,celltype_prediction_only,acetylcholine,dopamine,0.66870406428258,dopamine,0.7045568531821924,KCa'b'-m,KCa'b'-m,KCa'b'-m_R,Kenyon_Cell,,cb_intrinsic,17488,KCapbp-m,KCa'b'-m,,VFB_jrmc2igb,R,,,Roughly traced,
69742,celltype_prediction_only,acetylcholine,dopamine,0.7276912997903563,dopamine,0.7045568531821924,KCa'b'-m,KCa'b'-m,KCa'b'-m_L,Kenyon_Cell,,cb_intrinsic,17488,KCapbp-m,KCa'b'-m,,VFB_jrmc2iko,L,,,Roughly traced,
70282,celltype_prediction_only,acetylcholine,dopamine,0.6971000235428649,dopamine,0.7045568531821924,KCa'b'-m,KCa'b'-m,KCa'b'-m_L,Kenyon_Cell,,cb_intrinsic,17488,KCapbp-m,KCa'b'-m,,VFB_jrmc2ihv,L,,,Roughly traced,
71908,celltype_prediction_only,acetylcholine,dopamine,0.7370094419033099,dopamine,0.7045568531821924,KCa'b'-m,KCa'b'-m,KCa'b'-m_R,Kenyon_Cell,,cb_intrinsic,17488,KCapbp-m,KCa'b'-m,,VFB_jrmc2ikt,R,,,Roughly traced,
72362,celltype_prediction_only,acetylcholine,dopamine,0.6783063934623242,dopamine,0.7045568531821924,KCa'b'-m,KCa'b'-m,KCa'b'-m_R,Kenyon_Cell,,cb_intrinsic,17488,KCapbp-m,KCa'b'-m,,VFB_jrmc2ih7,R,,,Roughly traced,
72694,celltype_prediction_only,acetylcholine,dopamine,0.6489057887305866,dopamine,0.7045568531821924,KCa'b'-m,KCa'b'-m,KCa'b'-m_R,Kenyon_Cell,,cb_intrinsic,17488,KCapbp-m,KCa'b'-m,,VFB_jrmc2ila,R,,,Roughly traced,
73583,celltype_prediction_only,acetylcholine,dopamine,0.7157562612309074,dopamine,0.7045568531821924,KCa'b'-m,KCa'b'-m,KCa'b'-m_R,Kenyon_Cell,,cb_intrinsic,17488,KCapbp-m,KCa'b'-m,,VFB_jrmc2ih8,R,,,Roughly traced,
73650,celltype_prediction_only,acetylcholine,dopamine,0.745632098939266,dopamine,0.7045568531821924,KCa'b'-m,KCa'b'-m,KCa'b'-m_L,Kenyon_Cell,,cb_intrinsic,17488,KCapbp-m,KCa'b'-m,,VFB_jrmc2ihw,L,,,Roughly traced,
74116,celltype_prediction_only,acetylcholine,dopamine,0.6894130691140279,dopamine,0.7045568531821924,KCa'b'-m,KCa'b'-m,KCa'b'-m_L,Kenyon_Cell,,cb_intrinsic,17488,KCapbp-m,KCa'b'-m,,VFB_jrmc2ijb,L,,,Roughly traced,
74141,celltype_prediction_only,acetylcholine,dopamine,0.6125140916103002,dopamine,0.7045568531821924,KCa'b'-m,KCa'b'-m,KCa'b'-m_R,Kenyon_Cell,,cb_intrinsic,17488,KCapbp-m,KCa'b'-m,,VFB_jrmc2ij4,R,,,Roughly traced,
74531,celltype_prediction_only,acetylcholine,dopamine,0.6937465818977303,dopamine,0.7045568531821924,KCa'b'-m,KCa'b'-m,KCa'b'-m_L,Kenyon_Cell,,cb_intrinsic,17488,KCapbp-m,KCa'b'-m,,VFB_jrmc2iiu,L,,,Roughly traced,
75216,celltype_prediction_only,acetylcholine,dopamine,0.6973710962914769,dopamine,0.7045568531821924,KCa'b'-m,KCa'b'-m,KCa'b'-m_R,Kenyon_Cell,,cb_intrinsic,17488,KCapbp-m,KCa'b'-m,,VFB_jrmc2ih9,R,,,Roughly traced,
76287,celltype_prediction_only,acetylcholine,dopamine,0.7432067944600562,dopamine,0.7045568531821924,KCa'b'-m,KCa'b'-m,KCa'b'-m_L,Kenyon_Cell,,cb_intrinsic,17488,KCapbp-m,KCa'b'-m,,VFB_jrmc2iiv,L,,,Roughly traced,
76665,celltype_prediction_only,acetylcholine,dopamine,0.7336372796527594,dopamine,0.7045568531821924,KCa'b'-m,KCa'b'-m,KCa'b'-m_L,Kenyon_Cell,,cb_intrinsic,17488,KCapbp-m,KCa'b'-m,,VFB_jrmc2iif,L,,,Roughly traced,
77068,celltype_prediction_only,acetylcholine,dopamine,0.704273927806771,dopamine,0.7045568531821924,KCa'b'-m,KCa'b'-m,KCa'b'-m_L,Kenyon_Cell,,cb_intrinsic,17488,KCapbp-m,KCa'b'-m,,VFB_jrmc2ikb,L,,,Roughly traced,
77199,celltype_prediction_only,acetylcholine,dopamine,0.7238387241689128,dopamine,0.7045568531821924,KCa'b'-m,KCa'b'-m,KCa'b'-m_R,Kenyon_Cell,,cb_intrinsic,17488,KCapbp-m,KCa'b'-m,,VFB_jrmc2iha,R,,,Roughly traced,
77858,celltype_prediction_only,acetylcholine,dopamine,0.7165524137811873,dopamine,0.7045568531821924,KCa'b'-m,KCa'b'-m,KCa'b'-m_L,Kenyon_Cell,,cb_intrinsic,17488,KCapbp-m,KCa'b'-m,,VFB_jrmc2ijc,L,,,Roughly traced,
78150,celltype_prediction_only,acetylcholine,dopamine,0.6653082542826366,dopamine,0.7045568531821924,KCa'b'-m,KCa'b'-m,KCa'b'-m_L,Kenyon_Cell,,cb_intrinsic,17488,KCapbp-m,KCa'b'-m,,VFB_jrmc2ile,L,,,Roughly traced,
78189,celltype_prediction_only,acetylcholine,dopamine,0.7037728026533997,dopamine,0.7045568531821924,KCa'b'-m,KCa'b'-m,KCa'b'-m_L,Kenyon_Cell,,cb_intrinsic,17488,KCapbp-m,KCa'b'-m,,VFB_jrmc2ilg,L,,,Roughly traced,
78194,celltype_prediction_only,acetylcholine,dopamine,0.6854412071301991,dopamine,0.7045568531821924,KCa'b'-m,KCa'b'-m,KCa'b'-m_L,Kenyon_Cell,,cb_intrinsic,17488,KCapbp-m,KCa'b'-m,,VFB_jrmc2ijd,L,,,Roughly traced,
78997,celltype_prediction_only,acetylcholine,dopamine,0.7171492710946304,dopamine,0.7045568531821924,KCa'b'-m,KCa'b'-m,KCa'b'-m_R,Kenyon_Cell,,cb_intrinsic,17488,KCapbp-m,KCa'b'-m,,VFB_jrmc2igt,R,,,Roughly traced,
79224,celltype_prediction_only,acetylcholine,dopamine,0.738180697322748,dopamine,0.7045568531821924,KCa'b'-m,KCa'b'-m,KCa'b'-m_L,Kenyon_Cell,,cb_intrinsic,17488,KCapbp-m,KCa'b'-m,,VFB_jrmc2ihx,L,,,Roughly traced,
79684,celltype_prediction_only,acetylcholine,dopamine,0.7158945947549543,dopamine,0.7045568531821924,KCa'b'-m,KCa'b'-m,KCa'b'-m_R,Kenyon_Cell,,cb_intrinsic,17488,KCapbp-m,KCa'b'-m,,VFB_jrmc2ihb,R,,,Roughly traced,
79793,celltype_prediction_only,acetylcholine,dopamine,0.7234302537958198,dopamine,0.7045568531821924,KCa'b'-m,KCa'b'-m,KCa'b'-m_L,Kenyon_Cell,,cb_intrinsic,17488,KCapbp-m,KCa'b'-m,,VFB_jrmc2iib,L,,,Roughly traced,
79846,celltype_prediction_only,acetylcholine,dopamine,0.6477328498200458,dopamine,0.7045568531821924,KCa'b'-m,KCa'b'-m,KCa'b'-m_R,Kenyon_Cell,,cb_intrinsic,17488,KCapbp-m,KCa'b'-m,,VFB_jrmc2il7,R,,,Roughly traced,
79860,celltype_prediction_only,acetylcholine,dopamine,0.7259191115940598,dopamine,0.7045568531821924,KCa'b'-m,KCa'b'-m,KCa'b'-m_R,Kenyon_Cell,,cb_intrinsic,17488,KCapbp-m,KCa'b'-m,,VFB_jrmc2il2,R,,,Roughly traced,
80274,celltype_prediction_only,acetylcholine,dopamine,0.6987332940251573,dopamine,0.7045568531821924,KCa'b'-m,KCa'b'-m,KCa'b'-m_L,Kenyon_Cell,,cb_intrinsic,17488,KCapbp-m,KCa'b'-m,,VFB_jrmc2iim,L,,,Roughly traced,
80735,celltype_prediction_only,acetylcholine,dopamine,0.7210172730281965,dopamine,0.7045568531821924,KCa'b'-m,KCa'b'-m,KCa'b'-m_L,Kenyon_Cell,,cb_intrinsic,17488,KCapbp-m,KCa'b'-m,,VFB_jrmc2ik5,L,,,Roughly traced,
81129,celltype_prediction_only,acetylcholine,dopamine,0.6833316517001311,dopamine,0.7045568531821924,KCa'b'-m,KCa'b'-m,KCa'b'-m_L,Kenyon_Cell,,cb_intrinsic,17488,KCapbp-m,KCa'b'-m,,VFB_jrmc2iiw,L,,,Roughly traced,
81187,celltype_prediction_only,acetylcholine,dopamine,0.6598798990868067,dopamine,0.7045568531821924,KCa'b'-m,KCa'b'-m,KCa'b'-m_R,Kenyon_Cell,,cb_intrinsic,17488,KCapbp-m,KCa'b'-m,,VFB_jrmc2ihc,R,,,Roughly traced,
81239,celltype_prediction_only,acetylcholine,dopamine,0.7301808610445117,dopamine,0.7045568531821924,KCa'b'-m,KCa'b'-m,KCa'b'-m_R,Kenyon_Cell,,cb_intrinsic,17488,KCapbp-m,KCa'b'-m,,VFB_jrmc2igc,R,,,Roughly traced,
81348,celltype_prediction_only,acetylcholine,dopamine,0.6917462535911173,dopamine,0.7045568531821924,KCa'b'-m,KCa'b'-m,KCa'b'-m_R,Kenyon_Cell,,cb_intrinsic,17488,KCapbp-m,KCa'b'-m,,VFB_jrmc2ihd,R,,,Roughly traced,
81956,celltype_prediction_only,acetylcholine,dopamine,0.6973343571741991,dopamine,0.7045568531821924,KCa'b'-m,KCa'b'-m,KCa'b'-m_L,Kenyon_Cell,,cb_intrinsic,17488,KCapbp-m,KCa'b'-m,,VFB_jrmc2ijj,L,,,Roughly traced,
82025,celltype_prediction_only,acetylcholine,dopamine,0.6438637868255545,dopamine,0.7045568531821924,KCa'b'-m,KCa'b'-m,KCa'b'-m_R,Kenyon_Cell,,cb_intrinsic,17488,KCapbp-m,KCa'b'-m,,VFB_jrmc2igd,R,,,Prelim Roughly traced,
82474,celltype_prediction_only,acetylcholine,dopamine,0.6965126418708885,dopamine,0.7045568531821924,KCa'b'-m,KCa'b'-m,KCa'b'-m_R,Kenyon_Cell,,cb_intrinsic,17488,KCapbp-m,KCa'b'-m,,VFB_jrmc2ihe,R,,,Prelim Roughly traced,
82480,celltype_prediction_only,acetylcholine,dopamine,0.7414025233190532,dopamine,0.7045568531821924,KCa'b'-m,KCa'b'-m,KCa'b'-m_L,Kenyon_Cell,,cb_intrinsic,17488,KCapbp-m,KCa'b'-m,,VFB_jrmc2ije,L,,,Roughly traced,
82648,celltype_prediction_only,acetylcholine,dopamine,0.6763375124131082,dopamine,0.7045568531821924,KCa'b'-m,KCa'b'-m,KCa'b'-m_R,Kenyon_Cell,,cb_intrinsic,17488,KCapbp-m,KCa'b'-m,,VFB_jrmc2ige,R,,,Prelim Roughly traced,
82744,celltype_prediction_only,acetylcholine,dopamine,0.6884455800139763,dopamine,0.7045568531821924,KCa'b'-m,KCa'b'-m,KCa'b'-m_R,Kenyon_Cell,,cb_intrinsic,17488,KCapbp-m,KCa'b'-m,,VFB_jrmc2il3,R,,,Roughly traced,
82804,celltype_prediction_only,acetylcholine,dopamine,0.7182689684385859,dopamine,0.7045568531821924,KCa'b'-m,KCa'b'-m,KCa'b'-m_L,Kenyon_Cell,,cb_intrinsic,17488,KCapbp-m,KCa'b'-m,,VFB_jrmc2ik6,L,,,Roughly traced,
82906,celltype_prediction_only,acetylcholine,dopamine,0.6684117114541643,dopamine,0.7045568531821924,KCa'b'-m,KCa'b'-m,KCa'b'-m_R,Kenyon_Cell,,cb_intrinsic,17488,KCapbp-m,KCa'b'-m,,VFB_jrmc2igf,R,,,Roughly traced,
83072,celltype_prediction_only,acetylcholine,dopamine,0.6974811734524993,dopamine,0.7045568531821924,KCa'b'-m,KCa'b'-m,KCa'b'-m_L,Kenyon_Cell,,cb_intrinsic,17488,KCapbp-m,KCa'b'-m,,VFB_jrmc2ihy,L,,,Roughly traced,
83456,celltype_prediction_only,acetylcholine,dopamine,0.7101113426941641,dopamine,0.7045568531821924,KCa'b'-m,KCa'b'-m,KCa'b'-m_L,Kenyon_Cell,,cb_intrinsic,17488,KCapbp-m,KCa'b'-m,,VFB_jrmc2ijs,L,,,Roughly traced,
83481,celltype_prediction_only,acetylcholine,dopamine,0.7061882583698622,dopamine,0.7045568531821924,KCa'b'-m,KCa'b'-m,KCa'b'-m_L,Kenyon_Cell,,cb_intrinsic,17488,KCapbp-m,KCa'b'-m,,VFB_jrmc2ijf,L,,,Roughly traced,
83894,celltype_prediction_only,acetylcholine,dopamine,0.6533813623397601,dopamine,0.7045568531821924,KCa'b'-m,KCa'b'-m,KCa'b'-m_R,Kenyon_Cell,,cb_intrinsic,17488,KCapbp-m,KCa'b'-m,,VFB_jrmc2iky,R,,,Roughly traced,
84602,celltype_prediction_only,acetylcholine,dopamine,0.7070069343654249,dopamine,0.7045568531821924,KCa'b'-m,KCa'b'-m,KCa'b'-m_L,Kenyon_Cell,,cb_intrinsic,17488,KCapbp-m,KCa'b'-m,,VFB_jrmc2igw,L,,,Roughly traced,
85242,celltype_prediction_only,acetylcholine,dopamine,0.6828916335650447,dopamine,0.7045568531821924,KCa'b'-m,KCa'b'-m,KCa'b'-m_R,Kenyon_Cell,,cb_intrinsic,17488,KCapbp-m,KCa'b'-m,,VFB_jrmc2ihf,R,,,Roughly traced,
85750,celltype_prediction_only,acetylcholine,dopamine,0.6818588350646597,dopamine,0.7045568531821924,KCa'b'-m,KCa'b'-m,KCa'b'-m_L,Kenyon_Cell,,cb_intrinsic,17488,KCapbp-m,KCa'b'-m,,VFB_jrmc2ikc,L,,,Roughly traced,
86437,celltype_prediction_only,acetylcholine,dopamine,0.7186390002281096,dopamine,0.7045568531821924,KCa'b'-m,KCa'b'-m,KCa'b'-m_R,Kenyon_Cell,,cb_intrinsic,17488,KCapbp-m,KCa'b'-m,,VFB_jrmc2igg,R,,,Roughly traced,
87364,celltype_prediction_only,acetylcholine,dopamine,0.6835971001286449,dopamine,0.7045568531821924,KCa'b'-m,KCa'b'-m,KCa'b'-m_R,Kenyon_Cell,,cb_intrinsic,17488,KCapbp-m,KCa'b'-m,,VFB_jrmc2ilf,R,,,Roughly traced,
87533,celltype_prediction_only,acetylcholine,dopamine,0.7253966552315609,dopamine,0.7045568531821924,KCa'b'-m,KCa'b'-m,KCa'b'-m_L,Kenyon_Cell,,cb_intrinsic,17488,KCapbp-m,KCa'b'-m,,VFB_jrmc2ikd,L,,,Roughly traced,
87667,celltype_prediction_only,acetylcholine,dopamine,0.7042517599342482,dopamine,0.7045568531821924,KCa'b'-m,KCa'b'-m,KCa'b'-m_L,Kenyon_Cell,,cb_intrinsic,17488,KCapbp-m,KCa'b'-m,,VFB_jrmc2ili,L,,,Roughly traced,
88283,celltype_prediction_only,acetylcholine,dopamine,0.707067869645188,dopamine,0.7045568531821924,KCa'b'-m,KCa'b'-m,KCa'b'-m_R,Kenyon_Cell,,cb_intrinsic,17488,KCapbp-m,KCa'b'-m,,VFB_jrmc2ihg,R,,,Roughly traced,
88711,celltype_prediction_only,acetylcholine,dopamine,0.7291648212123896,dopamine,0.7045568531821924,KCa'b'-m,KCa'b'-m,KCa'b'-m_L,Kenyon_Cell,,cb_intrinsic,17488,KCapbp-m,KCa'b'-m,,VFB_jrmc2ijk,L,,,Roughly traced,
88808,celltype_prediction_only,acetylcholine,dopamine,0.7309214959568734,dopamine,0.7045568531821924,KCa'b'-m,KCa'b'-m,KCa'b'-m_L,Kenyon_Cell,,cb_intrinsic,17488,KCapbp-m,KCa'b'-m,,VFB_jrmc2iix,L,,,Roughly traced,
88834,celltype_prediction_only,acetylcholine,dopamine,0.7160881309466215,dopamine,0.7045568531821924,KCa'b'-m,KCa'b'-m,KCa'b'-m_L,Kenyon_Cell,,cb_intrinsic,17488,KCapbp-m,KCa'b'-m,,VFB_jrmc2ij8,L,,,Roughly traced,
89419,celltype_prediction_only,acetylcholine,dopamine,0.785542566766931,dopamine,0.7045568531821924,KCa'b'-m,KCa'b'-m,KCa'b'-m_L,Kenyon_Cell,,cb_intrinsic,17488,KCapbp-m,KCa'b'-m,,VFB_jrmc2ilm,L,,,Roughly traced,
89707,celltype_prediction_only,acetylcholine,dopamine,0.7841264576781971,dopamine,0.7045568531821924,KCa'b'-m,KCa'b'-m,KCa'b'-m_L,Kenyon_Cell,,cb_intrinsic,17488,KCapbp-m,KCa'b'-m,,VFB_jrmc2iiy,L,,,Roughly traced,
90091,celltype_prediction_only,acetylcholine,dopamine,0.7245457721872817,dopamine,0.7045568531821924,KCa'b'-m,KCa'b'-m,KCa'b'-m_L,Kenyon_Cell,,cb_intrinsic,17488,KCapbp-m,KCa'b'-m,,VFB_jrmc2ihz,L,,,Roughly traced,
90291,celltype_prediction_only,acetylcholine,dopamine,0.7625776084502499,dopamine,0.7045568531821924,KCa'b'-m,KCa'b'-m,KCa'b'-m_R,Kenyon_Cell,,cb_intrinsic,17488,KCapbp-m,KCa'b'-m,,VFB_jrmc2ikj,R,,,Roughly traced,
90525,celltype_prediction_only,acetylcholine,dopamine,0.7742493535102002,dopamine,0.7045568531821924,KCa'b'-m,KCa'b'-m,KCa'b'-m_L,Kenyon_Cell,,cb_intrinsic,17488,KCapbp-m,KCa'b'-m,,VFB_jrmc2ii0,L,,,Roughly traced,
90614,celltype_prediction_only,acetylcholine,dopamine,0.6993867924528301,dopamine,0.7045568531821924,KCa'b'-m,KCa'b'-m,KCa'b'-m_L,Kenyon_Cell,,cb_intrinsic,17488,KCapbp-m,KCa'b'-m,,VFB_jrmc2ii1,L,,,Roughly traced,
91386,celltype_prediction_only,acetylcholine,dopamine,0.722430127711462,dopamine,0.7045568531821924,KCa'b'-m,KCa'b'-m,KCa'b'-m_R,Kenyon_Cell,,cb_intrinsic,17488,KCapbp-m,KCa'b'-m,,VFB_jrmc2igh,R,,,Roughly traced,
92294,celltype_prediction_only,acetylcholine,dopamine,0.7120995093681056,dopamine,0.7045568531821924,KCa'b'-m,KCa'b'-m,KCa'b'-m_R,Kenyon_Cell,,cb_intrinsic,17488,KCapbp-m,KCa'b'-m,,VFB_jrmc2igu,R,,,Roughly traced,
92402,celltype_prediction_only,acetylcholine,dopamine,0.7102689954105048,dopamine,0.7045568531821924,KCa'b'-m,KCa'b'-m,KCa'b'-m_L,Kenyon_Cell,,cb_intrinsic,17488,KCapbp-m,KCa'b'-m,,VFB_jrmc2ike,L,,,Roughly traced,
93017,celltype_prediction_only,acetylcholine,dopamine,0.7372710344028055,dopamine,0.7045568531821924,KCa'b'-m,KCa'b'-m,KCa'b'-m_L,Kenyon_Cell,,cb_intrinsic,17488,KCapbp-m,KCa'b'-m,,VFB_jrmc2ijz,L,,,Roughly traced,
93582,celltype_prediction_only,acetylcholine,dopamine,0.7307722544750846,dopamine,0.7045568531821924,KCa'b'-m,KCa'b'-m,KCa'b'-m_R,Kenyon_Cell,,cb_intrinsic,17488,KCapbp-m,KCa'b'-m,,VFB_jrmc2igi,R,,,Roughly traced,
94802,celltype_prediction_only,acetylcholine,dopamine,0.6653441103249476,dopamine,0.7045568531821924,KCa'b'-m,KCa'b'-m,KCa'b'-m_R,Kenyon_Cell,,cb_intrinsic,17488,KCapbp-m,KCa'b'-m,,VFB_jrmc2ihh,R,,,Roughly traced,
95735,celltype_prediction_only,acetylcholine,dopamine,0.7199640998234037,dopamine,0.7045568531821924,KCa'b'-m,KCa'b'-m,KCa'b'-m_L,Kenyon_Cell,,cb_intrinsic,17488,KCapbp-m,KCa'b'-m,,VFB_jrmc2ikn,L,,,Roughly traced,
96065,celltype_prediction_only,acetylcholine,dopamine,0.6762656491040703,dopamine,0.7045568531821924,KCa'b'-m,KCa'b'-m,KCa'b'-m_R,Kenyon_Cell,,cb_intrinsic,17488,KCapbp-m,KCa'b'-m,,VFB_jrmc2iku,R,,,Roughly traced,
97949,celltype_prediction_only,acetylcholine,dopamine,0.6760775064742879,dopamine,0.7045568531821924,KCa'b'-m,KCa'b'-m,KCa'b'-m_L,Kenyon_Cell,,cb_intrinsic,17488,KCapbp-m,KCa'b'-m,,VFB_jrmc2ijl,L,,,Roughly traced,
99140,celltype_prediction_only,acetylcholine,dopamine,0.6585694191861786,dopamine,0.7045568531821924,KCa'b'-m,KCa'b'-m,KCa'b'-m_R,Kenyon_Cell,,cb_intrinsic,17488,KCapbp-m,KCa'b'-m,,VFB_jrmc2ikv,R,,,Roughly traced,
99796,celltype_prediction_only,acetylcholine,dopamine,0.6889763963761605,dopamine,0.7045568531821924,KCa'b'-m,KCa'b'-m,KCa'b'-m_R,Kenyon_Cell,,cb_intrinsic,17488,KCapbp-m,KCa'b'-m,,VFB_jrmc2ihi,R,,,Roughly traced,
100423,celltype_prediction_only,acetylcholine,dopamine,0.7205140448354361,dopamine,0.7045568531821924,KCa'b'-m,KCa'b'-m,KCa'b'-m_R,Kenyon_Cell,,cb_intrinsic,17488,KCapbp-m,KCa'b'-m,,VFB_jrmc2ihj,R,,,Roughly traced,
101648,celltype_prediction_only,acetylcholine,dopamine,0.7273167017768822,dopamine,0.7045568531821924,KCa'b'-m,KCa'b'-m,KCa'b'-m_L,Kenyon_Cell,,cb_intrinsic,17488,KCapbp-m,KCa'b'-m,,VFB_jrmc2ikf,L,,,Roughly traced,
102317,celltype_prediction_only,acetylcholine,dopamine,0.7052119976548342,dopamine,0.7045568531821924,KCa'b'-m,KCa'b'-m,KCa'b'-m_L,Kenyon_Cell,,cb_intrinsic,17488,KCapbp-m,KCa'b'-m,,VFB_jrmc2ik0,L,,,Roughly traced,
103794,celltype_prediction_only,acetylcholine,dopamine,0.6802269846617893,dopamine,0.7045568531821924,KCa'b'-m,KCa'b'-m,KCa'b'-m_L,Kenyon_Cell,,cb_intrinsic,17488,KCapbp-m,KCa'b'-m,,VFB_jrmc2ii2,L,,,Roughly traced,
103845,celltype_prediction_only,acetylcholine,dopamine,0.6943625524109015,dopamine,0.7045568531821924,KCa'b'-m,KCa'b'-m,KCa'b'-m_L,Kenyon_Cell,,cb_intrinsic,17488,KCapbp-m,KCa'b'-m,,VFB_jrmc2ii3,L,,,Roughly traced,
104448,celltype_prediction_only,acetylcholine,dopamine,0.7210689897027993,dopamine,0.7045568531821924,KCa'b'-m,KCa'b'-m,KCa'b'-m_L,Kenyon_Cell,,cb_intrinsic,17488,KCapbp-m,KCa'b'-m,,VFB_jrmc2ikp,L,,,Roughly traced,
106448,celltype_prediction_only,acetylcholine,dopamine,0.6896206257055314,dopamine,0.7045568531821924,KCa'b'-m,KCa'b'-m,KCa'b'-m_L,Kenyon_Cell,,cb_intrinsic,17488,KCapbp-m,KCa'b'-m,,VFB_jrmc2iig,L,,,Roughly traced,
107312,celltype_prediction_only,acetylcholine,dopamine,0.7125855771750524,dopamine,0.7045568531821924,KCa'b'-m,KCa'b'-m,KCa'b'-m_L,Kenyon_Cell,,cb_intrinsic,17488,KCapbp-m,KCa'b'-m,,VFB_jrmc2ik1,L,,,Roughly traced,
108406,celltype_prediction_only,acetylcholine,dopamine,0.6843371872436423,dopamine,0.7045568531821924,KCa'b'-m,KCa'b'-m,KCa'b'-m_R,Kenyon_Cell,,cb_intrinsic,17488,KCapbp-m,KCa'b'-m,,VFB_jrmc2ikz,R,,,Roughly traced,
109607,celltype_prediction_only,acetylcholine,dopamine,0.6764686613639166,dopamine,0.7045568531821924,KCa'b'-m,KCa'b'-m,KCa'b'-m_L,Kenyon_Cell,,cb_intrinsic,17488,KCapbp-m,KCa'b'-m,,VFB_jrmc2ijm,L,,,Roughly traced,
112144,celltype_prediction_only,acetylcholine,dopamine,0.7525078230977925,dopamine,0.7045568531821924,KCa'b'-m,KCa'b'-m,KCa'b'-m_L,Kenyon_Cell,,cb_intrinsic,17488,KCapbp-m,KCa'b'-m,,VFB_jrmc2ik7,L,,,Roughly traced,
112293,celltype_prediction_only,acetylcholine,dopamine,0.729188916577667,dopamine,0.7045568531821924,KCa'b'-m,KCa'b'-m,KCa'b'-m_L,Kenyon_Cell,,cb_intrinsic,17488,KCapbp-m,KCa'b'-m,,VFB_jrmc2iiz,L,,,Roughly traced,
117106,celltype_prediction_only,acetylcholine,dopamine,0.7214738123156735,dopamine,0.7045568531821924,KCa'b'-m,KCa'b'-m,KCa'b'-m_L,Kenyon_Cell,,cb_intrinsic,17488,KCapbp-m,KCa'b'-m,,VFB_jrmc2ii4,L,,,Roughly traced,
118636,celltype_prediction_only,acetylcholine,dopamine,0.7418715629082733,dopamine,0.7045568531821924,KCa'b'-m,KCa'b'-m,KCa'b'-m_R,Kenyon_Cell,,cb_intrinsic,17488,KCapbp-m,KCa'b'-m,,VFB_jrmc2igj,R,,,Roughly traced,
122691,celltype_prediction_only,acetylcholine,dopamine,0.6846157625786163,dopamine,0.7045568531821924,KCa'b'-m,KCa'b'-m,KCa'b'-m_L,Kenyon_Cell,,cb_intrinsic,17488,KCapbp-m,KCa'b'-m,,VFB_jrmc2ik2,L,,,Roughly traced,
123523,celltype_prediction_only,acetylcholine,dopamine,0.6895111553892865,dopamine,0.7045568531821924,KCa'b'-m,KCa'b'-m,KCa'b'-m_L,Kenyon_Cell,,cb_intrinsic,17488,KCapbp-m,KCa'b'-m,,VFB_jrmc2iic,L,,,Roughly traced,
127471,celltype_prediction_only,acetylcholine,dopamine,0.6867667129585289,dopamine,0.7045568531821924,KCa'b'-m,KCa'b'-m,KCa'b'-m_L,Kenyon_Cell,,cb_intrinsic,17488,KCapbp-m,KCa'b'-m,,VFB_jrmc2ii5,L,,,Roughly traced,
127739,celltype_prediction_only,acetylcholine,dopamine,0.6613549711604263,dopamine,0.7045568531821924,KCa'b'-m,KCa'b'-m,KCa'b'-m_R,Kenyon_Cell,,cb_intrinsic,17488,KCapbp-m,KCa'b'-m,,VFB_jrmc2il0,R,,,Roughly traced,
130950,celltype_prediction_only,acetylcholine,dopamine,0.7181623726973789,dopamine,0.7045568531821924,KCa'b'-m,KCa'b'-m,KCa'b'-m_L,Kenyon_Cell,,cb_intrinsic,17488,KCapbp-m,KCa'b'-m,,VFB_jrmc2ijn,L,,,Roughly traced,
132117,celltype_prediction_only,acetylcholine,dopamine,0.7155494409503843,dopamine,0.7045568531821924,KCa'b'-m,KCa'b'-m,KCa'b'-m_L,Kenyon_Cell,,cb_intrinsic,17488,KCapbp-m,KCa'b'-m,,VFB_jrmc2ijt,L,,,Roughly traced,
133549,celltype_prediction_only,acetylcholine,dopamine,0.7334215676435166,dopamine,0.7045568531821924,KCa'b'-m,KCa'b'-m,KCa'b'-m_L,Kenyon_Cell,,cb_intrinsic,17488,KCapbp-m,KCa'b'-m,,VFB_jrmc2ijg,L,,,Roughly traced,
134731,celltype_prediction_only,acetylcholine,dopamine,0.714803895877009,dopamine,0.7045568531821924,KCa'b'-m,KCa'b'-m,KCa'b'-m_L,Kenyon_Cell,,cb_intrinsic,17488,KCapbp-m,KCa'b'-m,,VFB_jrmc2ii6,L,,,Roughly traced,
134859,celltype_prediction_only,acetylcholine,dopamine,0.7122188745101914,dopamine,0.7045568531821924,KCa'b'-m,KCa'b'-m,KCa'b'-m_L,Kenyon_Cell,,cb_intrinsic,17488,KCapbp-m,KCa'b'-m,,VFB_jrmc2ill,L,,,Roughly traced,
135092,celltype_prediction_only,acetylcholine,dopamine,0.6659460167714885,dopamine,0.7045568531821924,KCa'b'-m,KCa'b'-m,KCa'b'-m_R,Kenyon_Cell,,cb_intrinsic,17488,KCapbp-m,KCa'b'-m,,VFB_jrmc2ihk,R,,,Roughly traced,
137995,celltype_prediction_only,acetylcholine,dopamine,0.672096224924737,dopamine,0.7045568531821924,KCa'b'-m,KCa'b'-m,KCa'b'-m_L,Kenyon_Cell,,cb_intrinsic,17488,KCapbp-m,KCa'b'-m,,VFB_jrmc2iju,L,,,Roughly traced,
139389,celltype_prediction_only,acetylcholine,dopamine,0.7510205411495645,dopamine,0.7045568531821924,KCa'b'-m,KCa'b'-m,KCa'b'-m_R,Kenyon_Cell,,cb_intrinsic,17488,KCapbp-m,KCa'b'-m,,VFB_jrmc2ihl,R,,,Roughly traced,
139498,celltype_prediction_only,acetylcholine,dopamine,0.6941300448784804,dopamine,0.7045568531821924,KCa'b'-m,KCa'b'-m,KCa'b'-m_L,Kenyon_Cell,,cb_intrinsic,17488,KCapbp-m,KCa'b'-m,,VFB_jrmc2iih,L,,,Roughly traced,
139584,celltype_prediction_only,acetylcholine,dopamine,0.7211002584872732,dopamine,0.7045568531821924,KCa'b'-m,KCa'b'-m,KCa'b'-m_L,Kenyon_Cell,,cb_intrinsic,17488,KCapbp-m,KCa'b'-m,,VFB_jrmc2ii7,L,,,Roughly traced,
140582,celltype_prediction_only,acetylcholine,dopamine,0.6876564694388471,dopamine,0.7045568531821924,KCa'b'-m,KCa'b'-m,KCa'b'-m_L,Kenyon_Cell,,cb_intrinsic,17488,KCapbp-m,KCa'b'-m,,VFB_jrmc2ii8,L,,,Roughly traced,
142329,celltype_prediction_only,acetylcholine,dopamine,0.7197809776012358,dopamine,0.7045568531821924,KCa'b'-m,KCa'b'-m,KCa'b'-m_L,Kenyon_Cell,,cb_intrinsic,17488,KCapbp-m,KCa'b'-m,,VFB_jrmc2iid,L,,,Roughly traced,
142608,celltype_prediction_only,acetylcholine,dopamine,0.67762593662544,dopamine,0.7045568531821924,KCa'b'-m,KCa'b'-m,KCa'b'-m_R,Kenyon_Cell,,cb_intrinsic,17488,KCapbp-m,KCa'b'-m,,VFB_jrmc2ihm,R,,,Prelim Roughly traced,
142848,celltype_prediction_only,acetylcholine,dopamine,0.728030381138949,dopamine,0.7045568531821924,KCa'b'-m,KCa'b'-m,KCa'b'-m_L,Kenyon_Cell,,cb_intrinsic,17488,KCapbp-m,KCa'b'-m,,VFB_jrmc2ilk,L,,,Roughly traced,
144340,celltype_prediction_only,acetylcholine,dopamine,0.7132183075085204,dopamine,0.7045568531821924,KCa'b'-m,KCa'b'-m,KCa'b'-m_R,Kenyon_Cell,,cb_intrinsic,17488,KCapbp-m,KCa'b'-m,,VFB_jrmc2igk,R,,,Prelim Roughly traced,
144486,celltype_prediction_only,acetylcholine,dopamine,0.7529252354330971,dopamine,0.7045568531821924,KCa'b'-m,KCa'b'-m,KCa'b'-m_L,Kenyon_Cell,,cb_intrinsic,17488,KCapbp-m,KCa'b'-m,,VFB_jrmc2ikg,L,,,Roughly traced,
149132,celltype_prediction_only,acetylcholine,dopamine,0.7198503785602692,dopamine,0.7045568531821924,KCa'b'-m,KCa'b'-m,KCa'b'-m_L,Kenyon_Cell,,cb_intrinsic,17488,KCapbp-m,KCa'b'-m,,VFB_jrmc2ikh,L,,,Roughly traced,
150738,celltype_prediction_only,acetylcholine,dopamine,0.7708623105144331,dopamine,0.7045568531821924,KCa'b'-m,KCa'b'-m,KCa'b'-m_R,Kenyon_Cell,,cb_intrinsic,17488,KCapbp-m,KCa'b'-m,,VFB_jrmc2ikw,R,,,Roughly traced,
150926,celltype_prediction_only,acetylcholine,dopamine,0.7190010040160643,dopamine,0.7045568531821924,KCa'b'-m,KCa'b'-m,KCa'b'-m_L,Kenyon_Cell,,cb_intrinsic,17488,KCapbp-m,KCa'b'-m,,VFB_jrmc2iki,L,,,Roughly traced,
152706,celltype_prediction_only,acetylcholine,dopamine,0.6808650509650834,dopamine,0.7045568531821924,KCa'b'-m,KCa'b'-m,KCa'b'-m_L,Kenyon_Cell,,cb_intrinsic,17488,KCapbp-m,KCa'b'-m,,VFB_jrmc2ijo,L,,,Roughly traced,
153165,celltype_prediction_only,acetylcholine,dopamine,0.6849022422750889,dopamine,0.7045568531821924,KCa'b'-m,KCa'b'-m,KCa'b'-m_R,Kenyon_Cell,,cb_intrinsic,17488,KCapbp-m,KCa'b'-m,,VFB_jrmc2igl,R,,,Roughly traced,
153774,celltype_prediction_only,acetylcholine,dopamine,0.7430039387586558,dopamine,0.7045568531821924,KCa'b'-m,KCa'b'-m,KCa'b'-m_L,Kenyon_Cell,,cb_intrinsic,17488,KCapbp-m,KCa'b'-m,,VFB_jrmc2ij0,L,,,Roughly traced,
154400,celltype_prediction_only,acetylcholine,dopamine,0.7148876294627491,dopamine,0.7045568531821924,KCa'b'-m,KCa'b'-m,KCa'b'-m_L,Kenyon_Cell,,cb_intrinsic,17488,KCapbp-m,KCa'b'-m,,VFB_jrmc2ii9,L,,,Roughly traced,
155211,celltype_prediction_only,acetylcholine,dopamine,0.6720516659600028,dopamine,0.7045568531821924,KCa'b'-m,KCa'b'-m,KCa'b'-m_L,Kenyon_Cell,,cb_intrinsic,17488,KCapbp-m,KCa'b'-m,,VFB_jrmc2ijp,L,,,Roughly traced,
161302,celltype_prediction_only,acetylcholine,dopamine,0.7086756651017214,dopamine,0.7045568531821924,KCa'b'-m,KCa'b'-m,KCa'b'-m_R,Kenyon_Cell,,cb_intrinsic,17488,KCapbp-m,KCa'b'-m,,VFB_jrmc2igm,R,,,Roughly traced,
168522,celltype_prediction_only,acetylcholine,dopamine,0.7176495757992662,dopamine,0.7045568531821924,KCa'b'-m,KCa'b'-m,KCa'b'-m_L,Kenyon_Cell,,cb_intrinsic,17488,KCapbp-m,KCa'b'-m,,VFB_jrmc2ik3,L,,,Roughly traced,
174127,celltype_prediction_only,acetylcholine,dopamine,0.700066396193828,dopamine,0.7045568531821924,KCa'b'-m,KCa'b'-m,KCa'b'-m_L,Kenyon_Cell,,cb_intrinsic,17488,KCapbp-m,KCa'b'-m,,VFB_jrmc2iia,L,,,Roughly traced,
180332,celltype_prediction_only,acetylcholine,dopamine,0.7112856732264826,dopamine,0.7045568531821924,KCa'b'-m,KCa'b'-m,KCa'b'-m_R,Kenyon_Cell,,cb_intrinsic,17488,KCapbp-m,KCa'b'-m,,VFB_jrmc2il8,R,,,Roughly traced,
186977,celltype_prediction_only,acetylcholine,dopamine,0.6935162693480963,dopamine,0.7045568531821924,KCa'b'-m,KCa'b'-m,KCa'b'-m_R,Kenyon_Cell,,cb_intrinsic,17488,KCapbp-m,KCa'b'-m,,VFB_jrmc2ihn,R,,,Roughly traced,
194678,celltype_prediction_only,acetylcholine,dopamine,0.7430836328241989,dopamine,0.7045568531821924,KCa'b'-m,KCa'b'-m,KCa'b'-m_R,Kenyon_Cell,,cb_intrinsic,17488,KCapbp-m,KCa'b'-m,,VFB_jrmc2il9,R,,,Roughly traced,
194990,celltype_prediction_only,acetylcholine,dopamine,0.7007365110890433,dopamine,0.7045568531821924,KCa'b'-m,KCa'b'-m,KCa'b'-m_L,Kenyon_Cell,,cb_intrinsic,17488,KCapbp-m,KCa'b'-m,,VFB_jrmc2ijv,L,,,Roughly traced,
195297,celltype_prediction_only,acetylcholine,dopamine,0.7125332122557428,dopamine,0.7045568531821924,KCa'b'-m,KCa'b'-m,KCa'b'-m_R,Kenyon_Cell,,cb_intrinsic,17488,KCapbp-m,KCa'b'-m,,VFB_jrmc2ij5,R,,,Roughly traced,
203543,celltype_prediction_only,acetylcholine,dopamine,0.6425184272723631,dopamine,0.7045568531821924,KCa'b'-m,KCa'b'-m,KCa'b'-m_R,Kenyon_Cell,,cb_intrinsic,17488,KCapbp-m,KCa'b'-m,,VFB_jrmc2ign,R,,,Prelim Roughly traced,
247098,celltype_prediction_only,acetylcholine,dopamine,0.7021269871369427,dopamine,0.7045568531821924,KCa'b'-m,KCa'b'-m,KCa'b'-m_R,Kenyon_Cell,,cb_intrinsic,17488,KCapbp-m,KCa'b'-m,,VFB_jrmc2il4,R,,,Roughly traced,
525662,celltype_prediction_only,acetylcholine,dopamine,0.602315486749449,dopamine,0.7045568531821924,KCa'b'-m,KCa'b'-m,KCa'b'-m_R,Kenyon_Cell,,cb_intrinsic,17488,KCapbp-m,KCa'b'-m,,VFB_jrmc2igv,R,,,Prelim Roughly traced,
539367,celltype_prediction_only,acetylcholine,dopamine,0.7029683814858491,dopamine,0.7045568531821924,KCa'b'-m,KCa'b'-m,KCa'b'-m_R,Kenyon_Cell,,cb_intrinsic,17488,KCapbp-m,KCa'b'-m,,VFB_jrmc2ilb,R,,,Roughly traced,
542106,celltype_prediction_only,acetylcholine,dopamine,0.7003049361539927,dopamine,0.7045568531821924,KCa'b'-m,KCa'b'-m,KCa'b'-m_R,Kenyon_Cell,,cb_intrinsic,17488,KCapbp-m,KCa'b'-m,,VFB_jrmc2igo,R,,,Roughly traced,
547293,celltype_prediction_only,acetylcholine,dopamine,0.6822015010049925,dopamine,0.7045568531821924,KCa'b'-m,KCa'b'-m,KCa'b'-m_R,Kenyon_Cell,,cb_intrinsic,17488,KCapbp-m,KCa'b'-m,,VFB_jrmc2ij6,R,,,Roughly traced,
548435,celltype_prediction_only,acetylcholine,dopamine,0.6855305178088441,dopamine,0.7045568531821924,KCa'b'-m,KCa'b'-m,KCa'b'-m_L,Kenyon_Cell,,cb_intrinsic,17488,KCapbp-m,KCa'b'-m,,VFB_jrmc2ijh,L,,,Roughly traced,
551434,celltype_prediction_only,acetylcholine,dopamine,0.7161483317343567,dopamine,0.7045568531821924,KCa'b'-m,KCa'b'-m,KCa'b'-m_R,Kenyon_Cell,,cb_intrinsic,17488,KCapbp-m,KCa'b'-m,,VFB_jrmc2ij7,R,,,Roughly traced,
564952,celltype_prediction_only,acetylcholine,dopamine,0.6670586685327251,dopamine,0.7045568531821924,KCa'b'-m,KCa'b'-m,KCa'b'-m_R,Kenyon_Cell,,cb_intrinsic,17488,KCapbp-m,KCa'b'-m,,VFB_jrmc2iho,R,,,Prelim Roughly traced,
567586,celltype_prediction_only,acetylcholine,dopamine,0.6978675314465409,dopamine,0.7045568531821924,KCa'b'-m,KCa'b'-m,KCa'b'-m_R,Kenyon_Cell,,cb_intrinsic,17488,KCapbp-m,KCa'b'-m,,VFB_jrmc2ihp,R,,,Roughly traced,
13173,celltype_prediction_only,acetylcholine,dopamine,0.7365203405970414,dopamine,0.7305603395922767,KCab-c,KCab-c,KCab-c_R,Kenyon_Cell,,cb_intrinsic,11862,KCab,"KCab-m,KCab-c,KCab-s",,VFB_jrmc2iw9,R,,,Roughly traced,
36482,celltype_prediction_only,acetylcholine,dopamine,0.720754456662085,dopamine,0.7305603395922767,KCab-c,KCab-c,KCab-c_R,Kenyon_Cell,,cb_intrinsic,11862,KCab,"KCab-m,KCab-c,KCab-s",,VFB_jrmc2ixm,R,,,Roughly traced,
41406,celltype_prediction_only,acetylcholine,dopamine,0.7393426088440349,dopamine,0.7305603395922767,KCab-c,KCab-c,KCab-c_R,Kenyon_Cell,,cb_intrinsic,11862,KCab,"KCab-m,KCab-c,KCab-s",,VFB_jrmc2ixn,R,,,Roughly traced,
49354,celltype_prediction_only,acetylcholine,dopamine,0.7291750658495941,dopamine,0.7305603395922767,KCab-c,KCab-c,KCab-c_R,Kenyon_Cell,,cb_intrinsic,11862,KCab,"KCab-m,KCab-c,KCab-s",,VFB_jrmc2inu,R,,,Roughly traced,
50659,celltype_prediction_only,acetylcholine,dopamine,0.717741935483871,dopamine,0.7305603395922767,KCab-c,KCab-c,KCab-c_R,Kenyon_Cell,,cb_intrinsic,11862,KCab,"KCab-m,KCab-c,KCab-s",,VFB_jrmc2inv,R,,,Roughly traced,
53863,celltype_prediction_only,acetylcholine,dopamine,0.7357023240286034,dopamine,0.7305603395922767,KCab-c,KCab-c,KCab-c_R,Kenyon_Cell,,cb_intrinsic,11862,KCab,"KCab-m,KCab-c,KCab-s",,VFB_jrmc2iy3,R,,,Roughly traced,
55227,celltype_prediction_only,acetylcholine,dopamine,0.7016225541579315,dopamine,0.7305603395922767,KCab-c,KCab-c,KCab-c_R,Kenyon_Cell,,cb_intrinsic,11862,KCab,"KCab-m,KCab-c,KCab-s",,VFB_jrmc2iwa,R,,,Roughly traced,
55755,celltype_prediction_only,acetylcholine,dopamine,0.710771247953821,dopamine,0.7305603395922767,KCab-c,KCab-c,KCab-c_R,Kenyon_Cell,,cb_intrinsic,11862,KCab,"KCab-m,KCab-c,KCab-s",,VFB_jrmc2iul,R,,,Roughly traced,
62471,celltype_prediction_only,acetylcholine,dopamine,0.7881378644939966,dopamine,0.7305603395922767,KCab-c,KCab-c,KCab-c_R,Kenyon_Cell,,cb_intrinsic,11862,KCab,"KCab-m,KCab-c,KCab-s",,VFB_jrmc2ixk,R,,,Roughly traced,
64196,celltype_prediction_only,acetylcholine,dopamine,0.7195401745603902,dopamine,0.7305603395922767,KCab-c,KCab-c,KCab-c_R,Kenyon_Cell,,cb_intrinsic,11862,KCab,"KCab-m,KCab-c,KCab-s",,VFB_jrmc2inw,R,,,Roughly traced,
65420,celltype_prediction_only,acetylcholine,dopamine,0.6599595271372001,dopamine,0.7305603395922767,KCab-c,KCab-c,KCab-c_R,Kenyon_Cell,,cb_intrinsic,11862,KCab,"KCab-m,KCab-c,KCab-s",,VFB_jrmc2inx,R,,,Roughly traced,
65483,celltype_prediction_only,acetylcholine,dopamine,0.7787562430632631,dopamine,0.7305603395922767,KCab-c,KCab-c,KCab-c_R,Kenyon_Cell,,cb_intrinsic,11862,KCab,"KCab-m,KCab-c,KCab-s",,VFB_jrmc2ixg,R,,,Roughly traced,
66073,celltype_prediction_only,acetylcholine,dopamine,0.6761551439195703,dopamine,0.7305603395922767,KCab-c,KCab-c,KCab-c_R,Kenyon_Cell,,cb_intrinsic,11862,KCab,"KCab-m,KCab-c,KCab-s",,VFB_jrmc2ixo,R,,,Roughly traced,
66137,celltype_prediction_only,acetylcholine,dopamine,0.7314808247032676,dopamine,0.7305603395922767,KCab-c,KCab-c,KCab-c_R,Kenyon_Cell,,cb_intrinsic,11862,KCab,"KCab-m,KCab-c,KCab-s",,VFB_jrmc2ium,R,,,Roughly traced,
67344,celltype_prediction_only,acetylcholine,dopamine,0.7281143022052384,dopamine,0.7305603395922767,KCab-c,KCab-c,KCab-c_R,Kenyon_Cell,,cb_intrinsic,11862,KCab,"KCab-m,KCab-c,KCab-s",,VFB_jrmc2iti,R,,,Roughly traced,
67581,celltype_prediction_only,acetylcholine,dopamine,0.7106869103773584,dopamine,0.7305603395922767,KCab-c,KCab-c,KCab-c_R,Kenyon_Cell,,cb_intrinsic,11862,KCab,"KCab-m,KCab-c,KCab-s",,VFB_jrmc2iny,R,,,Roughly traced,
68010,celltype_prediction_only,acetylcholine,dopamine,0.6508396663172606,dopamine,0.7305603395922767,KCab-c,KCab-c,KCab-c_R,Kenyon_Cell,,cb_intrinsic,11862,KCab,"KCab-m,KCab-c,KCab-s",,VFB_jrmc2iwb,R,,,Roughly traced,
68098,celltype_prediction_only,acetylcholine,dopamine,0.6800243767250351,dopamine,0.7305603395922767,KCab-c,KCab-c,KCab-c_R,Kenyon_Cell,,cb_intrinsic,11862,KCab,"KCab-m,KCab-c,KCab-s",,VFB_jrmc2itj,R,,,Roughly traced,
68265,celltype_prediction_only,acetylcholine,dopamine,0.6623590103435729,dopamine,0.7305603395922767,KCab-c,KCab-c,KCab-c_R,Kenyon_Cell,,cb_intrinsic,11862,KCab,"KCab-m,KCab-c,KCab-s",,VFB_jrmc2itk,R,,,Roughly traced,
69518,celltype_prediction_only,acetylcholine,dopamine,0.7398816543126684,dopamine,0.7305603395922767,KCab-c,KCab-c,KCab-c_R,Kenyon_Cell,,cb_intrinsic,11862,KCab,"KCab-m,KCab-c,KCab-s",,VFB_jrmc2ipl,R,,,Roughly traced,
69584,celltype_prediction_only,acetylcholine,dopamine,0.69441697098803,dopamine,0.7305603395922767,KCab-c,KCab-c,KCab-c_R,Kenyon_Cell,,cb_intrinsic,11862,KCab,"KCab-m,KCab-c,KCab-s",,VFB_jrmc2itl,R,,,Roughly traced,
69649,celltype_prediction_only,acetylcholine,dopamine,0.705808773341134,dopamine,0.7305603395922767,KCab-c,KCab-c,KCab-c_R,Kenyon_Cell,,cb_intrinsic,11862,KCab,"KCab-m,KCab-c,KCab-s",,VFB_jrmc2iwc,R,,,Roughly traced,
69973,celltype_prediction_only,acetylcholine,dopamine,0.7085337279565914,dopamine,0.7305603395922767,KCab-c,KCab-c,KCab-c_R,Kenyon_Cell,,cb_intrinsic,11862,KCab,"KCab-m,KCab-c,KCab-s",,VFB_jrmc2itm,R,,,Roughly traced,
70261,celltype_prediction_only,acetylcholine,dopamine,0.6786061122562232,dopamine,0.7305603395922767,KCab-c,KCab-c,KCab-c_L,Kenyon_Cell,,cb_intrinsic,11862,KCab,"KCab-m,KCab-c,KCab-s",,VFB_jrmc2iln,L,,,Roughly traced,
70336,celltype_prediction_only,acetylcholine,dopamine,0.7506971889342172,dopamine,0.7305603395922767,KCab-c,KCab-c,KCab-c_R,Kenyon_Cell,,cb_intrinsic,11862,KCab,"KCab-m,KCab-c,KCab-s",,VFB_jrmc2iy4,R,,,Roughly traced,
70380,celltype_prediction_only,acetylcholine,dopamine,0.6528387339349193,dopamine,0.7305603395922767,KCab-c,KCab-c,KCab-c_R,Kenyon_Cell,,cb_intrinsic,11862,KCab,"KCab-m,KCab-c,KCab-s",,VFB_jrmc2itn,R,,,Roughly traced,
70501,celltype_prediction_only,acetylcholine,dopamine,0.76409093091363,dopamine,0.7305603395922767,KCab-c,KCab-c,KCab-c_R,Kenyon_Cell,,cb_intrinsic,11862,KCab,"KCab-m,KCab-c,KCab-s",,VFB_jrmc2ito,R,,,Roughly traced,
70993,celltype_prediction_only,acetylcholine,dopamine,0.7602063679245283,dopamine,0.7305603395922767,KCab-c,KCab-c,KCab-c_R,Kenyon_Cell,,cb_intrinsic,11862,KCab,"KCab-m,KCab-c,KCab-s",,VFB_jrmc2inz,R,,,Roughly traced,
71127,celltype_prediction_only,acetylcholine,dopamine,0.7171571643423572,dopamine,0.7305603395922767,KCab-c,KCab-c,KCab-c_R,Kenyon_Cell,,cb_intrinsic,11862,KCab,"KCab-m,KCab-c,KCab-s",,VFB_jrmc2itp,R,,,Roughly traced,
71128,celltype_prediction_only,acetylcholine,dopamine,0.6884246355060034,dopamine,0.7305603395922767,KCab-c,KCab-c,KCab-c_L,Kenyon_Cell,,cb_intrinsic,11862,KCab,"KCab-m,KCab-c,KCab-s",,VFB_jrmc2iys,L,,,Roughly traced,
71189,celltype_prediction_only,acetylcholine,dopamine,0.7328184786911203,dopamine,0.7305603395922767,KCab-c,KCab-c,KCab-c_R,Kenyon_Cell,,cb_intrinsic,11862,KCab,"KCab-m,KCab-c,KCab-s",,VFB_jrmc2iyp,R,,,Roughly traced,
71512,celltype_prediction_only,acetylcholine,dopamine,0.7593105150995374,dopamine,0.7305603395922767,KCab-c,KCab-c,KCab-c_R,Kenyon_Cell,,cb_intrinsic,11862,KCab,"KCab-m,KCab-c,KCab-s",,VFB_jrmc2ixz,R,,,Roughly traced,
71691,celltype_prediction_only,acetylcholine,dopamine,0.7138986923668612,dopamine,0.7305603395922767,KCab-c,KCab-c,KCab-c_R,Kenyon_Cell,,cb_intrinsic,11862,KCab,"KCab-m,KCab-c,KCab-s",,VFB_jrmc2iym,R,,,Roughly traced,
72201,celltype_prediction_only,acetylcholine,dopamine,0.7888722834547605,dopamine,0.7305603395922767,KCab-c,KCab-c,KCab-c_L,Kenyon_Cell,,cb_intrinsic,11862,KCab,"KCab-m,KCab-c,KCab-s",,VFB_jrmc2ilo,L,,,Roughly traced,
72299,celltype_prediction_only,acetylcholine,dopamine,0.7013872909955515,dopamine,0.7305603395922767,KCab-c,KCab-c,KCab-c_R,Kenyon_Cell,,cb_intrinsic,11862,KCab,"KCab-m,KCab-c,KCab-s",,VFB_jrmc2iwd,R,,,Roughly traced,
72433,celltype_prediction_only,acetylcholine,dopamine,0.7447783868774435,dopamine,0.7305603395922767,KCab-c,KCab-c,KCab-c_R,Kenyon_Cell,,cb_intrinsic,11862,KCab,"KCab-m,KCab-c,KCab-s",,VFB_jrmc2io0,R,,,Roughly traced,
73248,celltype_prediction_only,acetylcholine,dopamine,0.7121255194294699,dopamine,0.7305603395922767,KCab-c,KCab-c,KCab-c_R,Kenyon_Cell,,cb_intrinsic,11862,KCab,"KCab-m,KCab-c,KCab-s",,VFB_jrmc2itq,R,,,Roughly traced,
73508,celltype_prediction_only,acetylcholine,dopamine,0.7571826758147513,dopamine,0.7305603395922767,KCab-c,KCab-c,KCab-c_R,Kenyon_Cell,,cb_intrinsic,11862,KCab,"KCab-m,KCab-c,KCab-s",,VFB_jrmc2iyf,R,,,Roughly traced,
73570,celltype_prediction_only,acetylcholine,dopamine,0.7590814989517819,dopamine,0.7305603395922767,KCab-c,KCab-c,KCab-c_R,Kenyon_Cell,,cb_intrinsic,11862,KCab,"KCab-m,KCab-c,KCab-s",,VFB_jrmc2iyg,R,,,Roughly traced,
73742,celltype_prediction_only,acetylcholine,dopamine,0.7346251429388222,dopamine,0.7305603395922767,KCab-c,KCab-c,KCab-c_R,Kenyon_Cell,,cb_intrinsic,11862,KCab,"KCab-m,KCab-c,KCab-s",,VFB_jrmc2iwe,R,,,Roughly traced,
74328,celltype_prediction_only,acetylcholine,dopamine,0.6919702290777212,dopamine,0.7305603395922767,KCab-c,KCab-c,KCab-c_R,Kenyon_Cell,,cb_intrinsic,11862,KCab,"KCab-m,KCab-c,KCab-s",,VFB_jrmc2io1,R,,,Roughly traced,
74421,celltype_prediction_only,acetylcholine,dopamine,0.7379393698936108,dopamine,0.7305603395922767,KCab-c,KCab-c,KCab-c_R,Kenyon_Cell,,cb_intrinsic,11862,KCab,"KCab-m,KCab-c,KCab-s",,VFB_jrmc2io2,R,,,Roughly traced,
74568,celltype_prediction_only,acetylcholine,dopamine,0.7281818489213497,dopamine,0.7305603395922767,KCab-c,KCab-c,KCab-c_R,Kenyon_Cell,,cb_intrinsic,11862,KCab,"KCab-m,KCab-c,KCab-s",,VFB_jrmc2io3,R,,,Roughly traced,
74610,celltype_prediction_only,acetylcholine,dopamine,0.7433786055085665,dopamine,0.7305603395922767,KCab-c,KCab-c,KCab-c_L,Kenyon_Cell,,cb_intrinsic,11862,KCab,"KCab-m,KCab-c,KCab-s",,VFB_jrmc2ipn,L,,,Roughly traced,
74760,celltype_prediction_only,acetylcholine,dopamine,0.7223503506428453,dopamine,0.7305603395922767,KCab-c,KCab-c,KCab-c_L,Kenyon_Cell,,cb_intrinsic,11862,KCab,"KCab-m,KCab-c,KCab-s",,VFB_jrmc2ilp,L,,,Roughly traced,
75042,celltype_prediction_only,acetylcholine,dopamine,0.7078256027253668,dopamine,0.7305603395922767,KCab-c,KCab-c,KCab-c_L,Kenyon_Cell,,cb_intrinsic,11862,KCab,"KCab-m,KCab-c,KCab-s",,VFB_jrmc2iux,L,,,Roughly traced,
75058,celltype_prediction_only,acetylcholine,dopamine,0.7505930112773801,dopamine,0.7305603395922767,KCab-c,KCab-c,KCab-c_L,Kenyon_Cell,,cb_intrinsic,11862,KCab,"KCab-m,KCab-c,KCab-s",,VFB_jrmc2ilq,L,,,Roughly traced,
75066,celltype_prediction_only,acetylcholine,dopamine,0.7876249299458248,dopamine,0.7305603395922767,KCab-c,KCab-c,KCab-c_R,Kenyon_Cell,,cb_intrinsic,11862,KCab,"KCab-m,KCab-c,KCab-s",,VFB_jrmc2itr,R,,,Roughly traced,
75106,celltype_prediction_only,acetylcholine,dopamine,0.7386919789175304,dopamine,0.7305603395922767,KCab-c,KCab-c,KCab-c_R,Kenyon_Cell,,cb_intrinsic,11862,KCab,"KCab-m,KCab-c,KCab-s",,VFB_jrmc2iun,R,,,Roughly traced,
75507,celltype_prediction_only,acetylcholine,dopamine,0.7528925395792669,dopamine,0.7305603395922767,KCab-c,KCab-c,KCab-c_R,Kenyon_Cell,,cb_intrinsic,11862,KCab,"KCab-m,KCab-c,KCab-s",,VFB_jrmc2io4,R,,,Roughly traced,
75802,celltype_prediction_only,acetylcholine,dopamine,0.6719579374637584,dopamine,0.7305603395922767,KCab-c,KCab-c,KCab-c_R,Kenyon_Cell,,cb_intrinsic,11862,KCab,"KCab-m,KCab-c,KCab-s",,VFB_jrmc2io5,R,,,Roughly traced,
76005,celltype_prediction_only,acetylcholine,dopamine,0.7585365045086004,dopamine,0.7305603395922767,KCab-c,KCab-c,KCab-c_R,Kenyon_Cell,,cb_intrinsic,11862,KCab,"KCab-m,KCab-c,KCab-s",,VFB_jrmc2iuo,R,,,Roughly traced,
76272,celltype_prediction_only,acetylcholine,dopamine,0.7850215946182628,dopamine,0.7305603395922767,KCab-c,KCab-c,KCab-c_R,Kenyon_Cell,,cb_intrinsic,11862,KCab,"KCab-m,KCab-c,KCab-s",,VFB_jrmc2iup,R,,,Roughly traced,
76444,celltype_prediction_only,acetylcholine,dopamine,0.7209853415333174,dopamine,0.7305603395922767,KCab-c,KCab-c,KCab-c_R,Kenyon_Cell,,cb_intrinsic,11862,KCab,"KCab-m,KCab-c,KCab-s",,VFB_jrmc2its,R,,,Roughly traced,
76531,celltype_prediction_only,acetylcholine,dopamine,0.7251977597386768,dopamine,0.7305603395922767,KCab-c,KCab-c,KCab-c_R,Kenyon_Cell,,cb_intrinsic,11862,KCab,"KCab-m,KCab-c,KCab-s",,VFB_jrmc2iy0,R,,,Roughly traced,
76807,celltype_prediction_only,acetylcholine,dopamine,0.6893843610192569,dopamine,0.7305603395922767,KCab-c,KCab-c,KCab-c_R,Kenyon_Cell,,cb_intrinsic,11862,KCab,"KCab-m,KCab-c,KCab-s",,VFB_jrmc2io6,R,,,Roughly traced,
77022,celltype_prediction_only,acetylcholine,dopamine,0.7339950209643606,dopamine,0.7305603395922767,KCab-c,KCab-c,KCab-c_R,Kenyon_Cell,,cb_intrinsic,11862,KCab,"KCab-m,KCab-c,KCab-s",,VFB_jrmc2io7,R,,,Roughly traced,
77131,celltype_prediction_only,acetylcholine,dopamine,0.7250720649895178,dopamine,0.7305603395922767,KCab-c,KCab-c,KCab-c_R,Kenyon_Cell,,cb_intrinsic,11862,KCab,"KCab-m,KCab-c,KCab-s",,VFB_jrmc2io8,R,,,Roughly traced,
77164,celltype_prediction_only,acetylcholine,dopamine,0.678291201074678,dopamine,0.7305603395922767,KCab-c,KCab-c,KCab-c_R,Kenyon_Cell,,cb_intrinsic,11862,KCab,"KCab-m,KCab-c,KCab-s",,VFB_jrmc2iyn,R,,,Roughly traced,
77324,celltype_prediction_only,acetylcholine,dopamine,0.7497289091303404,dopamine,0.7305603395922767,KCab-c,KCab-c,KCab-c_R,Kenyon_Cell,,cb_intrinsic,11862,KCab,"KCab-m,KCab-c,KCab-s",,VFB_jrmc2io9,R,,,Roughly traced,
77735,celltype_prediction_only,acetylcholine,dopamine,0.7864072327044025,dopamine,0.7305603395922767,KCab-c,KCab-c,KCab-c_R,Kenyon_Cell,,cb_intrinsic,11862,KCab,"KCab-m,KCab-c,KCab-s",,VFB_jrmc2iy5,R,,,Roughly traced,
77790,celltype_prediction_only,acetylcholine,dopamine,0.7756238587948874,dopamine,0.7305603395922767,KCab-c,KCab-c,KCab-c_R,Kenyon_Cell,,cb_intrinsic,11862,KCab,"KCab-m,KCab-c,KCab-s",,VFB_jrmc2ioa,R,,,Roughly traced,
78118,celltype_prediction_only,acetylcholine,dopamine,0.7626378676470589,dopamine,0.7305603395922767,KCab-c,KCab-c,KCab-c_L,Kenyon_Cell,,cb_intrinsic,11862,KCab,"KCab-m,KCab-c,KCab-s",,VFB_jrmc2ilr,L,,,Roughly traced,
78155,celltype_prediction_only,acetylcholine,dopamine,0.6898216391509434,dopamine,0.7305603395922767,KCab-c,KCab-c,KCab-c_R,Kenyon_Cell,,cb_intrinsic,11862,KCab,"KCab-m,KCab-c,KCab-s",,VFB_jrmc2iwf,R,,,Roughly traced,
78476,celltype_prediction_only,acetylcholine,dopamine,0.7185372038587033,dopamine,0.7305603395922767,KCab-c,KCab-c,KCab-c_L,Kenyon_Cell,,cb_intrinsic,11862,KCab,"KCab-m,KCab-c,KCab-s",,VFB_jrmc2isn,L,,,Roughly traced,
78494,celltype_prediction_only,acetylcholine,dopamine,0.8019405340998428,dopamine,0.7305603395922767,KCab-c,KCab-c,KCab-c_R,Kenyon_Cell,,cb_intrinsic,11862,KCab,"KCab-m,KCab-c,KCab-s",,VFB_jrmc2iob,R,,,Roughly traced,
78772,celltype_prediction_only,acetylcholine,dopamine,0.6893410666153253,dopamine,0.7305603395922767,KCab-c,KCab-c,KCab-c_R,Kenyon_Cell,,cb_intrinsic,11862,KCab,"KCab-m,KCab-c,KCab-s",,VFB_jrmc2ioc,R,,,Roughly traced,
78909,celltype_prediction_only,acetylcholine,dopamine,0.7162567385444744,dopamine,0.7305603395922767,KCab-c,KCab-c,KCab-c_R,Kenyon_Cell,,cb_intrinsic,11862,KCab,"KCab-m,KCab-c,KCab-s",,VFB_jrmc2iod,R,,,Roughly traced,
79038,celltype_prediction_only,acetylcholine,dopamine,0.7426624737945492,dopamine,0.7305603395922767,KCab-c,KCab-c,KCab-c_R,Kenyon_Cell,,cb_intrinsic,11862,KCab,"KCab-m,KCab-c,KCab-s",,VFB_jrmc2iyw,R,,,Roughly traced,
79092,celltype_prediction_only,acetylcholine,dopamine,0.7284165550221428,dopamine,0.7305603395922767,KCab-c,KCab-c,KCab-c_R,Kenyon_Cell,,cb_intrinsic,11862,KCab,"KCab-m,KCab-c,KCab-s",,VFB_jrmc2itt,R,,,Roughly traced,
79203,celltype_prediction_only,acetylcholine,dopamine,0.7474461893042696,dopamine,0.7305603395922767,KCab-c,KCab-c,KCab-c_R,Kenyon_Cell,,cb_intrinsic,11862,KCab,"KCab-m,KCab-c,KCab-s",,VFB_jrmc2ioe,R,,,Roughly traced,
79218,celltype_prediction_only,acetylcholine,dopamine,0.6751429738562091,dopamine,0.7305603395922767,KCab-c,KCab-c,KCab-c_L,Kenyon_Cell,,cb_intrinsic,11862,KCab,"KCab-m,KCab-c,KCab-s",,VFB_jrmc2ils,L,,,Roughly traced,
79504,celltype_prediction_only,acetylcholine,dopamine,0.6944255182855811,dopamine,0.7305603395922767,KCab-c,KCab-c,KCab-c_R,Kenyon_Cell,,cb_intrinsic,11862,KCab,"KCab-m,KCab-c,KCab-s",,VFB_jrmc2iof,R,,,Prelim Roughly traced,
79562,celltype_prediction_only,acetylcholine,dopamine,0.7239537269064465,dopamine,0.7305603395922767,KCab-c,KCab-c,KCab-c_R,Kenyon_Cell,,cb_intrinsic,11862,KCab,"KCab-m,KCab-c,KCab-s",,VFB_jrmc2iog,R,,,Roughly traced,
79590,celltype_prediction_only,acetylcholine,dopamine,0.761869999572156,dopamine,0.7305603395922767,KCab-c,KCab-c,KCab-c_R,Kenyon_Cell,,cb_intrinsic,11862,KCab,"KCab-m,KCab-c,KCab-s",,VFB_jrmc2ioh,R,,,Roughly traced,
79735,celltype_prediction_only,acetylcholine,dopamine,0.8122021493872787,dopamine,0.7305603395922767,KCab-c,KCab-c,KCab-c_R,Kenyon_Cell,,cb_intrinsic,11862,KCab,"KCab-m,KCab-c,KCab-s",,VFB_jrmc2iwg,R,,,Roughly traced,
79777,celltype_prediction_only,acetylcholine,dopamine,0.7222586186815746,dopamine,0.7305603395922767,KCab-c,KCab-c,KCab-c_R,Kenyon_Cell,,cb_intrinsic,11862,KCab,"KCab-m,KCab-c,KCab-s",,VFB_jrmc2ioi,R,,,Roughly traced,
79831,celltype_prediction_only,acetylcholine,dopamine,0.7016102187092753,dopamine,0.7305603395922767,KCab-c,KCab-c,KCab-c_L,Kenyon_Cell,,cb_intrinsic,11862,KCab,"KCab-m,KCab-c,KCab-s",,VFB_jrmc2ipo,L,,,Roughly traced,
79877,celltype_prediction_only,acetylcholine,dopamine,0.7196417875326231,dopamine,0.7305603395922767,KCab-c,KCab-c,KCab-c_R,Kenyon_Cell,,cb_intrinsic,11862,KCab,"KCab-m,KCab-c,KCab-s",,VFB_jrmc2itu,R,,,Roughly traced,
79920,celltype_prediction_only,acetylcholine,dopamine,0.7010267933027368,dopamine,0.7305603395922767,KCab-c,KCab-c,KCab-c_R,Kenyon_Cell,,cb_intrinsic,11862,KCab,"KCab-m,KCab-c,KCab-s",,VFB_jrmc2ioj,R,,,Roughly traced,
79945,celltype_prediction_only,acetylcholine,dopamine,0.6948787946318031,dopamine,0.7305603395922767,KCab-c,KCab-c,KCab-c_R,Kenyon_Cell,,cb_intrinsic,11862,KCab,"KCab-m,KCab-c,KCab-s",,VFB_jrmc2iok,R,,,Roughly traced,
80009,celltype_prediction_only,acetylcholine,dopamine,0.7407601064040188,dopamine,0.7305603395922767,KCab-c,KCab-c,KCab-c_R,Kenyon_Cell,,cb_intrinsic,11862,KCab,"KCab-m,KCab-c,KCab-s",,VFB_jrmc2iol,R,,,Roughly traced,
80168,celltype_prediction_only,acetylcholine,dopamine,0.6838081144407449,dopamine,0.7305603395922767,KCab-c,KCab-c,KCab-c_R,Kenyon_Cell,,cb_intrinsic,11862,KCab,"KCab-m,KCab-c,KCab-s",,VFB_jrmc2iom,R,,,Roughly traced,
80382,celltype_prediction_only,acetylcholine,dopamine,0.6933329915231063,dopamine,0.7305603395922767,KCab-c,KCab-c,KCab-c_R,Kenyon_Cell,,cb_intrinsic,11862,KCab,"KCab-m,KCab-c,KCab-s",,VFB_jrmc2iwh,R,,,Roughly traced,
80395,celltype_prediction_only,acetylcholine,dopamine,0.7367459693521013,dopamine,0.7305603395922767,KCab-c,KCab-c,KCab-c_L,Kenyon_Cell,,cb_intrinsic,11862,KCab,"KCab-m,KCab-c,KCab-s",,VFB_jrmc2ilt,L,,,Roughly traced,
80733,celltype_prediction_only,acetylcholine,dopamine,0.7440752163629522,dopamine,0.7305603395922767,KCab-c,KCab-c,KCab-c_R,Kenyon_Cell,,cb_intrinsic,11862,KCab,"KCab-m,KCab-c,KCab-s",,VFB_jrmc2itv,R,,,Roughly traced,
80918,celltype_prediction_only,acetylcholine,dopamine,0.754120421753607,dopamine,0.7305603395922767,KCab-c,KCab-c,KCab-c_L,Kenyon_Cell,,cb_intrinsic,11862,KCab,"KCab-m,KCab-c,KCab-s",,VFB_jrmc2ipp,L,,,Roughly traced,
81278,celltype_prediction_only,acetylcholine,dopamine,0.6982388648314259,dopamine,0.7305603395922767,KCab-c,KCab-c,KCab-c_L,Kenyon_Cell,,cb_intrinsic,11862,KCab,"KCab-m,KCab-c,KCab-s",,VFB_jrmc2ilu,L,,,Roughly traced,
81453,celltype_prediction_only,acetylcholine,dopamine,0.6785698687231706,dopamine,0.7305603395922767,KCab-c,KCab-c,KCab-c_R,Kenyon_Cell,,cb_intrinsic,11862,KCab,"KCab-m,KCab-c,KCab-s",,VFB_jrmc2ion,R,,,Roughly traced,
81645,celltype_prediction_only,acetylcholine,dopamine,0.6600368721764549,dopamine,0.7305603395922767,KCab-c,KCab-c,KCab-c_L,Kenyon_Cell,,cb_intrinsic,11862,KCab,"KCab-m,KCab-c,KCab-s",,VFB_jrmc2ipq,L,,,Roughly traced,
81934,celltype_prediction_only,acetylcholine,dopamine,0.7390956755095285,dopamine,0.7305603395922767,KCab-c,KCab-c,KCab-c_R,Kenyon_Cell,,cb_intrinsic,11862,KCab,"KCab-m,KCab-c,KCab-s",,VFB_jrmc2itw,R,,,Roughly traced,
81968,celltype_prediction_only,acetylcholine,dopamine,0.6867361389892502,dopamine,0.7305603395922767,KCab-c,KCab-c,KCab-c_L,Kenyon_Cell,,cb_intrinsic,11862,KCab,"KCab-m,KCab-c,KCab-s",,VFB_jrmc2ilv,L,,,Roughly traced,
82210,celltype_prediction_only,acetylcholine,dopamine,0.7439019207887132,dopamine,0.7305603395922767,KCab-c,KCab-c,KCab-c_R,Kenyon_Cell,,cb_intrinsic,11862,KCab,"KCab-m,KCab-c,KCab-s",,VFB_jrmc2iwi,R,,,Roughly traced,
82315,celltype_prediction_only,acetylcholine,dopamine,0.8014208359833227,dopamine,0.7305603395922767,KCab-c,KCab-c,KCab-c_R,Kenyon_Cell,,cb_intrinsic,11862,KCab,"KCab-m,KCab-c,KCab-s",,VFB_jrmc2iwj,R,,,Roughly traced,
82319,celltype_prediction_only,acetylcholine,dopamine,0.697125420190848,dopamine,0.7305603395922767,KCab-c,KCab-c,KCab-c_L,Kenyon_Cell,,cb_intrinsic,11862,KCab,"KCab-m,KCab-c,KCab-s",,VFB_jrmc2ipr,L,,,Roughly traced,
82472,celltype_prediction_only,acetylcholine,dopamine,0.7211943579410148,dopamine,0.7305603395922767,KCab-c,KCab-c,KCab-c_R,Kenyon_Cell,,cb_intrinsic,11862,KCab,"KCab-m,KCab-c,KCab-s",,VFB_jrmc2itx,R,,,Roughly traced,
82911,celltype_prediction_only,acetylcholine,dopamine,0.7152653301886792,dopamine,0.7305603395922767,KCab-c,KCab-c,KCab-c_R,Kenyon_Cell,,cb_intrinsic,11862,KCab,"KCab-m,KCab-c,KCab-s",,VFB_jrmc2iwk,R,,,Roughly traced,
83121,celltype_prediction_only,acetylcholine,dopamine,0.7515457275263631,dopamine,0.7305603395922767,KCab-c,KCab-c,KCab-c_L,Kenyon_Cell,,cb_intrinsic,11862,KCab,"KCab-m,KCab-c,KCab-s",,VFB_jrmc2iuy,L,,,Roughly traced,
83352,celltype_prediction_only,acetylcholine,dopamine,0.691437261573358,dopamine,0.7305603395922767,KCab-c,KCab-c,KCab-c_L,Kenyon_Cell,,cb_intrinsic,11862,KCab,"KCab-m,KCab-c,KCab-s",,VFB_jrmc2ilw,L,,,Roughly traced,
83413,celltype_prediction_only,acetylcholine,dopamine,0.7427279874213836,dopamine,0.7305603395922767,KCab-c,KCab-c,KCab-c_L,Kenyon_Cell,,cb_intrinsic,11862,KCab,"KCab-m,KCab-c,KCab-s",,VFB_jrmc2iso,L,,,Roughly traced,
83418,celltype_prediction_only,acetylcholine,dopamine,0.7356575986770766,dopamine,0.7305603395922767,KCab-c,KCab-c,KCab-c_R,Kenyon_Cell,,cb_intrinsic,11862,KCab,"KCab-m,KCab-c,KCab-s",,VFB_jrmc2iwl,R,,,Roughly traced,
83563,celltype_prediction_only,acetylcholine,dopamine,0.7331848357791755,dopamine,0.7305603395922767,KCab-c,KCab-c,KCab-c_R,Kenyon_Cell,,cb_intrinsic,11862,KCab,"KCab-m,KCab-c,KCab-s",,VFB_jrmc2iwm,R,,,Roughly traced,
83612,celltype_prediction_only,acetylcholine,dopamine,0.7477761763335663,dopamine,0.7305603395922767,KCab-c,KCab-c,KCab-c_R,Kenyon_Cell,,cb_intrinsic,11862,KCab,"KCab-m,KCab-c,KCab-s",,VFB_jrmc2iwn,R,,,Roughly traced,
83632,celltype_prediction_only,acetylcholine,dopamine,0.6982436550342294,dopamine,0.7305603395922767,KCab-c,KCab-c,KCab-c_R,Kenyon_Cell,,cb_intrinsic,11862,KCab,"KCab-m,KCab-c,KCab-s",,VFB_jrmc2ioo,R,,,Roughly traced,
83807,celltype_prediction_only,acetylcholine,dopamine,0.7664424804754993,dopamine,0.7305603395922767,KCab-c,KCab-c,KCab-c_R,Kenyon_Cell,,cb_intrinsic,11862,KCab,"KCab-m,KCab-c,KCab-s",,VFB_jrmc2iwo,R,,,Roughly traced,
83914,celltype_prediction_only,acetylcholine,dopamine,0.750943396226415,dopamine,0.7305603395922767,KCab-c,KCab-c,KCab-c_L,Kenyon_Cell,,cb_intrinsic,11862,KCab,"KCab-m,KCab-c,KCab-s",,VFB_jrmc2ips,L,,,Roughly traced,
84241,celltype_prediction_only,acetylcholine,dopamine,0.7273050314465409,dopamine,0.7305603395922767,KCab-c,KCab-c,KCab-c_L,Kenyon_Cell,,cb_intrinsic,11862,KCab,"KCab-m,KCab-c,KCab-s",,VFB_jrmc2ipt,L,,,Roughly traced,
84353,celltype_prediction_only,acetylcholine,dopamine,0.6873034591194969,dopamine,0.7305603395922767,KCab-c,KCab-c,KCab-c_L,Kenyon_Cell,,cb_intrinsic,11862,KCab,"KCab-m,KCab-c,KCab-s",,VFB_jrmc2ipu,L,,,Roughly traced,
84902,celltype_prediction_only,acetylcholine,dopamine,0.6825864779874213,dopamine,0.7305603395922767,KCab-c,KCab-c,KCab-c_R,Kenyon_Cell,,cb_intrinsic,11862,KCab,"KCab-m,KCab-c,KCab-s",,VFB_jrmc2iwp,R,,,Roughly traced,
85012,celltype_prediction_only,acetylcholine,dopamine,0.6707712378087686,dopamine,0.7305603395922767,KCab-c,KCab-c,KCab-c_R,Kenyon_Cell,,cb_intrinsic,11862,KCab,"KCab-m,KCab-c,KCab-s",,VFB_jrmc2ity,R,,,Roughly traced,
85017,celltype_prediction_only,acetylcholine,dopamine,0.7347795679163603,dopamine,0.7305603395922767,KCab-c,KCab-c,KCab-c_R,Kenyon_Cell,,cb_intrinsic,11862,KCab,"KCab-m,KCab-c,KCab-s",,VFB_jrmc2itz,R,,,Roughly traced,
85389,celltype_prediction_only,acetylcholine,dopamine,0.7436832339067703,dopamine,0.7305603395922767,KCab-c,KCab-c,KCab-c_R,Kenyon_Cell,,cb_intrinsic,11862,KCab,"KCab-m,KCab-c,KCab-s",,VFB_jrmc2iop,R,,,Roughly traced,
85819,celltype_prediction_only,acetylcholine,dopamine,0.6749136761622887,dopamine,0.7305603395922767,KCab-c,KCab-c,KCab-c_R,Kenyon_Cell,,cb_intrinsic,11862,KCab,"KCab-m,KCab-c,KCab-s",,VFB_jrmc2iwq,R,,,Roughly traced,
86153,celltype_prediction_only,acetylcholine,dopamine,0.7323280800546049,dopamine,0.7305603395922767,KCab-c,KCab-c,KCab-c_R,Kenyon_Cell,,cb_intrinsic,11862,KCab,"KCab-m,KCab-c,KCab-s",,VFB_jrmc2ioq,R,,,Roughly traced,
86170,celltype_prediction_only,acetylcholine,dopamine,0.7091892371677825,dopamine,0.7305603395922767,KCab-c,KCab-c,KCab-c_L,Kenyon_Cell,,cb_intrinsic,11862,KCab,"KCab-m,KCab-c,KCab-s",,VFB_jrmc2ipv,L,,,Roughly traced,
86231,celltype_prediction_only,acetylcholine,dopamine,0.7435621942697414,dopamine,0.7305603395922767,KCab-c,KCab-c,KCab-c_R,Kenyon_Cell,,cb_intrinsic,11862,KCab,"KCab-m,KCab-c,KCab-s",,VFB_jrmc2iwr,R,,,Roughly traced,
86554,celltype_prediction_only,acetylcholine,dopamine,0.849670049552125,dopamine,0.7305603395922767,KCab-c,KCab-c,KCab-c_R,Kenyon_Cell,,cb_intrinsic,11862,KCab,"KCab-m,KCab-c,KCab-s",,VFB_jrmc2iws,R,,,Roughly traced,
87138,celltype_prediction_only,acetylcholine,dopamine,0.7217158341066089,dopamine,0.7305603395922767,KCab-c,KCab-c,KCab-c_L,Kenyon_Cell,,cb_intrinsic,11862,KCab,"KCab-m,KCab-c,KCab-s",,VFB_jrmc2ilx,L,,,Roughly traced,
87163,celltype_prediction_only,acetylcholine,dopamine,0.7353543157666449,dopamine,0.7305603395922767,KCab-c,KCab-c,KCab-c_R,Kenyon_Cell,,cb_intrinsic,11862,KCab,"KCab-m,KCab-c,KCab-s",,VFB_jrmc2iu0,R,,,Roughly traced,
87732,celltype_prediction_only,acetylcholine,dopamine,0.7266132868241637,dopamine,0.7305603395922767,KCab-c,KCab-c,KCab-c_L,Kenyon_Cell,,cb_intrinsic,11862,KCab,"KCab-m,KCab-c,KCab-s",,VFB_jrmc2ipw,L,,,Roughly traced,
88046,celltype_prediction_only,acetylcholine,dopamine,0.7299908703590993,dopamine,0.7305603395922767,KCab-c,KCab-c,KCab-c_L,Kenyon_Cell,,cb_intrinsic,11862,KCab,"KCab-m,KCab-c,KCab-s",,VFB_jrmc2ipx,L,,,Roughly traced,
88192,celltype_prediction_only,acetylcholine,dopamine,0.7394758909853248,dopamine,0.7305603395922767,KCab-c,KCab-c,KCab-c_R,Kenyon_Cell,,cb_intrinsic,11862,KCab,"KCab-m,KCab-c,KCab-s",,VFB_jrmc2iz0,R,,,Roughly traced,
89552,celltype_prediction_only,acetylcholine,dopamine,0.6728416602490053,dopamine,0.7305603395922767,KCab-c,KCab-c,KCab-c_R,Kenyon_Cell,,cb_intrinsic,11862,KCab,"KCab-m,KCab-c,KCab-s",,VFB_jrmc2ior,R,,,Roughly traced,
89617,celltype_prediction_only,acetylcholine,dopamine,0.6920878256963162,dopamine,0.7305603395922767,KCab-c,KCab-c,KCab-c_L,Kenyon_Cell,,cb_intrinsic,11862,KCab,"KCab-m,KCab-c,KCab-s",,VFB_jrmc2isp,L,,,Roughly traced,
89659,celltype_prediction_only,acetylcholine,dopamine,0.7448387545859538,dopamine,0.7305603395922767,KCab-c,KCab-c,KCab-c_R,Kenyon_Cell,,cb_intrinsic,11862,KCab,"KCab-m,KCab-c,KCab-s",,VFB_jrmc2iwt,R,,,Roughly traced,
89804,celltype_prediction_only,acetylcholine,dopamine,0.7078500360861945,dopamine,0.7305603395922767,KCab-c,KCab-c,KCab-c_R,Kenyon_Cell,,cb_intrinsic,11862,KCab,"KCab-m,KCab-c,KCab-s",,VFB_jrmc2iu1,R,,,Roughly traced,
90139,celltype_prediction_only,acetylcholine,dopamine,0.712799504834319,dopamine,0.7305603395922767,KCab-c,KCab-c,KCab-c_L,Kenyon_Cell,,cb_intrinsic,11862,KCab,"KCab-m,KCab-c,KCab-s",,VFB_jrmc2iyu,L,,,Roughly traced,
90459,celltype_prediction_only,acetylcholine,dopamine,0.7535404467577531,dopamine,0.7305603395922767,KCab-c,KCab-c,KCab-c_R,Kenyon_Cell,,cb_intrinsic,11862,KCab,"KCab-m,KCab-c,KCab-s",,VFB_jrmc2iwu,R,,,Roughly traced,
91287,celltype_prediction_only,acetylcholine,dopamine,0.7215174690159083,dopamine,0.7305603395922767,KCab-c,KCab-c,KCab-c_L,Kenyon_Cell,,cb_intrinsic,11862,KCab,"KCab-m,KCab-c,KCab-s",,VFB_jrmc2ipy,L,,,Roughly traced,
92274,celltype_prediction_only,acetylcholine,dopamine,0.6785492623067101,dopamine,0.7305603395922767,KCab-c,KCab-c,KCab-c_R,Kenyon_Cell,,cb_intrinsic,11862,KCab,"KCab-m,KCab-c,KCab-s",,VFB_jrmc2iwv,R,,,Roughly traced,
92358,celltype_prediction_only,acetylcholine,dopamine,0.7471352030352748,dopamine,0.7305603395922767,KCab-c,KCab-c,KCab-c_L,Kenyon_Cell,,cb_intrinsic,11862,KCab,"KCab-m,KCab-c,KCab-s",,VFB_jrmc2ipz,L,,,Roughly traced,
92430,celltype_prediction_only,acetylcholine,dopamine,0.7277908805031447,dopamine,0.7305603395922767,KCab-c,KCab-c,KCab-c_R,Kenyon_Cell,,cb_intrinsic,11862,KCab,"KCab-m,KCab-c,KCab-s",,VFB_jrmc2iyx,R,,,Roughly traced,
92687,celltype_prediction_only,acetylcholine,dopamine,0.7365677936923288,dopamine,0.7305603395922767,KCab-c,KCab-c,KCab-c_R,Kenyon_Cell,,cb_intrinsic,11862,KCab,"KCab-m,KCab-c,KCab-s",,VFB_jrmc2iy6,R,,,Roughly traced,
92794,celltype_prediction_only,acetylcholine,dopamine,0.8136555875844397,dopamine,0.7305603395922767,KCab-c,KCab-c,KCab-c_R,Kenyon_Cell,,cb_intrinsic,11862,KCab,"KCab-m,KCab-c,KCab-s",,VFB_jrmc2ios,R,,,Roughly traced,
93150,celltype_prediction_only,acetylcholine,dopamine,0.7108800602356276,dopamine,0.7305603395922767,KCab-c,KCab-c,KCab-c_R,Kenyon_Cell,,cb_intrinsic,11862,KCab,"KCab-m,KCab-c,KCab-s",,VFB_jrmc2iot,R,,,Roughly traced,
93314,celltype_prediction_only,acetylcholine,dopamine,0.7004384373488147,dopamine,0.7305603395922767,KCab-c,KCab-c,KCab-c_R,Kenyon_Cell,,cb_intrinsic,11862,KCab,"KCab-m,KCab-c,KCab-s",,VFB_jrmc2iou,R,,,Roughly traced,
93797,celltype_prediction_only,acetylcholine,dopamine,0.6985491440866316,dopamine,0.7305603395922767,KCab-c,KCab-c,KCab-c_R,Kenyon_Cell,,cb_intrinsic,11862,KCab,"KCab-m,KCab-c,KCab-s",,VFB_jrmc2iov,R,,,Roughly traced,
94489,celltype_prediction_only,acetylcholine,dopamine,0.8248767152658661,dopamine,0.7305603395922767,KCab-c,KCab-c,KCab-c_R,Kenyon_Cell,,cb_intrinsic,11862,KCab,"KCab-m,KCab-c,KCab-s",,VFB_jrmc2iww,R,,,Roughly traced,
94509,celltype_prediction_only,acetylcholine,dopamine,0.6953640031825414,dopamine,0.7305603395922767,KCab-c,KCab-c,KCab-c_R,Kenyon_Cell,,cb_intrinsic,11862,KCab,"KCab-m,KCab-c,KCab-s",,VFB_jrmc2iwx,R,,,Roughly traced,
94622,celltype_prediction_only,acetylcholine,dopamine,0.7216307277628032,dopamine,0.7305603395922767,KCab-c,KCab-c,KCab-c_R,Kenyon_Cell,,cb_intrinsic,11862,KCab,"KCab-m,KCab-c,KCab-s",,VFB_jrmc2iu2,R,,,Roughly traced,
94785,celltype_prediction_only,acetylcholine,dopamine,0.7641523178079782,dopamine,0.7305603395922767,KCab-c,KCab-c,KCab-c_R,Kenyon_Cell,,cb_intrinsic,11862,KCab,"KCab-m,KCab-c,KCab-s",,VFB_jrmc2iow,R,,,Roughly traced,
94839,celltype_prediction_only,acetylcholine,dopamine,0.7031275635767023,dopamine,0.7305603395922767,KCab-c,KCab-c,KCab-c_R,Kenyon_Cell,,cb_intrinsic,11862,KCab,"KCab-m,KCab-c,KCab-s",,VFB_jrmc2iox,R,,,Roughly traced,
95186,celltype_prediction_only,acetylcholine,dopamine,0.74056462377268,dopamine,0.7305603395922767,KCab-c,KCab-c,KCab-c_L,Kenyon_Cell,,cb_intrinsic,11862,KCab,"KCab-m,KCab-c,KCab-s",,VFB_jrmc2ily,L,,,Roughly traced,
95548,celltype_prediction_only,acetylcholine,dopamine,0.7187017918594992,dopamine,0.7305603395922767,KCab-c,KCab-c,KCab-c_R,Kenyon_Cell,,cb_intrinsic,11862,KCab,"KCab-m,KCab-c,KCab-s",,VFB_jrmc2ioy,R,,,Roughly traced,
95581,celltype_prediction_only,acetylcholine,dopamine,0.7895220588235294,dopamine,0.7305603395922767,KCab-c,KCab-c,KCab-c_R,Kenyon_Cell,,cb_intrinsic,11862,KCab,"KCab-m,KCab-c,KCab-s",,VFB_jrmc2iyh,R,,,Roughly traced,
95653,celltype_prediction_only,acetylcholine,dopamine,0.7379163223614745,dopamine,0.7305603395922767,KCab-c,KCab-c,KCab-c_R,Kenyon_Cell,,cb_intrinsic,11862,KCab,"KCab-m,KCab-c,KCab-s",,VFB_jrmc2iuq,R,,,Roughly traced,
96273,celltype_prediction_only,acetylcholine,dopamine,0.7035201726214372,dopamine,0.7305603395922767,KCab-c,KCab-c,KCab-c_R,Kenyon_Cell,,cb_intrinsic,11862,KCab,"KCab-m,KCab-c,KCab-s",,VFB_jrmc2ioz,R,,,Roughly traced,
96274,celltype_prediction_only,acetylcholine,dopamine,0.7407670118692959,dopamine,0.7305603395922767,KCab-c,KCab-c,KCab-c_R,Kenyon_Cell,,cb_intrinsic,11862,KCab,"KCab-m,KCab-c,KCab-s",,VFB_jrmc2ip0,R,,,Roughly traced,
96850,celltype_prediction_only,acetylcholine,dopamine,0.6752422324356286,dopamine,0.7305603395922767,KCab-c,KCab-c,KCab-c_R,Kenyon_Cell,,cb_intrinsic,11862,KCab,"KCab-m,KCab-c,KCab-s",,VFB_jrmc2iy1,R,,,Roughly traced,
97356,celltype_prediction_only,acetylcholine,dopamine,0.7971241041392424,dopamine,0.7305603395922767,KCab-c,KCab-c,KCab-c_L,Kenyon_Cell,,cb_intrinsic,11862,KCab,"KCab-m,KCab-c,KCab-s",,VFB_jrmc2iuz,L,,,Roughly traced,
98120,celltype_prediction_only,acetylcholine,dopamine,0.758084775618291,dopamine,0.7305603395922767,KCab-c,KCab-c,KCab-c_R,Kenyon_Cell,,cb_intrinsic,11862,KCab,"KCab-m,KCab-c,KCab-s",,VFB_jrmc2iu3,R,,,Roughly traced,
99324,celltype_prediction_only,acetylcholine,dopamine,0.6654657554598128,dopamine,0.7305603395922767,KCab-c,KCab-c,KCab-c_R,Kenyon_Cell,,cb_intrinsic,11862,KCab,"KCab-m,KCab-c,KCab-s",,VFB_jrmc2iu4,R,,,Roughly traced,
99785,celltype_prediction_only,acetylcholine,dopamine,0.7684671853303929,dopamine,0.7305603395922767,KCab-c,KCab-c,KCab-c_R,Kenyon_Cell,,cb_intrinsic,11862,KCab,"KCab-m,KCab-c,KCab-s",,VFB_jrmc2iy7,R,,,Roughly traced,
99838,celltype_prediction_only,acetylcholine,dopamine,0.6843572177298591,dopamine,0.7305603395922767,KCab-c,KCab-c,KCab-c_L,Kenyon_Cell,,cb_intrinsic,11862,KCab,"KCab-m,KCab-c,KCab-s",,VFB_jrmc2ilz,L,,,Roughly traced,
99958,celltype_prediction_only,acetylcholine,dopamine,0.7193592767295597,dopamine,0.7305603395922767,KCab-c,KCab-c,KCab-c_R,Kenyon_Cell,,cb_intrinsic,11862,KCab,"KCab-m,KCab-c,KCab-s",,VFB_jrmc2ip1,R,,,Roughly traced,
100076,celltype_prediction_only,acetylcholine,dopamine,0.7412267894579215,dopamine,0.7305603395922767,KCab-c,KCab-c,KCab-c_R,Kenyon_Cell,,cb_intrinsic,11862,KCab,"KCab-m,KCab-c,KCab-s",,VFB_jrmc2iu5,R,,,Roughly traced,
100237,celltype_prediction_only,acetylcholine,dopamine,0.7068006078100065,dopamine,0.7305603395922767,KCab-c,KCab-c,KCab-c_L,Kenyon_Cell,,cb_intrinsic,11862,KCab,"KCab-m,KCab-c,KCab-s",,VFB_jrmc2im0,L,,,Roughly traced,
100341,celltype_prediction_only,acetylcholine,dopamine,0.7513501503964998,dopamine,0.7305603395922767,KCab-c,KCab-c,KCab-c_L,Kenyon_Cell,,cb_intrinsic,11862,KCab,"KCab-m,KCab-c,KCab-s",,VFB_jrmc2im1,L,,,Roughly traced,
100619,celltype_prediction_only,acetylcholine,dopamine,0.7209738236664337,dopamine,0.7305603395922767,KCab-c,KCab-c,KCab-c_L,Kenyon_Cell,,cb_intrinsic,11862,KCab,"KCab-m,KCab-c,KCab-s",,VFB_jrmc2iq0,L,,,Roughly traced,
100672,celltype_prediction_only,acetylcholine,dopamine,0.7723678640541848,dopamine,0.7305603395922767,KCab-c,KCab-c,KCab-c_R,Kenyon_Cell,,cb_intrinsic,11862,KCab,"KCab-m,KCab-c,KCab-s",,VFB_jrmc2iu6,R,,,Roughly traced,
100885,celltype_prediction_only,acetylcholine,dopamine,0.7317274365330763,dopamine,0.7305603395922767,KCab-c,KCab-c,KCab-c_L,Kenyon_Cell,,cb_intrinsic,11862,KCab,"KCab-m,KCab-c,KCab-s",,VFB_jrmc2im2,L,,,Roughly traced,
100914,celltype_prediction_only,acetylcholine,dopamine,0.658257740686986,dopamine,0.7305603395922767,KCab-c,KCab-c,KCab-c_R,Kenyon_Cell,,cb_intrinsic,11862,KCab,"KCab-m,KCab-c,KCab-s",,VFB_jrmc2ip2,R,,,Roughly traced,
102357,celltype_prediction_only,acetylcholine,dopamine,0.701274015680193,dopamine,0.7305603395922767,KCab-c,KCab-c,KCab-c_R,Kenyon_Cell,,cb_intrinsic,11862,KCab,"KCab-m,KCab-c,KCab-s",,VFB_jrmc2ixh,R,,,Roughly traced,
102459,celltype_prediction_only,acetylcholine,dopamine,0.7678558058443503,dopamine,0.7305603395922767,KCab-c,KCab-c,KCab-c_L,Kenyon_Cell,,cb_intrinsic,11862,KCab,"KCab-m,KCab-c,KCab-s",,VFB_jrmc2isq,L,,,Roughly traced,
102671,celltype_prediction_only,acetylcholine,dopamine,0.7922075740471967,dopamine,0.7305603395922767,KCab-c,KCab-c,KCab-c_R,Kenyon_Cell,,cb_intrinsic,11862,KCab,"KCab-m,KCab-c,KCab-s",,VFB_jrmc2iwy,R,,,Roughly traced,
103011,celltype_prediction_only,acetylcholine,dopamine,0.7096983711674528,dopamine,0.7305603395922767,KCab-c,KCab-c,KCab-c_R,Kenyon_Cell,,cb_intrinsic,11862,KCab,"KCab-m,KCab-c,KCab-s",,VFB_jrmc2iwz,R,,,Roughly traced,
104127,celltype_prediction_only,acetylcholine,dopamine,0.7149288796255667,dopamine,0.7305603395922767,KCab-c,KCab-c,KCab-c_L,Kenyon_Cell,,cb_intrinsic,11862,KCab,"KCab-m,KCab-c,KCab-s",,VFB_jrmc2iq1,L,,,Roughly traced,
104240,celltype_prediction_only,acetylcholine,dopamine,0.7095145245656641,dopamine,0.7305603395922767,KCab-c,KCab-c,KCab-c_R,Kenyon_Cell,,cb_intrinsic,11862,KCab,"KCab-m,KCab-c,KCab-s",,VFB_jrmc2ip3,R,,,Roughly traced,
104284,celltype_prediction_only,acetylcholine,dopamine,0.7090699487342107,dopamine,0.7305603395922767,KCab-c,KCab-c,KCab-c_L,Kenyon_Cell,,cb_intrinsic,11862,KCab,"KCab-m,KCab-c,KCab-s",,VFB_jrmc2iq2,L,,,Roughly traced,
104293,celltype_prediction_only,acetylcholine,dopamine,0.7433741155660377,dopamine,0.7305603395922767,KCab-c,KCab-c,KCab-c_R,Kenyon_Cell,,cb_intrinsic,11862,KCab,"KCab-m,KCab-c,KCab-s",,VFB_jrmc2ix0,R,,,Roughly traced,
104866,celltype_prediction_only,acetylcholine,dopamine,0.7625299159570323,dopamine,0.7305603395922767,KCab-c,KCab-c,KCab-c_L,Kenyon_Cell,,cb_intrinsic,11862,KCab,"KCab-m,KCab-c,KCab-s",,VFB_jrmc2iq3,L,,,Roughly traced,
104940,celltype_prediction_only,acetylcholine,dopamine,0.76995048437817,dopamine,0.7305603395922767,KCab-c,KCab-c,KCab-c_R,Kenyon_Cell,,cb_intrinsic,11862,KCab,"KCab-m,KCab-c,KCab-s",,VFB_jrmc2ip4,R,,,Roughly traced,
105345,celltype_prediction_only,acetylcholine,dopamine,0.7382326689364921,dopamine,0.7305603395922767,KCab-c,KCab-c,KCab-c_R,Kenyon_Cell,,cb_intrinsic,11862,KCab,"KCab-m,KCab-c,KCab-s",,VFB_jrmc2iu7,R,,,Roughly traced,
105400,celltype_prediction_only,acetylcholine,dopamine,0.7515488093318281,dopamine,0.7305603395922767,KCab-c,KCab-c,KCab-c_L,Kenyon_Cell,,cb_intrinsic,11862,KCab,"KCab-m,KCab-c,KCab-s",,VFB_jrmc2iq4,L,,,Roughly traced,
106846,celltype_prediction_only,acetylcholine,dopamine,0.7504681647940076,dopamine,0.7305603395922767,KCab-c,KCab-c,KCab-c_R,Kenyon_Cell,,cb_intrinsic,11862,KCab,"KCab-m,KCab-c,KCab-s",,VFB_jrmc2ix1,R,,,Roughly traced,
107575,celltype_prediction_only,acetylcholine,dopamine,0.7319806696263411,dopamine,0.7305603395922767,KCab-c,KCab-c,KCab-c_L,Kenyon_Cell,,cb_intrinsic,11862,KCab,"KCab-m,KCab-c,KCab-s",,VFB_jrmc2iv0,L,,,Roughly traced,
108277,celltype_prediction_only,acetylcholine,dopamine,0.7380257837991204,dopamine,0.7305603395922767,KCab-c,KCab-c,KCab-c_L,Kenyon_Cell,,cb_intrinsic,11862,KCab,"KCab-m,KCab-c,KCab-s",,VFB_jrmc2im3,L,,,Roughly traced,
108481,celltype_prediction_only,acetylcholine,dopamine,0.7284633310871518,dopamine,0.7305603395922767,KCab-c,KCab-c,KCab-c_R,Kenyon_Cell,,cb_intrinsic,11862,KCab,"KCab-m,KCab-c,KCab-s",,VFB_jrmc2iur,R,,,Roughly traced,
108539,celltype_prediction_only,acetylcholine,dopamine,0.6891836543959186,dopamine,0.7305603395922767,KCab-c,KCab-c,KCab-c_L,Kenyon_Cell,,cb_intrinsic,11862,KCab,"KCab-m,KCab-c,KCab-s",,VFB_jrmc2im4,L,,,Roughly traced,
108808,celltype_prediction_only,acetylcholine,dopamine,0.6807244351269508,dopamine,0.7305603395922767,KCab-c,KCab-c,KCab-c_L,Kenyon_Cell,,cb_intrinsic,11862,KCab,"KCab-m,KCab-c,KCab-s",,VFB_jrmc2iq5,L,,,Roughly traced,
109263,celltype_prediction_only,acetylcholine,dopamine,0.7405815541211519,dopamine,0.7305603395922767,KCab-c,KCab-c,KCab-c_L,Kenyon_Cell,,cb_intrinsic,11862,KCab,"KCab-m,KCab-c,KCab-s",,VFB_jrmc2iq6,L,,,Roughly traced,
109550,celltype_prediction_only,acetylcholine,dopamine,0.7405377358490566,dopamine,0.7305603395922767,KCab-c,KCab-c,KCab-c_L,Kenyon_Cell,,cb_intrinsic,11862,KCab,"KCab-m,KCab-c,KCab-s",,VFB_jrmc2im5,L,,,Roughly traced,
109758,celltype_prediction_only,acetylcholine,dopamine,0.7092233827493261,dopamine,0.7305603395922767,KCab-c,KCab-c,KCab-c_L,Kenyon_Cell,,cb_intrinsic,11862,KCab,"KCab-m,KCab-c,KCab-s",,VFB_jrmc2isr,L,,,Roughly traced,
110328,celltype_prediction_only,acetylcholine,dopamine,0.7234540932054851,dopamine,0.7305603395922767,KCab-c,KCab-c,KCab-c_L,Kenyon_Cell,,cb_intrinsic,11862,KCab,"KCab-m,KCab-c,KCab-s",,VFB_jrmc2iq7,L,,,Roughly traced,
110338,celltype_prediction_only,acetylcholine,dopamine,0.789295806394863,dopamine,0.7305603395922767,KCab-c,KCab-c,KCab-c_R,Kenyon_Cell,,cb_intrinsic,11862,KCab,"KCab-m,KCab-c,KCab-s",,VFB_jrmc2iy8,R,,,Roughly traced,
111033,celltype_prediction_only,acetylcholine,dopamine,0.7213545306312602,dopamine,0.7305603395922767,KCab-c,KCab-c,KCab-c_L,Kenyon_Cell,,cb_intrinsic,11862,KCab,"KCab-m,KCab-c,KCab-s",,VFB_jrmc2im6,L,,,Roughly traced,
111640,celltype_prediction_only,acetylcholine,dopamine,0.7644134980075856,dopamine,0.7305603395922767,KCab-c,KCab-c,KCab-c_L,Kenyon_Cell,,cb_intrinsic,11862,KCab,"KCab-m,KCab-c,KCab-s",,VFB_jrmc2im7,L,,,Roughly traced,
111702,celltype_prediction_only,acetylcholine,dopamine,0.7382544823054538,dopamine,0.7305603395922767,KCab-c,KCab-c,KCab-c_L,Kenyon_Cell,,cb_intrinsic,11862,KCab,"KCab-m,KCab-c,KCab-s",,VFB_jrmc2iss,L,,,Roughly traced,
111754,celltype_prediction_only,acetylcholine,dopamine,0.745321502396974,dopamine,0.7305603395922767,KCab-c,KCab-c,KCab-c_L,Kenyon_Cell,,cb_intrinsic,11862,KCab,"KCab-m,KCab-c,KCab-s",,VFB_jrmc2iq8,L,,,Roughly traced,
111812,celltype_prediction_only,acetylcholine,dopamine,0.7577852026554857,dopamine,0.7305603395922767,KCab-c,KCab-c,KCab-c_R,Kenyon_Cell,,cb_intrinsic,11862,KCab,"KCab-m,KCab-c,KCab-s",,VFB_jrmc2ip5,R,,,Roughly traced,
111958,celltype_prediction_only,acetylcholine,dopamine,0.7448331245086478,dopamine,0.7305603395922767,KCab-c,KCab-c,KCab-c_L,Kenyon_Cell,,cb_intrinsic,11862,KCab,"KCab-m,KCab-c,KCab-s",,VFB_jrmc2im8,L,,,Roughly traced,
111985,celltype_prediction_only,acetylcholine,dopamine,0.7705570367332057,dopamine,0.7305603395922767,KCab-c,KCab-c,KCab-c_R,Kenyon_Cell,,cb_intrinsic,11862,KCab,"KCab-m,KCab-c,KCab-s",,VFB_jrmc2ius,R,,,Roughly traced,
112023,celltype_prediction_only,acetylcholine,dopamine,0.7320898455834037,dopamine,0.7305603395922767,KCab-c,KCab-c,KCab-c_R,Kenyon_Cell,,cb_intrinsic,11862,KCab,"KCab-m,KCab-c,KCab-s",,VFB_jrmc2ixp,R,,,Roughly traced,
112605,celltype_prediction_only,acetylcholine,dopamine,0.7008027143330023,dopamine,0.7305603395922767,KCab-c,KCab-c,KCab-c_L,Kenyon_Cell,,cb_intrinsic,11862,KCab,"KCab-m,KCab-c,KCab-s",,VFB_jrmc2im9,L,,,Roughly traced,
112834,celltype_prediction_only,acetylcholine,dopamine,0.7117207732149463,dopamine,0.7305603395922767,KCab-c,KCab-c,KCab-c_L,Kenyon_Cell,,cb_intrinsic,11862,KCab,"KCab-m,KCab-c,KCab-s",,VFB_jrmc2iq9,L,,,Roughly traced,
113074,celltype_prediction_only,acetylcholine,dopamine,0.7117040094339623,dopamine,0.7305603395922767,KCab-c,KCab-c,KCab-c_L,Kenyon_Cell,,cb_intrinsic,11862,KCab,"KCab-m,KCab-c,KCab-s",,VFB_jrmc2ima,L,,,Roughly traced,
113090,celltype_prediction_only,acetylcholine,dopamine,0.6910715666563564,dopamine,0.7305603395922767,KCab-c,KCab-c,KCab-c_R,Kenyon_Cell,,cb_intrinsic,11862,KCab,"KCab-m,KCab-c,KCab-s",,VFB_jrmc2iu8,R,,,Roughly traced,
113280,celltype_prediction_only,acetylcholine,dopamine,0.6741800995394444,dopamine,0.7305603395922767,KCab-c,KCab-c,KCab-c_R,Kenyon_Cell,,cb_intrinsic,11862,KCab,"KCab-m,KCab-c,KCab-s",,VFB_jrmc2iyq,R,,,Roughly traced,
113429,celltype_prediction_only,acetylcholine,dopamine,0.7660324947589099,dopamine,0.7305603395922767,KCab-c,KCab-c,KCab-c_L,Kenyon_Cell,,cb_intrinsic,11862,KCab,"KCab-m,KCab-c,KCab-s",,VFB_jrmc2ist,L,,,Roughly traced,
114290,celltype_prediction_only,acetylcholine,dopamine,0.6897846312542563,dopamine,0.7305603395922767,KCab-c,KCab-c,KCab-c_L,Kenyon_Cell,,cb_intrinsic,11862,KCab,"KCab-m,KCab-c,KCab-s",,VFB_jrmc2iyi,L,,,Roughly traced,
114597,celltype_prediction_only,acetylcholine,dopamine,0.716554269850629,dopamine,0.7305603395922767,KCab-c,KCab-c,KCab-c_L,Kenyon_Cell,,cb_intrinsic,11862,KCab,"KCab-m,KCab-c,KCab-s",,VFB_jrmc2imb,L,,,Roughly traced,
114847,celltype_prediction_only,acetylcholine,dopamine,0.7263527004093041,dopamine,0.7305603395922767,KCab-c,KCab-c,KCab-c_L,Kenyon_Cell,,cb_intrinsic,11862,KCab,"KCab-m,KCab-c,KCab-s",,VFB_jrmc2iqa,L,,,Roughly traced,
114902,celltype_prediction_only,acetylcholine,dopamine,0.6724797411707789,dopamine,0.7305603395922767,KCab-c,KCab-c,KCab-c_L,Kenyon_Cell,,cb_intrinsic,11862,KCab,"KCab-m,KCab-c,KCab-s",,VFB_jrmc2imc,L,,,Roughly traced,
114930,celltype_prediction_only,acetylcholine,dopamine,0.6214667997097243,dopamine,0.7305603395922767,KCab-c,KCab-c,KCab-c_L,Kenyon_Cell,,cb_intrinsic,11862,KCab,"KCab-m,KCab-c,KCab-s",,VFB_jrmc2isu,L,,,Roughly traced,
115071,celltype_prediction_only,acetylcholine,dopamine,0.7330562349561301,dopamine,0.7305603395922767,KCab-c,KCab-c,KCab-c_R,Kenyon_Cell,,cb_intrinsic,11862,KCab,"KCab-m,KCab-c,KCab-s",,VFB_jrmc2ixj,R,,,Roughly traced,
115501,celltype_prediction_only,acetylcholine,dopamine,0.7622754552554775,dopamine,0.7305603395922767,KCab-c,KCab-c,KCab-c_R,Kenyon_Cell,,cb_intrinsic,11862,KCab,"KCab-m,KCab-c,KCab-s",,VFB_jrmc2ipm,R,,,Roughly traced,
115611,celltype_prediction_only,acetylcholine,dopamine,0.6333121138754383,dopamine,0.7305603395922767,KCab-c,KCab-c,KCab-c_L,Kenyon_Cell,,cb_intrinsic,11862,KCab,"KCab-m,KCab-c,KCab-s",,VFB_jrmc2iyv,L,,,Roughly traced,
115752,celltype_prediction_only,acetylcholine,dopamine,0.7574846340766153,dopamine,0.7305603395922767,KCab-c,KCab-c,KCab-c_L,Kenyon_Cell,,cb_intrinsic,11862,KCab,"KCab-m,KCab-c,KCab-s",,VFB_jrmc2iqb,L,,,Roughly traced,
115819,celltype_prediction_only,acetylcholine,dopamine,0.7202860425737785,dopamine,0.7305603395922767,KCab-c,KCab-c,KCab-c_L,Kenyon_Cell,,cb_intrinsic,11862,KCab,"KCab-m,KCab-c,KCab-s",,VFB_jrmc2iqc,L,,,Roughly traced,
116246,celltype_prediction_only,acetylcholine,dopamine,0.7441200166328811,dopamine,0.7305603395922767,KCab-c,KCab-c,KCab-c_L,Kenyon_Cell,,cb_intrinsic,11862,KCab,"KCab-m,KCab-c,KCab-s",,VFB_jrmc2imd,L,,,Roughly traced,
116458,celltype_prediction_only,acetylcholine,dopamine,0.6610616119263918,dopamine,0.7305603395922767,KCab-c,KCab-c,KCab-c_L,Kenyon_Cell,,cb_intrinsic,11862,KCab,"KCab-m,KCab-c,KCab-s",,VFB_jrmc2ime,L,,,Roughly traced,
116895,celltype_prediction_only,acetylcholine,dopamine,0.71348551212938,dopamine,0.7305603395922767,KCab-c,KCab-c,KCab-c_L,Kenyon_Cell,,cb_intrinsic,11862,KCab,"KCab-m,KCab-c,KCab-s",,VFB_jrmc2iv1,L,,,Roughly traced,
117016,celltype_prediction_only,acetylcholine,dopamine,0.611558212880209,dopamine,0.7305603395922767,KCab-c,KCab-c,KCab-c_L,Kenyon_Cell,,cb_intrinsic,11862,KCab,"KCab-m,KCab-c,KCab-s",,VFB_jrmc2isv,L,,,Roughly traced,
117108,celltype_prediction_only,acetylcholine,dopamine,0.7256741869414101,dopamine,0.7305603395922767,KCab-c,KCab-c,KCab-c_L,Kenyon_Cell,,cb_intrinsic,11862,KCab,"KCab-m,KCab-c,KCab-s",,VFB_jrmc2isw,L,,,Roughly traced,
117375,celltype_prediction_only,acetylcholine,dopamine,0.7787129722982381,dopamine,0.7305603395922767,KCab-c,KCab-c,KCab-c_R,Kenyon_Cell,,cb_intrinsic,11862,KCab,"KCab-m,KCab-c,KCab-s",,VFB_jrmc2iz5,R,,,Roughly traced,
117495,celltype_prediction_only,acetylcholine,dopamine,0.7500431431201104,dopamine,0.7305603395922767,KCab-c,KCab-c,KCab-c_R,Kenyon_Cell,,cb_intrinsic,11862,KCab,"KCab-m,KCab-c,KCab-s",,VFB_jrmc2iut,R,,,Roughly traced,
117560,celltype_prediction_only,acetylcholine,dopamine,0.7178373666940114,dopamine,0.7305603395922767,KCab-c,KCab-c,KCab-c_L,Kenyon_Cell,,cb_intrinsic,11862,KCab,"KCab-m,KCab-c,KCab-s",,VFB_jrmc2iv2,L,,,Roughly traced,
117723,celltype_prediction_only,acetylcholine,dopamine,0.7112801003704661,dopamine,0.7305603395922767,KCab-c,KCab-c,KCab-c_L,Kenyon_Cell,,cb_intrinsic,11862,KCab,"KCab-m,KCab-c,KCab-s",,VFB_jrmc2iqd,L,,,Roughly traced,
117886,celltype_prediction_only,acetylcholine,dopamine,0.7921702223866486,dopamine,0.7305603395922767,KCab-c,KCab-c,KCab-c_R,Kenyon_Cell,,cb_intrinsic,11862,KCab,"KCab-m,KCab-c,KCab-s",,VFB_jrmc2ixq,R,,,Roughly traced,
118041,celltype_prediction_only,acetylcholine,dopamine,0.7561801187980433,dopamine,0.7305603395922767,KCab-c,KCab-c,KCab-c_R,Kenyon_Cell,,cb_intrinsic,11862,KCab,"KCab-m,KCab-c,KCab-s",,VFB_jrmc2ixr,R,,,Roughly traced,
118204,celltype_prediction_only,acetylcholine,dopamine,0.832344120954642,dopamine,0.7305603395922767,KCab-c,KCab-c,KCab-c_R,Kenyon_Cell,,cb_intrinsic,11862,KCab,"KCab-m,KCab-c,KCab-s",,VFB_jrmc2ip6,R,,,Roughly traced,
118507,celltype_prediction_only,acetylcholine,dopamine,0.7271823317027719,dopamine,0.7305603395922767,KCab-c,KCab-c,KCab-c_L,Kenyon_Cell,,cb_intrinsic,11862,KCab,"KCab-m,KCab-c,KCab-s",,VFB_jrmc2iqe,L,,,Roughly traced,
118532,celltype_prediction_only,acetylcholine,dopamine,0.7052473862615372,dopamine,0.7305603395922767,KCab-c,KCab-c,KCab-c_R,Kenyon_Cell,,cb_intrinsic,11862,KCab,"KCab-m,KCab-c,KCab-s",,VFB_jrmc2iy9,R,,,Roughly traced,
118595,celltype_prediction_only,acetylcholine,dopamine,0.7471384234487938,dopamine,0.7305603395922767,KCab-c,KCab-c,KCab-c_R,Kenyon_Cell,,cb_intrinsic,11862,KCab,"KCab-m,KCab-c,KCab-s",,VFB_jrmc2ip7,R,,,Roughly traced,
118825,celltype_prediction_only,acetylcholine,dopamine,0.7329649334503436,dopamine,0.7305603395922767,KCab-c,KCab-c,KCab-c_L,Kenyon_Cell,,cb_intrinsic,11862,KCab,"KCab-m,KCab-c,KCab-s",,VFB_jrmc2iv3,L,,,Roughly traced,
119160,celltype_prediction_only,acetylcholine,dopamine,0.7101501380579843,dopamine,0.7305603395922767,KCab-c,KCab-c,KCab-c_R,Kenyon_Cell,,cb_intrinsic,11862,KCab,"KCab-m,KCab-c,KCab-s",,VFB_jrmc2ixs,R,,,Roughly traced,
119465,celltype_prediction_only,acetylcholine,dopamine,0.7872179794349606,dopamine,0.7305603395922767,KCab-c,KCab-c,KCab-c_L,Kenyon_Cell,,cb_intrinsic,11862,KCab,"KCab-m,KCab-c,KCab-s",,VFB_jrmc2imf,L,,,Roughly traced,
120513,celltype_prediction_only,acetylcholine,dopamine,0.683370695560122,dopamine,0.7305603395922767,KCab-c,KCab-c,KCab-c_L,Kenyon_Cell,,cb_intrinsic,11862,KCab,"KCab-m,KCab-c,KCab-s",,VFB_jrmc2img,L,,,Roughly traced,
120781,celltype_prediction_only,acetylcholine,dopamine,0.7255290225366876,dopamine,0.7305603395922767,KCab-c,KCab-c,KCab-c_R,Kenyon_Cell,,cb_intrinsic,11862,KCab,"KCab-m,KCab-c,KCab-s",,VFB_jrmc2ip8,R,,,Prelim Roughly traced,
121079,celltype_prediction_only,acetylcholine,dopamine,0.6776225608772779,dopamine,0.7305603395922767,KCab-c,KCab-c,KCab-c_L,Kenyon_Cell,,cb_intrinsic,11862,KCab,"KCab-m,KCab-c,KCab-s",,VFB_jrmc2imh,L,,,Roughly traced,
121106,celltype_prediction_only,acetylcholine,dopamine,0.7582438982170676,dopamine,0.7305603395922767,KCab-c,KCab-c,KCab-c_L,Kenyon_Cell,,cb_intrinsic,11862,KCab,"KCab-m,KCab-c,KCab-s",,VFB_jrmc2imi,L,,,Roughly traced,
121446,celltype_prediction_only,acetylcholine,dopamine,0.6729801644895984,dopamine,0.7305603395922767,KCab-c,KCab-c,KCab-c_L,Kenyon_Cell,,cb_intrinsic,11862,KCab,"KCab-m,KCab-c,KCab-s",,VFB_jrmc2isx,L,,,Roughly traced,
121597,celltype_prediction_only,acetylcholine,dopamine,0.7444705148155353,dopamine,0.7305603395922767,KCab-c,KCab-c,KCab-c_L,Kenyon_Cell,,cb_intrinsic,11862,KCab,"KCab-m,KCab-c,KCab-s",,VFB_jrmc2imj,L,,,Roughly traced,
121704,celltype_prediction_only,acetylcholine,dopamine,0.7143489961296565,dopamine,0.7305603395922767,KCab-c,KCab-c,KCab-c_L,Kenyon_Cell,,cb_intrinsic,11862,KCab,"KCab-m,KCab-c,KCab-s",,VFB_jrmc2iqf,L,,,Roughly traced,
121910,celltype_prediction_only,acetylcholine,dopamine,0.7249882384984895,dopamine,0.7305603395922767,KCab-c,KCab-c,KCab-c_L,Kenyon_Cell,,cb_intrinsic,11862,KCab,"KCab-m,KCab-c,KCab-s",,VFB_jrmc2iqg,L,,,Roughly traced,
121966,celltype_prediction_only,acetylcholine,dopamine,0.6666559183372641,dopamine,0.7305603395922767,KCab-c,KCab-c,KCab-c_R,Kenyon_Cell,,cb_intrinsic,11862,KCab,"KCab-m,KCab-c,KCab-s",,VFB_jrmc2iya,R,,,Prelim Roughly traced,
122573,celltype_prediction_only,acetylcholine,dopamine,0.6724159003223931,dopamine,0.7305603395922767,KCab-c,KCab-c,KCab-c_R,Kenyon_Cell,,cb_intrinsic,11862,KCab,"KCab-m,KCab-c,KCab-s",,VFB_jrmc2iu9,R,,,Prelim Roughly traced,
123169,celltype_prediction_only,acetylcholine,dopamine,0.7258093377452361,dopamine,0.7305603395922767,KCab-c,KCab-c,KCab-c_R,Kenyon_Cell,,cb_intrinsic,11862,KCab,"KCab-m,KCab-c,KCab-s",,VFB_jrmc2ixt,R,,,Prelim Roughly traced,
123380,celltype_prediction_only,acetylcholine,dopamine,0.7284527018354511,dopamine,0.7305603395922767,KCab-c,KCab-c,KCab-c_L,Kenyon_Cell,,cb_intrinsic,11862,KCab,"KCab-m,KCab-c,KCab-s",,VFB_jrmc2iv4,L,,,Roughly traced,
123653,celltype_prediction_only,acetylcholine,dopamine,0.7890415508751402,dopamine,0.7305603395922767,KCab-c,KCab-c,KCab-c_L,Kenyon_Cell,,cb_intrinsic,11862,KCab,"KCab-m,KCab-c,KCab-s",,VFB_jrmc2iqh,L,,,Roughly traced,
123749,celltype_prediction_only,acetylcholine,dopamine,0.7828401943967982,dopamine,0.7305603395922767,KCab-c,KCab-c,KCab-c_R,Kenyon_Cell,,cb_intrinsic,11862,KCab,"KCab-m,KCab-c,KCab-s",,VFB_jrmc2ix2,R,,,Prelim Roughly traced,
123978,celltype_prediction_only,acetylcholine,dopamine,0.6912893081761006,dopamine,0.7305603395922767,KCab-c,KCab-c,KCab-c_L,Kenyon_Cell,,cb_intrinsic,11862,KCab,"KCab-m,KCab-c,KCab-s",,VFB_jrmc2isy,L,,,Roughly traced,
123997,celltype_prediction_only,acetylcholine,dopamine,0.6962861052876776,dopamine,0.7305603395922767,KCab-c,KCab-c,KCab-c_L,Kenyon_Cell,,cb_intrinsic,11862,KCab,"KCab-m,KCab-c,KCab-s",,VFB_jrmc2iqi,L,,,Roughly traced,
124435,celltype_prediction_only,acetylcholine,dopamine,0.7259744623655914,dopamine,0.7305603395922767,KCab-c,KCab-c,KCab-c_L,Kenyon_Cell,,cb_intrinsic,11862,KCab,"KCab-m,KCab-c,KCab-s",,VFB_jrmc2imk,L,,,Roughly traced,
124454,celltype_prediction_only,acetylcholine,dopamine,0.6971338628178251,dopamine,0.7305603395922767,KCab-c,KCab-c,KCab-c_L,Kenyon_Cell,,cb_intrinsic,11862,KCab,"KCab-m,KCab-c,KCab-s",,VFB_jrmc2iml,L,,,Roughly traced,
126390,celltype_prediction_only,acetylcholine,dopamine,0.7120071359458151,dopamine,0.7305603395922767,KCab-c,KCab-c,KCab-c_L,Kenyon_Cell,,cb_intrinsic,11862,KCab,"KCab-m,KCab-c,KCab-s",,VFB_jrmc2isz,L,,,Roughly traced,
126945,celltype_prediction_only,acetylcholine,dopamine,0.7392436801612017,dopamine,0.7305603395922767,KCab-c,KCab-c,KCab-c_R,Kenyon_Cell,,cb_intrinsic,11862,KCab,"KCab-m,KCab-c,KCab-s",,VFB_jrmc2ip9,R,,,Prelim Roughly traced,
127463,celltype_prediction_only,acetylcholine,dopamine,0.7312358053808525,dopamine,0.7305603395922767,KCab-c,KCab-c,KCab-c_L,Kenyon_Cell,,cb_intrinsic,11862,KCab,"KCab-m,KCab-c,KCab-s",,VFB_jrmc2iqj,L,,,Roughly traced,
128467,celltype_prediction_only,acetylcholine,dopamine,0.7480961582177768,dopamine,0.7305603395922767,KCab-c,KCab-c,KCab-c_L,Kenyon_Cell,,cb_intrinsic,11862,KCab,"KCab-m,KCab-c,KCab-s",,VFB_jrmc2imm,L,,,Roughly traced,
128731,celltype_prediction_only,acetylcholine,dopamine,0.7531734161681239,dopamine,0.7305603395922767,KCab-c,KCab-c,KCab-c_L,Kenyon_Cell,,cb_intrinsic,11862,KCab,"KCab-m,KCab-c,KCab-s",,VFB_jrmc2imn,L,,,Roughly traced,
128866,celltype_prediction_only,acetylcholine,dopamine,0.7318889302659164,dopamine,0.7305603395922767,KCab-c,KCab-c,KCab-c_L,Kenyon_Cell,,cb_intrinsic,11862,KCab,"KCab-m,KCab-c,KCab-s",,VFB_jrmc2imo,L,,,Roughly traced,
128942,celltype_prediction_only,acetylcholine,dopamine,0.6839805857584479,dopamine,0.7305603395922767,KCab-c,KCab-c,KCab-c_L,Kenyon_Cell,,cb_intrinsic,11862,KCab,"KCab-m,KCab-c,KCab-s",,VFB_jrmc2iqk,L,,,Roughly traced,
129292,celltype_prediction_only,acetylcholine,dopamine,0.7246658805031447,dopamine,0.7305603395922767,KCab-c,KCab-c,KCab-c_R,Kenyon_Cell,,cb_intrinsic,11862,KCab,"KCab-m,KCab-c,KCab-s",,VFB_jrmc2ix3,R,,,Prelim Roughly traced,
129608,celltype_prediction_only,acetylcholine,dopamine,0.6869696784862286,dopamine,0.7305603395922767,KCab-c,KCab-c,KCab-c_L,Kenyon_Cell,,cb_intrinsic,11862,KCab,"KCab-m,KCab-c,KCab-s",,VFB_jrmc2iql,L,,,Roughly traced,
129897,celltype_prediction_only,acetylcholine,dopamine,0.7861992567181245,dopamine,0.7305603395922767,KCab-c,KCab-c,KCab-c_L,Kenyon_Cell,,cb_intrinsic,11862,KCab,"KCab-m,KCab-c,KCab-s",,VFB_jrmc2iv5,L,,,Roughly traced,
130429,celltype_prediction_only,acetylcholine,dopamine,0.6986259228876127,dopamine,0.7305603395922767,KCab-c,KCab-c,KCab-c_L,Kenyon_Cell,,cb_intrinsic,11862,KCab,"KCab-m,KCab-c,KCab-s",,VFB_jrmc2it0,L,,,Roughly traced,
130521,celltype_prediction_only,acetylcholine,dopamine,0.7882460190017396,dopamine,0.7305603395922767,KCab-c,KCab-c,KCab-c_L,Kenyon_Cell,,cb_intrinsic,11862,KCab,"KCab-m,KCab-c,KCab-s",,VFB_jrmc2iqm,L,,,Roughly traced,
130825,celltype_prediction_only,acetylcholine,dopamine,0.7386649830244336,dopamine,0.7305603395922767,KCab-c,KCab-c,KCab-c_L,Kenyon_Cell,,cb_intrinsic,11862,KCab,"KCab-m,KCab-c,KCab-s",,VFB_jrmc2it1,L,,,Roughly traced,
131101,celltype_prediction_only,acetylcholine,dopamine,0.7236573317486258,dopamine,0.7305603395922767,KCab-c,KCab-c,KCab-c_R,Kenyon_Cell,,cb_intrinsic,11862,KCab,"KCab-m,KCab-c,KCab-s",,VFB_jrmc2iua,R,,,Prelim Roughly traced,
131358,celltype_prediction_only,acetylcholine,dopamine,0.7049166666666666,dopamine,0.7305603395922767,KCab-c,KCab-c,KCab-c_L,Kenyon_Cell,,cb_intrinsic,11862,KCab,"KCab-m,KCab-c,KCab-s",,VFB_jrmc2iqn,L,,,Roughly traced,
131359,celltype_prediction_only,acetylcholine,dopamine,0.6788334016953788,dopamine,0.7305603395922767,KCab-c,KCab-c,KCab-c_L,Kenyon_Cell,,cb_intrinsic,11862,KCab,"KCab-m,KCab-c,KCab-s",,VFB_jrmc2iqo,L,,,Roughly traced,
131765,celltype_prediction_only,acetylcholine,dopamine,0.7118905608399604,dopamine,0.7305603395922767,KCab-c,KCab-c,KCab-c_L,Kenyon_Cell,,cb_intrinsic,11862,KCab,"KCab-m,KCab-c,KCab-s",,VFB_jrmc2it2,L,,,Roughly traced,
132048,celltype_prediction_only,acetylcholine,dopamine,0.6745854163306994,dopamine,0.7305603395922767,KCab-c,KCab-c,KCab-c_R,Kenyon_Cell,,cb_intrinsic,11862,KCab,"KCab-m,KCab-c,KCab-s",,VFB_jrmc2iub,R,,,Prelim Roughly traced,
132066,celltype_prediction_only,acetylcholine,dopamine,0.700649668201852,dopamine,0.7305603395922767,KCab-c,KCab-c,KCab-c_L,Kenyon_Cell,,cb_intrinsic,11862,KCab,"KCab-m,KCab-c,KCab-s",,VFB_jrmc2it3,L,,,Roughly traced,
133100,celltype_prediction_only,acetylcholine,dopamine,0.708805692088156,dopamine,0.7305603395922767,KCab-c,KCab-c,KCab-c_R,Kenyon_Cell,,cb_intrinsic,11862,KCab,"KCab-m,KCab-c,KCab-s",,VFB_jrmc2iuc,R,,,Prelim Roughly traced,
133165,celltype_prediction_only,acetylcholine,dopamine,0.7533309279076317,dopamine,0.7305603395922767,KCab-c,KCab-c,KCab-c_L,Kenyon_Cell,,cb_intrinsic,11862,KCab,"KCab-m,KCab-c,KCab-s",,VFB_jrmc2it4,L,,,Roughly traced,
133570,celltype_prediction_only,acetylcholine,dopamine,0.7506485849056603,dopamine,0.7305603395922767,KCab-c,KCab-c,KCab-c_L,Kenyon_Cell,,cb_intrinsic,11862,KCab,"KCab-m,KCab-c,KCab-s",,VFB_jrmc2iqp,L,,,Roughly traced,
133709,celltype_prediction_only,acetylcholine,dopamine,0.7106625151715767,dopamine,0.7305603395922767,KCab-c,KCab-c,KCab-c_L,Kenyon_Cell,,cb_intrinsic,11862,KCab,"KCab-m,KCab-c,KCab-s",,VFB_jrmc2iqq,L,,,Roughly traced,
133727,celltype_prediction_only,acetylcholine,dopamine,0.7274457912827264,dopamine,0.7305603395922767,KCab-c,KCab-c,KCab-c_R,Kenyon_Cell,,cb_intrinsic,11862,KCab,"KCab-m,KCab-c,KCab-s",,VFB_jrmc2iuu,R,,,Prelim Roughly traced,
134271,celltype_prediction_only,acetylcholine,dopamine,0.743362845662374,dopamine,0.7305603395922767,KCab-c,KCab-c,KCab-c_L,Kenyon_Cell,,cb_intrinsic,11862,KCab,"KCab-m,KCab-c,KCab-s",,VFB_jrmc2iqr,L,,,Roughly traced,
134357,celltype_prediction_only,acetylcholine,dopamine,0.7123023142211639,dopamine,0.7305603395922767,KCab-c,KCab-c,KCab-c_R,Kenyon_Cell,,cb_intrinsic,11862,KCab,"KCab-m,KCab-c,KCab-s",,VFB_jrmc2ipa,R,,,Prelim Roughly traced,
134438,celltype_prediction_only,acetylcholine,dopamine,0.6845389076777026,dopamine,0.7305603395922767,KCab-c,KCab-c,KCab-c_L,Kenyon_Cell,,cb_intrinsic,11862,KCab,"KCab-m,KCab-c,KCab-s",,VFB_jrmc2iqs,L,,,Roughly traced,
134523,celltype_prediction_only,acetylcholine,dopamine,0.703624374278013,dopamine,0.7305603395922767,KCab-c,KCab-c,KCab-c_L,Kenyon_Cell,,cb_intrinsic,11862,KCab,"KCab-m,KCab-c,KCab-s",,VFB_jrmc2imp,L,,,Roughly traced,
134891,celltype_prediction_only,acetylcholine,dopamine,0.7288617527772879,dopamine,0.7305603395922767,KCab-c,KCab-c,KCab-c_R,Kenyon_Cell,,cb_intrinsic,11862,KCab,"KCab-m,KCab-c,KCab-s",,VFB_jrmc2ipb,R,,,Roughly traced,
135866,celltype_prediction_only,acetylcholine,dopamine,0.737087576120595,dopamine,0.7305603395922767,KCab-c,KCab-c,KCab-c_R,Kenyon_Cell,,cb_intrinsic,11862,KCab,"KCab-m,KCab-c,KCab-s",,VFB_jrmc2iud,R,,,Roughly traced,
136258,celltype_prediction_only,acetylcholine,dopamine,0.7309173363615188,dopamine,0.7305603395922767,KCab-c,KCab-c,KCab-c_L,Kenyon_Cell,,cb_intrinsic,11862,KCab,"KCab-m,KCab-c,KCab-s",,VFB_jrmc2iqt,L,,,Roughly traced,
136428,celltype_prediction_only,acetylcholine,dopamine,0.7235218297498903,dopamine,0.7305603395922767,KCab-c,KCab-c,KCab-c_L,Kenyon_Cell,,cb_intrinsic,11862,KCab,"KCab-m,KCab-c,KCab-s",,VFB_jrmc2iv6,L,,,Roughly traced,
136435,celltype_prediction_only,acetylcholine,dopamine,0.7291396422955975,dopamine,0.7305603395922767,KCab-c,KCab-c,KCab-c_L,Kenyon_Cell,,cb_intrinsic,11862,KCab,"KCab-m,KCab-c,KCab-s",,VFB_jrmc2iv7,L,,,Roughly traced,
136873,celltype_prediction_only,acetylcholine,dopamine,0.6783646286889211,dopamine,0.7305603395922767,KCab-c,KCab-c,KCab-c_R,Kenyon_Cell,,cb_intrinsic,11862,KCab,"KCab-m,KCab-c,KCab-s",,VFB_jrmc2iue,R,,,Roughly traced,
137008,celltype_prediction_only,acetylcholine,dopamine,0.7206676512078999,dopamine,0.7305603395922767,KCab-c,KCab-c,KCab-c_L,Kenyon_Cell,,cb_intrinsic,11862,KCab,"KCab-m,KCab-c,KCab-s",,VFB_jrmc2iqu,L,,,Roughly traced,
137233,celltype_prediction_only,acetylcholine,dopamine,0.7075358309143686,dopamine,0.7305603395922767,KCab-c,KCab-c,KCab-c_L,Kenyon_Cell,,cb_intrinsic,11862,KCab,"KCab-m,KCab-c,KCab-s",,VFB_jrmc2iv8,L,,,Roughly traced,
137734,celltype_prediction_only,acetylcholine,dopamine,0.7258561812106917,dopamine,0.7305603395922767,KCab-c,KCab-c,KCab-c_L,Kenyon_Cell,,cb_intrinsic,11862,KCab,"KCab-m,KCab-c,KCab-s",,VFB_jrmc2iv9,L,,,Roughly traced,
138162,celltype_prediction_only,acetylcholine,dopamine,0.7579505465708296,dopamine,0.7305603395922767,KCab-c,KCab-c,KCab-c_L,Kenyon_Cell,,cb_intrinsic,11862,KCab,"KCab-m,KCab-c,KCab-s",,VFB_jrmc2imq,L,,,Roughly traced,
138480,celltype_prediction_only,acetylcholine,dopamine,0.6998125302370585,dopamine,0.7305603395922767,KCab-c,KCab-c,KCab-c_L,Kenyon_Cell,,cb_intrinsic,11862,KCab,"KCab-m,KCab-c,KCab-s",,VFB_jrmc2iva,L,,,Roughly traced,
138929,celltype_prediction_only,acetylcholine,dopamine,0.670244486511089,dopamine,0.7305603395922767,KCab-c,KCab-c,KCab-c_R,Kenyon_Cell,,cb_intrinsic,11862,KCab,"KCab-m,KCab-c,KCab-s",,VFB_jrmc2ixl,R,,,Prelim Roughly traced,
139199,celltype_prediction_only,acetylcholine,dopamine,0.6902291597704955,dopamine,0.7305603395922767,KCab-c,KCab-c,KCab-c_L,Kenyon_Cell,,cb_intrinsic,11862,KCab,"KCab-m,KCab-c,KCab-s",,VFB_jrmc2imr,L,,,Roughly traced,
139212,celltype_prediction_only,acetylcholine,dopamine,0.7436484214459181,dopamine,0.7305603395922767,KCab-c,KCab-c,KCab-c_L,Kenyon_Cell,,cb_intrinsic,11862,KCab,"KCab-m,KCab-c,KCab-s",,VFB_jrmc2iqv,L,,,Roughly traced,
139636,celltype_prediction_only,acetylcholine,dopamine,0.7255334681042228,dopamine,0.7305603395922767,KCab-c,KCab-c,KCab-c_L,Kenyon_Cell,,cb_intrinsic,11862,KCab,"KCab-m,KCab-c,KCab-s",,VFB_jrmc2ivb,L,,,Roughly traced,
140651,celltype_prediction_only,acetylcholine,dopamine,0.7033465902084105,dopamine,0.7305603395922767,KCab-c,KCab-c,KCab-c_L,Kenyon_Cell,,cb_intrinsic,11862,KCab,"KCab-m,KCab-c,KCab-s",,VFB_jrmc2iqw,L,,,Roughly traced,
141131,celltype_prediction_only,acetylcholine,dopamine,0.7983544659858058,dopamine,0.7305603395922767,KCab-c,KCab-c,KCab-c_L,Kenyon_Cell,,cb_intrinsic,11862,KCab,"KCab-m,KCab-c,KCab-s",,VFB_jrmc2iqx,L,,,Roughly traced,
141219,celltype_prediction_only,acetylcholine,dopamine,0.7308809399021663,dopamine,0.7305603395922767,KCab-c,KCab-c,KCab-c_L,Kenyon_Cell,,cb_intrinsic,11862,KCab,"KCab-m,KCab-c,KCab-s",,VFB_jrmc2ivc,L,,,Roughly traced,
141289,celltype_prediction_only,acetylcholine,dopamine,0.7739581530205989,dopamine,0.7305603395922767,KCab-c,KCab-c,KCab-c_R,Kenyon_Cell,,cb_intrinsic,11862,KCab,"KCab-m,KCab-c,KCab-s",,VFB_jrmc2iz6,R,,,Prelim Roughly traced,
141662,celltype_prediction_only,acetylcholine,dopamine,0.7676525337959951,dopamine,0.7305603395922767,KCab-c,KCab-c,KCab-c_L,Kenyon_Cell,,cb_intrinsic,11862,KCab,"KCab-m,KCab-c,KCab-s",,VFB_jrmc2iyk,L,,,Roughly traced,
141950,celltype_prediction_only,acetylcholine,dopamine,0.7773507938602278,dopamine,0.7305603395922767,KCab-c,KCab-c,KCab-c_R,Kenyon_Cell,,cb_intrinsic,11862,KCab,"KCab-m,KCab-c,KCab-s",,VFB_jrmc2iuf,R,,,Prelim Roughly traced,
142029,celltype_prediction_only,acetylcholine,dopamine,0.7303523559129806,dopamine,0.7305603395922767,KCab-c,KCab-c,KCab-c_L,Kenyon_Cell,,cb_intrinsic,11862,KCab,"KCab-m,KCab-c,KCab-s",,VFB_jrmc2iqy,L,,,Roughly traced,
142332,celltype_prediction_only,acetylcholine,dopamine,0.7341933962264151,dopamine,0.7305603395922767,KCab-c,KCab-c,KCab-c_L,Kenyon_Cell,,cb_intrinsic,11862,KCab,"KCab-m,KCab-c,KCab-s",,VFB_jrmc2iqz,L,,,Roughly traced,
142975,celltype_prediction_only,acetylcholine,dopamine,0.7058822200534952,dopamine,0.7305603395922767,KCab-c,KCab-c,KCab-c_R,Kenyon_Cell,,cb_intrinsic,11862,KCab,"KCab-m,KCab-c,KCab-s",,VFB_jrmc2iyb,R,,,Prelim Roughly traced,
143083,celltype_prediction_only,acetylcholine,dopamine,0.6806917355663911,dopamine,0.7305603395922767,KCab-c,KCab-c,KCab-c_L,Kenyon_Cell,,cb_intrinsic,11862,KCab,"KCab-m,KCab-c,KCab-s",,VFB_jrmc2ir0,L,,,Roughly traced,
143275,celltype_prediction_only,acetylcholine,dopamine,0.7150456723569931,dopamine,0.7305603395922767,KCab-c,KCab-c,KCab-c_L,Kenyon_Cell,,cb_intrinsic,11862,KCab,"KCab-m,KCab-c,KCab-s",,VFB_jrmc2ir1,L,,,Roughly traced,
143949,celltype_prediction_only,acetylcholine,dopamine,0.6874380468963631,dopamine,0.7305603395922767,KCab-c,KCab-c,KCab-c_L,Kenyon_Cell,,cb_intrinsic,11862,KCab,"KCab-m,KCab-c,KCab-s",,VFB_jrmc2ir2,L,,,Roughly traced,
144715,celltype_prediction_only,acetylcholine,dopamine,0.7647883236348674,dopamine,0.7305603395922767,KCab-c,KCab-c,KCab-c_L,Kenyon_Cell,,cb_intrinsic,11862,KCab,"KCab-m,KCab-c,KCab-s",,VFB_jrmc2ir3,L,,,Roughly traced,
144725,celltype_prediction_only,acetylcholine,dopamine,0.7474407266639519,dopamine,0.7305603395922767,KCab-c,KCab-c,KCab-c_L,Kenyon_Cell,,cb_intrinsic,11862,KCab,"KCab-m,KCab-c,KCab-s",,VFB_jrmc2ivd,L,,,Roughly traced,
144746,celltype_prediction_only,acetylcholine,dopamine,0.7241403752964223,dopamine,0.7305603395922767,KCab-c,KCab-c,KCab-c_L,Kenyon_Cell,,cb_intrinsic,11862,KCab,"KCab-m,KCab-c,KCab-s",,VFB_jrmc2ir4,L,,,Roughly traced,
144813,celltype_prediction_only,acetylcholine,dopamine,0.7563692204022392,dopamine,0.7305603395922767,KCab-c,KCab-c,KCab-c_L,Kenyon_Cell,,cb_intrinsic,11862,KCab,"KCab-m,KCab-c,KCab-s",,VFB_jrmc2ir5,L,,,Roughly traced,
145193,celltype_prediction_only,acetylcholine,dopamine,0.6954599056603774,dopamine,0.7305603395922767,KCab-c,KCab-c,KCab-c_L,Kenyon_Cell,,cb_intrinsic,11862,KCab,"KCab-m,KCab-c,KCab-s",,VFB_jrmc2it5,L,,,Roughly traced,
145236,celltype_prediction_only,acetylcholine,dopamine,0.7157423835900987,dopamine,0.7305603395922767,KCab-c,KCab-c,KCab-c_L,Kenyon_Cell,,cb_intrinsic,11862,KCab,"KCab-m,KCab-c,KCab-s",,VFB_jrmc2ir6,L,,,Roughly traced,
145425,celltype_prediction_only,acetylcholine,dopamine,0.7856140528842903,dopamine,0.7305603395922767,KCab-c,KCab-c,KCab-c_L,Kenyon_Cell,,cb_intrinsic,11862,KCab,"KCab-m,KCab-c,KCab-s",,VFB_jrmc2ive,L,,,Roughly traced,
145497,celltype_prediction_only,acetylcholine,dopamine,0.7237817420910767,dopamine,0.7305603395922767,KCab-c,KCab-c,KCab-c_R,Kenyon_Cell,,cb_intrinsic,11862,KCab,"KCab-m,KCab-c,KCab-s",,VFB_jrmc2ixi,R,,,Prelim Roughly traced,
145642,celltype_prediction_only,acetylcholine,dopamine,0.6463237125599351,dopamine,0.7305603395922767,KCab-c,KCab-c,KCab-c_L,Kenyon_Cell,,cb_intrinsic,11862,KCab,"KCab-m,KCab-c,KCab-s",,VFB_jrmc2ims,L,,,Roughly traced,
145791,celltype_prediction_only,acetylcholine,dopamine,0.7575535951862603,dopamine,0.7305603395922767,KCab-c,KCab-c,KCab-c_R,Kenyon_Cell,,cb_intrinsic,11862,KCab,"KCab-m,KCab-c,KCab-s",,VFB_jrmc2iyy,R,,,Prelim Roughly traced,
146275,celltype_prediction_only,acetylcholine,dopamine,0.7131953036395505,dopamine,0.7305603395922767,KCab-c,KCab-c,KCab-c_R,Kenyon_Cell,,cb_intrinsic,11862,KCab,"KCab-m,KCab-c,KCab-s",,VFB_jrmc2ixu,R,,,Prelim Roughly traced,
146675,celltype_prediction_only,acetylcholine,dopamine,0.7373694671887978,dopamine,0.7305603395922767,KCab-c,KCab-c,KCab-c_L,Kenyon_Cell,,cb_intrinsic,11862,KCab,"KCab-m,KCab-c,KCab-s",,VFB_jrmc2ir7,L,,,Roughly traced,
147199,celltype_prediction_only,acetylcholine,dopamine,0.7384591929700818,dopamine,0.7305603395922767,KCab-c,KCab-c,KCab-c_L,Kenyon_Cell,,cb_intrinsic,11862,KCab,"KCab-m,KCab-c,KCab-s",,VFB_jrmc2imt,L,,,Roughly traced,
147217,celltype_prediction_only,acetylcholine,dopamine,0.7165839557127883,dopamine,0.7305603395922767,KCab-c,KCab-c,KCab-c_L,Kenyon_Cell,,cb_intrinsic,11862,KCab,"KCab-m,KCab-c,KCab-s",,VFB_jrmc2ir8,L,,,Roughly traced,
147378,celltype_prediction_only,acetylcholine,dopamine,0.7574990840813336,dopamine,0.7305603395922767,KCab-c,KCab-c,KCab-c_L,Kenyon_Cell,,cb_intrinsic,11862,KCab,"KCab-m,KCab-c,KCab-s",,VFB_jrmc2imu,L,,,Roughly traced,
148001,celltype_prediction_only,acetylcholine,dopamine,0.7441938548218029,dopamine,0.7305603395922767,KCab-c,KCab-c,KCab-c_R,Kenyon_Cell,,cb_intrinsic,11862,KCab,"KCab-m,KCab-c,KCab-s",,VFB_jrmc2iy2,R,,,Prelim Roughly traced,
148093,celltype_prediction_only,acetylcholine,dopamine,0.829836121377164,dopamine,0.7305603395922767,KCab-c,KCab-c,KCab-c_L,Kenyon_Cell,,cb_intrinsic,11862,KCab,"KCab-m,KCab-c,KCab-s",,VFB_jrmc2ivf,L,,,Roughly traced,
148213,celltype_prediction_only,acetylcholine,dopamine,0.7898527581236897,dopamine,0.7305603395922767,KCab-c,KCab-c,KCab-c_R,Kenyon_Cell,,cb_intrinsic,11862,KCab,"KCab-m,KCab-c,KCab-s",,VFB_jrmc2iyr,R,,,Prelim Roughly traced,
149180,celltype_prediction_only,acetylcholine,dopamine,0.7636461030953262,dopamine,0.7305603395922767,KCab-c,KCab-c,KCab-c_L,Kenyon_Cell,,cb_intrinsic,11862,KCab,"KCab-m,KCab-c,KCab-s",,VFB_jrmc2it6,L,,,Roughly traced,
151224,celltype_prediction_only,acetylcholine,dopamine,0.7835603581055064,dopamine,0.7305603395922767,KCab-c,KCab-c,KCab-c_R,Kenyon_Cell,,cb_intrinsic,11862,KCab,"KCab-m,KCab-c,KCab-s",,VFB_jrmc2ipc,R,,,Prelim Roughly traced,
151395,celltype_prediction_only,acetylcholine,dopamine,0.7805783429040197,dopamine,0.7305603395922767,KCab-c,KCab-c,KCab-c_L,Kenyon_Cell,,cb_intrinsic,11862,KCab,"KCab-m,KCab-c,KCab-s",,VFB_jrmc2imv,L,,,Roughly traced,
151710,celltype_prediction_only,acetylcholine,dopamine,0.7409867041818382,dopamine,0.7305603395922767,KCab-c,KCab-c,KCab-c_L,Kenyon_Cell,,cb_intrinsic,11862,KCab,"KCab-m,KCab-c,KCab-s",,VFB_jrmc2imw,L,,,Roughly traced,
152559,celltype_prediction_only,acetylcholine,dopamine,0.794579185856485,dopamine,0.7305603395922767,KCab-c,KCab-c,KCab-c_L,Kenyon_Cell,,cb_intrinsic,11862,KCab,"KCab-m,KCab-c,KCab-s",,VFB_jrmc2imx,L,,,Roughly traced,
153593,celltype_prediction_only,acetylcholine,dopamine,0.720868041616486,dopamine,0.7305603395922767,KCab-c,KCab-c,KCab-c_R,Kenyon_Cell,,cb_intrinsic,11862,KCab,"KCab-m,KCab-c,KCab-s",,VFB_jrmc2ix4,R,,,Prelim Roughly traced,
153695,celltype_prediction_only,acetylcholine,dopamine,0.749694079846869,dopamine,0.7305603395922767,KCab-c,KCab-c,KCab-c_R,Kenyon_Cell,,cb_intrinsic,11862,KCab,"KCab-m,KCab-c,KCab-s",,VFB_jrmc2ipd,R,,,Prelim Roughly traced,
153703,celltype_prediction_only,acetylcholine,dopamine,0.7076632372604368,dopamine,0.7305603395922767,KCab-c,KCab-c,KCab-c_L,Kenyon_Cell,,cb_intrinsic,11862,KCab,"KCab-m,KCab-c,KCab-s",,VFB_jrmc2iyl,L,,,Roughly traced,
154509,celltype_prediction_only,acetylcholine,dopamine,0.7357370740090683,dopamine,0.7305603395922767,KCab-c,KCab-c,KCab-c_L,Kenyon_Cell,,cb_intrinsic,11862,KCab,"KCab-m,KCab-c,KCab-s",,VFB_jrmc2ivg,L,,,Roughly traced,
154716,celltype_prediction_only,acetylcholine,dopamine,0.7233696122554959,dopamine,0.7305603395922767,KCab-c,KCab-c,KCab-c_L,Kenyon_Cell,,cb_intrinsic,11862,KCab,"KCab-m,KCab-c,KCab-s",,VFB_jrmc2imy,L,,,Roughly traced,
154837,celltype_prediction_only,acetylcholine,dopamine,0.7819563187893083,dopamine,0.7305603395922767,KCab-c,KCab-c,KCab-c_R,Kenyon_Cell,,cb_intrinsic,11862,KCab,"KCab-m,KCab-c,KCab-s",,VFB_jrmc2ipe,R,,,Prelim Roughly traced,
154959,celltype_prediction_only,acetylcholine,dopamine,0.767964113296129,dopamine,0.7305603395922767,KCab-c,KCab-c,KCab-c_L,Kenyon_Cell,,cb_intrinsic,11862,KCab,"KCab-m,KCab-c,KCab-s",,VFB_jrmc2imz,L,,,Roughly traced,
155118,celltype_prediction_only,acetylcholine,dopamine,0.7444294148477001,dopamine,0.7305603395922767,KCab-c,KCab-c,KCab-c_R,Kenyon_Cell,,cb_intrinsic,11862,KCab,"KCab-m,KCab-c,KCab-s",,VFB_jrmc2ix5,R,,,Prelim Roughly traced,
155297,celltype_prediction_only,acetylcholine,dopamine,0.7990933641975309,dopamine,0.7305603395922767,KCab-c,KCab-c,KCab-c_L,Kenyon_Cell,,cb_intrinsic,11862,KCab,"KCab-m,KCab-c,KCab-s",,VFB_jrmc2ir9,L,,,Roughly traced,
155708,celltype_prediction_only,acetylcholine,dopamine,0.7106525157232704,dopamine,0.7305603395922767,KCab-c,KCab-c,KCab-c_R,Kenyon_Cell,,cb_intrinsic,11862,KCab,"KCab-m,KCab-c,KCab-s",,VFB_jrmc2ix6,R,,,Prelim Roughly traced,
156345,celltype_prediction_only,acetylcholine,dopamine,0.7416615395132622,dopamine,0.7305603395922767,KCab-c,KCab-c,KCab-c_R,Kenyon_Cell,,cb_intrinsic,11862,KCab,"KCab-m,KCab-c,KCab-s",,VFB_jrmc2ipf,R,,,Prelim Roughly traced,
157675,celltype_prediction_only,acetylcholine,dopamine,0.7384491957933808,dopamine,0.7305603395922767,KCab-c,KCab-c,KCab-c_L,Kenyon_Cell,,cb_intrinsic,11862,KCab,"KCab-m,KCab-c,KCab-s",,VFB_jrmc2ira,L,,,Roughly traced,
158169,celltype_prediction_only,acetylcholine,dopamine,0.7378761534223935,dopamine,0.7305603395922767,KCab-c,KCab-c,KCab-c_L,Kenyon_Cell,,cb_intrinsic,11862,KCab,"KCab-m,KCab-c,KCab-s",,VFB_jrmc2irb,L,,,Roughly traced,
158246,celltype_prediction_only,acetylcholine,dopamine,0.735799478724007,dopamine,0.7305603395922767,KCab-c,KCab-c,KCab-c_R,Kenyon_Cell,,cb_intrinsic,11862,KCab,"KCab-m,KCab-c,KCab-s",,VFB_jrmc2iyc,R,,,Roughly traced,
158276,celltype_prediction_only,acetylcholine,dopamine,0.6882493121069182,dopamine,0.7305603395922767,KCab-c,KCab-c,KCab-c_R,Kenyon_Cell,,cb_intrinsic,11862,KCab,"KCab-m,KCab-c,KCab-s",,VFB_jrmc2iug,R,,,Prelim Roughly traced,
158500,celltype_prediction_only,acetylcholine,dopamine,0.7935137498395585,dopamine,0.7305603395922767,KCab-c,KCab-c,KCab-c_L,Kenyon_Cell,,cb_intrinsic,11862,KCab,"KCab-m,KCab-c,KCab-s",,VFB_jrmc2ivh,L,,,Roughly traced,
158857,celltype_prediction_only,acetylcholine,dopamine,0.7889760897852961,dopamine,0.7305603395922767,KCab-c,KCab-c,KCab-c_R,Kenyon_Cell,,cb_intrinsic,11862,KCab,"KCab-m,KCab-c,KCab-s",,VFB_jrmc2ix7,R,,,Prelim Roughly traced,
159667,celltype_prediction_only,acetylcholine,dopamine,0.765998427672956,dopamine,0.7305603395922767,KCab-c,KCab-c,KCab-c_L,Kenyon_Cell,,cb_intrinsic,11862,KCab,"KCab-m,KCab-c,KCab-s",,VFB_jrmc2ivi,L,,,Roughly traced,
159692,celltype_prediction_only,acetylcholine,dopamine,0.7504853964170002,dopamine,0.7305603395922767,KCab-c,KCab-c,KCab-c_R,Kenyon_Cell,,cb_intrinsic,11862,KCab,"KCab-m,KCab-c,KCab-s",,VFB_jrmc2ix8,R,,,Prelim Roughly traced,
160563,celltype_prediction_only,acetylcholine,dopamine,0.6698579815392969,dopamine,0.7305603395922767,KCab-c,KCab-c,KCab-c_L,Kenyon_Cell,,cb_intrinsic,11862,KCab,"KCab-m,KCab-c,KCab-s",,VFB_jrmc2irc,L,,,Roughly traced,
160568,celltype_prediction_only,acetylcholine,dopamine,0.6513394334893838,dopamine,0.7305603395922767,KCab-c,KCab-c,KCab-c_L,Kenyon_Cell,,cb_intrinsic,11862,KCab,"KCab-m,KCab-c,KCab-s",,VFB_jrmc2ird,L,,,Roughly traced,
160745,celltype_prediction_only,acetylcholine,dopamine,0.700639049754032,dopamine,0.7305603395922767,KCab-c,KCab-c,KCab-c_L,Kenyon_Cell,,cb_intrinsic,11862,KCab,"KCab-m,KCab-c,KCab-s",,VFB_jrmc2ire,L,,,Roughly traced,
160748,celltype_prediction_only,acetylcholine,dopamine,0.728151742447675,dopamine,0.7305603395922767,KCab-c,KCab-c,KCab-c_L,Kenyon_Cell,,cb_intrinsic,11862,KCab,"KCab-m,KCab-c,KCab-s",,VFB_jrmc2irf,L,,,Roughly traced,
161200,celltype_prediction_only,acetylcholine,dopamine,0.7445191052569123,dopamine,0.7305603395922767,KCab-c,KCab-c,KCab-c_L,Kenyon_Cell,,cb_intrinsic,11862,KCab,"KCab-m,KCab-c,KCab-s",,VFB_jrmc2in0,L,,,Roughly traced,
161418,celltype_prediction_only,acetylcholine,dopamine,0.7135660242971563,dopamine,0.7305603395922767,KCab-c,KCab-c,KCab-c_L,Kenyon_Cell,,cb_intrinsic,11862,KCab,"KCab-m,KCab-c,KCab-s",,VFB_jrmc2ivj,L,,,Roughly traced,
161517,celltype_prediction_only,acetylcholine,dopamine,0.741583001557902,dopamine,0.7305603395922767,KCab-c,KCab-c,KCab-c_R,Kenyon_Cell,,cb_intrinsic,11862,KCab,"KCab-m,KCab-c,KCab-s",,VFB_jrmc2ix9,R,,,Prelim Roughly traced,
161648,celltype_prediction_only,acetylcholine,dopamine,0.6902236941879656,dopamine,0.7305603395922767,KCab-c,KCab-c,KCab-c_R,Kenyon_Cell,,cb_intrinsic,11862,KCab,"KCab-m,KCab-c,KCab-s",,VFB_jrmc2iyo,R,,,Prelim Roughly traced,
161865,celltype_prediction_only,acetylcholine,dopamine,0.7358916066913052,dopamine,0.7305603395922767,KCab-c,KCab-c,KCab-c_L,Kenyon_Cell,,cb_intrinsic,11862,KCab,"KCab-m,KCab-c,KCab-s",,VFB_jrmc2in1,L,,,Roughly traced,
161970,celltype_prediction_only,acetylcholine,dopamine,0.7031181756638714,dopamine,0.7305603395922767,KCab-c,KCab-c,KCab-c_L,Kenyon_Cell,,cb_intrinsic,11862,KCab,"KCab-m,KCab-c,KCab-s",,VFB_jrmc2irg,L,,,Roughly traced,
162004,celltype_prediction_only,acetylcholine,dopamine,0.73283060244952,dopamine,0.7305603395922767,KCab-c,KCab-c,KCab-c_L,Kenyon_Cell,,cb_intrinsic,11862,KCab,"KCab-m,KCab-c,KCab-s",,VFB_jrmc2ivk,L,,,Roughly traced,
162527,celltype_prediction_only,acetylcholine,dopamine,0.7065391680677502,dopamine,0.7305603395922767,KCab-c,KCab-c,KCab-c_L,Kenyon_Cell,,cb_intrinsic,11862,KCab,"KCab-m,KCab-c,KCab-s",,VFB_jrmc2irh,L,,,Roughly traced,
162619,celltype_prediction_only,acetylcholine,dopamine,0.8036469252271139,dopamine,0.7305603395922767,KCab-c,KCab-c,KCab-c_L,Kenyon_Cell,,cb_intrinsic,11862,KCab,"KCab-m,KCab-c,KCab-s",,VFB_jrmc2ivl,L,,,Roughly traced,
162674,celltype_prediction_only,acetylcholine,dopamine,0.7066588669340861,dopamine,0.7305603395922767,KCab-c,KCab-c,KCab-c_R,Kenyon_Cell,,cb_intrinsic,11862,KCab,"KCab-m,KCab-c,KCab-s",,VFB_jrmc2iyd,R,,,Prelim Roughly traced,
162822,celltype_prediction_only,acetylcholine,dopamine,0.6703643776510165,dopamine,0.7305603395922767,KCab-c,KCab-c,KCab-c_L,Kenyon_Cell,,cb_intrinsic,11862,KCab,"KCab-m,KCab-c,KCab-s",,VFB_jrmc2ivm,L,,,Roughly traced,
162966,celltype_prediction_only,acetylcholine,dopamine,0.7296163283781208,dopamine,0.7305603395922767,KCab-c,KCab-c,KCab-c_L,Kenyon_Cell,,cb_intrinsic,11862,KCab,"KCab-m,KCab-c,KCab-s",,VFB_jrmc2in2,L,,,Roughly traced,
163235,celltype_prediction_only,acetylcholine,dopamine,0.7539847700086324,dopamine,0.7305603395922767,KCab-c,KCab-c,KCab-c_L,Kenyon_Cell,,cb_intrinsic,11862,KCab,"KCab-m,KCab-c,KCab-s",,VFB_jrmc2it7,L,,,Roughly traced,
163371,celltype_prediction_only,acetylcholine,dopamine,0.731323304436512,dopamine,0.7305603395922767,KCab-c,KCab-c,KCab-c_L,Kenyon_Cell,,cb_intrinsic,11862,KCab,"KCab-m,KCab-c,KCab-s",,VFB_jrmc2ivn,L,,,Roughly traced,
163490,celltype_prediction_only,acetylcholine,dopamine,0.7145530962747945,dopamine,0.7305603395922767,KCab-c,KCab-c,KCab-c_L,Kenyon_Cell,,cb_intrinsic,11862,KCab,"KCab-m,KCab-c,KCab-s",,VFB_jrmc2in3,L,,,Roughly traced,
163974,celltype_prediction_only,acetylcholine,dopamine,0.7057783018867925,dopamine,0.7305603395922767,KCab-c,KCab-c,KCab-c_L,Kenyon_Cell,,cb_intrinsic,11862,KCab,"KCab-m,KCab-c,KCab-s",,VFB_jrmc2ivo,L,,,Roughly traced,
164216,celltype_prediction_only,acetylcholine,dopamine,0.7393942371831522,dopamine,0.7305603395922767,KCab-c,KCab-c,KCab-c_R,Kenyon_Cell,,cb_intrinsic,11862,KCab,"KCab-m,KCab-c,KCab-s",,VFB_jrmc2ipg,R,,,Prelim Roughly traced,
164590,celltype_prediction_only,acetylcholine,dopamine,0.741345231723092,dopamine,0.7305603395922767,KCab-c,KCab-c,KCab-c_L,Kenyon_Cell,,cb_intrinsic,11862,KCab,"KCab-m,KCab-c,KCab-s",,VFB_jrmc2in4,L,,,Roughly traced,
164607,celltype_prediction_only,acetylcholine,dopamine,0.6908848707197764,dopamine,0.7305603395922767,KCab-c,KCab-c,KCab-c_L,Kenyon_Cell,,cb_intrinsic,11862,KCab,"KCab-m,KCab-c,KCab-s",,VFB_jrmc2ivp,L,,,Roughly traced,
165180,celltype_prediction_only,acetylcholine,dopamine,0.7791464170001906,dopamine,0.7305603395922767,KCab-c,KCab-c,KCab-c_R,Kenyon_Cell,,cb_intrinsic,11862,KCab,"KCab-m,KCab-c,KCab-s",,VFB_jrmc2iuv,R,,,Prelim Roughly traced,
165459,celltype_prediction_only,acetylcholine,dopamine,0.8043887578616352,dopamine,0.7305603395922767,KCab-c,KCab-c,KCab-c_L,Kenyon_Cell,,cb_intrinsic,11862,KCab,"KCab-m,KCab-c,KCab-s",,VFB_jrmc2iri,L,,,Roughly traced,
166075,celltype_prediction_only,acetylcholine,dopamine,0.7201859517391862,dopamine,0.7305603395922767,KCab-c,KCab-c,KCab-c_L,Kenyon_Cell,,cb_intrinsic,11862,KCab,"KCab-m,KCab-c,KCab-s",,VFB_jrmc2in5,L,,,Roughly traced,
166321,celltype_prediction_only,acetylcholine,dopamine,0.7530493025717666,dopamine,0.7305603395922767,KCab-c,KCab-c,KCab-c_L,Kenyon_Cell,,cb_intrinsic,11862,KCab,"KCab-m,KCab-c,KCab-s",,VFB_jrmc2irj,L,,,Roughly traced,
166533,celltype_prediction_only,acetylcholine,dopamine,0.7332353562376794,dopamine,0.7305603395922767,KCab-c,KCab-c,KCab-c_L,Kenyon_Cell,,cb_intrinsic,11862,KCab,"KCab-m,KCab-c,KCab-s",,VFB_jrmc2irk,L,,,Roughly traced,
166544,celltype_prediction_only,acetylcholine,dopamine,0.718017316989689,dopamine,0.7305603395922767,KCab-c,KCab-c,KCab-c_L,Kenyon_Cell,,cb_intrinsic,11862,KCab,"KCab-m,KCab-c,KCab-s",,VFB_jrmc2it8,L,,,Roughly traced,
166885,celltype_prediction_only,acetylcholine,dopamine,0.7511995770982434,dopamine,0.7305603395922767,KCab-c,KCab-c,KCab-c_L,Kenyon_Cell,,cb_intrinsic,11862,KCab,"KCab-m,KCab-c,KCab-s",,VFB_jrmc2irl,L,,,Roughly traced,
166918,celltype_prediction_only,acetylcholine,dopamine,0.7120051435814928,dopamine,0.7305603395922767,KCab-c,KCab-c,KCab-c_L,Kenyon_Cell,,cb_intrinsic,11862,KCab,"KCab-m,KCab-c,KCab-s",,VFB_jrmc2in6,L,,,Roughly traced,
167039,celltype_prediction_only,acetylcholine,dopamine,0.7826419957206768,dopamine,0.7305603395922767,KCab-c,KCab-c,KCab-c_L,Kenyon_Cell,,cb_intrinsic,11862,KCab,"KCab-m,KCab-c,KCab-s",,VFB_jrmc2ivq,L,,,Roughly traced,
167289,celltype_prediction_only,acetylcholine,dopamine,0.6978722864678434,dopamine,0.7305603395922767,KCab-c,KCab-c,KCab-c_L,Kenyon_Cell,,cb_intrinsic,11862,KCab,"KCab-m,KCab-c,KCab-s",,VFB_jrmc2irm,L,,,Roughly traced,
167297,celltype_prediction_only,acetylcholine,dopamine,0.7383422395214848,dopamine,0.7305603395922767,KCab-c,KCab-c,KCab-c_L,Kenyon_Cell,,cb_intrinsic,11862,KCab,"KCab-m,KCab-c,KCab-s",,VFB_jrmc2iyj,L,,,Roughly traced,
167413,celltype_prediction_only,acetylcholine,dopamine,0.6694764150943396,dopamine,0.7305603395922767,KCab-c,KCab-c,KCab-c_L,Kenyon_Cell,,cb_intrinsic,11862,KCab,"KCab-m,KCab-c,KCab-s",,VFB_jrmc2iyt,L,,,Roughly traced,
167793,celltype_prediction_only,acetylcholine,dopamine,0.7091040818843259,dopamine,0.7305603395922767,KCab-c,KCab-c,KCab-c_R,Kenyon_Cell,,cb_intrinsic,11862,KCab,"KCab-m,KCab-c,KCab-s",,VFB_jrmc2ixa,R,,,Prelim Roughly traced,
168006,celltype_prediction_only,acetylcholine,dopamine,0.7315469951083159,dopamine,0.7305603395922767,KCab-c,KCab-c,KCab-c_L,Kenyon_Cell,,cb_intrinsic,11862,KCab,"KCab-m,KCab-c,KCab-s",,VFB_jrmc2iyz,L,,,Roughly traced,
168059,celltype_prediction_only,acetylcholine,dopamine,0.6834658464630746,dopamine,0.7305603395922767,KCab-c,KCab-c,KCab-c_L,Kenyon_Cell,,cb_intrinsic,11862,KCab,"KCab-m,KCab-c,KCab-s",,VFB_jrmc2in7,L,,,Roughly traced,
168123,celltype_prediction_only,acetylcholine,dopamine,0.701209851649143,dopamine,0.7305603395922767,KCab-c,KCab-c,KCab-c_L,Kenyon_Cell,,cb_intrinsic,11862,KCab,"KCab-m,KCab-c,KCab-s",,VFB_jrmc2in8,L,,,Roughly traced,
168405,celltype_prediction_only,acetylcholine,dopamine,0.7629410321602212,dopamine,0.7305603395922767,KCab-c,KCab-c,KCab-c_R,Kenyon_Cell,,cb_intrinsic,11862,KCab,"KCab-m,KCab-c,KCab-s",,VFB_jrmc2iuh,R,,,Prelim Roughly traced,
168564,celltype_prediction_only,acetylcholine,dopamine,0.810582032097159,dopamine,0.7305603395922767,KCab-c,KCab-c,KCab-c_L,Kenyon_Cell,,cb_intrinsic,11862,KCab,"KCab-m,KCab-c,KCab-s",,VFB_jrmc2it9,L,,,Roughly traced,
168795,celltype_prediction_only,acetylcholine,dopamine,0.7516532556418793,dopamine,0.7305603395922767,KCab-c,KCab-c,KCab-c_L,Kenyon_Cell,,cb_intrinsic,11862,KCab,"KCab-m,KCab-c,KCab-s",,VFB_jrmc2ivr,L,,,Roughly traced,
169369,celltype_prediction_only,acetylcholine,dopamine,0.7561181274092107,dopamine,0.7305603395922767,KCab-c,KCab-c,KCab-c_L,Kenyon_Cell,,cb_intrinsic,11862,KCab,"KCab-m,KCab-c,KCab-s",,VFB_jrmc2ita,L,,,Roughly traced,
169403,celltype_prediction_only,acetylcholine,dopamine,0.7233790056903264,dopamine,0.7305603395922767,KCab-c,KCab-c,KCab-c_L,Kenyon_Cell,,cb_intrinsic,11862,KCab,"KCab-m,KCab-c,KCab-s",,VFB_jrmc2irn,L,,,Roughly traced,
169639,celltype_prediction_only,acetylcholine,dopamine,0.7647585973111765,dopamine,0.7305603395922767,KCab-c,KCab-c,KCab-c_L,Kenyon_Cell,,cb_intrinsic,11862,KCab,"KCab-m,KCab-c,KCab-s",,VFB_jrmc2ivs,L,,,Roughly traced,
169734,celltype_prediction_only,acetylcholine,dopamine,0.7619869464098533,dopamine,0.7305603395922767,KCab-c,KCab-c,KCab-c_L,Kenyon_Cell,,cb_intrinsic,11862,KCab,"KCab-m,KCab-c,KCab-s",,VFB_jrmc2iro,L,,,Roughly traced,
169933,celltype_prediction_only,acetylcholine,dopamine,0.7244713050314465,dopamine,0.7305603395922767,KCab-c,KCab-c,KCab-c_L,Kenyon_Cell,,cb_intrinsic,11862,KCab,"KCab-m,KCab-c,KCab-s",,VFB_jrmc2irp,L,,,Roughly traced,
170237,celltype_prediction_only,acetylcholine,dopamine,0.7336384396525906,dopamine,0.7305603395922767,KCab-c,KCab-c,KCab-c_L,Kenyon_Cell,,cb_intrinsic,11862,KCab,"KCab-m,KCab-c,KCab-s",,VFB_jrmc2irq,L,,,Roughly traced,
170365,celltype_prediction_only,acetylcholine,dopamine,0.7581638432406843,dopamine,0.7305603395922767,KCab-c,KCab-c,KCab-c_L,Kenyon_Cell,,cb_intrinsic,11862,KCab,"KCab-m,KCab-c,KCab-s",,VFB_jrmc2irr,L,,,Roughly traced,
170366,celltype_prediction_only,acetylcholine,dopamine,0.758058176100629,dopamine,0.7305603395922767,KCab-c,KCab-c,KCab-c_L,Kenyon_Cell,,cb_intrinsic,11862,KCab,"KCab-m,KCab-c,KCab-s",,VFB_jrmc2irs,L,,,Roughly traced,
170870,celltype_prediction_only,acetylcholine,dopamine,0.7551260604066111,dopamine,0.7305603395922767,KCab-c,KCab-c,KCab-c_R,Kenyon_Cell,,cb_intrinsic,11862,KCab,"KCab-m,KCab-c,KCab-s",,VFB_jrmc2ixb,R,,,Prelim Roughly traced,
171000,celltype_prediction_only,acetylcholine,dopamine,0.6778714622641508,dopamine,0.7305603395922767,KCab-c,KCab-c,KCab-c_L,Kenyon_Cell,,cb_intrinsic,11862,KCab,"KCab-m,KCab-c,KCab-s",,VFB_jrmc2irt,L,,,Roughly traced,
171292,celltype_prediction_only,acetylcholine,dopamine,0.801810856203545,dopamine,0.7305603395922767,KCab-c,KCab-c,KCab-c_L,Kenyon_Cell,,cb_intrinsic,11862,KCab,"KCab-m,KCab-c,KCab-s",,VFB_jrmc2iru,L,,,Roughly traced,
171464,celltype_prediction_only,acetylcholine,dopamine,0.7488528815916788,dopamine,0.7305603395922767,KCab-c,KCab-c,KCab-c_L,Kenyon_Cell,,cb_intrinsic,11862,KCab,"KCab-m,KCab-c,KCab-s",,VFB_jrmc2irv,L,,,Roughly traced,
172017,celltype_prediction_only,acetylcholine,dopamine,0.7512481185830242,dopamine,0.7305603395922767,KCab-c,KCab-c,KCab-c_L,Kenyon_Cell,,cb_intrinsic,11862,KCab,"KCab-m,KCab-c,KCab-s",,VFB_jrmc2in9,L,,,Roughly traced,
172224,celltype_prediction_only,acetylcholine,dopamine,0.7121302752711695,dopamine,0.7305603395922767,KCab-c,KCab-c,KCab-c_L,Kenyon_Cell,,cb_intrinsic,11862,KCab,"KCab-m,KCab-c,KCab-s",,VFB_jrmc2ina,L,,,Roughly traced,
172273,celltype_prediction_only,acetylcholine,dopamine,0.7455675631277574,dopamine,0.7305603395922767,KCab-c,KCab-c,KCab-c_L,Kenyon_Cell,,cb_intrinsic,11862,KCab,"KCab-m,KCab-c,KCab-s",,VFB_jrmc2inb,L,,,Roughly traced,
172324,celltype_prediction_only,acetylcholine,dopamine,0.831989485062893,dopamine,0.7305603395922767,KCab-c,KCab-c,KCab-c_L,Kenyon_Cell,,cb_intrinsic,11862,KCab,"KCab-m,KCab-c,KCab-s",,VFB_jrmc2iz1,L,,,Roughly traced,
172355,celltype_prediction_only,acetylcholine,dopamine,0.7059534796281105,dopamine,0.7305603395922767,KCab-c,KCab-c,KCab-c_L,Kenyon_Cell,,cb_intrinsic,11862,KCab,"KCab-m,KCab-c,KCab-s",,VFB_jrmc2irw,L,,,Roughly traced,
172748,celltype_prediction_only,acetylcholine,dopamine,0.7817976430359651,dopamine,0.7305603395922767,KCab-c,KCab-c,KCab-c_L,Kenyon_Cell,,cb_intrinsic,11862,KCab,"KCab-m,KCab-c,KCab-s",,VFB_jrmc2itb,L,,,Roughly traced,
172801,celltype_prediction_only,acetylcholine,dopamine,0.768558223746903,dopamine,0.7305603395922767,KCab-c,KCab-c,KCab-c_L,Kenyon_Cell,,cb_intrinsic,11862,KCab,"KCab-m,KCab-c,KCab-s",,VFB_jrmc2inc,L,,,Roughly traced,
173081,celltype_prediction_only,acetylcholine,dopamine,0.7832210782535074,dopamine,0.7305603395922767,KCab-c,KCab-c,KCab-c_L,Kenyon_Cell,,cb_intrinsic,11862,KCab,"KCab-m,KCab-c,KCab-s",,VFB_jrmc2ind,L,,,Roughly traced,
173082,celltype_prediction_only,acetylcholine,dopamine,0.6641721093372037,dopamine,0.7305603395922767,KCab-c,KCab-c,KCab-c_L,Kenyon_Cell,,cb_intrinsic,11862,KCab,"KCab-m,KCab-c,KCab-s",,VFB_jrmc2ivt,L,,,Roughly traced,
173137,celltype_prediction_only,acetylcholine,dopamine,0.7488922241280732,dopamine,0.7305603395922767,KCab-c,KCab-c,KCab-c_L,Kenyon_Cell,,cb_intrinsic,11862,KCab,"KCab-m,KCab-c,KCab-s",,VFB_jrmc2ivu,L,,,Roughly traced,
173332,celltype_prediction_only,acetylcholine,dopamine,0.7398584905660377,dopamine,0.7305603395922767,KCab-c,KCab-c,KCab-c_L,Kenyon_Cell,,cb_intrinsic,11862,KCab,"KCab-m,KCab-c,KCab-s",,VFB_jrmc2irx,L,,,Roughly traced,
173472,celltype_prediction_only,acetylcholine,dopamine,0.7337744584206849,dopamine,0.7305603395922767,KCab-c,KCab-c,KCab-c_L,Kenyon_Cell,,cb_intrinsic,11862,KCab,"KCab-m,KCab-c,KCab-s",,VFB_jrmc2iry,L,,,Roughly traced,
173570,celltype_prediction_only,acetylcholine,dopamine,0.7410078039351451,dopamine,0.7305603395922767,KCab-c,KCab-c,KCab-c_L,Kenyon_Cell,,cb_intrinsic,11862,KCab,"KCab-m,KCab-c,KCab-s",,VFB_jrmc2ivv,L,,,Roughly traced,
173573,celltype_prediction_only,acetylcholine,dopamine,0.798858083344645,dopamine,0.7305603395922767,KCab-c,KCab-c,KCab-c_R,Kenyon_Cell,,cb_intrinsic,11862,KCab,"KCab-m,KCab-c,KCab-s",,VFB_jrmc2iz3,R,,,Prelim Roughly traced,
173970,celltype_prediction_only,acetylcholine,dopamine,0.7541622286467843,dopamine,0.7305603395922767,KCab-c,KCab-c,KCab-c_L,Kenyon_Cell,,cb_intrinsic,11862,KCab,"KCab-m,KCab-c,KCab-s",,VFB_jrmc2irz,L,,,Roughly traced,
174060,celltype_prediction_only,acetylcholine,dopamine,0.7911673465918749,dopamine,0.7305603395922767,KCab-c,KCab-c,KCab-c_R,Kenyon_Cell,,cb_intrinsic,11862,KCab,"KCab-m,KCab-c,KCab-s",,VFB_jrmc2ixv,R,,,Prelim Roughly traced,
174194,celltype_prediction_only,acetylcholine,dopamine,0.8085904743186583,dopamine,0.7305603395922767,KCab-c,KCab-c,KCab-c_L,Kenyon_Cell,,cb_intrinsic,11862,KCab,"KCab-m,KCab-c,KCab-s",,VFB_jrmc2ine,L,,,Roughly traced,
174608,celltype_prediction_only,acetylcholine,dopamine,0.7109467958524562,dopamine,0.7305603395922767,KCab-c,KCab-c,KCab-c_L,Kenyon_Cell,,cb_intrinsic,11862,KCab,"KCab-m,KCab-c,KCab-s",,VFB_jrmc2is0,L,,,Roughly traced,
174813,celltype_prediction_only,acetylcholine,dopamine,0.697515185722733,dopamine,0.7305603395922767,KCab-c,KCab-c,KCab-c_L,Kenyon_Cell,,cb_intrinsic,11862,KCab,"KCab-m,KCab-c,KCab-s",,VFB_jrmc2is1,L,,,Roughly traced,
175308,celltype_prediction_only,acetylcholine,dopamine,0.764512153663097,dopamine,0.7305603395922767,KCab-c,KCab-c,KCab-c_L,Kenyon_Cell,,cb_intrinsic,11862,KCab,"KCab-m,KCab-c,KCab-s",,VFB_jrmc2is2,L,,,Roughly traced,
175328,celltype_prediction_only,acetylcholine,dopamine,0.7432499484482937,dopamine,0.7305603395922767,KCab-c,KCab-c,KCab-c_L,Kenyon_Cell,,cb_intrinsic,11862,KCab,"KCab-m,KCab-c,KCab-s",,VFB_jrmc2inf,L,,,Roughly traced,
175490,celltype_prediction_only,acetylcholine,dopamine,0.7108867797727734,dopamine,0.7305603395922767,KCab-c,KCab-c,KCab-c_L,Kenyon_Cell,,cb_intrinsic,11862,KCab,"KCab-m,KCab-c,KCab-s",,VFB_jrmc2itc,L,,,Roughly traced,
175766,celltype_prediction_only,acetylcholine,dopamine,0.7016307112467629,dopamine,0.7305603395922767,KCab-c,KCab-c,KCab-c_R,Kenyon_Cell,,cb_intrinsic,11862,KCab,"KCab-m,KCab-c,KCab-s",,VFB_jrmc2ixw,R,,,Prelim Roughly traced,
175976,celltype_prediction_only,acetylcholine,dopamine,0.7249820482345367,dopamine,0.7305603395922767,KCab-c,KCab-c,KCab-c_R,Kenyon_Cell,,cb_intrinsic,11862,KCab,"KCab-m,KCab-c,KCab-s",,VFB_jrmc2ixx,R,,,Roughly traced,
176169,celltype_prediction_only,acetylcholine,dopamine,0.7517863814683355,dopamine,0.7305603395922767,KCab-c,KCab-c,KCab-c_L,Kenyon_Cell,,cb_intrinsic,11862,KCab,"KCab-m,KCab-c,KCab-s",,VFB_jrmc2is3,L,,,Roughly traced,
176320,celltype_prediction_only,acetylcholine,dopamine,0.7627479628970373,dopamine,0.7305603395922767,KCab-c,KCab-c,KCab-c_R,Kenyon_Cell,,cb_intrinsic,11862,KCab,"KCab-m,KCab-c,KCab-s",,VFB_jrmc2iph,R,,,Roughly traced,
177383,celltype_prediction_only,acetylcholine,dopamine,0.7124168480890178,dopamine,0.7305603395922767,KCab-c,KCab-c,KCab-c_R,Kenyon_Cell,,cb_intrinsic,11862,KCab,"KCab-m,KCab-c,KCab-s",,VFB_jrmc2iui,R,,,Roughly traced,
177799,celltype_prediction_only,acetylcholine,dopamine,0.7445537970963381,dopamine,0.7305603395922767,KCab-c,KCab-c,KCab-c_L,Kenyon_Cell,,cb_intrinsic,11862,KCab,"KCab-m,KCab-c,KCab-s",,VFB_jrmc2ing,L,,,Roughly traced,
178307,celltype_prediction_only,acetylcholine,dopamine,0.7566840277777778,dopamine,0.7305603395922767,KCab-c,KCab-c,KCab-c_R,Kenyon_Cell,,cb_intrinsic,11862,KCab,"KCab-m,KCab-c,KCab-s",,VFB_jrmc2ixc,R,,,Roughly traced,
178377,celltype_prediction_only,acetylcholine,dopamine,0.7061143867924529,dopamine,0.7305603395922767,KCab-c,KCab-c,KCab-c_L,Kenyon_Cell,,cb_intrinsic,11862,KCab,"KCab-m,KCab-c,KCab-s",,VFB_jrmc2is4,L,,,Roughly traced,
178768,celltype_prediction_only,acetylcholine,dopamine,0.7516674942072161,dopamine,0.7305603395922767,KCab-c,KCab-c,KCab-c_L,Kenyon_Cell,,cb_intrinsic,11862,KCab,"KCab-m,KCab-c,KCab-s",,VFB_jrmc2ivw,L,,,Roughly traced,
179489,celltype_prediction_only,acetylcholine,dopamine,0.6712884970550065,dopamine,0.7305603395922767,KCab-c,KCab-c,KCab-c_R,Kenyon_Cell,,cb_intrinsic,11862,KCab,"KCab-m,KCab-c,KCab-s",,VFB_jrmc2iuj,R,,,Roughly traced,
179774,celltype_prediction_only,acetylcholine,dopamine,0.7160939934221915,dopamine,0.7305603395922767,KCab-c,KCab-c,KCab-c_L,Kenyon_Cell,,cb_intrinsic,11862,KCab,"KCab-m,KCab-c,KCab-s",,VFB_jrmc2ivx,L,,,Roughly traced,
179899,celltype_prediction_only,acetylcholine,dopamine,0.7372058226820856,dopamine,0.7305603395922767,KCab-c,KCab-c,KCab-c_L,Kenyon_Cell,,cb_intrinsic,11862,KCab,"KCab-m,KCab-c,KCab-s",,VFB_jrmc2inh,L,,,Roughly traced,
180422,celltype_prediction_only,acetylcholine,dopamine,0.7396746553586176,dopamine,0.7305603395922767,KCab-c,KCab-c,KCab-c_R,Kenyon_Cell,,cb_intrinsic,11862,KCab,"KCab-m,KCab-c,KCab-s",,VFB_jrmc2ipi,R,,,Roughly traced,
181180,celltype_prediction_only,acetylcholine,dopamine,0.703172497379455,dopamine,0.7305603395922767,KCab-c,KCab-c,KCab-c_R,Kenyon_Cell,,cb_intrinsic,11862,KCab,"KCab-m,KCab-c,KCab-s",,VFB_jrmc2ixd,R,,,Roughly traced,
181516,celltype_prediction_only,acetylcholine,dopamine,0.7077932328034467,dopamine,0.7305603395922767,KCab-c,KCab-c,KCab-c_L,Kenyon_Cell,,cb_intrinsic,11862,KCab,"KCab-m,KCab-c,KCab-s",,VFB_jrmc2itd,L,,,Roughly traced,
181795,celltype_prediction_only,acetylcholine,dopamine,0.7377407625786164,dopamine,0.7305603395922767,KCab-c,KCab-c,KCab-c_L,Kenyon_Cell,,cb_intrinsic,11862,KCab,"KCab-m,KCab-c,KCab-s",,VFB_jrmc2is5,L,,,Roughly traced,
182674,celltype_prediction_only,acetylcholine,dopamine,0.7132159935547586,dopamine,0.7305603395922767,KCab-c,KCab-c,KCab-c_L,Kenyon_Cell,,cb_intrinsic,11862,KCab,"KCab-m,KCab-c,KCab-s",,VFB_jrmc2ivy,L,,,Roughly traced,
182780,celltype_prediction_only,acetylcholine,dopamine,0.7771076511032939,dopamine,0.7305603395922767,KCab-c,KCab-c,KCab-c_L,Kenyon_Cell,,cb_intrinsic,11862,KCab,"KCab-m,KCab-c,KCab-s",,VFB_jrmc2ite,L,,,Roughly traced,
182857,celltype_prediction_only,acetylcholine,dopamine,0.7478641398118773,dopamine,0.7305603395922767,KCab-c,KCab-c,KCab-c_L,Kenyon_Cell,,cb_intrinsic,11862,KCab,"KCab-m,KCab-c,KCab-s",,VFB_jrmc2is6,L,,,Roughly traced,
183527,celltype_prediction_only,acetylcholine,dopamine,0.7902602273382955,dopamine,0.7305603395922767,KCab-c,KCab-c,KCab-c_L,Kenyon_Cell,,cb_intrinsic,11862,KCab,"KCab-m,KCab-c,KCab-s",,VFB_jrmc2is7,L,,,Roughly traced,
183652,celltype_prediction_only,acetylcholine,dopamine,0.6802657837445574,dopamine,0.7305603395922767,KCab-c,KCab-c,KCab-c_L,Kenyon_Cell,,cb_intrinsic,11862,KCab,"KCab-m,KCab-c,KCab-s",,VFB_jrmc2ini,L,,,Roughly traced,
183749,celltype_prediction_only,acetylcholine,dopamine,0.7171653891509434,dopamine,0.7305603395922767,KCab-c,KCab-c,KCab-c_L,Kenyon_Cell,,cb_intrinsic,11862,KCab,"KCab-m,KCab-c,KCab-s",,VFB_jrmc2inj,L,,,Roughly traced,
185076,celltype_prediction_only,acetylcholine,dopamine,0.7213398040638607,dopamine,0.7305603395922767,KCab-c,KCab-c,KCab-c_L,Kenyon_Cell,,cb_intrinsic,11862,KCab,"KCab-m,KCab-c,KCab-s",,VFB_jrmc2ink,L,,,Roughly traced,
185506,celltype_prediction_only,acetylcholine,dopamine,0.8415460921489648,dopamine,0.7305603395922767,KCab-c,KCab-c,KCab-c_L,Kenyon_Cell,,cb_intrinsic,11862,KCab,"KCab-m,KCab-c,KCab-s",,VFB_jrmc2is8,L,,,Roughly traced,
186613,celltype_prediction_only,acetylcholine,dopamine,0.7419066808280228,dopamine,0.7305603395922767,KCab-c,KCab-c,KCab-c_R,Kenyon_Cell,,cb_intrinsic,11862,KCab,"KCab-m,KCab-c,KCab-s",,VFB_jrmc2iz2,R,,,Roughly traced,
187909,celltype_prediction_only,acetylcholine,dopamine,0.733371607083747,dopamine,0.7305603395922767,KCab-c,KCab-c,KCab-c_L,Kenyon_Cell,,cb_intrinsic,11862,KCab,"KCab-m,KCab-c,KCab-s",,VFB_jrmc2ivz,L,,,Roughly traced,
188103,celltype_prediction_only,acetylcholine,dopamine,0.7674509281801583,dopamine,0.7305603395922767,KCab-c,KCab-c,KCab-c_L,Kenyon_Cell,,cb_intrinsic,11862,KCab,"KCab-m,KCab-c,KCab-s",,VFB_jrmc2inl,L,,,Roughly traced,
188606,celltype_prediction_only,acetylcholine,dopamine,0.7255057260865484,dopamine,0.7305603395922767,KCab-c,KCab-c,KCab-c_R,Kenyon_Cell,,cb_intrinsic,11862,KCab,"KCab-m,KCab-c,KCab-s",,VFB_jrmc2iye,R,,,Roughly traced,
189868,celltype_prediction_only,acetylcholine,dopamine,0.7430227987421383,dopamine,0.7305603395922767,KCab-c,KCab-c,KCab-c_L,Kenyon_Cell,,cb_intrinsic,11862,KCab,,,VFB_jrmc2is9,L,,,Prelim Roughly traced,
190256,celltype_prediction_only,acetylcholine,dopamine,0.8068917288284335,dopamine,0.7305603395922767,KCab-c,KCab-c,KCab-c_L,Kenyon_Cell,,cb_intrinsic,11862,KCab,"KCab-m,KCab-c,KCab-s",,VFB_jrmc2iw0,L,,,Roughly traced,
190305,celltype_prediction_only,acetylcholine,dopamine,0.7159231566974442,dopamine,0.7305603395922767,KCab-c,KCab-c,KCab-c_L,Kenyon_Cell,,cb_intrinsic,11862,KCab,"KCab-m,KCab-c,KCab-s",,VFB_jrmc2isa,L,,,Roughly traced,
191843,celltype_prediction_only,acetylcholine,dopamine,0.7589732535335092,dopamine,0.7305603395922767,KCab-c,KCab-c,KCab-c_L,Kenyon_Cell,,cb_intrinsic,11862,KCab,"KCab-m,KCab-c,KCab-s",,VFB_jrmc2iw1,L,,,Roughly traced,
191936,celltype_prediction_only,acetylcholine,dopamine,0.762916420990566,dopamine,0.7305603395922767,KCab-c,KCab-c,KCab-c_R,Kenyon_Cell,,cb_intrinsic,11862,KCab,"KCab-m,KCab-c,KCab-s",,VFB_jrmc2ixe,R,,,Roughly traced,
194148,celltype_prediction_only,acetylcholine,dopamine,0.7831352659217196,dopamine,0.7305603395922767,KCab-c,KCab-c,KCab-c_L,Kenyon_Cell,,cb_intrinsic,11862,KCab,"KCab-m,KCab-c,KCab-s",,VFB_jrmc2inm,L,,,Roughly traced,
194889,celltype_prediction_only,acetylcholine,dopamine,0.6558525986592024,dopamine,0.7305603395922767,KCab-c,KCab-c,KCab-c_L,Kenyon_Cell,,cb_intrinsic,11862,KCab,"KCab-m,KCab-c,KCab-s",,VFB_jrmc2iz4,L,,,Roughly traced,
196049,celltype_prediction_only,acetylcholine,dopamine,0.7459463443396226,dopamine,0.7305603395922767,KCab-c,KCab-c,KCab-c_L,Kenyon_Cell,,cb_intrinsic,11862,KCab,"KCab-m,KCab-c,KCab-s",,VFB_jrmc2iw2,L,,,Roughly traced,
196228,celltype_prediction_only,acetylcholine,dopamine,0.7696619496855345,dopamine,0.7305603395922767,KCab-c,KCab-c,KCab-c_L,Kenyon_Cell,,cb_intrinsic,11862,KCab,"KCab-m,KCab-c,KCab-s",,VFB_jrmc2inn,L,,,Roughly traced,
198408,celltype_prediction_only,acetylcholine,dopamine,0.7824979391830005,dopamine,0.7305603395922767,KCab-c,KCab-c,KCab-c_L,Kenyon_Cell,,cb_intrinsic,11862,KCab,"KCab-m,KCab-c,KCab-s",,VFB_jrmc2isb,L,,,Roughly traced,
199291,celltype_prediction_only,acetylcholine,dopamine,0.721501572327044,dopamine,0.7305603395922767,KCab-c,KCab-c,KCab-c_L,Kenyon_Cell,,cb_intrinsic,11862,KCab,"KCab-m,KCab-c,KCab-s",,VFB_jrmc2isc,L,,,Roughly traced,
202642,celltype_prediction_only,acetylcholine,dopamine,0.726095715408805,dopamine,0.7305603395922767,KCab-c,KCab-c,KCab-c_L,Kenyon_Cell,,cb_intrinsic,11862,KCab,"KCab-m,KCab-c,KCab-s",,VFB_jrmc2isd,L,,,Roughly traced,
203037,celltype_prediction_only,acetylcholine,dopamine,0.7388641076474342,dopamine,0.7305603395922767,KCab-c,KCab-c,KCab-c_L,Kenyon_Cell,,cb_intrinsic,11862,KCab,"KCab-m,KCab-c,KCab-s",,VFB_jrmc2itf,L,,,Roughly traced,
205480,celltype_prediction_only,acetylcholine,dopamine,0.7112079733145241,dopamine,0.7305603395922767,KCab-c,KCab-c,KCab-c_L,Kenyon_Cell,,cb_intrinsic,11862,KCab,"KCab-m,KCab-c,KCab-s",,VFB_jrmc2ino,L,,,Roughly traced,
205561,celltype_prediction_only,acetylcholine,dopamine,0.7668578473413379,dopamine,0.7305603395922767,KCab-c,KCab-c,KCab-c_L,Kenyon_Cell,,cb_intrinsic,11862,KCab,"KCab-m,KCab-c,KCab-s",,VFB_jrmc2ise,L,,,Roughly traced,
206455,celltype_prediction_only,acetylcholine,dopamine,0.7283185171746492,dopamine,0.7305603395922767,KCab-c,KCab-c,KCab-c_L,Kenyon_Cell,,cb_intrinsic,11862,KCab,"KCab-m,KCab-c,KCab-s",,VFB_jrmc2inp,L,,,Roughly traced,
208043,celltype_prediction_only,acetylcholine,dopamine,0.7539179597954505,dopamine,0.7305603395922767,KCab-c,KCab-c,KCab-c_L,Kenyon_Cell,,cb_intrinsic,11862,KCab,"KCab-m,KCab-c,KCab-s",,VFB_jrmc2isf,L,,,Roughly traced,
209674,celltype_prediction_only,acetylcholine,dopamine,0.7911284126643796,dopamine,0.7305603395922767,KCab-c,KCab-c,KCab-c_L,Kenyon_Cell,,cb_intrinsic,11862,KCab,"KCab-m,KCab-c,KCab-s",,VFB_jrmc2isg,L,,,Roughly traced,
209949,celltype_prediction_only,acetylcholine,dopamine,0.7814644082332761,dopamine,0.7305603395922767,KCab-c,KCab-c,KCab-c_R,Kenyon_Cell,,cb_intrinsic,11862,KCab,"KCab-m,KCab-c,KCab-s",,VFB_jrmc2iuw,R,,,Roughly traced,
211087,celltype_prediction_only,acetylcholine,dopamine,0.7425707547169812,dopamine,0.7305603395922767,KCab-c,KCab-c,KCab-c_L,Kenyon_Cell,,cb_intrinsic,11862,KCab,"KCab-m,KCab-c,KCab-s",,VFB_jrmc2iw3,L,,,Roughly traced,
214511,celltype_prediction_only,acetylcholine,dopamine,0.784319684886209,dopamine,0.7305603395922767,KCab-c,KCab-c,KCab-c_L,Kenyon_Cell,,cb_intrinsic,11862,KCab,"KCab-m,KCab-c,KCab-s",,VFB_jrmc2inq,L,,,Roughly traced,
222128,celltype_prediction_only,acetylcholine,dopamine,0.7609964622641509,dopamine,0.7305603395922767,KCab-c,KCab-c,KCab-c_L,Kenyon_Cell,,cb_intrinsic,11862,KCab,"KCab-m,KCab-c,KCab-s",,VFB_jrmc2iw4,L,,,Roughly traced,
224662,celltype_prediction_only,acetylcholine,dopamine,0.7154412018798811,dopamine,0.7305603395922767,KCab-c,KCab-c,KCab-c_L,Kenyon_Cell,,cb_intrinsic,11862,KCab,"KCab-m,KCab-c,KCab-s",,VFB_jrmc2ish,L,,,Roughly traced,
245416,celltype_prediction_only,acetylcholine,dopamine,0.7968331440717448,dopamine,0.7305603395922767,KCab-c,KCab-c,KCab-c_L,Kenyon_Cell,,cb_intrinsic,11862,KCab,"KCab-m,KCab-c,KCab-s",,VFB_jrmc2inr,L,,,Roughly traced,
248072,celltype_prediction_only,acetylcholine,dopamine,0.718743710691824,dopamine,0.7305603395922767,KCab-c,KCab-c,KCab-c_L,Kenyon_Cell,,cb_intrinsic,11862,KCab,"KCab-m,KCab-c,KCab-s",,VFB_jrmc2itg,L,,,Roughly traced,
252837,celltype_prediction_only,acetylcholine,dopamine,0.7517310716013547,dopamine,0.7305603395922767,KCab-c,KCab-c,KCab-c_L,Kenyon_Cell,,cb_intrinsic,11862,KCab,"KCab-m,KCab-c,KCab-s",,VFB_jrmc2iw5,L,,,Roughly traced,
265747,celltype_prediction_only,acetylcholine,dopamine,0.751010317584074,dopamine,0.7305603395922767,KCab-c,KCab-c,KCab-c_L,Kenyon_Cell,,cb_intrinsic,11862,KCab,"KCab-m,KCab-c,KCab-s",,VFB_jrmc2ins,L,,,Roughly traced,
268907,celltype_prediction_only,acetylcholine,dopamine,0.7588800743281875,dopamine,0.7305603395922767,KCab-c,KCab-c,KCab-c_L,Kenyon_Cell,,cb_intrinsic,11862,KCab,"KCab-m,KCab-c,KCab-s",,VFB_jrmc2isi,L,,,Roughly traced,
286505,celltype_prediction_only,acetylcholine,dopamine,0.7442763460653474,dopamine,0.7305603395922767,KCab-c,KCab-c,KCab-c_L,Kenyon_Cell,,cb_intrinsic,11862,KCab,"KCab-m,KCab-c,KCab-s",,VFB_jrmc2isj,L,,,Roughly traced,
294758,celltype_prediction_only,acetylcholine,dopamine,0.6894608023781447,dopamine,0.7305603395922767,KCab-c,KCab-c,KCab-c_R,Kenyon_Cell,,cb_intrinsic,11862,KCab,"KCab-m,KCab-c,KCab-s",,VFB_jrmc2ipj,R,,,Roughly traced,
375168,celltype_prediction_only,acetylcholine,dopamine,0.6714889375561546,dopamine,0.7305603395922767,KCab-c,KCab-c,KCab-c_R,Kenyon_Cell,,cb_intrinsic,11862,KCab,"KCab-m,KCab-c,KCab-s",,VFB_jrmc2iuk,R,,,Prelim Roughly traced,
529039,celltype_prediction_only,acetylcholine,dopamine,0.7684337063039345,dopamine,0.7305603395922767,KCab-c,KCab-c,KCab-c_R,Kenyon_Cell,,cb_intrinsic,11862,KCab,"KCab-m,KCab-c,KCab-s",,VFB_jrmc2ixy,R,,,Prelim Roughly traced,
547586,celltype_prediction_only,acetylcholine,dopamine,0.7075946561985564,dopamine,0.7305603395922767,KCab-c,KCab-c,KCab-c_R,Kenyon_Cell,,cb_intrinsic,11862,KCab,"KCab-m,KCab-c,KCab-s",,VFB_jrmc2ipk,R,,,Prelim Roughly traced,
550557,celltype_prediction_only,acetylcholine,dopamine,0.7854701257861635,dopamine,0.7305603395922767,KCab-c,KCab-c,KCab-c_L,Kenyon_Cell,,cb_intrinsic,11862,KCab,"KCab-m,KCab-c,KCab-s",,VFB_jrmc2isk,L,,,Roughly traced,
550671,celltype_prediction_only,acetylcholine,dopamine,0.786325379208287,dopamine,0.7305603395922767,KCab-c,KCab-c,KCab-c_L,Kenyon_Cell,,cb_intrinsic,11862,KCab,"KCab-m,KCab-c,KCab-s",,VFB_jrmc2ith,L,,,Roughly traced,
552335,celltype_prediction_only,acetylcholine,dopamine,0.7218784110400748,dopamine,0.7305603395922767,KCab-c,KCab-c,KCab-c_L,Kenyon_Cell,,cb_intrinsic,11862,KCab,"KCab-m,KCab-c,KCab-s",,VFB_jrmc2iw6,L,,,Roughly traced,
553058,celltype_prediction_only,acetylcholine,dopamine,0.8251049815922687,dopamine,0.7305603395922767,KCab-c,KCab-c,KCab-c_L,Kenyon_Cell,,cb_intrinsic,11862,KCab,"KCab-m,KCab-c,KCab-s",,VFB_jrmc2iw7,L,,,Roughly traced,
575260,celltype_prediction_only,acetylcholine,dopamine,0.6625980678207871,dopamine,0.7305603395922767,KCab-c,KCab-c,KCab-c_R,Kenyon_Cell,,cb_intrinsic,11862,KCab,"KCab-m,KCab-c,KCab-s",,VFB_jrmc2ixf,R,,,Prelim Roughly traced,
579941,celltype_prediction_only,acetylcholine,dopamine,0.7774472849281222,dopamine,0.7305603395922767,KCab-c,KCab-c,KCab-c_L,Kenyon_Cell,,cb_intrinsic,11862,KCab,"KCab-m,KCab-c,KCab-s",,VFB_jrmc2isl,L,,,Roughly traced,
580598,celltype_prediction_only,acetylcholine,dopamine,0.6862074338489433,dopamine,0.7305603395922767,KCab-c,KCab-c,KCab-c_L,Kenyon_Cell,,cb_intrinsic,11862,KCab,"KCab-m,KCab-c,KCab-s",,VFB_jrmc2iw8,L,,,Roughly traced,
581228,celltype_prediction_only,acetylcholine,dopamine,0.7528281899584266,dopamine,0.7305603395922767,KCab-c,KCab-c,KCab-c_L,Kenyon_Cell,,cb_intrinsic,11862,KCab,"KCab-m,KCab-c,KCab-s",,VFB_jrmc2int,L,,,Roughly traced,
919290,celltype_prediction_only,acetylcholine,dopamine,0.6897693192406243,dopamine,0.7305603395922767,KCab-c,KCab-c,KCab-c_L,Kenyon_Cell,,cb_intrinsic,11862,KCab,"KCab-m,KCab-c,KCab-s",,VFB_jrmc2ism,L,,,Roughly traced,
24695,celltype_prediction_only,acetylcholine,dopamine,0.6712506502104317,dopamine,0.7405904806650512,KCab-m,KCab-m,KCab-m_R,Kenyon_Cell,,cb_intrinsic,11862,KCab,"KCab-m,KCab-c,KCab-s",,VFB_jrmc2j8f,R,,,Roughly traced,
25879,celltype_prediction_only,acetylcholine,dopamine,0.7321598580578155,dopamine,0.7405904806650512,KCab-m,KCab-m,KCab-m_R,Kenyon_Cell,,cb_intrinsic,11862,KCab,"KCab-m,KCab-c,KCab-s",,VFB_jrmc2jb0,R,,,Roughly traced,
29471,celltype_prediction_only,acetylcholine,dopamine,0.6919918524871356,dopamine,0.7405904806650512,KCab-m,KCab-m,KCab-m_R,Kenyon_Cell,,cb_intrinsic,11862,KCab,"KCab-m,KCab-c,KCab-s",,VFB_jrmc2j8g,R,,,Roughly traced,
43321,celltype_prediction_only,acetylcholine,dopamine,0.7388247222712044,dopamine,0.7405904806650512,KCab-m,KCab-m,KCab-m_R,Kenyon_Cell,,cb_intrinsic,11862,KCab,"KCab-m,KCab-c,KCab-s",,VFB_jrmc2jdp,R,,,Roughly traced,
43474,celltype_prediction_only,acetylcholine,dopamine,0.6441404994720654,dopamine,0.7405904806650512,KCab-m,KCab-m,KCab-m_R,Kenyon_Cell,,cb_intrinsic,11862,KCab,"KCab-m,KCab-c,KCab-s",,VFB_jrmc2j8h,R,,,Roughly traced,
62517,celltype_prediction_only,acetylcholine,dopamine,0.6903780288625615,dopamine,0.7405904806650512,KCab-m,KCab-m,KCab-m_R,Kenyon_Cell,,cb_intrinsic,11862,KCab,"KCab-m,KCab-c,KCab-s",,VFB_jrmc2j8i,R,,,Roughly traced,
63345,celltype_prediction_only,acetylcholine,dopamine,0.6837829385300463,dopamine,0.7405904806650512,KCab-m,KCab-m,KCab-m_L,Kenyon_Cell,,cb_intrinsic,11862,KCab,"KCab-m,KCab-c,KCab-s",,VFB_jrmc2jaa,L,,,Roughly traced,
65347,celltype_prediction_only,acetylcholine,dopamine,0.7508393625573367,dopamine,0.7405904806650512,KCab-m,KCab-m,KCab-m_L,Kenyon_Cell,,cb_intrinsic,11862,KCab,"KCab-m,KCab-c,KCab-s",,VFB_jrmc2iz7,L,,,Roughly traced,
66179,celltype_prediction_only,acetylcholine,dopamine,0.7173678738080747,dopamine,0.7405904806650512,KCab-m,KCab-m,KCab-m_L,Kenyon_Cell,,cb_intrinsic,11862,KCab,"KCab-m,KCab-c,KCab-s",,VFB_jrmc2iz8,L,,,Roughly traced,
66865,celltype_prediction_only,acetylcholine,dopamine,0.7658915213455308,dopamine,0.7405904806650512,KCab-m,KCab-m,KCab-m_L,Kenyon_Cell,,cb_intrinsic,11862,KCab,"KCab-m,KCab-c,KCab-s",,VFB_jrmc2jab,L,,,Roughly traced,
67282,celltype_prediction_only,acetylcholine,dopamine,0.741544560417503,dopamine,0.7405904806650512,KCab-m,KCab-m,KCab-m_L,Kenyon_Cell,,cb_intrinsic,11862,KCab,"KCab-m,KCab-c,KCab-s",,VFB_jrmc2j63,L,,,Roughly traced,
68501,celltype_prediction_only,acetylcholine,dopamine,0.7549302488960258,dopamine,0.7405904806650512,KCab-m,KCab-m,KCab-m_L,Kenyon_Cell,,cb_intrinsic,11862,KCab,"KCab-m,KCab-c,KCab-s",,VFB_jrmc2jac,L,,,Roughly traced,
68614,celltype_prediction_only,acetylcholine,dopamine,0.7832406063538139,dopamine,0.7405904806650512,KCab-m,KCab-m,KCab-m_L,Kenyon_Cell,,cb_intrinsic,11862,KCab,"KCab-m,KCab-c,KCab-s",,VFB_jrmc2iz9,L,,,Roughly traced,
69224,celltype_prediction_only,acetylcholine,dopamine,0.8400157232704403,dopamine,0.7405904806650512,KCab-m,KCab-m,KCab-m_L,Kenyon_Cell,,cb_intrinsic,11862,KCab,"KCab-m,KCab-c,KCab-s",,VFB_jrmc2jd9,L,,,Roughly traced,
69538,celltype_prediction_only,acetylcholine,dopamine,0.7644240438057628,dopamine,0.7405904806650512,KCab-m,KCab-m,KCab-m_L,Kenyon_Cell,,cb_intrinsic,11862,KCab,"KCab-m,KCab-c,KCab-s",,VFB_jrmc2j64,L,,,Roughly traced,
69611,celltype_prediction_only,acetylcholine,dopamine,0.7625841527150323,dopamine,0.7405904806650512,KCab-m,KCab-m,KCab-m_L,Kenyon_Cell,,cb_intrinsic,11862,KCab,"KCab-m,KCab-c,KCab-s",,VFB_jrmc2j65,L,,,Roughly traced,
69709,celltype_prediction_only,acetylcholine,dopamine,0.7971229538922904,dopamine,0.7405904806650512,KCab-m,KCab-m,KCab-m_L,Kenyon_Cell,,cb_intrinsic,11862,KCab,"KCab-m,KCab-c,KCab-s",,VFB_jrmc2jad,L,,,Roughly traced,
69713,celltype_prediction_only,acetylcholine,dopamine,0.755188079120457,dopamine,0.7405904806650512,KCab-m,KCab-m,KCab-m_L,Kenyon_Cell,,cb_intrinsic,11862,KCab,"KCab-m,KCab-c,KCab-s",,VFB_jrmc2j4v,L,,,Roughly traced,
69758,celltype_prediction_only,acetylcholine,dopamine,0.6753549297077321,dopamine,0.7405904806650512,KCab-m,KCab-m,KCab-m_L,Kenyon_Cell,,cb_intrinsic,11862,KCab,"KCab-m,KCab-c,KCab-s",,VFB_jrmc2j66,L,,,Roughly traced,
70211,celltype_prediction_only,acetylcholine,dopamine,0.7228188143985013,dopamine,0.7405904806650512,KCab-m,KCab-m,KCab-m_L,Kenyon_Cell,,cb_intrinsic,11862,KCab,"KCab-m,KCab-c,KCab-s",,VFB_jrmc2iza,L,,,Roughly traced,
70477,celltype_prediction_only,acetylcholine,dopamine,0.6640045644419412,dopamine,0.7405904806650512,KCab-m,KCab-m,KCab-m_R,Kenyon_Cell,,cb_intrinsic,11862,KCab,"KCab-m,KCab-c,KCab-s",,VFB_jrmc2j8j,R,,,Roughly traced,
70690,celltype_prediction_only,acetylcholine,dopamine,0.7837789995418385,dopamine,0.7405904806650512,KCab-m,KCab-m,KCab-m_L,Kenyon_Cell,,cb_intrinsic,11862,KCab,"KCab-m,KCab-c,KCab-s",,VFB_jrmc2izb,L,,,Roughly traced,
70909,celltype_prediction_only,acetylcholine,dopamine,0.7607849594877897,dopamine,0.7405904806650512,KCab-m,KCab-m,KCab-m_R,Kenyon_Cell,,cb_intrinsic,11862,KCab,"KCab-m,KCab-c,KCab-s",,VFB_jrmc2jb1,R,,,Roughly traced,
70950,celltype_prediction_only,acetylcholine,dopamine,0.7249737945492662,dopamine,0.7405904806650512,KCab-m,KCab-m,KCab-m_L,Kenyon_Cell,,cb_intrinsic,11862,KCab,"KCab-m,KCab-c,KCab-s",,VFB_jrmc2jae,L,,,Roughly traced,
71008,celltype_prediction_only,acetylcholine,dopamine,0.6614887335414688,dopamine,0.7405904806650512,KCab-m,KCab-m,KCab-m_R,Kenyon_Cell,,cb_intrinsic,11862,KCab,"KCab-m,KCab-c,KCab-s",,VFB_jrmc2jdy,R,,,Roughly traced,
71039,celltype_prediction_only,acetylcholine,dopamine,0.7354446631374146,dopamine,0.7405904806650512,KCab-m,KCab-m,KCab-m_R,Kenyon_Cell,,cb_intrinsic,11862,KCab,"KCab-m,KCab-c,KCab-s",,VFB_jrmc2j8k,R,,,Roughly traced,
71469,celltype_prediction_only,acetylcholine,dopamine,0.7254991634413804,dopamine,0.7405904806650512,KCab-m,KCab-m,KCab-m_L,Kenyon_Cell,,cb_intrinsic,11862,KCab,"KCab-m,KCab-c,KCab-s",,VFB_jrmc2izc,L,,,Roughly traced,
71610,celltype_prediction_only,acetylcholine,dopamine,0.6655226227353797,dopamine,0.7405904806650512,KCab-m,KCab-m,KCab-m_L,Kenyon_Cell,,cb_intrinsic,11862,KCab,"KCab-m,KCab-c,KCab-s",,VFB_jrmc2j67,L,,,Roughly traced,
71907,celltype_prediction_only,acetylcholine,dopamine,0.7453581198547834,dopamine,0.7405904806650512,KCab-m,KCab-m,KCab-m_L,Kenyon_Cell,,cb_intrinsic,11862,KCab,"KCab-m,KCab-c,KCab-s",,VFB_jrmc2j4w,L,,,Roughly traced,
72166,celltype_prediction_only,acetylcholine,dopamine,0.7358274587048171,dopamine,0.7405904806650512,KCab-m,KCab-m,KCab-m_R,Kenyon_Cell,,cb_intrinsic,11862,KCab,"KCab-m,KCab-c,KCab-s",,VFB_jrmc2jb2,R,,,Roughly traced,
72375,celltype_prediction_only,acetylcholine,dopamine,0.6917405660377358,dopamine,0.7405904806650512,KCab-m,KCab-m,KCab-m_R,Kenyon_Cell,,cb_intrinsic,11862,KCab,"KCab-m,KCab-c,KCab-s",,VFB_jrmc2j2e,R,,,Roughly traced,
72516,celltype_prediction_only,acetylcholine,dopamine,0.7084113716241214,dopamine,0.7405904806650512,KCab-m,KCab-m,KCab-m_L,Kenyon_Cell,,cb_intrinsic,11862,KCab,"KCab-m,KCab-c,KCab-s",,VFB_jrmc2izd,L,,,Roughly traced,
72610,celltype_prediction_only,acetylcholine,dopamine,0.7239237310656391,dopamine,0.7405904806650512,KCab-m,KCab-m,KCab-m_L,Kenyon_Cell,,cb_intrinsic,11862,KCab,"KCab-m,KCab-c,KCab-s",,VFB_jrmc2ize,L,,,Roughly traced,
72681,celltype_prediction_only,acetylcholine,dopamine,0.6812017581475128,dopamine,0.7405904806650512,KCab-m,KCab-m,KCab-m_L,Kenyon_Cell,,cb_intrinsic,11862,KCab,"KCab-m,KCab-c,KCab-s",,VFB_jrmc2izf,L,,,Roughly traced,
73337,celltype_prediction_only,acetylcholine,dopamine,0.7118166805110557,dopamine,0.7405904806650512,KCab-m,KCab-m,KCab-m_L,Kenyon_Cell,,cb_intrinsic,11862,KCab,"KCab-m,KCab-c,KCab-s",,VFB_jrmc2j68,L,,,Roughly traced,
73442,celltype_prediction_only,acetylcholine,dopamine,0.7335400448607995,dopamine,0.7405904806650512,KCab-m,KCab-m,KCab-m_R,Kenyon_Cell,,cb_intrinsic,11862,KCab,"KCab-m,KCab-c,KCab-s",,VFB_jrmc2j8l,R,,,Roughly traced,
73487,celltype_prediction_only,acetylcholine,dopamine,0.7059854257377842,dopamine,0.7405904806650512,KCab-m,KCab-m,KCab-m_R,Kenyon_Cell,,cb_intrinsic,11862,KCab,"KCab-m,KCab-c,KCab-s",,VFB_jrmc2jcw,R,,,Roughly traced,
73645,celltype_prediction_only,acetylcholine,dopamine,0.730236080281169,dopamine,0.7405904806650512,KCab-m,KCab-m,KCab-m_R,Kenyon_Cell,,cb_intrinsic,11862,KCab,"KCab-m,KCab-c,KCab-s",,VFB_jrmc2j2f,R,,,Roughly traced,
74016,celltype_prediction_only,acetylcholine,dopamine,0.7594367901904892,dopamine,0.7405904806650512,KCab-m,KCab-m,KCab-m_L,Kenyon_Cell,,cb_intrinsic,11862,KCab,"KCab-m,KCab-c,KCab-s",,VFB_jrmc2j69,L,,,Roughly traced,
74103,celltype_prediction_only,acetylcholine,dopamine,0.7995629855715871,dopamine,0.7405904806650512,KCab-m,KCab-m,KCab-m_R,Kenyon_Cell,,cb_intrinsic,11862,KCab,"KCab-m,KCab-c,KCab-s",,VFB_jrmc2j8m,R,,,Roughly traced,
74106,celltype_prediction_only,acetylcholine,dopamine,0.6859658499615402,dopamine,0.7405904806650512,KCab-m,KCab-m,KCab-m_R,Kenyon_Cell,,cb_intrinsic,11862,KCab,"KCab-m,KCab-c,KCab-s",,VFB_jrmc2jcx,R,,,Roughly traced,
74289,celltype_prediction_only,acetylcholine,dopamine,0.7622858958918775,dopamine,0.7405904806650512,KCab-m,KCab-m,KCab-m_L,Kenyon_Cell,,cb_intrinsic,11862,KCab,"KCab-m,KCab-c,KCab-s",,VFB_jrmc2izg,L,,,Roughly traced,
74301,celltype_prediction_only,acetylcholine,dopamine,0.6827373116864122,dopamine,0.7405904806650512,KCab-m,KCab-m,KCab-m_R,Kenyon_Cell,,cb_intrinsic,11862,KCab,"KCab-m,KCab-c,KCab-s",,VFB_jrmc2j8n,R,,,Roughly traced,
74461,celltype_prediction_only,acetylcholine,dopamine,0.7594805777293985,dopamine,0.7405904806650512,KCab-m,KCab-m,KCab-m_R,Kenyon_Cell,,cb_intrinsic,11862,KCab,"KCab-m,KCab-c,KCab-s",,VFB_jrmc2j9z,R,,,Prelim Roughly traced,
74553,celltype_prediction_only,acetylcholine,dopamine,0.6435354428721174,dopamine,0.7405904806650512,KCab-m,KCab-m,KCab-m_R,Kenyon_Cell,,cb_intrinsic,11862,KCab,"KCab-m,KCab-c,KCab-s",,VFB_jrmc2j8o,R,,,Roughly traced,
74620,celltype_prediction_only,acetylcholine,dopamine,0.76463405356056,dopamine,0.7405904806650512,KCab-m,KCab-m,KCab-m_L,Kenyon_Cell,,cb_intrinsic,11862,KCab,"KCab-m,KCab-c,KCab-s",,VFB_jrmc2j6a,L,,,Roughly traced,
74851,celltype_prediction_only,acetylcholine,dopamine,0.6966624255213505,dopamine,0.7405904806650512,KCab-m,KCab-m,KCab-m_R,Kenyon_Cell,,cb_intrinsic,11862,KCab,"KCab-m,KCab-c,KCab-s",,VFB_jrmc2j2g,R,,,Roughly traced,
74899,celltype_prediction_only,acetylcholine,dopamine,0.6707444770360975,dopamine,0.7405904806650512,KCab-m,KCab-m,KCab-m_R,Kenyon_Cell,,cb_intrinsic,11862,KCab,"KCab-m,KCab-c,KCab-s",,VFB_jrmc2j8p,R,,,Roughly traced,
75155,celltype_prediction_only,acetylcholine,dopamine,0.831162730904632,dopamine,0.7405904806650512,KCab-m,KCab-m,KCab-m_L,Kenyon_Cell,,cb_intrinsic,11862,KCab,"KCab-m,KCab-c,KCab-s",,VFB_jrmc2izh,L,,,Roughly traced,
75428,celltype_prediction_only,acetylcholine,dopamine,0.7347680817610063,dopamine,0.7405904806650512,KCab-m,KCab-m,KCab-m_L,Kenyon_Cell,,cb_intrinsic,11862,KCab,"KCab-m,KCab-c,KCab-s",,VFB_jrmc2j6b,L,,,Roughly traced,
75908,celltype_prediction_only,acetylcholine,dopamine,0.7241526575873646,dopamine,0.7405904806650512,KCab-m,KCab-m,KCab-m_L,Kenyon_Cell,,cb_intrinsic,11862,KCab,"KCab-m,KCab-c,KCab-s",,VFB_jrmc2j4x,L,,,Roughly traced,
75958,celltype_prediction_only,acetylcholine,dopamine,0.7821701024924296,dopamine,0.7405904806650512,KCab-m,KCab-m,KCab-m_L,Kenyon_Cell,,cb_intrinsic,11862,KCab,"KCab-m,KCab-c,KCab-s",,VFB_jrmc2j6c,L,,,Roughly traced,
75968,celltype_prediction_only,acetylcholine,dopamine,0.815011355695318,dopamine,0.7405904806650512,KCab-m,KCab-m,KCab-m_L,Kenyon_Cell,,cb_intrinsic,11862,KCab,"KCab-m,KCab-c,KCab-s",,VFB_jrmc2jds,L,,,Roughly traced,
76265,celltype_prediction_only,acetylcholine,dopamine,0.6699890152494185,dopamine,0.7405904806650512,KCab-m,KCab-m,KCab-m_R,Kenyon_Cell,,cb_intrinsic,11862,KCab,"KCab-m,KCab-c,KCab-s",,VFB_jrmc2ja0,R,,,Roughly traced,
76566,celltype_prediction_only,acetylcholine,dopamine,0.7574280450333669,dopamine,0.7405904806650512,KCab-m,KCab-m,KCab-m_L,Kenyon_Cell,,cb_intrinsic,11862,KCab,"KCab-m,KCab-c,KCab-s",,VFB_jrmc2izi,L,,,Roughly traced,
76594,celltype_prediction_only,acetylcholine,dopamine,0.7299030398322851,dopamine,0.7405904806650512,KCab-m,KCab-m,KCab-m_L,Kenyon_Cell,,cb_intrinsic,11862,KCab,"KCab-m,KCab-c,KCab-s",,VFB_jrmc2j4y,L,,,Roughly traced,
76605,celltype_prediction_only,acetylcholine,dopamine,0.8014790434619355,dopamine,0.7405904806650512,KCab-m,KCab-m,KCab-m_L,Kenyon_Cell,,cb_intrinsic,11862,KCab,"KCab-m,KCab-c,KCab-s",,VFB_jrmc2izj,L,,,Roughly traced,
76608,celltype_prediction_only,acetylcholine,dopamine,0.7767826401322132,dopamine,0.7405904806650512,KCab-m,KCab-m,KCab-m_L,Kenyon_Cell,,cb_intrinsic,11862,KCab,"KCab-m,KCab-c,KCab-s",,VFB_jrmc2j6d,L,,,Roughly traced,
76615,celltype_prediction_only,acetylcholine,dopamine,0.7064480527334301,dopamine,0.7405904806650512,KCab-m,KCab-m,KCab-m_R,Kenyon_Cell,,cb_intrinsic,11862,KCab,"KCab-m,KCab-c,KCab-s",,VFB_jrmc2jcp,R,,,Roughly traced,
76676,celltype_prediction_only,acetylcholine,dopamine,0.6457887400243116,dopamine,0.7405904806650512,KCab-m,KCab-m,KCab-m_L,Kenyon_Cell,,cb_intrinsic,11862,KCab,"KCab-m,KCab-c,KCab-s",,VFB_jrmc2jaf,L,,,Roughly traced,
76727,celltype_prediction_only,acetylcholine,dopamine,0.6918117002819345,dopamine,0.7405904806650512,KCab-m,KCab-m,KCab-m_L,Kenyon_Cell,,cb_intrinsic,11862,KCab,"KCab-m,KCab-c,KCab-s",,VFB_jrmc2j6e,L,,,Roughly traced,
76774,celltype_prediction_only,acetylcholine,dopamine,0.7394885978010045,dopamine,0.7405904806650512,KCab-m,KCab-m,KCab-m_L,Kenyon_Cell,,cb_intrinsic,11862,KCab,"KCab-m,KCab-c,KCab-s",,VFB_jrmc2j4z,L,,,Roughly traced,
77382,celltype_prediction_only,acetylcholine,dopamine,0.6757389937106918,dopamine,0.7405904806650512,KCab-m,KCab-m,KCab-m_R,Kenyon_Cell,,cb_intrinsic,11862,KCab,"KCab-m,KCab-c,KCab-s",,VFB_jrmc2j8q,R,,,Roughly traced,
77505,celltype_prediction_only,acetylcholine,dopamine,0.6825422562893082,dopamine,0.7405904806650512,KCab-m,KCab-m,KCab-m_L,Kenyon_Cell,,cb_intrinsic,11862,KCab,"KCab-m,KCab-c,KCab-s",,VFB_jrmc2jcd,L,,,Roughly traced,
77810,celltype_prediction_only,acetylcholine,dopamine,0.6472251339389704,dopamine,0.7405904806650512,KCab-m,KCab-m,KCab-m_R,Kenyon_Cell,,cb_intrinsic,11862,KCab,"KCab-m,KCab-c,KCab-s",,VFB_jrmc2j2h,R,,,Roughly traced,
78222,celltype_prediction_only,acetylcholine,dopamine,0.7039018385897259,dopamine,0.7405904806650512,KCab-m,KCab-m,KCab-m_L,Kenyon_Cell,,cb_intrinsic,11862,KCab,"KCab-m,KCab-c,KCab-s",,VFB_jrmc2jcs,L,,,Roughly traced,
78261,celltype_prediction_only,acetylcholine,dopamine,0.7390878288599522,dopamine,0.7405904806650512,KCab-m,KCab-m,KCab-m_L,Kenyon_Cell,,cb_intrinsic,11862,KCab,"KCab-m,KCab-c,KCab-s",,VFB_jrmc2jdn,L,,,Roughly traced,
78363,celltype_prediction_only,acetylcholine,dopamine,0.7690198603862795,dopamine,0.7405904806650512,KCab-m,KCab-m,KCab-m_L,Kenyon_Cell,,cb_intrinsic,11862,KCab,"KCab-m,KCab-c,KCab-s",,VFB_jrmc2izk,L,,,Roughly traced,
78531,celltype_prediction_only,acetylcholine,dopamine,0.7493173902752418,dopamine,0.7405904806650512,KCab-m,KCab-m,KCab-m_R,Kenyon_Cell,,cb_intrinsic,11862,KCab,"KCab-m,KCab-c,KCab-s",,VFB_jrmc2jb3,R,,,Roughly traced,
78959,celltype_prediction_only,acetylcholine,dopamine,0.7234763402216232,dopamine,0.7405904806650512,KCab-m,KCab-m,KCab-m_R,Kenyon_Cell,,cb_intrinsic,11862,KCab,"KCab-m,KCab-c,KCab-s",,VFB_jrmc2j2i,R,,,Roughly traced,
79013,celltype_prediction_only,acetylcholine,dopamine,0.7007762713982256,dopamine,0.7405904806650512,KCab-m,KCab-m,KCab-m_L,Kenyon_Cell,,cb_intrinsic,11862,KCab,"KCab-m,KCab-c,KCab-s",,VFB_jrmc2izl,L,,,Roughly traced,
79795,celltype_prediction_only,acetylcholine,dopamine,0.7317839821950571,dopamine,0.7405904806650512,KCab-m,KCab-m,KCab-m_L,Kenyon_Cell,,cb_intrinsic,11862,KCab,"KCab-m,KCab-c,KCab-s",,VFB_jrmc2izm,L,,,Roughly traced,
79911,celltype_prediction_only,acetylcholine,dopamine,0.7258042622505769,dopamine,0.7405904806650512,KCab-m,KCab-m,KCab-m_L,Kenyon_Cell,,cb_intrinsic,11862,KCab,"KCab-m,KCab-c,KCab-s",,VFB_jrmc2izn,L,,,Roughly traced,
79972,celltype_prediction_only,acetylcholine,dopamine,0.6459755118426335,dopamine,0.7405904806650512,KCab-m,KCab-m,KCab-m_R,Kenyon_Cell,,cb_intrinsic,11862,KCab,"KCab-m,KCab-c,KCab-s",,VFB_jrmc2j8r,R,,,Roughly traced,
80076,celltype_prediction_only,acetylcholine,dopamine,0.776805593811688,dopamine,0.7405904806650512,KCab-m,KCab-m,KCab-m_L,Kenyon_Cell,,cb_intrinsic,11862,KCab,"KCab-m,KCab-c,KCab-s",,VFB_jrmc2jdx,L,,,Roughly traced,
80309,celltype_prediction_only,acetylcholine,dopamine,0.7543576993951048,dopamine,0.7405904806650512,KCab-m,KCab-m,KCab-m_L,Kenyon_Cell,,cb_intrinsic,11862,KCab,"KCab-m,KCab-c,KCab-s",,VFB_jrmc2j6f,L,,,Roughly traced,
80348,celltype_prediction_only,acetylcholine,dopamine,0.7097619822164389,dopamine,0.7405904806650512,KCab-m,KCab-m,KCab-m_L,Kenyon_Cell,,cb_intrinsic,11862,KCab,"KCab-m,KCab-c,KCab-s",,VFB_jrmc2j6g,L,,,Roughly traced,
80409,celltype_prediction_only,acetylcholine,dopamine,0.8218391278532788,dopamine,0.7405904806650512,KCab-m,KCab-m,KCab-m_L,Kenyon_Cell,,cb_intrinsic,11862,KCab,"KCab-m,KCab-c,KCab-s",,VFB_jrmc2jag,L,,,Roughly traced,
80814,celltype_prediction_only,acetylcholine,dopamine,0.7279655835080363,dopamine,0.7405904806650512,KCab-m,KCab-m,KCab-m_L,Kenyon_Cell,,cb_intrinsic,11862,KCab,"KCab-m,KCab-c,KCab-s",,VFB_jrmc2izo,L,,,Roughly traced,
80978,celltype_prediction_only,acetylcholine,dopamine,0.6418518915570802,dopamine,0.7405904806650512,KCab-m,KCab-m,KCab-m_R,Kenyon_Cell,,cb_intrinsic,11862,KCab,"KCab-m,KCab-c,KCab-s",,VFB_jrmc2j8s,R,,,Roughly traced,
81053,celltype_prediction_only,acetylcholine,dopamine,0.7146186843104977,dopamine,0.7405904806650512,KCab-m,KCab-m,KCab-m_R,Kenyon_Cell,,cb_intrinsic,11862,KCab,"KCab-m,KCab-c,KCab-s",,VFB_jrmc2j8t,R,,,Roughly traced,
81197,celltype_prediction_only,acetylcholine,dopamine,0.7513599040721681,dopamine,0.7405904806650512,KCab-m,KCab-m,KCab-m_R,Kenyon_Cell,,cb_intrinsic,11862,KCab,"KCab-m,KCab-c,KCab-s",,VFB_jrmc2j8u,R,,,Roughly traced,
81377,celltype_prediction_only,acetylcholine,dopamine,0.7276502781809385,dopamine,0.7405904806650512,KCab-m,KCab-m,KCab-m_R,Kenyon_Cell,,cb_intrinsic,11862,KCab,"KCab-m,KCab-c,KCab-s",,VFB_jrmc2j8v,R,,,Roughly traced,
81589,celltype_prediction_only,acetylcholine,dopamine,0.690985324947589,dopamine,0.7405904806650512,KCab-m,KCab-m,KCab-m_L,Kenyon_Cell,,cb_intrinsic,11862,KCab,"KCab-m,KCab-c,KCab-s",,VFB_jrmc2j50,L,,,Roughly traced,
81657,celltype_prediction_only,acetylcholine,dopamine,0.7496401567702553,dopamine,0.7405904806650512,KCab-m,KCab-m,KCab-m_R,Kenyon_Cell,,cb_intrinsic,11862,KCab,"KCab-m,KCab-c,KCab-s",,VFB_jrmc2j8w,R,,,Roughly traced,
81700,celltype_prediction_only,acetylcholine,dopamine,0.7087300547402748,dopamine,0.7405904806650512,KCab-m,KCab-m,KCab-m_R,Kenyon_Cell,,cb_intrinsic,11862,KCab,"KCab-m,KCab-c,KCab-s",,VFB_jrmc2j8x,R,,,Roughly traced,
82062,celltype_prediction_only,acetylcholine,dopamine,0.688526888011311,dopamine,0.7405904806650512,KCab-m,KCab-m,KCab-m_R,Kenyon_Cell,,cb_intrinsic,11862,KCab,"KCab-m,KCab-c,KCab-s",,VFB_jrmc2j2j,R,,,Roughly traced,
82538,celltype_prediction_only,acetylcholine,dopamine,0.7889897070812951,dopamine,0.7405904806650512,KCab-m,KCab-m,KCab-m_R,Kenyon_Cell,,cb_intrinsic,11862,KCab,"KCab-m,KCab-c,KCab-s",,VFB_jrmc2jb4,R,,,Roughly traced,
82652,celltype_prediction_only,acetylcholine,dopamine,0.7039602987421383,dopamine,0.7405904806650512,KCab-m,KCab-m,KCab-m_R,Kenyon_Cell,,cb_intrinsic,11862,KCab,"KCab-m,KCab-c,KCab-s",,VFB_jrmc2jb5,R,,,Roughly traced,
83089,celltype_prediction_only,acetylcholine,dopamine,0.7796318626755567,dopamine,0.7405904806650512,KCab-m,KCab-m,KCab-m_L,Kenyon_Cell,,cb_intrinsic,11862,KCab,"KCab-m,KCab-c,KCab-s",,VFB_jrmc2j6h,L,,,Roughly traced,
83091,celltype_prediction_only,acetylcholine,dopamine,0.768607106127131,dopamine,0.7405904806650512,KCab-m,KCab-m,KCab-m_L,Kenyon_Cell,,cb_intrinsic,11862,KCab,"KCab-m,KCab-c,KCab-s",,VFB_jrmc2j51,L,,,Roughly traced,
83094,celltype_prediction_only,acetylcholine,dopamine,0.693697700138578,dopamine,0.7405904806650512,KCab-m,KCab-m,KCab-m_R,Kenyon_Cell,,cb_intrinsic,11862,KCab,"KCab-m,KCab-c,KCab-s",,VFB_jrmc2jcq,R,,,Roughly traced,
83095,celltype_prediction_only,acetylcholine,dopamine,0.7652555031446541,dopamine,0.7405904806650512,KCab-m,KCab-m,KCab-m_L,Kenyon_Cell,,cb_intrinsic,11862,KCab,"KCab-m,KCab-c,KCab-s",,VFB_jrmc2izp,L,,,Roughly traced,
83108,celltype_prediction_only,acetylcholine,dopamine,0.7861387998892448,dopamine,0.7405904806650512,KCab-m,KCab-m,KCab-m_L,Kenyon_Cell,,cb_intrinsic,11862,KCab,"KCab-m,KCab-c,KCab-s",,VFB_jrmc2j6i,L,,,Roughly traced,
83278,celltype_prediction_only,acetylcholine,dopamine,0.6522116728484653,dopamine,0.7405904806650512,KCab-m,KCab-m,KCab-m_R,Kenyon_Cell,,cb_intrinsic,11862,KCab,"KCab-m,KCab-c,KCab-s",,VFB_jrmc2j8y,R,,,Roughly traced,
83329,celltype_prediction_only,acetylcholine,dopamine,0.7520309224318659,dopamine,0.7405904806650512,KCab-m,KCab-m,KCab-m_R,Kenyon_Cell,,cb_intrinsic,11862,KCab,"KCab-m,KCab-c,KCab-s",,VFB_jrmc2jb6,R,,,Roughly traced,
83392,celltype_prediction_only,acetylcholine,dopamine,0.6386581022489042,dopamine,0.7405904806650512,KCab-m,KCab-m,KCab-m_R,Kenyon_Cell,,cb_intrinsic,11862,KCab,"KCab-m,KCab-c,KCab-s",,VFB_jrmc2jcy,R,,,Roughly traced,
83557,celltype_prediction_only,acetylcholine,dopamine,0.6798639797551264,dopamine,0.7405904806650512,KCab-m,KCab-m,KCab-m_R,Kenyon_Cell,,cb_intrinsic,11862,KCab,"KCab-m,KCab-c,KCab-s",,VFB_jrmc2j2k,R,,,Roughly traced,
83656,celltype_prediction_only,acetylcholine,dopamine,0.7312708824685534,dopamine,0.7405904806650512,KCab-m,KCab-m,KCab-m_L,Kenyon_Cell,,cb_intrinsic,11862,KCab,"KCab-m,KCab-c,KCab-s",,VFB_jrmc2jcf,L,,,Roughly traced,
83835,celltype_prediction_only,acetylcholine,dopamine,0.7108715184186882,dopamine,0.7405904806650512,KCab-m,KCab-m,KCab-m_R,Kenyon_Cell,,cb_intrinsic,11862,KCab,"KCab-m,KCab-c,KCab-s",,VFB_jrmc2j8z,R,,,Roughly traced,
84299,celltype_prediction_only,acetylcholine,dopamine,0.7635552170006641,dopamine,0.7405904806650512,KCab-m,KCab-m,KCab-m_L,Kenyon_Cell,,cb_intrinsic,11862,KCab,"KCab-m,KCab-c,KCab-s",,VFB_jrmc2izq,L,,,Roughly traced,
84335,celltype_prediction_only,acetylcholine,dopamine,0.7821734531076582,dopamine,0.7405904806650512,KCab-m,KCab-m,KCab-m_L,Kenyon_Cell,,cb_intrinsic,11862,KCab,"KCab-m,KCab-c,KCab-s",,VFB_jrmc2j6j,L,,,Roughly traced,
84485,celltype_prediction_only,acetylcholine,dopamine,0.6641965408805031,dopamine,0.7405904806650512,KCab-m,KCab-m,KCab-m_R,Kenyon_Cell,,cb_intrinsic,11862,KCab,"KCab-m,KCab-c,KCab-s",,VFB_jrmc2jcz,R,,,Roughly traced,
84598,celltype_prediction_only,acetylcholine,dopamine,0.7478099730458221,dopamine,0.7405904806650512,KCab-m,KCab-m,KCab-m_L,Kenyon_Cell,,cb_intrinsic,11862,KCab,"KCab-m,KCab-c,KCab-s",,VFB_jrmc2j6k,L,,,Roughly traced,
84638,celltype_prediction_only,acetylcholine,dopamine,0.7260969526265779,dopamine,0.7405904806650512,KCab-m,KCab-m,KCab-m_R,Kenyon_Cell,,cb_intrinsic,11862,KCab,"KCab-m,KCab-c,KCab-s",,VFB_jrmc2j90,R,,,Roughly traced,
84929,celltype_prediction_only,acetylcholine,dopamine,0.6916757816060523,dopamine,0.7405904806650512,KCab-m,KCab-m,KCab-m_R,Kenyon_Cell,,cb_intrinsic,11862,KCab,"KCab-m,KCab-c,KCab-s",,VFB_jrmc2j2l,R,,,Roughly traced,
84941,celltype_prediction_only,acetylcholine,dopamine,0.720706555612216,dopamine,0.7405904806650512,KCab-m,KCab-m,KCab-m_R,Kenyon_Cell,,cb_intrinsic,11862,KCab,"KCab-m,KCab-c,KCab-s",,VFB_jrmc2j91,R,,,Roughly traced,
84974,celltype_prediction_only,acetylcholine,dopamine,0.7085898866964329,dopamine,0.7405904806650512,KCab-m,KCab-m,KCab-m_R,Kenyon_Cell,,cb_intrinsic,11862,KCab,"KCab-m,KCab-c,KCab-s",,VFB_jrmc2jb7,R,,,Roughly traced,
85054,celltype_prediction_only,acetylcholine,dopamine,0.6865371984714592,dopamine,0.7405904806650512,KCab-m,KCab-m,KCab-m_R,Kenyon_Cell,,cb_intrinsic,11862,KCab,"KCab-m,KCab-c,KCab-s",,VFB_jrmc2j2m,R,,,Roughly traced,
85377,celltype_prediction_only,acetylcholine,dopamine,0.7971923651922879,dopamine,0.7405904806650512,KCab-m,KCab-m,KCab-m_R,Kenyon_Cell,,cb_intrinsic,11862,KCab,"KCab-m,KCab-c,KCab-s",,VFB_jrmc2j2n,R,,,Roughly traced,
85403,celltype_prediction_only,acetylcholine,dopamine,0.772620287841957,dopamine,0.7405904806650512,KCab-m,KCab-m,KCab-m_L,Kenyon_Cell,,cb_intrinsic,11862,KCab,"KCab-m,KCab-c,KCab-s",,VFB_jrmc2jct,L,,,Roughly traced,
85442,celltype_prediction_only,acetylcholine,dopamine,0.7158683430614,dopamine,0.7405904806650512,KCab-m,KCab-m,KCab-m_R,Kenyon_Cell,,cb_intrinsic,11862,KCab,"KCab-m,KCab-c,KCab-s",,VFB_jrmc2ja1,R,,,Roughly traced,
85590,celltype_prediction_only,acetylcholine,dopamine,0.68202939522679,dopamine,0.7405904806650512,KCab-m,KCab-m,KCab-m_R,Kenyon_Cell,,cb_intrinsic,11862,KCab,"KCab-m,KCab-c,KCab-s",,VFB_jrmc2j2o,R,,,Roughly traced,
85752,celltype_prediction_only,acetylcholine,dopamine,0.7248152036355269,dopamine,0.7405904806650512,KCab-m,KCab-m,KCab-m_R,Kenyon_Cell,,cb_intrinsic,11862,KCab,"KCab-m,KCab-c,KCab-s",,VFB_jrmc2j2p,R,,,Roughly traced,
85846,celltype_prediction_only,acetylcholine,dopamine,0.7179254149524755,dopamine,0.7405904806650512,KCab-m,KCab-m,KCab-m_L,Kenyon_Cell,,cb_intrinsic,11862,KCab,"KCab-m,KCab-c,KCab-s",,VFB_jrmc2izr,L,,,Roughly traced,
86041,celltype_prediction_only,acetylcholine,dopamine,0.6680843622826489,dopamine,0.7405904806650512,KCab-m,KCab-m,KCab-m_L,Kenyon_Cell,,cb_intrinsic,11862,KCab,"KCab-m,KCab-c,KCab-s",,VFB_jrmc2j6l,L,,,Roughly traced,
86180,celltype_prediction_only,acetylcholine,dopamine,0.6972680817610063,dopamine,0.7405904806650512,KCab-m,KCab-m,KCab-m_R,Kenyon_Cell,,cb_intrinsic,11862,KCab,"KCab-m,KCab-c,KCab-s",,VFB_jrmc2j2q,R,,,Roughly traced,
86349,celltype_prediction_only,acetylcholine,dopamine,0.7462101791085589,dopamine,0.7405904806650512,KCab-m,KCab-m,KCab-m_L,Kenyon_Cell,,cb_intrinsic,11862,KCab,"KCab-m,KCab-c,KCab-s",,VFB_jrmc2j6m,L,,,Roughly traced,
86528,celltype_prediction_only,acetylcholine,dopamine,0.6865773845291031,dopamine,0.7405904806650512,KCab-m,KCab-m,KCab-m_R,Kenyon_Cell,,cb_intrinsic,11862,KCab,"KCab-m,KCab-c,KCab-s",,VFB_jrmc2ja2,R,,,Roughly traced,
86670,celltype_prediction_only,acetylcholine,dopamine,0.6893947106465771,dopamine,0.7405904806650512,KCab-m,KCab-m,KCab-m_R,Kenyon_Cell,,cb_intrinsic,11862,KCab,"KCab-m,KCab-c,KCab-s",,VFB_jrmc2j2r,R,,,Roughly traced,
87788,celltype_prediction_only,acetylcholine,dopamine,0.6888719070671963,dopamine,0.7405904806650512,KCab-m,KCab-m,KCab-m_R,Kenyon_Cell,,cb_intrinsic,11862,KCab,"KCab-m,KCab-c,KCab-s",,VFB_jrmc2j2s,R,,,Roughly traced,
88023,celltype_prediction_only,acetylcholine,dopamine,0.7144726497848395,dopamine,0.7405904806650512,KCab-m,KCab-m,KCab-m_R,Kenyon_Cell,,cb_intrinsic,11862,KCab,"KCab-m,KCab-c,KCab-s",,VFB_jrmc2j2t,R,,,Roughly traced,
88554,celltype_prediction_only,acetylcholine,dopamine,0.7343471124426313,dopamine,0.7405904806650512,KCab-m,KCab-m,KCab-m_L,Kenyon_Cell,,cb_intrinsic,11862,KCab,"KCab-m,KCab-c,KCab-s",,VFB_jrmc2izs,L,,,Roughly traced,
88588,celltype_prediction_only,acetylcholine,dopamine,0.7127133872416891,dopamine,0.7405904806650512,KCab-m,KCab-m,KCab-m_R,Kenyon_Cell,,cb_intrinsic,11862,KCab,"KCab-m,KCab-c,KCab-s",,VFB_jrmc2ja3,R,,,Roughly traced,
88631,celltype_prediction_only,acetylcholine,dopamine,0.7492278751123091,dopamine,0.7405904806650512,KCab-m,KCab-m,KCab-m_L,Kenyon_Cell,,cb_intrinsic,11862,KCab,"KCab-m,KCab-c,KCab-s",,VFB_jrmc2jda,L,,,Roughly traced,
88980,celltype_prediction_only,acetylcholine,dopamine,0.838562832607644,dopamine,0.7405904806650512,KCab-m,KCab-m,KCab-m_L,Kenyon_Cell,,cb_intrinsic,11862,KCab,"KCab-m,KCab-c,KCab-s",,VFB_jrmc2j6n,L,,,Roughly traced,
89003,celltype_prediction_only,acetylcholine,dopamine,0.7304368730183481,dopamine,0.7405904806650512,KCab-m,KCab-m,KCab-m_R,Kenyon_Cell,,cb_intrinsic,11862,KCab,"KCab-m,KCab-c,KCab-s",,VFB_jrmc2j2u,R,,,Roughly traced,
89067,celltype_prediction_only,acetylcholine,dopamine,0.7511852010672766,dopamine,0.7405904806650512,KCab-m,KCab-m,KCab-m_L,Kenyon_Cell,,cb_intrinsic,11862,KCab,"KCab-m,KCab-c,KCab-s",,VFB_jrmc2j52,L,,,Roughly traced,
89338,celltype_prediction_only,acetylcholine,dopamine,0.7055675189134992,dopamine,0.7405904806650512,KCab-m,KCab-m,KCab-m_L,Kenyon_Cell,,cb_intrinsic,11862,KCab,"KCab-m,KCab-c,KCab-s",,VFB_jrmc2j6o,L,,,Roughly traced,
89384,celltype_prediction_only,acetylcholine,dopamine,0.7507195670253132,dopamine,0.7405904806650512,KCab-m,KCab-m,KCab-m_R,Kenyon_Cell,,cb_intrinsic,11862,KCab,"KCab-m,KCab-c,KCab-s",,VFB_jrmc2je3,R,,,Roughly traced,
89623,celltype_prediction_only,acetylcholine,dopamine,0.7253725063875787,dopamine,0.7405904806650512,KCab-m,KCab-m,KCab-m_R,Kenyon_Cell,,cb_intrinsic,11862,KCab,"KCab-m,KCab-c,KCab-s",,VFB_jrmc2j2v,R,,,Roughly traced,
89719,celltype_prediction_only,acetylcholine,dopamine,0.7517889523940687,dopamine,0.7405904806650512,KCab-m,KCab-m,KCab-m_R,Kenyon_Cell,,cb_intrinsic,11862,KCab,"KCab-m,KCab-c,KCab-s",,VFB_jrmc2j92,R,,,Roughly traced,
89834,celltype_prediction_only,acetylcholine,dopamine,0.7022508426850824,dopamine,0.7405904806650512,KCab-m,KCab-m,KCab-m_R,Kenyon_Cell,,cb_intrinsic,11862,KCab,"KCab-m,KCab-c,KCab-s",,VFB_jrmc2jdv,R,,,Roughly traced,
90138,celltype_prediction_only,acetylcholine,dopamine,0.708799636206684,dopamine,0.7405904806650512,KCab-m,KCab-m,KCab-m_R,Kenyon_Cell,,cb_intrinsic,11862,KCab,"KCab-m,KCab-c,KCab-s",,VFB_jrmc2j93,R,,,Roughly traced,
90266,celltype_prediction_only,acetylcholine,dopamine,0.835826797757066,dopamine,0.7405904806650512,KCab-m,KCab-m,KCab-m_R,Kenyon_Cell,,cb_intrinsic,11862,KCab,"KCab-m,KCab-c,KCab-s",,VFB_jrmc2j2w,R,,,Roughly traced,
90439,celltype_prediction_only,acetylcholine,dopamine,0.7615607582962621,dopamine,0.7405904806650512,KCab-m,KCab-m,KCab-m_R,Kenyon_Cell,,cb_intrinsic,11862,KCab,"KCab-m,KCab-c,KCab-s",,VFB_jrmc2j94,R,,,Roughly traced,
90809,celltype_prediction_only,acetylcholine,dopamine,0.7071452877123815,dopamine,0.7405904806650512,KCab-m,KCab-m,KCab-m_R,Kenyon_Cell,,cb_intrinsic,11862,KCab,"KCab-m,KCab-c,KCab-s",,VFB_jrmc2j2x,R,,,Roughly traced,
90919,celltype_prediction_only,acetylcholine,dopamine,0.8079795597484277,dopamine,0.7405904806650512,KCab-m,KCab-m,KCab-m_L,Kenyon_Cell,,cb_intrinsic,11862,KCab,"KCab-m,KCab-c,KCab-s",,VFB_jrmc2j53,L,,,Roughly traced,
91435,celltype_prediction_only,acetylcholine,dopamine,0.7875869079205975,dopamine,0.7405904806650512,KCab-m,KCab-m,KCab-m_L,Kenyon_Cell,,cb_intrinsic,11862,KCab,"KCab-m,KCab-c,KCab-s",,VFB_jrmc2izt,L,,,Roughly traced,
91797,celltype_prediction_only,acetylcholine,dopamine,0.7565182681709135,dopamine,0.7405904806650512,KCab-m,KCab-m,KCab-m_R,Kenyon_Cell,,cb_intrinsic,11862,KCab,"KCab-m,KCab-c,KCab-s",,VFB_jrmc2jb8,R,,,Roughly traced,
91800,celltype_prediction_only,acetylcholine,dopamine,0.7429478028798411,dopamine,0.7405904806650512,KCab-m,KCab-m,KCab-m_L,Kenyon_Cell,,cb_intrinsic,11862,KCab,"KCab-m,KCab-c,KCab-s",,VFB_jrmc2izu,L,,,Roughly traced,
91981,celltype_prediction_only,acetylcholine,dopamine,0.7561857866436219,dopamine,0.7405904806650512,KCab-m,KCab-m,KCab-m_L,Kenyon_Cell,,cb_intrinsic,11862,KCab,"KCab-m,KCab-c,KCab-s",,VFB_jrmc2j6p,L,,,Roughly traced,
92252,celltype_prediction_only,acetylcholine,dopamine,0.7561425576519917,dopamine,0.7405904806650512,KCab-m,KCab-m,KCab-m_R,Kenyon_Cell,,cb_intrinsic,11862,KCab,"KCab-m,KCab-c,KCab-s",,VFB_jrmc2jb9,R,,,Roughly traced,
92484,celltype_prediction_only,acetylcholine,dopamine,0.7159639971537437,dopamine,0.7405904806650512,KCab-m,KCab-m,KCab-m_R,Kenyon_Cell,,cb_intrinsic,11862,KCab,"KCab-m,KCab-c,KCab-s",,VFB_jrmc2j2y,R,,,Roughly traced,
92532,celltype_prediction_only,acetylcholine,dopamine,0.824016816229483,dopamine,0.7405904806650512,KCab-m,KCab-m,KCab-m_R,Kenyon_Cell,,cb_intrinsic,11862,KCab,"KCab-m,KCab-c,KCab-s",,VFB_jrmc2jba,R,,,Roughly traced,
92563,celltype_prediction_only,acetylcholine,dopamine,0.7754340508459563,dopamine,0.7405904806650512,KCab-m,KCab-m,KCab-m_R,Kenyon_Cell,,cb_intrinsic,11862,KCab,"KCab-m,KCab-c,KCab-s",,VFB_jrmc2j95,R,,,Roughly traced,
92574,celltype_prediction_only,acetylcholine,dopamine,0.7666337761519703,dopamine,0.7405904806650512,KCab-m,KCab-m,KCab-m_R,Kenyon_Cell,,cb_intrinsic,11862,KCab,"KCab-m,KCab-c,KCab-s",,VFB_jrmc2jbb,R,,,Roughly traced,
92635,celltype_prediction_only,acetylcholine,dopamine,0.720627041587441,dopamine,0.7405904806650512,KCab-m,KCab-m,KCab-m_R,Kenyon_Cell,,cb_intrinsic,11862,KCab,"KCab-m,KCab-c,KCab-s",,VFB_jrmc2j2z,R,,,Roughly traced,
92809,celltype_prediction_only,acetylcholine,dopamine,0.7034451234038498,dopamine,0.7405904806650512,KCab-m,KCab-m,KCab-m_R,Kenyon_Cell,,cb_intrinsic,11862,KCab,"KCab-m,KCab-c,KCab-s",,VFB_jrmc2j30,R,,,Roughly traced,
92952,celltype_prediction_only,acetylcholine,dopamine,0.7001216938054622,dopamine,0.7405904806650512,KCab-m,KCab-m,KCab-m_R,Kenyon_Cell,,cb_intrinsic,11862,KCab,"KCab-m,KCab-c,KCab-s",,VFB_jrmc2j96,R,,,Roughly traced,
92985,celltype_prediction_only,acetylcholine,dopamine,0.7448527536970933,dopamine,0.7405904806650512,KCab-m,KCab-m,KCab-m_R,Kenyon_Cell,,cb_intrinsic,11862,KCab,"KCab-m,KCab-c,KCab-s",,VFB_jrmc2j31,R,,,Roughly traced,
93113,celltype_prediction_only,acetylcholine,dopamine,0.780945251218995,dopamine,0.7405904806650512,KCab-m,KCab-m,KCab-m_R,Kenyon_Cell,,cb_intrinsic,11862,KCab,"KCab-m,KCab-c,KCab-s",,VFB_jrmc2jbc,R,,,Roughly traced,
93128,celltype_prediction_only,acetylcholine,dopamine,0.7482933031703248,dopamine,0.7405904806650512,KCab-m,KCab-m,KCab-m_R,Kenyon_Cell,,cb_intrinsic,11862,KCab,"KCab-m,KCab-c,KCab-s",,VFB_jrmc2j32,R,,,Roughly traced,
93301,celltype_prediction_only,acetylcholine,dopamine,0.7149135220125786,dopamine,0.7405904806650512,KCab-m,KCab-m,KCab-m_R,Kenyon_Cell,,cb_intrinsic,11862,KCab,"KCab-m,KCab-c,KCab-s",,VFB_jrmc2jbd,R,,,Roughly traced,
93325,celltype_prediction_only,acetylcholine,dopamine,0.743826159591195,dopamine,0.7405904806650512,KCab-m,KCab-m,KCab-m_R,Kenyon_Cell,,cb_intrinsic,11862,KCab,"KCab-m,KCab-c,KCab-s",,VFB_jrmc2jbe,R,,,Roughly traced,
93593,celltype_prediction_only,acetylcholine,dopamine,0.7219579839273236,dopamine,0.7405904806650512,KCab-m,KCab-m,KCab-m_R,Kenyon_Cell,,cb_intrinsic,11862,KCab,"KCab-m,KCab-c,KCab-s",,VFB_jrmc2j33,R,,,Roughly traced,
93786,celltype_prediction_only,acetylcholine,dopamine,0.6995710147080672,dopamine,0.7405904806650512,KCab-m,KCab-m,KCab-m_L,Kenyon_Cell,,cb_intrinsic,11862,KCab,"KCab-m,KCab-c,KCab-s",,VFB_jrmc2j6q,L,,,Roughly traced,
93889,celltype_prediction_only,acetylcholine,dopamine,0.7260146789636722,dopamine,0.7405904806650512,KCab-m,KCab-m,KCab-m_R,Kenyon_Cell,,cb_intrinsic,11862,KCab,"KCab-m,KCab-c,KCab-s",,VFB_jrmc2jbf,R,,,Roughly traced,
94018,celltype_prediction_only,acetylcholine,dopamine,0.7806577033329055,dopamine,0.7405904806650512,KCab-m,KCab-m,KCab-m_R,Kenyon_Cell,,cb_intrinsic,11862,KCab,"KCab-m,KCab-c,KCab-s",,VFB_jrmc2j34,R,,,Roughly traced,
94050,celltype_prediction_only,acetylcholine,dopamine,0.7092626562621321,dopamine,0.7405904806650512,KCab-m,KCab-m,KCab-m_R,Kenyon_Cell,,cb_intrinsic,11862,KCab,"KCab-m,KCab-c,KCab-s",,VFB_jrmc2ja4,R,,,Roughly traced,
94171,celltype_prediction_only,acetylcholine,dopamine,0.7662337111442921,dopamine,0.7405904806650512,KCab-m,KCab-m,KCab-m_L,Kenyon_Cell,,cb_intrinsic,11862,KCab,"KCab-m,KCab-c,KCab-s",,VFB_jrmc2jah,L,,,Roughly traced,
94430,celltype_prediction_only,acetylcholine,dopamine,0.725211782826338,dopamine,0.7405904806650512,KCab-m,KCab-m,KCab-m_L,Kenyon_Cell,,cb_intrinsic,11862,KCab,"KCab-m,KCab-c,KCab-s",,VFB_jrmc2j6r,L,,,Roughly traced,
94491,celltype_prediction_only,acetylcholine,dopamine,0.7275729764834564,dopamine,0.7405904806650512,KCab-m,KCab-m,KCab-m_R,Kenyon_Cell,,cb_intrinsic,11862,KCab,"KCab-m,KCab-c,KCab-s",,VFB_jrmc2jbg,R,,,Roughly traced,
94518,celltype_prediction_only,acetylcholine,dopamine,0.6531166848089018,dopamine,0.7405904806650512,KCab-m,KCab-m,KCab-m_R,Kenyon_Cell,,cb_intrinsic,11862,KCab,"KCab-m,KCab-c,KCab-s",,VFB_jrmc2j97,R,,,Roughly traced,
94721,celltype_prediction_only,acetylcholine,dopamine,0.6966674981857766,dopamine,0.7405904806650512,KCab-m,KCab-m,KCab-m_R,Kenyon_Cell,,cb_intrinsic,11862,KCab,"KCab-m,KCab-c,KCab-s",,VFB_jrmc2jbh,R,,,Roughly traced,
95092,celltype_prediction_only,acetylcholine,dopamine,0.678134973716324,dopamine,0.7405904806650512,KCab-m,KCab-m,KCab-m_L,Kenyon_Cell,,cb_intrinsic,11862,KCab,"KCab-m,KCab-c,KCab-s",,VFB_jrmc2izv,L,,,Roughly traced,
95367,celltype_prediction_only,acetylcholine,dopamine,0.7349154874213837,dopamine,0.7405904806650512,KCab-m,KCab-m,KCab-m_R,Kenyon_Cell,,cb_intrinsic,11862,KCab,"KCab-m,KCab-c,KCab-s",,VFB_jrmc2j98,R,,,Roughly traced,
95397,celltype_prediction_only,acetylcholine,dopamine,0.7296975529530833,dopamine,0.7405904806650512,KCab-m,KCab-m,KCab-m_R,Kenyon_Cell,,cb_intrinsic,11862,KCab,"KCab-m,KCab-c,KCab-s",,VFB_jrmc2jd0,R,,,Roughly traced,
95533,celltype_prediction_only,acetylcholine,dopamine,0.7413169594448059,dopamine,0.7405904806650512,KCab-m,KCab-m,KCab-m_L,Kenyon_Cell,,cb_intrinsic,11862,KCab,"KCab-m,KCab-c,KCab-s",,VFB_jrmc2j54,L,,,Roughly traced,
95783,celltype_prediction_only,acetylcholine,dopamine,0.7625109005866497,dopamine,0.7405904806650512,KCab-m,KCab-m,KCab-m_R,Kenyon_Cell,,cb_intrinsic,11862,KCab,"KCab-m,KCab-c,KCab-s",,VFB_jrmc2jbi,R,,,Prelim Roughly traced,
96191,celltype_prediction_only,acetylcholine,dopamine,0.7135263801537387,dopamine,0.7405904806650512,KCab-m,KCab-m,KCab-m_R,Kenyon_Cell,,cb_intrinsic,11862,KCab,"KCab-m,KCab-c,KCab-s",,VFB_jrmc2jbj,R,,,Roughly traced,
96746,celltype_prediction_only,acetylcholine,dopamine,0.7714724165937773,dopamine,0.7405904806650512,KCab-m,KCab-m,KCab-m_L,Kenyon_Cell,,cb_intrinsic,11862,KCab,"KCab-m,KCab-c,KCab-s",,VFB_jrmc2j6s,L,,,Roughly traced,
96781,celltype_prediction_only,acetylcholine,dopamine,0.8013485384505432,dopamine,0.7405904806650512,KCab-m,KCab-m,KCab-m_R,Kenyon_Cell,,cb_intrinsic,11862,KCab,"KCab-m,KCab-c,KCab-s",,VFB_jrmc2jbk,R,,,Roughly traced,
96847,celltype_prediction_only,acetylcholine,dopamine,0.753675045231326,dopamine,0.7405904806650512,KCab-m,KCab-m,KCab-m_L,Kenyon_Cell,,cb_intrinsic,11862,KCab,"KCab-m,KCab-c,KCab-s",,VFB_jrmc2izw,L,,,Roughly traced,
97075,celltype_prediction_only,acetylcholine,dopamine,0.7412171731720198,dopamine,0.7405904806650512,KCab-m,KCab-m,KCab-m_L,Kenyon_Cell,,cb_intrinsic,11862,KCab,"KCab-m,KCab-c,KCab-s",,VFB_jrmc2j6t,L,,,Roughly traced,
97258,celltype_prediction_only,acetylcholine,dopamine,0.6731976473328675,dopamine,0.7405904806650512,KCab-m,KCab-m,KCab-m_R,Kenyon_Cell,,cb_intrinsic,11862,KCab,"KCab-m,KCab-c,KCab-s",,VFB_jrmc2jd1,R,,,Roughly traced,
97410,celltype_prediction_only,acetylcholine,dopamine,0.7565963230155793,dopamine,0.7405904806650512,KCab-m,KCab-m,KCab-m_R,Kenyon_Cell,,cb_intrinsic,11862,KCab,"KCab-m,KCab-c,KCab-s",,VFB_jrmc2j35,R,,,Roughly traced,
97522,celltype_prediction_only,acetylcholine,dopamine,0.7050080204561336,dopamine,0.7405904806650512,KCab-m,KCab-m,KCab-m_R,Kenyon_Cell,,cb_intrinsic,11862,KCab,"KCab-m,KCab-c,KCab-s",,VFB_jrmc2j99,R,,,Roughly traced,
97573,celltype_prediction_only,acetylcholine,dopamine,0.7192568685865608,dopamine,0.7405904806650512,KCab-m,KCab-m,KCab-m_R,Kenyon_Cell,,cb_intrinsic,11862,KCab,"KCab-m,KCab-c,KCab-s",,VFB_jrmc2j36,R,,,Roughly traced,
97689,celltype_prediction_only,acetylcholine,dopamine,0.7717177672955974,dopamine,0.7405904806650512,KCab-m,KCab-m,KCab-m_R,Kenyon_Cell,,cb_intrinsic,11862,KCab,"KCab-m,KCab-c,KCab-s",,VFB_jrmc2j37,R,,,Roughly traced,
97823,celltype_prediction_only,acetylcholine,dopamine,0.7474427351343624,dopamine,0.7405904806650512,KCab-m,KCab-m,KCab-m_R,Kenyon_Cell,,cb_intrinsic,11862,KCab,"KCab-m,KCab-c,KCab-s",,VFB_jrmc2jbl,R,,,Roughly traced,
98070,celltype_prediction_only,acetylcholine,dopamine,0.7655833095101964,dopamine,0.7405904806650512,KCab-m,KCab-m,KCab-m_L,Kenyon_Cell,,cb_intrinsic,11862,KCab,"KCab-m,KCab-c,KCab-s",,VFB_jrmc2j6u,L,,,Roughly traced,
98445,celltype_prediction_only,acetylcholine,dopamine,0.7773123103311782,dopamine,0.7405904806650512,KCab-m,KCab-m,KCab-m_L,Kenyon_Cell,,cb_intrinsic,11862,KCab,"KCab-m,KCab-c,KCab-s",,VFB_jrmc2jcg,L,,,Roughly traced,
98509,celltype_prediction_only,acetylcholine,dopamine,0.6804678601495568,dopamine,0.7405904806650512,KCab-m,KCab-m,KCab-m_R,Kenyon_Cell,,cb_intrinsic,11862,KCab,"KCab-m,KCab-c,KCab-s",,VFB_jrmc2j38,R,,,Roughly traced,
98582,celltype_prediction_only,acetylcholine,dopamine,0.7261438125609,dopamine,0.7405904806650512,KCab-m,KCab-m,KCab-m_L,Kenyon_Cell,,cb_intrinsic,11862,KCab,"KCab-m,KCab-c,KCab-s",,VFB_jrmc2izx,L,,,Roughly traced,
98590,celltype_prediction_only,acetylcholine,dopamine,0.7444789879931389,dopamine,0.7405904806650512,KCab-m,KCab-m,KCab-m_L,Kenyon_Cell,,cb_intrinsic,11862,KCab,"KCab-m,KCab-c,KCab-s",,VFB_jrmc2j55,L,,,Roughly traced,
98614,celltype_prediction_only,acetylcholine,dopamine,0.7566070492662473,dopamine,0.7405904806650512,KCab-m,KCab-m,KCab-m_R,Kenyon_Cell,,cb_intrinsic,11862,KCab,"KCab-m,KCab-c,KCab-s",,VFB_jrmc2j9a,R,,,Roughly traced,
98662,celltype_prediction_only,acetylcholine,dopamine,0.7681035988819007,dopamine,0.7405904806650512,KCab-m,KCab-m,KCab-m_L,Kenyon_Cell,,cb_intrinsic,11862,KCab,"KCab-m,KCab-c,KCab-s",,VFB_jrmc2jdi,L,,,Roughly traced,
98813,celltype_prediction_only,acetylcholine,dopamine,0.7417298912631658,dopamine,0.7405904806650512,KCab-m,KCab-m,KCab-m_L,Kenyon_Cell,,cb_intrinsic,11862,KCab,"KCab-m,KCab-c,KCab-s",,VFB_jrmc2jcu,L,,,Roughly traced,
99150,celltype_prediction_only,acetylcholine,dopamine,0.7443794252600767,dopamine,0.7405904806650512,KCab-m,KCab-m,KCab-m_L,Kenyon_Cell,,cb_intrinsic,11862,KCab,"KCab-m,KCab-c,KCab-s",,VFB_jrmc2je2,L,,,Roughly traced,
99154,celltype_prediction_only,acetylcholine,dopamine,0.6856231956902774,dopamine,0.7405904806650512,KCab-m,KCab-m,KCab-m_R,Kenyon_Cell,,cb_intrinsic,11862,KCab,"KCab-m,KCab-c,KCab-s",,VFB_jrmc2j9b,R,,,Roughly traced,
99819,celltype_prediction_only,acetylcholine,dopamine,0.7008480292309891,dopamine,0.7405904806650512,KCab-m,KCab-m,KCab-m_R,Kenyon_Cell,,cb_intrinsic,11862,KCab,"KCab-m,KCab-c,KCab-s",,VFB_jrmc2jc8,R,,,Roughly traced,
100335,celltype_prediction_only,acetylcholine,dopamine,0.7088050314465408,dopamine,0.7405904806650512,KCab-m,KCab-m,KCab-m_R,Kenyon_Cell,,cb_intrinsic,11862,KCab,"KCab-m,KCab-c,KCab-s",,VFB_jrmc2j39,R,,,Roughly traced,
100537,celltype_prediction_only,acetylcholine,dopamine,0.7014729441082235,dopamine,0.7405904806650512,KCab-m,KCab-m,KCab-m_R,Kenyon_Cell,,cb_intrinsic,11862,KCab,"KCab-m,KCab-c,KCab-s",,VFB_jrmc2jbm,R,,,Roughly traced,
100823,celltype_prediction_only,acetylcholine,dopamine,0.7024817119407646,dopamine,0.7405904806650512,KCab-m,KCab-m,KCab-m_R,Kenyon_Cell,,cb_intrinsic,11862,KCab,"KCab-m,KCab-c,KCab-s",,VFB_jrmc2j9c,R,,,Roughly traced,
100878,celltype_prediction_only,acetylcholine,dopamine,0.7871030152995228,dopamine,0.7405904806650512,KCab-m,KCab-m,KCab-m_L,Kenyon_Cell,,cb_intrinsic,11862,KCab,"KCab-m,KCab-c,KCab-s",,VFB_jrmc2j6v,L,,,Roughly traced,
101257,celltype_prediction_only,acetylcholine,dopamine,0.6789455581761006,dopamine,0.7405904806650512,KCab-m,KCab-m,KCab-m_R,Kenyon_Cell,,cb_intrinsic,11862,KCab,"KCab-m,KCab-c,KCab-s",,VFB_jrmc2j4u,R,,,Roughly traced,
101313,celltype_prediction_only,acetylcholine,dopamine,0.7033041990381058,dopamine,0.7405904806650512,KCab-m,KCab-m,KCab-m_L,Kenyon_Cell,,cb_intrinsic,11862,KCab,"KCab-m,KCab-c,KCab-s",,VFB_jrmc2izy,L,,,Roughly traced,
101320,celltype_prediction_only,acetylcholine,dopamine,0.7536534765897973,dopamine,0.7405904806650512,KCab-m,KCab-m,KCab-m_R,Kenyon_Cell,,cb_intrinsic,11862,KCab,"KCab-m,KCab-c,KCab-s",,VFB_jrmc2jbn,R,,,Roughly traced,
101524,celltype_prediction_only,acetylcholine,dopamine,0.7633063488016318,dopamine,0.7405904806650512,KCab-m,KCab-m,KCab-m_L,Kenyon_Cell,,cb_intrinsic,11862,KCab,"KCab-m,KCab-c,KCab-s",,VFB_jrmc2jdb,L,,,Roughly traced,
101596,celltype_prediction_only,acetylcholine,dopamine,0.7685143906273968,dopamine,0.7405904806650512,KCab-m,KCab-m,KCab-m_L,Kenyon_Cell,,cb_intrinsic,11862,KCab,"KCab-m,KCab-c,KCab-s",,VFB_jrmc2izz,L,,,Roughly traced,
101816,celltype_prediction_only,acetylcholine,dopamine,0.6930345075605514,dopamine,0.7405904806650512,KCab-m,KCab-m,KCab-m_R,Kenyon_Cell,,cb_intrinsic,11862,KCab,"KCab-m,KCab-c,KCab-s",,VFB_jrmc2j3a,R,,,Roughly traced,
101981,celltype_prediction_only,acetylcholine,dopamine,0.7582771411084378,dopamine,0.7405904806650512,KCab-m,KCab-m,KCab-m_L,Kenyon_Cell,,cb_intrinsic,11862,KCab,"KCab-m,KCab-c,KCab-s",,VFB_jrmc2j00,L,,,Roughly traced,
102084,celltype_prediction_only,acetylcholine,dopamine,0.7029892217581257,dopamine,0.7405904806650512,KCab-m,KCab-m,KCab-m_R,Kenyon_Cell,,cb_intrinsic,11862,KCab,"KCab-m,KCab-c,KCab-s",,VFB_jrmc2j9d,R,,,Roughly traced,
102109,celltype_prediction_only,acetylcholine,dopamine,0.7841942084218418,dopamine,0.7405904806650512,KCab-m,KCab-m,KCab-m_L,Kenyon_Cell,,cb_intrinsic,11862,KCab,"KCab-m,KCab-c,KCab-s",,VFB_jrmc2jai,L,,,Roughly traced,
102440,celltype_prediction_only,acetylcholine,dopamine,0.6544910416996987,dopamine,0.7405904806650512,KCab-m,KCab-m,KCab-m_L,Kenyon_Cell,,cb_intrinsic,11862,KCab,"KCab-m,KCab-c,KCab-s",,VFB_jrmc2j6w,L,,,Roughly traced,
102468,celltype_prediction_only,acetylcholine,dopamine,0.7313317114841776,dopamine,0.7405904806650512,KCab-m,KCab-m,KCab-m_R,Kenyon_Cell,,cb_intrinsic,11862,KCab,"KCab-m,KCab-c,KCab-s",,VFB_jrmc2j3b,R,,,Roughly traced,
102548,celltype_prediction_only,acetylcholine,dopamine,0.7524102118503807,dopamine,0.7405904806650512,KCab-m,KCab-m,KCab-m_L,Kenyon_Cell,,cb_intrinsic,11862,KCab,"KCab-m,KCab-c,KCab-s",,VFB_jrmc2jaj,L,,,Roughly traced,
102744,celltype_prediction_only,acetylcholine,dopamine,0.7998868561958185,dopamine,0.7405904806650512,KCab-m,KCab-m,KCab-m_L,Kenyon_Cell,,cb_intrinsic,11862,KCab,"KCab-m,KCab-c,KCab-s",,VFB_jrmc2j01,L,,,Roughly traced,
102904,celltype_prediction_only,acetylcholine,dopamine,0.7626048218029351,dopamine,0.7405904806650512,KCab-m,KCab-m,KCab-m_L,Kenyon_Cell,,cb_intrinsic,11862,KCab,"KCab-m,KCab-c,KCab-s",,VFB_jrmc2j02,L,,,Roughly traced,
102923,celltype_prediction_only,acetylcholine,dopamine,0.7175615828092243,dopamine,0.7405904806650512,KCab-m,KCab-m,KCab-m_R,Kenyon_Cell,,cb_intrinsic,11862,KCab,"KCab-m,KCab-c,KCab-s",,VFB_jrmc2j3c,R,,,Roughly traced,
102990,celltype_prediction_only,acetylcholine,dopamine,0.762156570671963,dopamine,0.7405904806650512,KCab-m,KCab-m,KCab-m_R,Kenyon_Cell,,cb_intrinsic,11862,KCab,"KCab-m,KCab-c,KCab-s",,VFB_jrmc2jbo,R,,,Roughly traced,
103274,celltype_prediction_only,acetylcholine,dopamine,0.7929958503533683,dopamine,0.7405904806650512,KCab-m,KCab-m,KCab-m_R,Kenyon_Cell,,cb_intrinsic,11862,KCab,"KCab-m,KCab-c,KCab-s",,VFB_jrmc2jbp,R,,,Roughly traced,
103419,celltype_prediction_only,acetylcholine,dopamine,0.7840261399371069,dopamine,0.7405904806650512,KCab-m,KCab-m,KCab-m_R,Kenyon_Cell,,cb_intrinsic,11862,KCab,"KCab-m,KCab-c,KCab-s",,VFB_jrmc2j3d,R,,,Roughly traced,
103421,celltype_prediction_only,acetylcholine,dopamine,0.7393408478314138,dopamine,0.7405904806650512,KCab-m,KCab-m,KCab-m_L,Kenyon_Cell,,cb_intrinsic,11862,KCab,"KCab-m,KCab-c,KCab-s",,VFB_jrmc2j6x,L,,,Roughly traced,
103436,celltype_prediction_only,acetylcholine,dopamine,0.7551881407771173,dopamine,0.7405904806650512,KCab-m,KCab-m,KCab-m_L,Kenyon_Cell,,cb_intrinsic,11862,KCab,"KCab-m,KCab-c,KCab-s",,VFB_jrmc2jcv,L,,,Roughly traced,
103941,celltype_prediction_only,acetylcholine,dopamine,0.7455521944216571,dopamine,0.7405904806650512,KCab-m,KCab-m,KCab-m_L,Kenyon_Cell,,cb_intrinsic,11862,KCab,"KCab-m,KCab-c,KCab-s",,VFB_jrmc2j03,L,,,Roughly traced,
104082,celltype_prediction_only,acetylcholine,dopamine,0.7452228532922603,dopamine,0.7405904806650512,KCab-m,KCab-m,KCab-m_R,Kenyon_Cell,,cb_intrinsic,11862,KCab,"KCab-m,KCab-c,KCab-s",,VFB_jrmc2j3e,R,,,Roughly traced,
104117,celltype_prediction_only,acetylcholine,dopamine,0.8184849094953214,dopamine,0.7405904806650512,KCab-m,KCab-m,KCab-m_R,Kenyon_Cell,,cb_intrinsic,11862,KCab,"KCab-m,KCab-c,KCab-s",,VFB_jrmc2ja5,R,,,Roughly traced,
104232,celltype_prediction_only,acetylcholine,dopamine,0.7879909340291716,dopamine,0.7405904806650512,KCab-m,KCab-m,KCab-m_R,Kenyon_Cell,,cb_intrinsic,11862,KCab,"KCab-m,KCab-c,KCab-s",,VFB_jrmc2ja6,R,,,Roughly traced,
104359,celltype_prediction_only,acetylcholine,dopamine,0.7260270199895845,dopamine,0.7405904806650512,KCab-m,KCab-m,KCab-m_L,Kenyon_Cell,,cb_intrinsic,11862,KCab,"KCab-m,KCab-c,KCab-s",,VFB_jrmc2j04,L,,,Roughly traced,
104490,celltype_prediction_only,acetylcholine,dopamine,0.7071223391388486,dopamine,0.7405904806650512,KCab-m,KCab-m,KCab-m_R,Kenyon_Cell,,cb_intrinsic,11862,KCab,"KCab-m,KCab-c,KCab-s",,VFB_jrmc2j3f,R,,,Roughly traced,
104545,celltype_prediction_only,acetylcholine,dopamine,0.8137221000614744,dopamine,0.7405904806650512,KCab-m,KCab-m,KCab-m_L,Kenyon_Cell,,cb_intrinsic,11862,KCab,"KCab-m,KCab-c,KCab-s",,VFB_jrmc2j05,L,,,Roughly traced,
104743,celltype_prediction_only,acetylcholine,dopamine,0.7404104428721174,dopamine,0.7405904806650512,KCab-m,KCab-m,KCab-m_L,Kenyon_Cell,,cb_intrinsic,11862,KCab,"KCab-m,KCab-c,KCab-s",,VFB_jrmc2j56,L,,,Roughly traced,
104887,celltype_prediction_only,acetylcholine,dopamine,0.7689343234744178,dopamine,0.7405904806650512,KCab-m,KCab-m,KCab-m_R,Kenyon_Cell,,cb_intrinsic,11862,KCab,"KCab-m,KCab-c,KCab-s",,VFB_jrmc2j3g,R,,,Roughly traced,
104970,celltype_prediction_only,acetylcholine,dopamine,0.7356706579583938,dopamine,0.7405904806650512,KCab-m,KCab-m,KCab-m_L,Kenyon_Cell,,cb_intrinsic,11862,KCab,"KCab-m,KCab-c,KCab-s",,VFB_jrmc2j06,L,,,Roughly traced,
104980,celltype_prediction_only,acetylcholine,dopamine,0.7539914330218068,dopamine,0.7405904806650512,KCab-m,KCab-m,KCab-m_R,Kenyon_Cell,,cb_intrinsic,11862,KCab,"KCab-m,KCab-c,KCab-s",,VFB_jrmc2j9e,R,,,Roughly traced,
105338,celltype_prediction_only,acetylcholine,dopamine,0.7416136860814876,dopamine,0.7405904806650512,KCab-m,KCab-m,KCab-m_L,Kenyon_Cell,,cb_intrinsic,11862,KCab,"KCab-m,KCab-c,KCab-s",,VFB_jrmc2j07,L,,,Roughly traced,
105509,celltype_prediction_only,acetylcholine,dopamine,0.8021158732142114,dopamine,0.7405904806650512,KCab-m,KCab-m,KCab-m_L,Kenyon_Cell,,cb_intrinsic,11862,KCab,"KCab-m,KCab-c,KCab-s",,VFB_jrmc2j08,L,,,Roughly traced,
105653,celltype_prediction_only,acetylcholine,dopamine,0.7374317279046674,dopamine,0.7405904806650512,KCab-m,KCab-m,KCab-m_L,Kenyon_Cell,,cb_intrinsic,11862,KCab,"KCab-m,KCab-c,KCab-s",,VFB_jrmc2j09,L,,,Roughly traced,
105929,celltype_prediction_only,acetylcholine,dopamine,0.7047635376243365,dopamine,0.7405904806650512,KCab-m,KCab-m,KCab-m_L,Kenyon_Cell,,cb_intrinsic,11862,KCab,"KCab-m,KCab-c,KCab-s",,VFB_jrmc2j0a,L,,,Roughly traced,
106034,celltype_prediction_only,acetylcholine,dopamine,0.7480918613853139,dopamine,0.7405904806650512,KCab-m,KCab-m,KCab-m_R,Kenyon_Cell,,cb_intrinsic,11862,KCab,"KCab-m,KCab-c,KCab-s",,VFB_jrmc2j3h,R,,,Roughly traced,
106124,celltype_prediction_only,acetylcholine,dopamine,0.7093352124558981,dopamine,0.7405904806650512,KCab-m,KCab-m,KCab-m_R,Kenyon_Cell,,cb_intrinsic,11862,KCab,"KCab-m,KCab-c,KCab-s",,VFB_jrmc2j3i,R,,,Roughly traced,
106209,celltype_prediction_only,acetylcholine,dopamine,0.7246661653450005,dopamine,0.7405904806650512,KCab-m,KCab-m,KCab-m_L,Kenyon_Cell,,cb_intrinsic,11862,KCab,"KCab-m,KCab-c,KCab-s",,VFB_jrmc2j6y,L,,,Roughly traced,
106446,celltype_prediction_only,acetylcholine,dopamine,0.7616498021911139,dopamine,0.7405904806650512,KCab-m,KCab-m,KCab-m_R,Kenyon_Cell,,cb_intrinsic,11862,KCab,"KCab-m,KCab-c,KCab-s",,VFB_jrmc2jd2,R,,,Roughly traced,
106511,celltype_prediction_only,acetylcholine,dopamine,0.6764419195138535,dopamine,0.7405904806650512,KCab-m,KCab-m,KCab-m_L,Kenyon_Cell,,cb_intrinsic,11862,KCab,"KCab-m,KCab-c,KCab-s",,VFB_jrmc2j0b,L,,,Roughly traced,
106762,celltype_prediction_only,acetylcholine,dopamine,0.7949940912550575,dopamine,0.7405904806650512,KCab-m,KCab-m,KCab-m_L,Kenyon_Cell,,cb_intrinsic,11862,KCab,"KCab-m,KCab-c,KCab-s",,VFB_jrmc2jdq,L,,,Roughly traced,
106828,celltype_prediction_only,acetylcholine,dopamine,0.7612744179266109,dopamine,0.7405904806650512,KCab-m,KCab-m,KCab-m_R,Kenyon_Cell,,cb_intrinsic,11862,KCab,"KCab-m,KCab-c,KCab-s",,VFB_jrmc2j3j,R,,,Roughly traced,
106882,celltype_prediction_only,acetylcholine,dopamine,0.6706802383316782,dopamine,0.7405904806650512,KCab-m,KCab-m,KCab-m_R,Kenyon_Cell,,cb_intrinsic,11862,KCab,"KCab-m,KCab-c,KCab-s",,VFB_jrmc2j3k,R,,,Roughly traced,
106942,celltype_prediction_only,acetylcholine,dopamine,0.8020544302626711,dopamine,0.7405904806650512,KCab-m,KCab-m,KCab-m_L,Kenyon_Cell,,cb_intrinsic,11862,KCab,"KCab-m,KCab-c,KCab-s",,VFB_jrmc2j0c,L,,,Roughly traced,
107027,celltype_prediction_only,acetylcholine,dopamine,0.7985591520277596,dopamine,0.7405904806650512,KCab-m,KCab-m,KCab-m_R,Kenyon_Cell,,cb_intrinsic,11862,KCab,"KCab-m,KCab-c,KCab-s",,VFB_jrmc2jbq,R,,,Roughly traced,
107336,celltype_prediction_only,acetylcholine,dopamine,0.7147202247438096,dopamine,0.7405904806650512,KCab-m,KCab-m,KCab-m_R,Kenyon_Cell,,cb_intrinsic,11862,KCab,"KCab-m,KCab-c,KCab-s",,VFB_jrmc2j3l,R,,,Roughly traced,
107761,celltype_prediction_only,acetylcholine,dopamine,0.7496501293545653,dopamine,0.7405904806650512,KCab-m,KCab-m,KCab-m_R,Kenyon_Cell,,cb_intrinsic,11862,KCab,"KCab-m,KCab-c,KCab-s",,VFB_jrmc2j9f,R,,,Roughly traced,
107780,celltype_prediction_only,acetylcholine,dopamine,0.7230825702922679,dopamine,0.7405904806650512,KCab-m,KCab-m,KCab-m_R,Kenyon_Cell,,cb_intrinsic,11862,KCab,"KCab-m,KCab-c,KCab-s",,VFB_jrmc2j3m,R,,,Roughly traced,
107825,celltype_prediction_only,acetylcholine,dopamine,0.7002361491190168,dopamine,0.7405904806650512,KCab-m,KCab-m,KCab-m_L,Kenyon_Cell,,cb_intrinsic,11862,KCab,"KCab-m,KCab-c,KCab-s",,VFB_jrmc2j0d,L,,,Roughly traced,
107840,celltype_prediction_only,acetylcholine,dopamine,0.7705570367332057,dopamine,0.7405904806650512,KCab-m,KCab-m,KCab-m_R,Kenyon_Cell,,cb_intrinsic,11862,KCab,"KCab-m,KCab-c,KCab-s",,VFB_jrmc2j3n,R,,,Roughly traced,
108124,celltype_prediction_only,acetylcholine,dopamine,0.7118558441846045,dopamine,0.7405904806650512,KCab-m,KCab-m,KCab-m_R,Kenyon_Cell,,cb_intrinsic,11862,KCab,"KCab-m,KCab-c,KCab-s",,VFB_jrmc2j9g,R,,,Roughly traced,
108126,celltype_prediction_only,acetylcholine,dopamine,0.7251008340169538,dopamine,0.7405904806650512,KCab-m,KCab-m,KCab-m_R,Kenyon_Cell,,cb_intrinsic,11862,KCab,"KCab-m,KCab-c,KCab-s",,VFB_jrmc2jdu,R,,,Roughly traced,
108602,celltype_prediction_only,acetylcholine,dopamine,0.7061325074296773,dopamine,0.7405904806650512,KCab-m,KCab-m,KCab-m_R,Kenyon_Cell,,cb_intrinsic,11862,KCab,"KCab-m,KCab-c,KCab-s",,VFB_jrmc2jbr,R,,,Roughly traced,
108610,celltype_prediction_only,acetylcholine,dopamine,0.7974760494368875,dopamine,0.7405904806650512,KCab-m,KCab-m,KCab-m_L,Kenyon_Cell,,cb_intrinsic,11862,KCab,"KCab-m,KCab-c,KCab-s",,VFB_jrmc2j0e,L,,,Roughly traced,
108622,celltype_prediction_only,acetylcholine,dopamine,0.7666348457622042,dopamine,0.7405904806650512,KCab-m,KCab-m,KCab-m_R,Kenyon_Cell,,cb_intrinsic,11862,KCab,"KCab-m,KCab-c,KCab-s",,VFB_jrmc2jbs,R,,,Roughly traced,
108640,celltype_prediction_only,acetylcholine,dopamine,0.7084621014964215,dopamine,0.7405904806650512,KCab-m,KCab-m,KCab-m_L,Kenyon_Cell,,cb_intrinsic,11862,KCab,"KCab-m,KCab-c,KCab-s",,VFB_jrmc2jak,L,,,Roughly traced,
109056,celltype_prediction_only,acetylcholine,dopamine,0.7268609781282268,dopamine,0.7405904806650512,KCab-m,KCab-m,KCab-m_R,Kenyon_Cell,,cb_intrinsic,11862,KCab,"KCab-m,KCab-c,KCab-s",,VFB_jrmc2jbt,R,,,Roughly traced,
109108,celltype_prediction_only,acetylcholine,dopamine,0.7647214578965759,dopamine,0.7405904806650512,KCab-m,KCab-m,KCab-m_L,Kenyon_Cell,,cb_intrinsic,11862,KCab,"KCab-m,KCab-c,KCab-s",,VFB_jrmc2j57,L,,,Roughly traced,
109332,celltype_prediction_only,acetylcholine,dopamine,0.7145489386792453,dopamine,0.7405904806650512,KCab-m,KCab-m,KCab-m_R,Kenyon_Cell,,cb_intrinsic,11862,KCab,"KCab-m,KCab-c,KCab-s",,VFB_jrmc2jd3,R,,,Roughly traced,
109333,celltype_prediction_only,acetylcholine,dopamine,0.7815653795524353,dopamine,0.7405904806650512,KCab-m,KCab-m,KCab-m_L,Kenyon_Cell,,cb_intrinsic,11862,KCab,"KCab-m,KCab-c,KCab-s",,VFB_jrmc2j0f,L,,,Roughly traced,
109382,celltype_prediction_only,acetylcholine,dopamine,0.7651450414729742,dopamine,0.7405904806650512,KCab-m,KCab-m,KCab-m_L,Kenyon_Cell,,cb_intrinsic,11862,KCab,"KCab-m,KCab-c,KCab-s",,VFB_jrmc2j6z,L,,,Roughly traced,
109619,celltype_prediction_only,acetylcholine,dopamine,0.7252492191845292,dopamine,0.7405904806650512,KCab-m,KCab-m,KCab-m_L,Kenyon_Cell,,cb_intrinsic,11862,KCab,"KCab-m,KCab-c,KCab-s",,VFB_jrmc2j58,L,,,Roughly traced,
109851,celltype_prediction_only,acetylcholine,dopamine,0.783164453761938,dopamine,0.7405904806650512,KCab-m,KCab-m,KCab-m_L,Kenyon_Cell,,cb_intrinsic,11862,KCab,"KCab-m,KCab-c,KCab-s",,VFB_jrmc2jdd,L,,,Roughly traced,
109870,celltype_prediction_only,acetylcholine,dopamine,0.7225067814105334,dopamine,0.7405904806650512,KCab-m,KCab-m,KCab-m_L,Kenyon_Cell,,cb_intrinsic,11862,KCab,"KCab-m,KCab-c,KCab-s",,VFB_jrmc2j0g,L,,,Roughly traced,
109871,celltype_prediction_only,acetylcholine,dopamine,0.6551406652315225,dopamine,0.7405904806650512,KCab-m,KCab-m,KCab-m_R,Kenyon_Cell,,cb_intrinsic,11862,KCab,"KCab-m,KCab-c,KCab-s",,VFB_jrmc2ja7,R,,,Roughly traced,
109910,celltype_prediction_only,acetylcholine,dopamine,0.7398945230607966,dopamine,0.7405904806650512,KCab-m,KCab-m,KCab-m_R,Kenyon_Cell,,cb_intrinsic,11862,KCab,"KCab-m,KCab-c,KCab-s",,VFB_jrmc2ja8,R,,,Roughly traced,
110009,celltype_prediction_only,acetylcholine,dopamine,0.7687094885123861,dopamine,0.7405904806650512,KCab-m,KCab-m,KCab-m_R,Kenyon_Cell,,cb_intrinsic,11862,KCab,"KCab-m,KCab-c,KCab-s",,VFB_jrmc2jbu,R,,,Roughly traced,
110050,celltype_prediction_only,acetylcholine,dopamine,0.7675748924197286,dopamine,0.7405904806650512,KCab-m,KCab-m,KCab-m_L,Kenyon_Cell,,cb_intrinsic,11862,KCab,"KCab-m,KCab-c,KCab-s",,VFB_jrmc2j59,L,,,Roughly traced,
110079,celltype_prediction_only,acetylcholine,dopamine,0.6980579811840533,dopamine,0.7405904806650512,KCab-m,KCab-m,KCab-m_R,Kenyon_Cell,,cb_intrinsic,11862,KCab,"KCab-m,KCab-c,KCab-s",,VFB_jrmc2jd4,R,,,Roughly traced,
110274,celltype_prediction_only,acetylcholine,dopamine,0.8123911248359802,dopamine,0.7405904806650512,KCab-m,KCab-m,KCab-m_L,Kenyon_Cell,,cb_intrinsic,11862,KCab,"KCab-m,KCab-c,KCab-s",,VFB_jrmc2jdc,L,,,Roughly traced,
110689,celltype_prediction_only,acetylcholine,dopamine,0.767393199418132,dopamine,0.7405904806650512,KCab-m,KCab-m,KCab-m_L,Kenyon_Cell,,cb_intrinsic,11862,KCab,"KCab-m,KCab-c,KCab-s",,VFB_jrmc2j5a,L,,,Roughly traced,
110701,celltype_prediction_only,acetylcholine,dopamine,0.7861196891543369,dopamine,0.7405904806650512,KCab-m,KCab-m,KCab-m_L,Kenyon_Cell,,cb_intrinsic,11862,KCab,"KCab-m,KCab-c,KCab-s",,VFB_jrmc2j0h,L,,,Prelim Roughly traced,
110815,celltype_prediction_only,acetylcholine,dopamine,0.7077664399092971,dopamine,0.7405904806650512,KCab-m,KCab-m,KCab-m_R,Kenyon_Cell,,cb_intrinsic,11862,KCab,"KCab-m,KCab-c,KCab-s",,VFB_jrmc2j3o,R,,,Roughly traced,
111260,celltype_prediction_only,acetylcholine,dopamine,0.8076268274397101,dopamine,0.7405904806650512,KCab-m,KCab-m,KCab-m_L,Kenyon_Cell,,cb_intrinsic,11862,KCab,"KCab-m,KCab-c,KCab-s",,VFB_jrmc2j70,L,,,Roughly traced,
111360,celltype_prediction_only,acetylcholine,dopamine,0.7200620431752508,dopamine,0.7405904806650512,KCab-m,KCab-m,KCab-m_R,Kenyon_Cell,,cb_intrinsic,11862,KCab,"KCab-m,KCab-c,KCab-s",,VFB_jrmc2j3p,R,,,Roughly traced,
111636,celltype_prediction_only,acetylcholine,dopamine,0.7401190892150011,dopamine,0.7405904806650512,KCab-m,KCab-m,KCab-m_L,Kenyon_Cell,,cb_intrinsic,11862,KCab,"KCab-m,KCab-c,KCab-s",,VFB_jrmc2j5b,L,,,Roughly traced,
111878,celltype_prediction_only,acetylcholine,dopamine,0.7662700383033055,dopamine,0.7405904806650512,KCab-m,KCab-m,KCab-m_L,Kenyon_Cell,,cb_intrinsic,11862,KCab,"KCab-m,KCab-c,KCab-s",,VFB_jrmc2j5c,L,,,Roughly traced,
112026,celltype_prediction_only,acetylcholine,dopamine,0.7420450432107145,dopamine,0.7405904806650512,KCab-m,KCab-m,KCab-m_L,Kenyon_Cell,,cb_intrinsic,11862,KCab,"KCab-m,KCab-c,KCab-s",,VFB_jrmc2j0i,L,,,Roughly traced,
112329,celltype_prediction_only,acetylcholine,dopamine,0.7741878984298122,dopamine,0.7405904806650512,KCab-m,KCab-m,KCab-m_L,Kenyon_Cell,,cb_intrinsic,11862,KCab,"KCab-m,KCab-c,KCab-s",,VFB_jrmc2j71,L,,,Roughly traced,
112378,celltype_prediction_only,acetylcholine,dopamine,0.7558618317610063,dopamine,0.7405904806650512,KCab-m,KCab-m,KCab-m_L,Kenyon_Cell,,cb_intrinsic,11862,KCab,"KCab-m,KCab-c,KCab-s",,VFB_jrmc2j0j,L,,,Roughly traced,
112610,celltype_prediction_only,acetylcholine,dopamine,0.7105781987028302,dopamine,0.7405904806650512,KCab-m,KCab-m,KCab-m_L,Kenyon_Cell,,cb_intrinsic,11862,KCab,"KCab-m,KCab-c,KCab-s",,VFB_jrmc2j5d,L,,,Roughly traced,
112683,celltype_prediction_only,acetylcholine,dopamine,0.7256045536541368,dopamine,0.7405904806650512,KCab-m,KCab-m,KCab-m_L,Kenyon_Cell,,cb_intrinsic,11862,KCab,"KCab-m,KCab-c,KCab-s",,VFB_jrmc2j0k,L,,,Roughly traced,
112896,celltype_prediction_only,acetylcholine,dopamine,0.6764837170877305,dopamine,0.7405904806650512,KCab-m,KCab-m,KCab-m_R,Kenyon_Cell,,cb_intrinsic,11862,KCab,"KCab-m,KCab-c,KCab-s",,VFB_jrmc2jbv,R,,,Roughly traced,
113055,celltype_prediction_only,acetylcholine,dopamine,0.7739023947750363,dopamine,0.7405904806650512,KCab-m,KCab-m,KCab-m_R,Kenyon_Cell,,cb_intrinsic,11862,KCab,"KCab-m,KCab-c,KCab-s",,VFB_jrmc2j9h,R,,,Roughly traced,
113244,celltype_prediction_only,acetylcholine,dopamine,0.7244467300326288,dopamine,0.7405904806650512,KCab-m,KCab-m,KCab-m_L,Kenyon_Cell,,cb_intrinsic,11862,KCab,"KCab-m,KCab-c,KCab-s",,VFB_jrmc2j0l,L,,,Roughly traced,
113252,celltype_prediction_only,acetylcholine,dopamine,0.7819546354530631,dopamine,0.7405904806650512,KCab-m,KCab-m,KCab-m_L,Kenyon_Cell,,cb_intrinsic,11862,KCab,"KCab-m,KCab-c,KCab-s",,VFB_jrmc2j0m,L,,,Roughly traced,
113299,celltype_prediction_only,acetylcholine,dopamine,0.7872518671383648,dopamine,0.7405904806650512,KCab-m,KCab-m,KCab-m_L,Kenyon_Cell,,cb_intrinsic,11862,KCab,"KCab-m,KCab-c,KCab-s",,VFB_jrmc2j72,L,,,Roughly traced,
113661,celltype_prediction_only,acetylcholine,dopamine,0.6820367777122641,dopamine,0.7405904806650512,KCab-m,KCab-m,KCab-m_R,Kenyon_Cell,,cb_intrinsic,11862,KCab,"KCab-m,KCab-c,KCab-s",,VFB_jrmc2j3q,R,,,Roughly traced,
113835,celltype_prediction_only,acetylcholine,dopamine,0.7558251693275277,dopamine,0.7405904806650512,KCab-m,KCab-m,KCab-m_R,Kenyon_Cell,,cb_intrinsic,11862,KCab,"KCab-m,KCab-c,KCab-s",,VFB_jrmc2j3r,R,,,Roughly traced,
113903,celltype_prediction_only,acetylcholine,dopamine,0.7409707663638481,dopamine,0.7405904806650512,KCab-m,KCab-m,KCab-m_R,Kenyon_Cell,,cb_intrinsic,11862,KCab,"KCab-m,KCab-c,KCab-s",,VFB_jrmc2jcr,R,,,Roughly traced,
114103,celltype_prediction_only,acetylcholine,dopamine,0.7309166364296081,dopamine,0.7405904806650512,KCab-m,KCab-m,KCab-m_R,Kenyon_Cell,,cb_intrinsic,11862,KCab,"KCab-m,KCab-c,KCab-s",,VFB_jrmc2j9i,R,,,Roughly traced,
114209,celltype_prediction_only,acetylcholine,dopamine,0.6710439128481581,dopamine,0.7405904806650512,KCab-m,KCab-m,KCab-m_R,Kenyon_Cell,,cb_intrinsic,11862,KCab,"KCab-m,KCab-c,KCab-s",,VFB_jrmc2j3s,R,,,Roughly traced,
114364,celltype_prediction_only,acetylcholine,dopamine,0.7704000826332461,dopamine,0.7405904806650512,KCab-m,KCab-m,KCab-m_L,Kenyon_Cell,,cb_intrinsic,11862,KCab,"KCab-m,KCab-c,KCab-s",,VFB_jrmc2j0n,L,,,Roughly traced,
114440,celltype_prediction_only,acetylcholine,dopamine,0.7839871371211313,dopamine,0.7405904806650512,KCab-m,KCab-m,KCab-m_L,Kenyon_Cell,,cb_intrinsic,11862,KCab,"KCab-m,KCab-c,KCab-s",,VFB_jrmc2j0o,L,,,Roughly traced,
114580,celltype_prediction_only,acetylcholine,dopamine,0.7074574199294724,dopamine,0.7405904806650512,KCab-m,KCab-m,KCab-m_L,Kenyon_Cell,,cb_intrinsic,11862,KCab,"KCab-m,KCab-c,KCab-s",,VFB_jrmc2j0p,L,,,Roughly traced,
114649,celltype_prediction_only,acetylcholine,dopamine,0.7526314640111811,dopamine,0.7405904806650512,KCab-m,KCab-m,KCab-m_L,Kenyon_Cell,,cb_intrinsic,11862,KCab,"KCab-m,KCab-c,KCab-s",,VFB_jrmc2j5e,L,,,Roughly traced,
114865,celltype_prediction_only,acetylcholine,dopamine,0.7847955454204673,dopamine,0.7405904806650512,KCab-m,KCab-m,KCab-m_L,Kenyon_Cell,,cb_intrinsic,11862,KCab,"KCab-m,KCab-c,KCab-s",,VFB_jrmc2j0q,L,,,Roughly traced,
114889,celltype_prediction_only,acetylcholine,dopamine,0.8006490030777466,dopamine,0.7405904806650512,KCab-m,KCab-m,KCab-m_L,Kenyon_Cell,,cb_intrinsic,11862,KCab,"KCab-m,KCab-c,KCab-s",,VFB_jrmc2j73,L,,,Roughly traced,
115174,celltype_prediction_only,acetylcholine,dopamine,0.7665317681532304,dopamine,0.7405904806650512,KCab-m,KCab-m,KCab-m_L,Kenyon_Cell,,cb_intrinsic,11862,KCab,"KCab-m,KCab-c,KCab-s",,VFB_jrmc2j5f,L,,,Roughly traced,
116304,celltype_prediction_only,acetylcholine,dopamine,0.7297746109156806,dopamine,0.7405904806650512,KCab-m,KCab-m,KCab-m_L,Kenyon_Cell,,cb_intrinsic,11862,KCab,"KCab-m,KCab-c,KCab-s",,VFB_jrmc2j0r,L,,,Roughly traced,
116467,celltype_prediction_only,acetylcholine,dopamine,0.7925743281875357,dopamine,0.7405904806650512,KCab-m,KCab-m,KCab-m_R,Kenyon_Cell,,cb_intrinsic,11862,KCab,"KCab-m,KCab-c,KCab-s",,VFB_jrmc2je0,R,,,Roughly traced,
117041,celltype_prediction_only,acetylcholine,dopamine,0.7677098126732942,dopamine,0.7405904806650512,KCab-m,KCab-m,KCab-m_R,Kenyon_Cell,,cb_intrinsic,11862,KCab,"KCab-m,KCab-c,KCab-s",,VFB_jrmc2j3t,R,,,Roughly traced,
117077,celltype_prediction_only,acetylcholine,dopamine,0.7872400588354636,dopamine,0.7405904806650512,KCab-m,KCab-m,KCab-m_L,Kenyon_Cell,,cb_intrinsic,11862,KCab,"KCab-m,KCab-c,KCab-s",,VFB_jrmc2jdw,L,,,Roughly traced,
117228,celltype_prediction_only,acetylcholine,dopamine,0.6793596633673574,dopamine,0.7405904806650512,KCab-m,KCab-m,KCab-m_R,Kenyon_Cell,,cb_intrinsic,11862,KCab,"KCab-m,KCab-c,KCab-s",,VFB_jrmc2j9j,R,,,Roughly traced,
117660,celltype_prediction_only,acetylcholine,dopamine,0.6457781069702168,dopamine,0.7405904806650512,KCab-m,KCab-m,KCab-m_R,Kenyon_Cell,,cb_intrinsic,11862,KCab,"KCab-m,KCab-c,KCab-s",,VFB_jrmc2j3u,R,,,Roughly traced,
118007,celltype_prediction_only,acetylcholine,dopamine,0.7173757027825424,dopamine,0.7405904806650512,KCab-m,KCab-m,KCab-m_L,Kenyon_Cell,,cb_intrinsic,11862,KCab,"KCab-m,KCab-c,KCab-s",,VFB_jrmc2j5g,L,,,Roughly traced,
118021,celltype_prediction_only,acetylcholine,dopamine,0.7289159076122317,dopamine,0.7405904806650512,KCab-m,KCab-m,KCab-m_R,Kenyon_Cell,,cb_intrinsic,11862,KCab,"KCab-m,KCab-c,KCab-s",,VFB_jrmc2jbw,R,,,Roughly traced,
119240,celltype_prediction_only,acetylcholine,dopamine,0.7624240842095156,dopamine,0.7405904806650512,KCab-m,KCab-m,KCab-m_L,Kenyon_Cell,,cb_intrinsic,11862,KCab,"KCab-m,KCab-c,KCab-s",,VFB_jrmc2jal,L,,,Roughly traced,
119411,celltype_prediction_only,acetylcholine,dopamine,0.7100663361336823,dopamine,0.7405904806650512,KCab-m,KCab-m,KCab-m_L,Kenyon_Cell,,cb_intrinsic,11862,KCab,"KCab-m,KCab-c,KCab-s",,VFB_jrmc2j74,L,,,Roughly traced,
119468,celltype_prediction_only,acetylcholine,dopamine,0.7247999564107355,dopamine,0.7405904806650512,KCab-m,KCab-m,KCab-m_R,Kenyon_Cell,,cb_intrinsic,11862,KCab,"KCab-m,KCab-c,KCab-s",,VFB_jrmc2j3v,R,,,Roughly traced,
120094,celltype_prediction_only,acetylcholine,dopamine,0.7709228470016812,dopamine,0.7405904806650512,KCab-m,KCab-m,KCab-m_R,Kenyon_Cell,,cb_intrinsic,11862,KCab,"KCab-m,KCab-c,KCab-s",,VFB_jrmc2j3w,R,,,Roughly traced,
120202,celltype_prediction_only,acetylcholine,dopamine,0.8021917198483167,dopamine,0.7405904806650512,KCab-m,KCab-m,KCab-m_L,Kenyon_Cell,,cb_intrinsic,11862,KCab,"KCab-m,KCab-c,KCab-s",,VFB_jrmc2j0s,L,,,Roughly traced,
120660,celltype_prediction_only,acetylcholine,dopamine,0.6529088050314465,dopamine,0.7405904806650512,KCab-m,KCab-m,KCab-m_L,Kenyon_Cell,,cb_intrinsic,11862,KCab,"KCab-m,KCab-c,KCab-s",,VFB_jrmc2j5h,L,,,Roughly traced,
120689,celltype_prediction_only,acetylcholine,dopamine,0.7741655126651665,dopamine,0.7405904806650512,KCab-m,KCab-m,KCab-m_R,Kenyon_Cell,,cb_intrinsic,11862,KCab,"KCab-m,KCab-c,KCab-s",,VFB_jrmc2j3x,R,,,Roughly traced,
120699,celltype_prediction_only,acetylcholine,dopamine,0.7634143743020044,dopamine,0.7405904806650512,KCab-m,KCab-m,KCab-m_R,Kenyon_Cell,,cb_intrinsic,11862,KCab,"KCab-m,KCab-c,KCab-s",,VFB_jrmc2jbx,R,,,Roughly traced,
120726,celltype_prediction_only,acetylcholine,dopamine,0.7201625227767002,dopamine,0.7405904806650512,KCab-m,KCab-m,KCab-m_R,Kenyon_Cell,,cb_intrinsic,11862,KCab,"KCab-m,KCab-c,KCab-s",,VFB_jrmc2j3y,R,,,Roughly traced,
121122,celltype_prediction_only,acetylcholine,dopamine,0.8045028193450444,dopamine,0.7405904806650512,KCab-m,KCab-m,KCab-m_L,Kenyon_Cell,,cb_intrinsic,11862,KCab,"KCab-m,KCab-c,KCab-s",,VFB_jrmc2j5i,L,,,Roughly traced,
121138,celltype_prediction_only,acetylcholine,dopamine,0.684362492853059,dopamine,0.7405904806650512,KCab-m,KCab-m,KCab-m_R,Kenyon_Cell,,cb_intrinsic,11862,KCab,"KCab-m,KCab-c,KCab-s",,VFB_jrmc2j9k,R,,,Prelim Roughly traced,
121150,celltype_prediction_only,acetylcholine,dopamine,0.794570324198862,dopamine,0.7405904806650512,KCab-m,KCab-m,KCab-m_R,Kenyon_Cell,,cb_intrinsic,11862,KCab,"KCab-m,KCab-c,KCab-s",,VFB_jrmc2jby,R,,,Prelim Roughly traced,
121241,celltype_prediction_only,acetylcholine,dopamine,0.7254668707933355,dopamine,0.7405904806650512,KCab-m,KCab-m,KCab-m_R,Kenyon_Cell,,cb_intrinsic,11862,KCab,"KCab-m,KCab-c,KCab-s",,VFB_jrmc2j3z,R,,,Prelim Roughly traced,
121665,celltype_prediction_only,acetylcholine,dopamine,0.7496401364159802,dopamine,0.7405904806650512,KCab-m,KCab-m,KCab-m_L,Kenyon_Cell,,cb_intrinsic,11862,KCab,"KCab-m,KCab-c,KCab-s",,VFB_jrmc2j75,L,,,Roughly traced,
122137,celltype_prediction_only,acetylcholine,dopamine,0.753453019952288,dopamine,0.7405904806650512,KCab-m,KCab-m,KCab-m_R,Kenyon_Cell,,cb_intrinsic,11862,KCab,"KCab-m,KCab-c,KCab-s",,VFB_jrmc2j40,R,,,Prelim Roughly traced,
122226,celltype_prediction_only,acetylcholine,dopamine,0.7466448569689592,dopamine,0.7405904806650512,KCab-m,KCab-m,KCab-m_L,Kenyon_Cell,,cb_intrinsic,11862,KCab,"KCab-m,KCab-c,KCab-s",,VFB_jrmc2j0t,L,,,Roughly traced,
122240,celltype_prediction_only,acetylcholine,dopamine,0.7307515388732772,dopamine,0.7405904806650512,KCab-m,KCab-m,KCab-m_L,Kenyon_Cell,,cb_intrinsic,11862,KCab,"KCab-m,KCab-c,KCab-s",,VFB_jrmc2j0u,L,,,Roughly traced,
122275,celltype_prediction_only,acetylcholine,dopamine,0.7154966528492472,dopamine,0.7405904806650512,KCab-m,KCab-m,KCab-m_L,Kenyon_Cell,,cb_intrinsic,11862,KCab,"KCab-m,KCab-c,KCab-s",,VFB_jrmc2jam,L,,,Roughly traced,
123035,celltype_prediction_only,acetylcholine,dopamine,0.8450421517462867,dopamine,0.7405904806650512,KCab-m,KCab-m,KCab-m_R,Kenyon_Cell,,cb_intrinsic,11862,KCab,"KCab-m,KCab-c,KCab-s",,VFB_jrmc2jbz,R,,,Prelim Roughly traced,
123071,celltype_prediction_only,acetylcholine,dopamine,0.6803516179752485,dopamine,0.7405904806650512,KCab-m,KCab-m,KCab-m_L,Kenyon_Cell,,cb_intrinsic,11862,KCab,"KCab-m,KCab-c,KCab-s",,VFB_jrmc2jan,L,,,Roughly traced,
123107,celltype_prediction_only,acetylcholine,dopamine,0.7000866384289565,dopamine,0.7405904806650512,KCab-m,KCab-m,KCab-m_L,Kenyon_Cell,,cb_intrinsic,11862,KCab,"KCab-m,KCab-c,KCab-s",,VFB_jrmc2j0v,L,,,Roughly traced,
123140,celltype_prediction_only,acetylcholine,dopamine,0.7519526831365096,dopamine,0.7405904806650512,KCab-m,KCab-m,KCab-m_L,Kenyon_Cell,,cb_intrinsic,11862,KCab,"KCab-m,KCab-c,KCab-s",,VFB_jrmc2j5j,L,,,Roughly traced,
123241,celltype_prediction_only,acetylcholine,dopamine,0.7523052607442348,dopamine,0.7405904806650512,KCab-m,KCab-m,KCab-m_L,Kenyon_Cell,,cb_intrinsic,11862,KCab,"KCab-m,KCab-c,KCab-s",,VFB_jrmc2jde,L,,,Roughly traced,
123274,celltype_prediction_only,acetylcholine,dopamine,0.7837628213245535,dopamine,0.7405904806650512,KCab-m,KCab-m,KCab-m_L,Kenyon_Cell,,cb_intrinsic,11862,KCab,"KCab-m,KCab-c,KCab-s",,VFB_jrmc2j0w,L,,,Roughly traced,
123401,celltype_prediction_only,acetylcholine,dopamine,0.717384123460705,dopamine,0.7405904806650512,KCab-m,KCab-m,KCab-m_R,Kenyon_Cell,,cb_intrinsic,11862,KCab,"KCab-m,KCab-c,KCab-s",,VFB_jrmc2jc0,R,,,Prelim Roughly traced,
123472,celltype_prediction_only,acetylcholine,dopamine,0.6595943649827551,dopamine,0.7405904806650512,KCab-m,KCab-m,KCab-m_L,Kenyon_Cell,,cb_intrinsic,11862,KCab,"KCab-m,KCab-c,KCab-s",,VFB_jrmc2j5k,L,,,Roughly traced,
123648,celltype_prediction_only,acetylcholine,dopamine,0.7111609261896286,dopamine,0.7405904806650512,KCab-m,KCab-m,KCab-m_R,Kenyon_Cell,,cb_intrinsic,11862,KCab,"KCab-m,KCab-c,KCab-s",,VFB_jrmc2j9l,R,,,Prelim Roughly traced,
123775,celltype_prediction_only,acetylcholine,dopamine,0.8204187854052366,dopamine,0.7405904806650512,KCab-m,KCab-m,KCab-m_L,Kenyon_Cell,,cb_intrinsic,11862,KCab,"KCab-m,KCab-c,KCab-s",,VFB_jrmc2j76,L,,,Roughly traced,
123939,celltype_prediction_only,acetylcholine,dopamine,0.7987598904443092,dopamine,0.7405904806650512,KCab-m,KCab-m,KCab-m_L,Kenyon_Cell,,cb_intrinsic,11862,KCab,"KCab-m,KCab-c,KCab-s",,VFB_jrmc2j0x,L,,,Roughly traced,
124128,celltype_prediction_only,acetylcholine,dopamine,0.7643175758818704,dopamine,0.7405904806650512,KCab-m,KCab-m,KCab-m_L,Kenyon_Cell,,cb_intrinsic,11862,KCab,"KCab-m,KCab-c,KCab-s",,VFB_jrmc2j77,L,,,Roughly traced,
124211,celltype_prediction_only,acetylcholine,dopamine,0.7517358912667257,dopamine,0.7405904806650512,KCab-m,KCab-m,KCab-m_R,Kenyon_Cell,,cb_intrinsic,11862,KCab,"KCab-m,KCab-c,KCab-s",,VFB_jrmc2j41,R,,,Prelim Roughly traced,
124605,celltype_prediction_only,acetylcholine,dopamine,0.7295800802428974,dopamine,0.7405904806650512,KCab-m,KCab-m,KCab-m_R,Kenyon_Cell,,cb_intrinsic,11862,KCab,"KCab-m,KCab-c,KCab-s",,VFB_jrmc2ja9,R,,,Prelim Roughly traced,
124624,celltype_prediction_only,acetylcholine,dopamine,0.7710682957393483,dopamine,0.7405904806650512,KCab-m,KCab-m,KCab-m_L,Kenyon_Cell,,cb_intrinsic,11862,KCab,"KCab-m,KCab-c,KCab-s",,VFB_jrmc2j78,L,,,Roughly traced,
124685,celltype_prediction_only,acetylcholine,dopamine,0.7892444331123576,dopamine,0.7405904806650512,KCab-m,KCab-m,KCab-m_R,Kenyon_Cell,,cb_intrinsic,11862,KCab,"KCab-m,KCab-c,KCab-s",,VFB_jrmc2jc1,R,,,Prelim Roughly traced,
124807,celltype_prediction_only,acetylcholine,dopamine,0.7402894766397126,dopamine,0.7405904806650512,KCab-m,KCab-m,KCab-m_L,Kenyon_Cell,,cb_intrinsic,11862,KCab,"KCab-m,KCab-c,KCab-s",,VFB_jrmc2j0y,L,,,Roughly traced,
125002,celltype_prediction_only,acetylcholine,dopamine,0.7093096977074458,dopamine,0.7405904806650512,KCab-m,KCab-m,KCab-m_L,Kenyon_Cell,,cb_intrinsic,11862,KCab,"KCab-m,KCab-c,KCab-s",,VFB_jrmc2j0z,L,,,Roughly traced,
125081,celltype_prediction_only,acetylcholine,dopamine,0.7637983855281073,dopamine,0.7405904806650512,KCab-m,KCab-m,KCab-m_R,Kenyon_Cell,,cb_intrinsic,11862,KCab,"KCab-m,KCab-c,KCab-s",,VFB_jrmc2jc2,R,,,Prelim Roughly traced,
125574,celltype_prediction_only,acetylcholine,dopamine,0.7317276091171324,dopamine,0.7405904806650512,KCab-m,KCab-m,KCab-m_L,Kenyon_Cell,,cb_intrinsic,11862,KCab,"KCab-m,KCab-c,KCab-s",,VFB_jrmc2jao,L,,,Roughly traced,
126057,celltype_prediction_only,acetylcholine,dopamine,0.7908013923499861,dopamine,0.7405904806650512,KCab-m,KCab-m,KCab-m_L,Kenyon_Cell,,cb_intrinsic,11862,KCab,"KCab-m,KCab-c,KCab-s",,VFB_jrmc2j79,L,,,Roughly traced,
126084,celltype_prediction_only,acetylcholine,dopamine,0.7522995283018868,dopamine,0.7405904806650512,KCab-m,KCab-m,KCab-m_R,Kenyon_Cell,,cb_intrinsic,11862,KCab,"KCab-m,KCab-c,KCab-s",,VFB_jrmc2j42,R,,,Prelim Roughly traced,
126174,celltype_prediction_only,acetylcholine,dopamine,0.7482010876096623,dopamine,0.7405904806650512,KCab-m,KCab-m,KCab-m_L,Kenyon_Cell,,cb_intrinsic,11862,KCab,"KCab-m,KCab-c,KCab-s",,VFB_jrmc2j10,L,,,Roughly traced,
126446,celltype_prediction_only,acetylcholine,dopamine,0.6775225724223366,dopamine,0.7405904806650512,KCab-m,KCab-m,KCab-m_R,Kenyon_Cell,,cb_intrinsic,11862,KCab,"KCab-m,KCab-c,KCab-s",,VFB_jrmc2j43,R,,,Prelim Roughly traced,
126683,celltype_prediction_only,acetylcholine,dopamine,0.7197505717552887,dopamine,0.7405904806650512,KCab-m,KCab-m,KCab-m_L,Kenyon_Cell,,cb_intrinsic,11862,KCab,"KCab-m,KCab-c,KCab-s",,VFB_jrmc2j11,L,,,Roughly traced,
126787,celltype_prediction_only,acetylcholine,dopamine,0.7333709922153318,dopamine,0.7405904806650512,KCab-m,KCab-m,KCab-m_L,Kenyon_Cell,,cb_intrinsic,11862,KCab,"KCab-m,KCab-c,KCab-s",,VFB_jrmc2je4,L,,,Roughly traced,
127047,celltype_prediction_only,acetylcholine,dopamine,0.6920337650570302,dopamine,0.7405904806650512,KCab-m,KCab-m,KCab-m_L,Kenyon_Cell,,cb_intrinsic,11862,KCab,"KCab-m,KCab-c,KCab-s",,VFB_jrmc2j5l,L,,,Roughly traced,
127326,celltype_prediction_only,acetylcholine,dopamine,0.7694575471698113,dopamine,0.7405904806650512,KCab-m,KCab-m,KCab-m_L,Kenyon_Cell,,cb_intrinsic,11862,KCab,"KCab-m,KCab-c,KCab-s",,VFB_jrmc2j5m,L,,,Roughly traced,
128212,celltype_prediction_only,acetylcholine,dopamine,0.7650879995942382,dopamine,0.7405904806650512,KCab-m,KCab-m,KCab-m_L,Kenyon_Cell,,cb_intrinsic,11862,KCab,"KCab-m,KCab-c,KCab-s",,VFB_jrmc2j7a,L,,,Roughly traced,
128366,celltype_prediction_only,acetylcholine,dopamine,0.7684706610464338,dopamine,0.7405904806650512,KCab-m,KCab-m,KCab-m_L,Kenyon_Cell,,cb_intrinsic,11862,KCab,"KCab-m,KCab-c,KCab-s",,VFB_jrmc2j7b,L,,,Roughly traced,
128873,celltype_prediction_only,acetylcholine,dopamine,0.7726207159784887,dopamine,0.7405904806650512,KCab-m,KCab-m,KCab-m_L,Kenyon_Cell,,cb_intrinsic,11862,KCab,"KCab-m,KCab-c,KCab-s",,VFB_jrmc2j7c,L,,,Roughly traced,
129892,celltype_prediction_only,acetylcholine,dopamine,0.7211703236520387,dopamine,0.7405904806650512,KCab-m,KCab-m,KCab-m_R,Kenyon_Cell,,cb_intrinsic,11862,KCab,"KCab-m,KCab-c,KCab-s",,VFB_jrmc2j44,R,,,Prelim Roughly traced,
130531,celltype_prediction_only,acetylcholine,dopamine,0.7542888474942915,dopamine,0.7405904806650512,KCab-m,KCab-m,KCab-m_L,Kenyon_Cell,,cb_intrinsic,11862,KCab,"KCab-m,KCab-c,KCab-s",,VFB_jrmc2j7d,L,,,Roughly traced,
130796,celltype_prediction_only,acetylcholine,dopamine,0.7256660140026107,dopamine,0.7405904806650512,KCab-m,KCab-m,KCab-m_R,Kenyon_Cell,,cb_intrinsic,11862,KCab,"KCab-m,KCab-c,KCab-s",,VFB_jrmc2jc9,R,,,Prelim Roughly traced,
131008,celltype_prediction_only,acetylcholine,dopamine,0.6900058962264152,dopamine,0.7405904806650512,KCab-m,KCab-m,KCab-m_R,Kenyon_Cell,,cb_intrinsic,11862,KCab,"KCab-m,KCab-c,KCab-s",,VFB_jrmc2j45,R,,,Prelim Roughly traced,
131212,celltype_prediction_only,acetylcholine,dopamine,0.7670159661502276,dopamine,0.7405904806650512,KCab-m,KCab-m,KCab-m_L,Kenyon_Cell,,cb_intrinsic,11862,KCab,"KCab-m,KCab-c,KCab-s",,VFB_jrmc2j7e,L,,,Roughly traced,
131461,celltype_prediction_only,acetylcholine,dopamine,0.6630075881870385,dopamine,0.7405904806650512,KCab-m,KCab-m,KCab-m_R,Kenyon_Cell,,cb_intrinsic,11862,KCab,"KCab-m,KCab-c,KCab-s",,VFB_jrmc2j46,R,,,Prelim Roughly traced,
131495,celltype_prediction_only,acetylcholine,dopamine,0.7565828755672319,dopamine,0.7405904806650512,KCab-m,KCab-m,KCab-m_L,Kenyon_Cell,,cb_intrinsic,11862,KCab,"KCab-m,KCab-c,KCab-s",,VFB_jrmc2j7f,L,,,Roughly traced,
131539,celltype_prediction_only,acetylcholine,dopamine,0.7314753299672248,dopamine,0.7405904806650512,KCab-m,KCab-m,KCab-m_L,Kenyon_Cell,,cb_intrinsic,11862,KCab,"KCab-m,KCab-c,KCab-s",,VFB_jrmc2j12,L,,,Roughly traced,
131936,celltype_prediction_only,acetylcholine,dopamine,0.7687490858563697,dopamine,0.7405904806650512,KCab-m,KCab-m,KCab-m_L,Kenyon_Cell,,cb_intrinsic,11862,KCab,"KCab-m,KCab-c,KCab-s",,VFB_jrmc2j5n,L,,,Roughly traced,
132410,celltype_prediction_only,acetylcholine,dopamine,0.7651212780929763,dopamine,0.7405904806650512,KCab-m,KCab-m,KCab-m_L,Kenyon_Cell,,cb_intrinsic,11862,KCab,"KCab-m,KCab-c,KCab-s",,VFB_jrmc2j7g,L,,,Roughly traced,
132800,celltype_prediction_only,acetylcholine,dopamine,0.7049699929134555,dopamine,0.7405904806650512,KCab-m,KCab-m,KCab-m_L,Kenyon_Cell,,cb_intrinsic,11862,KCab,"KCab-m,KCab-c,KCab-s",,VFB_jrmc2j5o,L,,,Roughly traced,
132912,celltype_prediction_only,acetylcholine,dopamine,0.6631377049640611,dopamine,0.7405904806650512,KCab-m,KCab-m,KCab-m_L,Kenyon_Cell,,cb_intrinsic,11862,KCab,"KCab-m,KCab-c,KCab-s",,VFB_jrmc2j5p,L,,,Roughly traced,
133281,celltype_prediction_only,acetylcholine,dopamine,0.7673242325794494,dopamine,0.7405904806650512,KCab-m,KCab-m,KCab-m_L,Kenyon_Cell,,cb_intrinsic,11862,KCab,"KCab-m,KCab-c,KCab-s",,VFB_jrmc2jch,L,,,Roughly traced,
133308,celltype_prediction_only,acetylcholine,dopamine,0.7608858287685129,dopamine,0.7405904806650512,KCab-m,KCab-m,KCab-m_L,Kenyon_Cell,,cb_intrinsic,11862,KCab,"KCab-m,KCab-c,KCab-s",,VFB_jrmc2j5q,L,,,Roughly traced,
133583,celltype_prediction_only,acetylcholine,dopamine,0.6935141509433963,dopamine,0.7405904806650512,KCab-m,KCab-m,KCab-m_L,Kenyon_Cell,,cb_intrinsic,11862,KCab,"KCab-m,KCab-c,KCab-s",,VFB_jrmc2j13,L,,,Roughly traced,
133873,celltype_prediction_only,acetylcholine,dopamine,0.8003633230288172,dopamine,0.7405904806650512,KCab-m,KCab-m,KCab-m_L,Kenyon_Cell,,cb_intrinsic,11862,KCab,"KCab-m,KCab-c,KCab-s",,VFB_jrmc2j14,L,,,Roughly traced,
134789,celltype_prediction_only,acetylcholine,dopamine,0.8218824549989157,dopamine,0.7405904806650512,KCab-m,KCab-m,KCab-m_L,Kenyon_Cell,,cb_intrinsic,11862,KCab,"KCab-m,KCab-c,KCab-s",,VFB_jrmc2j7h,L,,,Roughly traced,
135013,celltype_prediction_only,acetylcholine,dopamine,0.7352734725965858,dopamine,0.7405904806650512,KCab-m,KCab-m,KCab-m_L,Kenyon_Cell,,cb_intrinsic,11862,KCab,"KCab-m,KCab-c,KCab-s",,VFB_jrmc2j5r,L,,,Roughly traced,
135265,celltype_prediction_only,acetylcholine,dopamine,0.7655651832102817,dopamine,0.7405904806650512,KCab-m,KCab-m,KCab-m_R,Kenyon_Cell,,cb_intrinsic,11862,KCab,"KCab-m,KCab-c,KCab-s",,VFB_jrmc2j47,R,,,Roughly traced,
135567,celltype_prediction_only,acetylcholine,dopamine,0.781828926539169,dopamine,0.7405904806650512,KCab-m,KCab-m,KCab-m_L,Kenyon_Cell,,cb_intrinsic,11862,KCab,"KCab-m,KCab-c,KCab-s",,VFB_jrmc2j7i,L,,,Roughly traced,
135993,celltype_prediction_only,acetylcholine,dopamine,0.7516390767770261,dopamine,0.7405904806650512,KCab-m,KCab-m,KCab-m_R,Kenyon_Cell,,cb_intrinsic,11862,KCab,"KCab-m,KCab-c,KCab-s",,VFB_jrmc2j9m,R,,,Roughly traced,
136044,celltype_prediction_only,acetylcholine,dopamine,0.7468865720331511,dopamine,0.7405904806650512,KCab-m,KCab-m,KCab-m_R,Kenyon_Cell,,cb_intrinsic,11862,KCab,"KCab-m,KCab-c,KCab-s",,VFB_jrmc2j48,R,,,Roughly traced,
136153,celltype_prediction_only,acetylcholine,dopamine,0.8072707745258259,dopamine,0.7405904806650512,KCab-m,KCab-m,KCab-m_L,Kenyon_Cell,,cb_intrinsic,11862,KCab,"KCab-m,KCab-c,KCab-s",,VFB_jrmc2j7j,L,,,Roughly traced,
136327,celltype_prediction_only,acetylcholine,dopamine,0.7980144870132987,dopamine,0.7405904806650512,KCab-m,KCab-m,KCab-m_L,Kenyon_Cell,,cb_intrinsic,11862,KCab,"KCab-m,KCab-c,KCab-s",,VFB_jrmc2j15,L,,,Roughly traced,
136345,celltype_prediction_only,acetylcholine,dopamine,0.7718176755765199,dopamine,0.7405904806650512,KCab-m,KCab-m,KCab-m_L,Kenyon_Cell,,cb_intrinsic,11862,KCab,"KCab-m,KCab-c,KCab-s",,VFB_jrmc2j7k,L,,,Roughly traced,
136461,celltype_prediction_only,acetylcholine,dopamine,0.7657232704402516,dopamine,0.7405904806650512,KCab-m,KCab-m,KCab-m_L,Kenyon_Cell,,cb_intrinsic,11862,KCab,"KCab-m,KCab-c,KCab-s",,VFB_jrmc2j5s,L,,,Roughly traced,
136825,celltype_prediction_only,acetylcholine,dopamine,0.7393154811599043,dopamine,0.7405904806650512,KCab-m,KCab-m,KCab-m_R,Kenyon_Cell,,cb_intrinsic,11862,KCab,"KCab-m,KCab-c,KCab-s",,VFB_jrmc2jc3,R,,,Roughly traced,
137029,celltype_prediction_only,acetylcholine,dopamine,0.6678870068610634,dopamine,0.7405904806650512,KCab-m,KCab-m,KCab-m_R,Kenyon_Cell,,cb_intrinsic,11862,KCab,"KCab-m,KCab-c,KCab-s",,VFB_jrmc2j49,R,,,Prelim Roughly traced,
138453,celltype_prediction_only,acetylcholine,dopamine,0.7815059273336048,dopamine,0.7405904806650512,KCab-m,KCab-m,KCab-m_L,Kenyon_Cell,,cb_intrinsic,11862,KCab,"KCab-m,KCab-c,KCab-s",,VFB_jrmc2jd8,L,,,Roughly traced,
138875,celltype_prediction_only,acetylcholine,dopamine,0.6995611058323153,dopamine,0.7405904806650512,KCab-m,KCab-m,KCab-m_L,Kenyon_Cell,,cb_intrinsic,11862,KCab,"KCab-m,KCab-c,KCab-s",,VFB_jrmc2jdt,L,,,Roughly traced,
139662,celltype_prediction_only,acetylcholine,dopamine,0.7916581214109926,dopamine,0.7405904806650512,KCab-m,KCab-m,KCab-m_L,Kenyon_Cell,,cb_intrinsic,11862,KCab,"KCab-m,KCab-c,KCab-s",,VFB_jrmc2j7l,L,,,Roughly traced,
139887,celltype_prediction_only,acetylcholine,dopamine,0.7781079491024199,dopamine,0.7405904806650512,KCab-m,KCab-m,KCab-m_L,Kenyon_Cell,,cb_intrinsic,11862,KCab,"KCab-m,KCab-c,KCab-s",,VFB_jrmc2j7m,L,,,Roughly traced,
139894,celltype_prediction_only,acetylcholine,dopamine,0.8370534591194969,dopamine,0.7405904806650512,KCab-m,KCab-m,KCab-m_L,Kenyon_Cell,,cb_intrinsic,11862,KCab,"KCab-m,KCab-c,KCab-s",,VFB_jrmc2j16,L,,,Roughly traced,
139919,celltype_prediction_only,acetylcholine,dopamine,0.7751000825192916,dopamine,0.7405904806650512,KCab-m,KCab-m,KCab-m_L,Kenyon_Cell,,cb_intrinsic,11862,KCab,"KCab-m,KCab-c,KCab-s",,VFB_jrmc2j7n,L,,,Roughly traced,
140368,celltype_prediction_only,acetylcholine,dopamine,0.8127641409285743,dopamine,0.7405904806650512,KCab-m,KCab-m,KCab-m_L,Kenyon_Cell,,cb_intrinsic,11862,KCab,"KCab-m,KCab-c,KCab-s",,VFB_jrmc2j5t,L,,,Roughly traced,
140961,celltype_prediction_only,acetylcholine,dopamine,0.7624112647113768,dopamine,0.7405904806650512,KCab-m,KCab-m,KCab-m_L,Kenyon_Cell,,cb_intrinsic,11862,KCab,"KCab-m,KCab-c,KCab-s",,VFB_jrmc2j17,L,,,Roughly traced,
141809,celltype_prediction_only,acetylcholine,dopamine,0.7173788656916379,dopamine,0.7405904806650512,KCab-m,KCab-m,KCab-m_L,Kenyon_Cell,,cb_intrinsic,11862,KCab,"KCab-m,KCab-c,KCab-s",,VFB_jrmc2j7o,L,,,Roughly traced,
141914,celltype_prediction_only,acetylcholine,dopamine,0.7821525761973874,dopamine,0.7405904806650512,KCab-m,KCab-m,KCab-m_L,Kenyon_Cell,,cb_intrinsic,11862,KCab,"KCab-m,KCab-c,KCab-s",,VFB_jrmc2j7p,L,,,Roughly traced,
142270,celltype_prediction_only,acetylcholine,dopamine,0.7577142295597484,dopamine,0.7405904806650512,KCab-m,KCab-m,KCab-m_L,Kenyon_Cell,,cb_intrinsic,11862,KCab,"KCab-m,KCab-c,KCab-s",,VFB_jrmc2j18,L,,,Roughly traced,
142795,celltype_prediction_only,acetylcholine,dopamine,0.7195569162857923,dopamine,0.7405904806650512,KCab-m,KCab-m,KCab-m_R,Kenyon_Cell,,cb_intrinsic,11862,KCab,"KCab-m,KCab-c,KCab-s",,VFB_jrmc2jca,R,,,Prelim Roughly traced,
143645,celltype_prediction_only,acetylcholine,dopamine,0.7802526768543064,dopamine,0.7405904806650512,KCab-m,KCab-m,KCab-m_L,Kenyon_Cell,,cb_intrinsic,11862,KCab,"KCab-m,KCab-c,KCab-s",,VFB_jrmc2j19,L,,,Roughly traced,
143806,celltype_prediction_only,acetylcholine,dopamine,0.7723355653780182,dopamine,0.7405904806650512,KCab-m,KCab-m,KCab-m_L,Kenyon_Cell,,cb_intrinsic,11862,KCab,"KCab-m,KCab-c,KCab-s",,VFB_jrmc2jaq,L,,,Roughly traced,
143895,celltype_prediction_only,acetylcholine,dopamine,0.7127528471868094,dopamine,0.7405904806650512,KCab-m,KCab-m,KCab-m_L,Kenyon_Cell,,cb_intrinsic,11862,KCab,"KCab-m,KCab-c,KCab-s",,VFB_jrmc2j1a,L,,,Roughly traced,
146166,celltype_prediction_only,acetylcholine,dopamine,0.6717407432013465,dopamine,0.7405904806650512,KCab-m,KCab-m,KCab-m_L,Kenyon_Cell,,cb_intrinsic,11862,KCab,"KCab-m,KCab-c,KCab-s",,VFB_jrmc2j1b,L,,,Roughly traced,
146801,celltype_prediction_only,acetylcholine,dopamine,0.7809025932323501,dopamine,0.7405904806650512,KCab-m,KCab-m,KCab-m_L,Kenyon_Cell,,cb_intrinsic,11862,KCab,"KCab-m,KCab-c,KCab-s",,VFB_jrmc2jdj,L,,,Roughly traced,
146943,celltype_prediction_only,acetylcholine,dopamine,0.6551050713786563,dopamine,0.7405904806650512,KCab-m,KCab-m,KCab-m_R,Kenyon_Cell,,cb_intrinsic,11862,KCab,"KCab-m,KCab-c,KCab-s",,VFB_jrmc2j9n,R,,,Prelim Roughly traced,
150109,celltype_prediction_only,acetylcholine,dopamine,0.6912078954033176,dopamine,0.7405904806650512,KCab-m,KCab-m,KCab-m_R,Kenyon_Cell,,cb_intrinsic,11862,KCab,"KCab-m,KCab-c,KCab-s",,VFB_jrmc2j4a,R,,,Prelim Roughly traced,
150709,celltype_prediction_only,acetylcholine,dopamine,0.7422028781986654,dopamine,0.7405904806650512,KCab-m,KCab-m,KCab-m_L,Kenyon_Cell,,cb_intrinsic,11862,KCab,"KCab-m,KCab-c,KCab-s",,VFB_jrmc2jar,L,,,Roughly traced,
151346,celltype_prediction_only,acetylcholine,dopamine,0.7600334119496855,dopamine,0.7405904806650512,KCab-m,KCab-m,KCab-m_L,Kenyon_Cell,,cb_intrinsic,11862,KCab,"KCab-m,KCab-c,KCab-s",,VFB_jrmc2j1c,L,,,Roughly traced,
151833,celltype_prediction_only,acetylcholine,dopamine,0.7783341948823986,dopamine,0.7405904806650512,KCab-m,KCab-m,KCab-m_L,Kenyon_Cell,,cb_intrinsic,11862,KCab,"KCab-m,KCab-c,KCab-s",,VFB_jrmc2jas,L,,,Roughly traced,
151908,celltype_prediction_only,acetylcholine,dopamine,0.7582386259148921,dopamine,0.7405904806650512,KCab-m,KCab-m,KCab-m_L,Kenyon_Cell,,cb_intrinsic,11862,KCab,"KCab-m,KCab-c,KCab-s",,VFB_jrmc2j1d,L,,,Roughly traced,
152601,celltype_prediction_only,acetylcholine,dopamine,0.7514284819068453,dopamine,0.7405904806650512,KCab-m,KCab-m,KCab-m_R,Kenyon_Cell,,cb_intrinsic,11862,KCab,"KCab-m,KCab-c,KCab-s",,VFB_jrmc2jcc,R,,,Prelim Roughly traced,
153460,celltype_prediction_only,acetylcholine,dopamine,0.8081167675329298,dopamine,0.7405904806650512,KCab-m,KCab-m,KCab-m_L,Kenyon_Cell,,cb_intrinsic,11862,KCab,"KCab-m,KCab-c,KCab-s",,VFB_jrmc2jci,L,,,Roughly traced,
153573,celltype_prediction_only,acetylcholine,dopamine,0.7511950259376579,dopamine,0.7405904806650512,KCab-m,KCab-m,KCab-m_R,Kenyon_Cell,,cb_intrinsic,11862,KCab,"KCab-m,KCab-c,KCab-s",,VFB_jrmc2j4b,R,,,Prelim Roughly traced,
154495,celltype_prediction_only,acetylcholine,dopamine,0.6363778744103774,dopamine,0.7405904806650512,KCab-m,KCab-m,KCab-m_L,Kenyon_Cell,,cb_intrinsic,11862,KCab,"KCab-m,KCab-c,KCab-s",,VFB_jrmc2j7q,L,,,Roughly traced,
155871,celltype_prediction_only,acetylcholine,dopamine,0.764392332531341,dopamine,0.7405904806650512,KCab-m,KCab-m,KCab-m_L,Kenyon_Cell,,cb_intrinsic,11862,KCab,"KCab-m,KCab-c,KCab-s",,VFB_jrmc2jdk,L,,,Roughly traced,
156435,celltype_prediction_only,acetylcholine,dopamine,0.7666116352201258,dopamine,0.7405904806650512,KCab-m,KCab-m,KCab-m_L,Kenyon_Cell,,cb_intrinsic,11862,KCab,"KCab-m,KCab-c,KCab-s",,VFB_jrmc2j1e,L,,,Roughly traced,
157037,celltype_prediction_only,acetylcholine,dopamine,0.7433631658961223,dopamine,0.7405904806650512,KCab-m,KCab-m,KCab-m_R,Kenyon_Cell,,cb_intrinsic,11862,KCab,"KCab-m,KCab-c,KCab-s",,VFB_jrmc2jcb,R,,,Roughly traced,
157610,celltype_prediction_only,acetylcholine,dopamine,0.6619319791489603,dopamine,0.7405904806650512,KCab-m,KCab-m,KCab-m_R,Kenyon_Cell,,cb_intrinsic,11862,KCab,"KCab-m,KCab-c,KCab-s",,VFB_jrmc2j4c,R,,,Roughly traced,
158344,celltype_prediction_only,acetylcholine,dopamine,0.7924369801176709,dopamine,0.7405904806650512,KCab-m,KCab-m,KCab-m_R,Kenyon_Cell,,cb_intrinsic,11862,KCab,"KCab-m,KCab-c,KCab-s",,VFB_jrmc2jd5,R,,,Roughly traced,
158368,celltype_prediction_only,acetylcholine,dopamine,0.7168936309985353,dopamine,0.7405904806650512,KCab-m,KCab-m,KCab-m_L,Kenyon_Cell,,cb_intrinsic,11862,KCab,"KCab-m,KCab-c,KCab-s",,VFB_jrmc2j1f,L,,,Roughly traced,
158470,celltype_prediction_only,acetylcholine,dopamine,0.6753515485938056,dopamine,0.7405904806650512,KCab-m,KCab-m,KCab-m_L,Kenyon_Cell,,cb_intrinsic,11862,KCab,"KCab-m,KCab-c,KCab-s",,VFB_jrmc2j7r,L,,,Roughly traced,
158876,celltype_prediction_only,acetylcholine,dopamine,0.7868690157702056,dopamine,0.7405904806650512,KCab-m,KCab-m,KCab-m_L,Kenyon_Cell,,cb_intrinsic,11862,KCab,"KCab-m,KCab-c,KCab-s",,VFB_jrmc2j1g,L,,,Roughly traced,
159286,celltype_prediction_only,acetylcholine,dopamine,0.7572606189043843,dopamine,0.7405904806650512,KCab-m,KCab-m,KCab-m_L,Kenyon_Cell,,cb_intrinsic,11862,KCab,"KCab-m,KCab-c,KCab-s",,VFB_jrmc2j7s,L,,,Roughly traced,
159347,celltype_prediction_only,acetylcholine,dopamine,0.7958720634480206,dopamine,0.7405904806650512,KCab-m,KCab-m,KCab-m_L,Kenyon_Cell,,cb_intrinsic,11862,KCab,"KCab-m,KCab-c,KCab-s",,VFB_jrmc2j7t,L,,,Roughly traced,
159383,celltype_prediction_only,acetylcholine,dopamine,0.7715592243186583,dopamine,0.7405904806650512,KCab-m,KCab-m,KCab-m_L,Kenyon_Cell,,cb_intrinsic,11862,KCab,"KCab-m,KCab-c,KCab-s",,VFB_jrmc2jcj,L,,,Roughly traced,
159654,celltype_prediction_only,acetylcholine,dopamine,0.7613310696284402,dopamine,0.7405904806650512,KCab-m,KCab-m,KCab-m_L,Kenyon_Cell,,cb_intrinsic,11862,KCab,"KCab-m,KCab-c,KCab-s",,VFB_jrmc2j1h,L,,,Roughly traced,
159665,celltype_prediction_only,acetylcholine,dopamine,0.7254360295830422,dopamine,0.7405904806650512,KCab-m,KCab-m,KCab-m_L,Kenyon_Cell,,cb_intrinsic,11862,KCab,"KCab-m,KCab-c,KCab-s",,VFB_jrmc2j1i,L,,,Roughly traced,
159685,celltype_prediction_only,acetylcholine,dopamine,0.7554546825191695,dopamine,0.7405904806650512,KCab-m,KCab-m,KCab-m_L,Kenyon_Cell,,cb_intrinsic,11862,KCab,"KCab-m,KCab-c,KCab-s",,VFB_jrmc2j5u,L,,,Roughly traced,
159764,celltype_prediction_only,acetylcholine,dopamine,0.8264226629946483,dopamine,0.7405904806650512,KCab-m,KCab-m,KCab-m_L,Kenyon_Cell,,cb_intrinsic,11862,KCab,"KCab-m,KCab-c,KCab-s",,VFB_jrmc2j1j,L,,,Roughly traced,
160681,celltype_prediction_only,acetylcholine,dopamine,0.7856463091691492,dopamine,0.7405904806650512,KCab-m,KCab-m,KCab-m_L,Kenyon_Cell,,cb_intrinsic,11862,KCab,"KCab-m,KCab-c,KCab-s",,VFB_jrmc2j1k,L,,,Roughly traced,
160750,celltype_prediction_only,acetylcholine,dopamine,0.6772652069839481,dopamine,0.7405904806650512,KCab-m,KCab-m,KCab-m_L,Kenyon_Cell,,cb_intrinsic,11862,KCab,"KCab-m,KCab-c,KCab-s",,VFB_jrmc2jat,L,,,Roughly traced,
160889,celltype_prediction_only,acetylcholine,dopamine,0.7156287109117297,dopamine,0.7405904806650512,KCab-m,KCab-m,KCab-m_R,Kenyon_Cell,,cb_intrinsic,11862,KCab,"KCab-m,KCab-c,KCab-s",,VFB_jrmc2j9o,R,,,Prelim Roughly traced,
161432,celltype_prediction_only,acetylcholine,dopamine,0.767781565003877,dopamine,0.7405904806650512,KCab-m,KCab-m,KCab-m_R,Kenyon_Cell,,cb_intrinsic,11862,KCab,"KCab-m,KCab-c,KCab-s",,VFB_jrmc2j4d,R,,,Prelim Roughly traced,
161529,celltype_prediction_only,acetylcholine,dopamine,0.7428140910452231,dopamine,0.7405904806650512,KCab-m,KCab-m,KCab-m_R,Kenyon_Cell,,cb_intrinsic,11862,KCab,"KCab-m,KCab-c,KCab-s",,VFB_jrmc2j4e,R,,,Prelim Roughly traced,
161627,celltype_prediction_only,acetylcholine,dopamine,0.7842737058538946,dopamine,0.7405904806650512,KCab-m,KCab-m,KCab-m_L,Kenyon_Cell,,cb_intrinsic,11862,KCab,"KCab-m,KCab-c,KCab-s",,VFB_jrmc2j1l,L,,,Roughly traced,
161786,celltype_prediction_only,acetylcholine,dopamine,0.7391160473623412,dopamine,0.7405904806650512,KCab-m,KCab-m,KCab-m_R,Kenyon_Cell,,cb_intrinsic,11862,KCab,"KCab-m,KCab-c,KCab-s",,VFB_jrmc2j4f,R,,,Prelim Roughly traced,
162607,celltype_prediction_only,acetylcholine,dopamine,0.7571174804359306,dopamine,0.7405904806650512,KCab-m,KCab-m,KCab-m_L,Kenyon_Cell,,cb_intrinsic,11862,KCab,"KCab-m,KCab-c,KCab-s",,VFB_jrmc2jau,L,,,Roughly traced,
162655,celltype_prediction_only,acetylcholine,dopamine,0.7866711236567128,dopamine,0.7405904806650512,KCab-m,KCab-m,KCab-m_L,Kenyon_Cell,,cb_intrinsic,11862,KCab,"KCab-m,KCab-c,KCab-s",,VFB_jrmc2jck,L,,,Roughly traced,
163450,celltype_prediction_only,acetylcholine,dopamine,0.7708745656858864,dopamine,0.7405904806650512,KCab-m,KCab-m,KCab-m_L,Kenyon_Cell,,cb_intrinsic,11862,KCab,"KCab-m,KCab-c,KCab-s",,VFB_jrmc2j1m,L,,,Roughly traced,
163500,celltype_prediction_only,acetylcholine,dopamine,0.7389656334231807,dopamine,0.7405904806650512,KCab-m,KCab-m,KCab-m_L,Kenyon_Cell,,cb_intrinsic,11862,KCab,"KCab-m,KCab-c,KCab-s",,VFB_jrmc2j1n,L,,,Roughly traced,
163739,celltype_prediction_only,acetylcholine,dopamine,0.7522364553787972,dopamine,0.7405904806650512,KCab-m,KCab-m,KCab-m_L,Kenyon_Cell,,cb_intrinsic,11862,KCab,"KCab-m,KCab-c,KCab-s",,VFB_jrmc2j5v,L,,,Roughly traced,
163889,celltype_prediction_only,acetylcholine,dopamine,0.6295133363643253,dopamine,0.7405904806650512,KCab-m,KCab-m,KCab-m_L,Kenyon_Cell,,cb_intrinsic,11862,KCab,"KCab-m,KCab-c,KCab-s",,VFB_jrmc2jav,L,,,Roughly traced,
164099,celltype_prediction_only,acetylcholine,dopamine,0.7990369496855346,dopamine,0.7405904806650512,KCab-m,KCab-m,KCab-m_L,Kenyon_Cell,,cb_intrinsic,11862,KCab,"KCab-m,KCab-c,KCab-s",,VFB_jrmc2jaw,L,,,Roughly traced,
164412,celltype_prediction_only,acetylcholine,dopamine,0.7513638343532211,dopamine,0.7405904806650512,KCab-m,KCab-m,KCab-m_L,Kenyon_Cell,,cb_intrinsic,11862,KCab,"KCab-m,KCab-c,KCab-s",,VFB_jrmc2jcl,L,,,Roughly traced,
164966,celltype_prediction_only,acetylcholine,dopamine,0.7819990544047147,dopamine,0.7405904806650512,KCab-m,KCab-m,KCab-m_L,Kenyon_Cell,,cb_intrinsic,11862,KCab,"KCab-m,KCab-c,KCab-s",,VFB_jrmc2jdl,L,,,Roughly traced,
165176,celltype_prediction_only,acetylcholine,dopamine,0.7543777461876454,dopamine,0.7405904806650512,KCab-m,KCab-m,KCab-m_L,Kenyon_Cell,,cb_intrinsic,11862,KCab,"KCab-m,KCab-c,KCab-s",,VFB_jrmc2j1o,L,,,Roughly traced,
165260,celltype_prediction_only,acetylcholine,dopamine,0.7610206068557624,dopamine,0.7405904806650512,KCab-m,KCab-m,KCab-m_L,Kenyon_Cell,,cb_intrinsic,11862,KCab,"KCab-m,KCab-c,KCab-s",,VFB_jrmc2j7u,L,,,Roughly traced,
165355,celltype_prediction_only,acetylcholine,dopamine,0.7523927267194157,dopamine,0.7405904806650512,KCab-m,KCab-m,KCab-m_L,Kenyon_Cell,,cb_intrinsic,11862,KCab,"KCab-m,KCab-c,KCab-s",,VFB_jrmc2j1p,L,,,Roughly traced,
165359,celltype_prediction_only,acetylcholine,dopamine,0.7400018664313832,dopamine,0.7405904806650512,KCab-m,KCab-m,KCab-m_L,Kenyon_Cell,,cb_intrinsic,11862,KCab,"KCab-m,KCab-c,KCab-s",,VFB_jrmc2j7v,L,,,Roughly traced,
165660,celltype_prediction_only,acetylcholine,dopamine,0.7264592779484179,dopamine,0.7405904806650512,KCab-m,KCab-m,KCab-m_L,Kenyon_Cell,,cb_intrinsic,11862,KCab,"KCab-m,KCab-c,KCab-s",,VFB_jrmc2j1q,L,,,Roughly traced,
166005,celltype_prediction_only,acetylcholine,dopamine,0.7640708711856511,dopamine,0.7405904806650512,KCab-m,KCab-m,KCab-m_R,Kenyon_Cell,,cb_intrinsic,11862,KCab,"KCab-m,KCab-c,KCab-s",,VFB_jrmc2j9p,R,,,Prelim Roughly traced,
166049,celltype_prediction_only,acetylcholine,dopamine,0.7753710790712393,dopamine,0.7405904806650512,KCab-m,KCab-m,KCab-m_L,Kenyon_Cell,,cb_intrinsic,11862,KCab,"KCab-m,KCab-c,KCab-s",,VFB_jrmc2j1r,L,,,Roughly traced,
166283,celltype_prediction_only,acetylcholine,dopamine,0.7962512556778477,dopamine,0.7405904806650512,KCab-m,KCab-m,KCab-m_L,Kenyon_Cell,,cb_intrinsic,11862,KCab,"KCab-m,KCab-c,KCab-s",,VFB_jrmc2jdf,L,,,Roughly traced,
166289,celltype_prediction_only,acetylcholine,dopamine,0.790868865855677,dopamine,0.7405904806650512,KCab-m,KCab-m,KCab-m_L,Kenyon_Cell,,cb_intrinsic,11862,KCab,"KCab-m,KCab-c,KCab-s",,VFB_jrmc2j7w,L,,,Roughly traced,
166699,celltype_prediction_only,acetylcholine,dopamine,0.7457126978963349,dopamine,0.7405904806650512,KCab-m,KCab-m,KCab-m_L,Kenyon_Cell,,cb_intrinsic,11862,KCab,"KCab-m,KCab-c,KCab-s",,VFB_jrmc2j7x,L,,,Roughly traced,
166749,celltype_prediction_only,acetylcholine,dopamine,0.6853710462287105,dopamine,0.7405904806650512,KCab-m,KCab-m,KCab-m_L,Kenyon_Cell,,cb_intrinsic,11862,KCab,"KCab-m,KCab-c,KCab-s",,VFB_jrmc2j7y,L,,,Roughly traced,
166876,celltype_prediction_only,acetylcholine,dopamine,0.7363002072612922,dopamine,0.7405904806650512,KCab-m,KCab-m,KCab-m_L,Kenyon_Cell,,cb_intrinsic,11862,KCab,"KCab-m,KCab-c,KCab-s",,VFB_jrmc2jcm,L,,,Roughly traced,
166914,celltype_prediction_only,acetylcholine,dopamine,0.6977811725748047,dopamine,0.7405904806650512,KCab-m,KCab-m,KCab-m_R,Kenyon_Cell,,cb_intrinsic,11862,KCab,"KCab-m,KCab-c,KCab-s",,VFB_jrmc2jdr,R,,,Prelim Roughly traced,
166957,celltype_prediction_only,acetylcholine,dopamine,0.800508502583824,dopamine,0.7405904806650512,KCab-m,KCab-m,KCab-m_L,Kenyon_Cell,,cb_intrinsic,11862,KCab,"KCab-m,KCab-c,KCab-s",,VFB_jrmc2jcn,L,,,Roughly traced,
167187,celltype_prediction_only,acetylcholine,dopamine,0.7690079599056603,dopamine,0.7405904806650512,KCab-m,KCab-m,KCab-m_L,Kenyon_Cell,,cb_intrinsic,11862,KCab,"KCab-m,KCab-c,KCab-s",,VFB_jrmc2j7z,L,,,Roughly traced,
167201,celltype_prediction_only,acetylcholine,dopamine,0.7340722208057113,dopamine,0.7405904806650512,KCab-m,KCab-m,KCab-m_L,Kenyon_Cell,,cb_intrinsic,11862,KCab,"KCab-m,KCab-c,KCab-s",,VFB_jrmc2j80,L,,,Roughly traced,
167235,celltype_prediction_only,acetylcholine,dopamine,0.7331862006464012,dopamine,0.7405904806650512,KCab-m,KCab-m,KCab-m_L,Kenyon_Cell,,cb_intrinsic,11862,KCab,"KCab-m,KCab-c,KCab-s",,VFB_jrmc2j1s,L,,,Roughly traced,
167305,celltype_prediction_only,acetylcholine,dopamine,0.730709057020284,dopamine,0.7405904806650512,KCab-m,KCab-m,KCab-m_L,Kenyon_Cell,,cb_intrinsic,11862,KCab,"KCab-m,KCab-c,KCab-s",,VFB_jrmc2jdg,L,,,Roughly traced,
168234,celltype_prediction_only,acetylcholine,dopamine,0.7299636631505968,dopamine,0.7405904806650512,KCab-m,KCab-m,KCab-m_L,Kenyon_Cell,,cb_intrinsic,11862,KCab,"KCab-m,KCab-c,KCab-s",,VFB_jrmc2j81,L,,,Roughly traced,
168315,celltype_prediction_only,acetylcholine,dopamine,0.7965476487983673,dopamine,0.7405904806650512,KCab-m,KCab-m,KCab-m_L,Kenyon_Cell,,cb_intrinsic,11862,KCab,"KCab-m,KCab-c,KCab-s",,VFB_jrmc2j1t,L,,,Roughly traced,
168459,celltype_prediction_only,acetylcholine,dopamine,0.747226761749121,dopamine,0.7405904806650512,KCab-m,KCab-m,KCab-m_L,Kenyon_Cell,,cb_intrinsic,11862,KCab,"KCab-m,KCab-c,KCab-s",,VFB_jrmc2j1u,L,,,Roughly traced,
168916,celltype_prediction_only,acetylcholine,dopamine,0.7806471768515911,dopamine,0.7405904806650512,KCab-m,KCab-m,KCab-m_L,Kenyon_Cell,,cb_intrinsic,11862,KCab,"KCab-m,KCab-c,KCab-s",,VFB_jrmc2j5w,L,,,Roughly traced,
169141,celltype_prediction_only,acetylcholine,dopamine,0.771813697963462,dopamine,0.7405904806650512,KCab-m,KCab-m,KCab-m_R,Kenyon_Cell,,cb_intrinsic,11862,KCab,"KCab-m,KCab-c,KCab-s",,VFB_jrmc2j4g,R,,,Prelim Roughly traced,
169420,celltype_prediction_only,acetylcholine,dopamine,0.7792078594813474,dopamine,0.7405904806650512,KCab-m,KCab-m,KCab-m_L,Kenyon_Cell,,cb_intrinsic,11862,KCab,"KCab-m,KCab-c,KCab-s",,VFB_jrmc2j82,L,,,Roughly traced,
169484,celltype_prediction_only,acetylcholine,dopamine,0.8171438496416558,dopamine,0.7405904806650512,KCab-m,KCab-m,KCab-m_L,Kenyon_Cell,,cb_intrinsic,11862,KCab,"KCab-m,KCab-c,KCab-s",,VFB_jrmc2j83,L,,,Roughly traced,
170466,celltype_prediction_only,acetylcholine,dopamine,0.6647412051950709,dopamine,0.7405904806650512,KCab-m,KCab-m,KCab-m_R,Kenyon_Cell,,cb_intrinsic,11862,KCab,"KCab-m,KCab-c,KCab-s",,VFB_jrmc2j9q,R,,,Prelim Roughly traced,
170474,celltype_prediction_only,acetylcholine,dopamine,0.7329527448686071,dopamine,0.7405904806650512,KCab-m,KCab-m,KCab-m_L,Kenyon_Cell,,cb_intrinsic,11862,KCab,"KCab-m,KCab-c,KCab-s",,VFB_jrmc2jax,L,,,Roughly traced,
171340,celltype_prediction_only,acetylcholine,dopamine,0.6426559224318659,dopamine,0.7405904806650512,KCab-m,KCab-m,KCab-m_L,Kenyon_Cell,,cb_intrinsic,11862,KCab,"KCab-m,KCab-c,KCab-s",,VFB_jrmc2j1v,L,,,Roughly traced,
172186,celltype_prediction_only,acetylcholine,dopamine,0.7071142101905022,dopamine,0.7405904806650512,KCab-m,KCab-m,KCab-m_R,Kenyon_Cell,,cb_intrinsic,11862,KCab,"KCab-m,KCab-c,KCab-s",,VFB_jrmc2j9r,R,,,Prelim Roughly traced,
172288,celltype_prediction_only,acetylcholine,dopamine,0.7206974050602525,dopamine,0.7405904806650512,KCab-m,KCab-m,KCab-m_L,Kenyon_Cell,,cb_intrinsic,11862,KCab,"KCab-m,KCab-c,KCab-s",,VFB_jrmc2j1w,L,,,Roughly traced,
172379,celltype_prediction_only,acetylcholine,dopamine,0.7281102594339622,dopamine,0.7405904806650512,KCab-m,KCab-m,KCab-m_L,Kenyon_Cell,,cb_intrinsic,11862,KCab,"KCab-m,KCab-c,KCab-s",,VFB_jrmc2j84,L,,,Roughly traced,
172635,celltype_prediction_only,acetylcholine,dopamine,0.7391646158053049,dopamine,0.7405904806650512,KCab-m,KCab-m,KCab-m_R,Kenyon_Cell,,cb_intrinsic,11862,KCab,"KCab-m,KCab-c,KCab-s",,VFB_jrmc2j9s,R,,,Prelim Roughly traced,
173157,celltype_prediction_only,acetylcholine,dopamine,0.7447297926857674,dopamine,0.7405904806650512,KCab-m,KCab-m,KCab-m_R,Kenyon_Cell,,cb_intrinsic,11862,KCab,"KCab-m,KCab-c,KCab-s",,VFB_jrmc2jc4,R,,,Prelim Roughly traced,
173781,celltype_prediction_only,acetylcholine,dopamine,0.7698879993799274,dopamine,0.7405904806650512,KCab-m,KCab-m,KCab-m_L,Kenyon_Cell,,cb_intrinsic,11862,KCab,"KCab-m,KCab-c,KCab-s",,VFB_jrmc2j5x,L,,,Roughly traced,
174029,celltype_prediction_only,acetylcholine,dopamine,0.7582402072516989,dopamine,0.7405904806650512,KCab-m,KCab-m,KCab-m_L,Kenyon_Cell,,cb_intrinsic,11862,KCab,"KCab-m,KCab-c,KCab-s",,VFB_jrmc2jdh,L,,,Roughly traced,
174185,celltype_prediction_only,acetylcholine,dopamine,0.7536329353380503,dopamine,0.7405904806650512,KCab-m,KCab-m,KCab-m_L,Kenyon_Cell,,cb_intrinsic,11862,KCab,"KCab-m,KCab-c,KCab-s",,VFB_jrmc2j1x,L,,,Roughly traced,
174587,celltype_prediction_only,acetylcholine,dopamine,0.7972665699080793,dopamine,0.7405904806650512,KCab-m,KCab-m,KCab-m_R,Kenyon_Cell,,cb_intrinsic,11862,KCab,"KCab-m,KCab-c,KCab-s",,VFB_jrmc2j4h,R,,,Prelim Roughly traced,
175745,celltype_prediction_only,acetylcholine,dopamine,0.7047225037683871,dopamine,0.7405904806650512,KCab-m,KCab-m,KCab-m_L,Kenyon_Cell,,cb_intrinsic,11862,KCab,"KCab-m,KCab-c,KCab-s",,VFB_jrmc2jdo,L,,,Roughly traced,
176147,celltype_prediction_only,acetylcholine,dopamine,0.7361895605496135,dopamine,0.7405904806650512,KCab-m,KCab-m,KCab-m_L,Kenyon_Cell,,cb_intrinsic,11862,KCab,"KCab-m,KCab-c,KCab-s",,VFB_jrmc2j1y,L,,,Roughly traced,
176508,celltype_prediction_only,acetylcholine,dopamine,0.7356322660567944,dopamine,0.7405904806650512,KCab-m,KCab-m,KCab-m_L,Kenyon_Cell,,cb_intrinsic,11862,KCab,"KCab-m,KCab-c,KCab-s",,VFB_jrmc2j20,L,,,Roughly traced,
176984,celltype_prediction_only,acetylcholine,dopamine,0.7219416151833918,dopamine,0.7405904806650512,KCab-m,KCab-m,KCab-m_L,Kenyon_Cell,,cb_intrinsic,11862,KCab,"KCab-m,KCab-c,KCab-s",,VFB_jrmc2j21,L,,,Roughly traced,
177010,celltype_prediction_only,acetylcholine,dopamine,0.7002439983126246,dopamine,0.7405904806650512,KCab-m,KCab-m,KCab-m_L,Kenyon_Cell,,cb_intrinsic,11862,KCab,"KCab-m,KCab-c,KCab-s",,VFB_jrmc2j85,L,,,Roughly traced,
177085,celltype_prediction_only,acetylcholine,dopamine,0.7339102473164042,dopamine,0.7405904806650512,KCab-m,KCab-m,KCab-m_L,Kenyon_Cell,,cb_intrinsic,11862,KCab,"KCab-m,KCab-c,KCab-s",,VFB_jrmc2je1,L,,,Roughly traced,
177835,celltype_prediction_only,acetylcholine,dopamine,0.793698926111325,dopamine,0.7405904806650512,KCab-m,KCab-m,KCab-m_L,Kenyon_Cell,,cb_intrinsic,11862,KCab,"KCab-m,KCab-c,KCab-s",,VFB_jrmc2j5y,L,,,Roughly traced,
178189,celltype_prediction_only,acetylcholine,dopamine,0.735793863616783,dopamine,0.7405904806650512,KCab-m,KCab-m,KCab-m_L,Kenyon_Cell,,cb_intrinsic,11862,KCab,"KCab-m,KCab-c,KCab-s",,VFB_jrmc2jce,L,,,Roughly traced,
178810,celltype_prediction_only,acetylcholine,dopamine,0.6650150128817155,dopamine,0.7405904806650512,KCab-m,KCab-m,KCab-m_R,Kenyon_Cell,,cb_intrinsic,11862,KCab,"KCab-m,KCab-c,KCab-s",,VFB_jrmc2j4i,R,,,Roughly traced,
178917,celltype_prediction_only,acetylcholine,dopamine,0.7616815476190476,dopamine,0.7405904806650512,KCab-m,KCab-m,KCab-m_L,Kenyon_Cell,,cb_intrinsic,11862,KCab,"KCab-m,KCab-c,KCab-s",,VFB_jrmc2j86,L,,,Roughly traced,
179529,celltype_prediction_only,acetylcholine,dopamine,0.7785535186773395,dopamine,0.7405904806650512,KCab-m,KCab-m,KCab-m_L,Kenyon_Cell,,cb_intrinsic,11862,KCab,"KCab-m,KCab-c,KCab-s",,VFB_jrmc2jdm,L,,,Roughly traced,
179669,celltype_prediction_only,acetylcholine,dopamine,0.7534387584272205,dopamine,0.7405904806650512,KCab-m,KCab-m,KCab-m_L,Kenyon_Cell,,cb_intrinsic,11862,KCab,"KCab-m,KCab-c,KCab-s",,VFB_jrmc2j87,L,,,Roughly traced,
181464,celltype_prediction_only,acetylcholine,dopamine,0.8273936610393908,dopamine,0.7405904806650512,KCab-m,KCab-m,KCab-m_R,Kenyon_Cell,,cb_intrinsic,11862,KCab,"KCab-m,KCab-c,KCab-s",,VFB_jrmc2j4j,R,,,Prelim Roughly traced,
181884,celltype_prediction_only,acetylcholine,dopamine,0.7785237397560512,dopamine,0.7405904806650512,KCab-m,KCab-m,KCab-m_L,Kenyon_Cell,,cb_intrinsic,11862,KCab,"KCab-m,KCab-c,KCab-s",,VFB_jrmc2j22,L,,,Roughly traced,
185892,celltype_prediction_only,acetylcholine,dopamine,0.7439502708534178,dopamine,0.7405904806650512,KCab-m,KCab-m,KCab-m_L,Kenyon_Cell,,cb_intrinsic,11862,KCab,"KCab-m,KCab-c,KCab-s",,VFB_jrmc2j5z,L,,,Roughly traced,
186043,celltype_prediction_only,acetylcholine,dopamine,0.733942384153835,dopamine,0.7405904806650512,KCab-m,KCab-m,KCab-m_R,Kenyon_Cell,,cb_intrinsic,11862,KCab,"KCab-m,KCab-c,KCab-s",,VFB_jrmc2j4k,R,,,Roughly traced,
186170,celltype_prediction_only,acetylcholine,dopamine,0.7231555786980315,dopamine,0.7405904806650512,KCab-m,KCab-m,KCab-m_L,Kenyon_Cell,,cb_intrinsic,11862,KCab,"KCab-m,KCab-c,KCab-s",,VFB_jrmc2j60,L,,,Roughly traced,
186833,celltype_prediction_only,acetylcholine,dopamine,0.6889758114330639,dopamine,0.7405904806650512,KCab-m,KCab-m,KCab-m_R,Kenyon_Cell,,cb_intrinsic,11862,KCab,"KCab-m,KCab-c,KCab-s",,VFB_jrmc2j9t,R,,,Roughly traced,
188114,celltype_prediction_only,acetylcholine,dopamine,0.8109263967164911,dopamine,0.7405904806650512,KCab-m,KCab-m,KCab-m_L,Kenyon_Cell,,cb_intrinsic,11862,KCab,"KCab-m,KCab-c,KCab-s",,VFB_jrmc2j23,L,,,Roughly traced,
189068,celltype_prediction_only,acetylcholine,dopamine,0.6653054390868856,dopamine,0.7405904806650512,KCab-m,KCab-m,KCab-m_R,Kenyon_Cell,,cb_intrinsic,11862,KCab,"KCab-m,KCab-c,KCab-s",,VFB_jrmc2j4l,R,,,Roughly traced,
191728,celltype_prediction_only,acetylcholine,dopamine,0.7687934188350393,dopamine,0.7405904806650512,KCab-m,KCab-m,KCab-m_L,Kenyon_Cell,,cb_intrinsic,11862,KCab,"KCab-m,KCab-c,KCab-s",,VFB_jrmc2j88,L,,,Roughly traced,
192146,celltype_prediction_only,acetylcholine,dopamine,0.7240327806365542,dopamine,0.7405904806650512,KCab-m,KCab-m,KCab-m_L,Kenyon_Cell,,cb_intrinsic,11862,KCab,"KCab-m,KCab-c,KCab-s",,VFB_jrmc2j89,L,,,Roughly traced,
193963,celltype_prediction_only,acetylcholine,dopamine,0.738141602532274,dopamine,0.7405904806650512,KCab-m,KCab-m,KCab-m_L,Kenyon_Cell,,cb_intrinsic,11862,KCab,"KCab-m,KCab-c,KCab-s",,VFB_jrmc2j61,L,,,Roughly traced,
195206,celltype_prediction_only,acetylcholine,dopamine,0.8282998179410791,dopamine,0.7405904806650512,KCab-m,KCab-m,KCab-m_R,Kenyon_Cell,,cb_intrinsic,11862,KCab,"KCab-m,KCab-c,KCab-s",,VFB_jrmc2j4m,R,,,Prelim Roughly traced,
195397,celltype_prediction_only,acetylcholine,dopamine,0.8132887840670859,dopamine,0.7405904806650512,KCab-m,KCab-m,KCab-m_L,Kenyon_Cell,,cb_intrinsic,11862,KCab,"KCab-m,KCab-c,KCab-s",,VFB_jrmc2jay,L,,,Roughly traced,
197319,celltype_prediction_only,acetylcholine,dopamine,0.7221362043305007,dopamine,0.7405904806650512,KCab-m,KCab-m,KCab-m_R,Kenyon_Cell,,cb_intrinsic,11862,KCab,"KCab-m,KCab-c,KCab-s",,VFB_jrmc2j9u,R,,,Roughly traced,
198145,celltype_prediction_only,acetylcholine,dopamine,0.7565930531732419,dopamine,0.7405904806650512,KCab-m,KCab-m,KCab-m_L,Kenyon_Cell,,cb_intrinsic,11862,KCab,"KCab-m,KCab-c,KCab-s",,VFB_jrmc2je5,L,,,Roughly traced,
205250,celltype_prediction_only,acetylcholine,dopamine,0.7842242357296393,dopamine,0.7405904806650512,KCab-m,KCab-m,KCab-m_L,Kenyon_Cell,,cb_intrinsic,11862,KCab,"KCab-m,KCab-c,KCab-s",,VFB_jrmc2j8a,L,,,Roughly traced,
207353,celltype_prediction_only,acetylcholine,dopamine,0.7673319939436292,dopamine,0.7405904806650512,KCab-m,KCab-m,KCab-m_L,Kenyon_Cell,,cb_intrinsic,11862,KCab,"KCab-m,KCab-c,KCab-s",,VFB_jrmc2j24,L,,,Roughly traced,
210806,celltype_prediction_only,acetylcholine,dopamine,0.7846389653214536,dopamine,0.7405904806650512,KCab-m,KCab-m,KCab-m_L,Kenyon_Cell,,cb_intrinsic,11862,KCab,"KCab-m,KCab-c,KCab-s",,VFB_jrmc2j62,L,,,Roughly traced,
211474,celltype_prediction_only,acetylcholine,dopamine,0.7070866187928283,dopamine,0.7405904806650512,KCab-m,KCab-m,KCab-m_R,Kenyon_Cell,,cb_intrinsic,11862,KCab,"KCab-m,KCab-c,KCab-s",,VFB_jrmc2jd6,R,,,Prelim Roughly traced,
213934,celltype_prediction_only,acetylcholine,dopamine,0.6992199582431178,dopamine,0.7405904806650512,KCab-m,KCab-m,KCab-m_R,Kenyon_Cell,,cb_intrinsic,11862,KCab,"KCab-m,KCab-c,KCab-s",,VFB_jrmc2jc5,R,,,Prelim Roughly traced,
214044,celltype_prediction_only,acetylcholine,dopamine,0.7563673669655203,dopamine,0.7405904806650512,KCab-m,KCab-m,KCab-m_R,Kenyon_Cell,,cb_intrinsic,11862,KCab,"KCab-m,KCab-c,KCab-s",,VFB_jrmc2j4n,R,,,Prelim Roughly traced,
218356,celltype_prediction_only,acetylcholine,dopamine,0.7706580401155873,dopamine,0.7405904806650512,KCab-m,KCab-m,KCab-m_R,Kenyon_Cell,,cb_intrinsic,11862,KCab,"KCab-m,KCab-c,KCab-s",,VFB_jrmc2j4o,R,,,Prelim Roughly traced,
223880,celltype_prediction_only,acetylcholine,dopamine,0.7124722530521643,dopamine,0.7405904806650512,KCab-m,KCab-m,KCab-m_R,Kenyon_Cell,,cb_intrinsic,11862,KCab,"KCab-m,KCab-c,KCab-s",,VFB_jrmc2jc6,R,,,Prelim Roughly traced,
237248,celltype_prediction_only,acetylcholine,dopamine,0.7377951335189195,dopamine,0.7405904806650512,KCab-m,KCab-m,KCab-m_L,Kenyon_Cell,,cb_intrinsic,11862,KCab,"KCab-m,KCab-c,KCab-s",,VFB_jrmc2j25,L,,,Roughly traced,
257083,celltype_prediction_only,acetylcholine,dopamine,0.7659302240826357,dopamine,0.7405904806650512,KCab-m,KCab-m,KCab-m_L,Kenyon_Cell,,cb_intrinsic,11862,KCab,"KCab-m,KCab-c,KCab-s",,VFB_jrmc2j8b,L,,,Roughly traced,
261849,celltype_prediction_only,acetylcholine,dopamine,0.6499383213171753,dopamine,0.7405904806650512,KCab-m,KCab-m,KCab-m_R,Kenyon_Cell,,cb_intrinsic,11862,KCab,"KCab-m,KCab-c,KCab-s",,VFB_jrmc2j4q,R,,,Prelim Roughly traced,
262117,celltype_prediction_only,acetylcholine,dopamine,0.6731659162378503,dopamine,0.7405904806650512,KCab-m,KCab-m,KCab-m_R,Kenyon_Cell,,cb_intrinsic,11862,KCab,"KCab-m,KCab-c,KCab-s",,VFB_jrmc2j9v,R,,,Prelim Roughly traced,
263358,celltype_prediction_only,acetylcholine,dopamine,0.7346920289855072,dopamine,0.7405904806650512,KCab-m,KCab-m,KCab-m_R,Kenyon_Cell,,cb_intrinsic,11862,KCab,"KCab-m,KCab-c,KCab-s",,VFB_jrmc2j9w,R,,,Prelim Roughly traced,
264746,celltype_prediction_only,acetylcholine,dopamine,0.7805675663871419,dopamine,0.7405904806650512,KCab-m,KCab-m,KCab-m_R,Kenyon_Cell,,cb_intrinsic,11862,KCab,"KCab-m,KCab-c,KCab-s",,VFB_jrmc2jc7,R,,,Prelim Roughly traced,
268292,celltype_prediction_only,acetylcholine,dopamine,0.670508952348575,dopamine,0.7405904806650512,KCab-m,KCab-m,KCab-m_R,Kenyon_Cell,,cb_intrinsic,11862,KCab,"KCab-m,KCab-c,KCab-s",,VFB_jrmc2j4r,R,,,Prelim Roughly traced,
272106,celltype_prediction_only,acetylcholine,dopamine,0.6458406669482776,dopamine,0.7405904806650512,KCab-m,KCab-m,KCab-m_R,Kenyon_Cell,,cb_intrinsic,11862,KCab,"KCab-m,KCab-c,KCab-s",,VFB_jrmc2j4s,R,,,Prelim Roughly traced,
544813,celltype_prediction_only,acetylcholine,dopamine,0.7844046476921437,dopamine,0.7405904806650512,KCab-m,KCab-m,KCab-m_L,Kenyon_Cell,,cb_intrinsic,11862,KCab,"KCab-m,KCab-c,KCab-s",,VFB_jrmc2j26,L,,,Roughly traced,
545066,celltype_prediction_only,acetylcholine,dopamine,0.6956550816736548,dopamine,0.7405904806650512,KCab-m,KCab-m,KCab-m_R,Kenyon_Cell,,cb_intrinsic,11862,KCab,"KCab-m,KCab-c,KCab-s",,VFB_jrmc2j9x,R,,,Prelim Roughly traced,
548340,celltype_prediction_only,acetylcholine,dopamine,0.8142743655715354,dopamine,0.7405904806650512,KCab-m,KCab-m,KCab-m_L,Kenyon_Cell,,cb_intrinsic,11862,KCab,"KCab-m,KCab-c,KCab-s",,VFB_jrmc2jco,L,,,Roughly traced,
549323,celltype_prediction_only,acetylcholine,dopamine,0.7452120868208256,dopamine,0.7405904806650512,KCab-m,KCab-m,KCab-m_L,Kenyon_Cell,,cb_intrinsic,11862,KCab,"KCab-m,KCab-c,KCab-s",,VFB_jrmc2j27,L,,,Roughly traced,
550365,celltype_prediction_only,acetylcholine,dopamine,0.7219139859779358,dopamine,0.7405904806650512,KCab-m,KCab-m,KCab-m_L,Kenyon_Cell,,cb_intrinsic,11862,KCab,"KCab-m,KCab-c,KCab-s",,VFB_jrmc2j28,L,,,Roughly traced,
550530,celltype_prediction_only,acetylcholine,dopamine,0.7864349941037736,dopamine,0.7405904806650512,KCab-m,KCab-m,KCab-m_L,Kenyon_Cell,,cb_intrinsic,11862,KCab,"KCab-m,KCab-c,KCab-s",,VFB_jrmc2j29,L,,,Roughly traced,
550753,celltype_prediction_only,acetylcholine,dopamine,0.6506342736764975,dopamine,0.7405904806650512,KCab-m,KCab-m,KCab-m_R,Kenyon_Cell,,cb_intrinsic,11862,KCab,"KCab-m,KCab-c,KCab-s",,VFB_jrmc2jd7,R,,,Prelim Roughly traced,
550775,celltype_prediction_only,acetylcholine,dopamine,0.7021084377147085,dopamine,0.7405904806650512,KCab-m,KCab-m,KCab-m_R,Kenyon_Cell,,cb_intrinsic,11862,KCab,"KCab-m,KCab-c,KCab-s",,VFB_jrmc2j9y,R,,,Prelim Roughly traced,
568673,celltype_prediction_only,acetylcholine,dopamine,0.7018549858370541,dopamine,0.7405904806650512,KCab-m,KCab-m,KCab-m_L,Kenyon_Cell,,cb_intrinsic,11862,KCab,"KCab-m,KCab-c,KCab-s",,VFB_jrmc2j8c,L,,,Roughly traced,
570566,celltype_prediction_only,acetylcholine,dopamine,0.7634952830188679,dopamine,0.7405904806650512,KCab-m,KCab-m,KCab-m_L,Kenyon_Cell,,cb_intrinsic,11862,KCab,"KCab-m,KCab-c,KCab-s",,VFB_jrmc2j8d,L,,,Roughly traced,
570938,celltype_prediction_only,acetylcholine,dopamine,0.7642909043262818,dopamine,0.7405904806650512,KCab-m,KCab-m,KCab-m_R,Kenyon_Cell,,cb_intrinsic,11862,KCab,"KCab-m,KCab-c,KCab-s",,VFB_jrmc2j4t,R,,,Prelim Roughly traced,
579942,celltype_prediction_only,acetylcholine,dopamine,0.7396728034356519,dopamine,0.7405904806650512,KCab-m,KCab-m,KCab-m_L,Kenyon_Cell,,cb_intrinsic,11862,KCab,"KCab-m,KCab-c,KCab-s",,VFB_jrmc2j2a,L,,,Roughly traced,
580386,celltype_prediction_only,acetylcholine,dopamine,0.8046768184304075,dopamine,0.7405904806650512,KCab-m,KCab-m,KCab-m_L,Kenyon_Cell,,cb_intrinsic,11862,KCab,"KCab-m,KCab-c,KCab-s",,VFB_jrmc2j2b,L,,,Roughly traced,
580809,celltype_prediction_only,acetylcholine,dopamine,0.7661136412925613,dopamine,0.7405904806650512,KCab-m,KCab-m,KCab-m_L,Kenyon_Cell,,cb_intrinsic,11862,KCab,"KCab-m,KCab-c,KCab-s",,VFB_jrmc2j8e,L,,,Roughly traced,
581393,celltype_prediction_only,acetylcholine,dopamine,0.7189512578616352,dopamine,0.7405904806650512,KCab-m,KCab-m,KCab-m_L,Kenyon_Cell,,cb_intrinsic,11862,KCab,"KCab-m,KCab-c,KCab-s",,VFB_jrmc2jaz,L,,,Roughly traced,
915829,celltype_prediction_only,acetylcholine,dopamine,0.7458540793151641,dopamine,0.7405904806650512,KCab-m,KCab-m,KCab-m_L,Kenyon_Cell,,cb_intrinsic,11862,KCab,"KCab-m,KCab-c,KCab-s",,VFB_jrmc2j2c,L,,,Roughly traced,
945591,celltype_prediction_only,acetylcholine,dopamine,0.6790575424762977,dopamine,0.7405904806650512,KCab-m,KCab-m,KCab-m_L,Kenyon_Cell,,cb_intrinsic,11862,KCab,,,VFB_jrmc2j2d,L,,,Prelim Roughly traced,
953362,celltype_prediction_only,acetylcholine,dopamine,0.8307223633284954,dopamine,0.7405904806650512,KCab-m,KCab-m,KCab-m_L,Kenyon_Cell,,cb_intrinsic,11862,KCab,,,VFB_jrmc2jdz,L,,,Reviewed,
34870,celltype_prediction_only,acetylcholine,dopamine,0.7011347850644195,dopamine,0.6790614158032405,KCab-p,KCab-p,KCab-p_R,Kenyon_Cell,,cb_intrinsic,11862,KCab-p,KCab-p,,VFB_jrmc2jgz,R,,,Roughly traced,
42185,celltype_prediction_only,acetylcholine,dopamine,0.6132686932215234,dopamine,0.6790614158032405,KCab-p,KCab-p,KCab-p_R,Kenyon_Cell,,cb_intrinsic,11862,KCab-p,KCab-p,,VFB_jrmc2jh4,R,,,Roughly traced,
46398,celltype_prediction_only,acetylcholine,dopamine,0.5780705184605859,dopamine,0.6790614158032405,KCab-p,KCab-p,KCab-p_R,Kenyon_Cell,,cb_intrinsic,11862,KCab-p,KCab-p,,VFB_jrmc2jfz,R,,,Roughly traced,
48219,celltype_prediction_only,acetylcholine,dopamine,0.6696985987791342,dopamine,0.6790614158032405,KCab-p,KCab-p,KCab-p_R,Kenyon_Cell,,cb_intrinsic,11862,KCab-p,KCab-p,,VFB_jrmc2jhk,R,,,Roughly traced,
51394,celltype_prediction_only,acetylcholine,dopamine,0.6977012489784316,dopamine,0.6790614158032405,KCab-p,KCab-p,KCab-p_R,Kenyon_Cell,,cb_intrinsic,11862,KCab-p,KCab-p,,VFB_jrmc2jfd,R,,,Roughly traced,
51600,celltype_prediction_only,acetylcholine,dopamine,0.6474379282831128,dopamine,0.6790614158032405,KCab-p,KCab-p,KCab-p_R,Kenyon_Cell,,cb_intrinsic,11862,KCab-p,KCab-p,,VFB_jrmc2je9,R,,,Roughly traced,
51686,celltype_prediction_only,acetylcholine,dopamine,0.6948542195815192,dopamine,0.6790614158032405,KCab-p,KCab-p,KCab-p_R,Kenyon_Cell,,cb_intrinsic,11862,KCab-p,KCab-p,,VFB_jrmc2jea,R,,,Roughly traced,
53430,celltype_prediction_only,acetylcholine,dopamine,0.6832300953763217,dopamine,0.6790614158032405,KCab-p,KCab-p,KCab-p_L,Kenyon_Cell,,cb_intrinsic,11862,KCab-p,KCab-p,,VFB_jrmc2jf2,L,,,Roughly traced,
55316,celltype_prediction_only,acetylcholine,dopamine,0.6496396750524109,dopamine,0.6790614158032405,KCab-p,KCab-p,KCab-p_L,Kenyon_Cell,,cb_intrinsic,11862,KCab-p,KCab-p,,VFB_jrmc2jfp,L,,,Roughly traced,
55946,celltype_prediction_only,acetylcholine,dopamine,0.7330033274828142,dopamine,0.6790614158032405,KCab-p,KCab-p,KCab-p_R,Kenyon_Cell,,cb_intrinsic,11862,KCab-p,KCab-p,,VFB_jrmc2jfe,R,,,Roughly traced,
56352,celltype_prediction_only,acetylcholine,dopamine,0.6498744322152341,dopamine,0.6790614158032405,KCab-p,KCab-p,KCab-p_L,Kenyon_Cell,,cb_intrinsic,11862,KCab-p,KCab-p,,VFB_jrmc2jg7,L,,,Roughly traced,
57244,celltype_prediction_only,acetylcholine,dopamine,0.6576301057433133,dopamine,0.6790614158032405,KCab-p,KCab-p,KCab-p_L,Kenyon_Cell,,cb_intrinsic,11862,KCab-p,KCab-p,,VFB_jrmc2jgr,L,,,Roughly traced,
57865,celltype_prediction_only,acetylcholine,dopamine,0.7055206516568892,dopamine,0.6790614158032405,KCab-p,KCab-p,KCab-p_R,Kenyon_Cell,,cb_intrinsic,11862,KCab-p,KCab-p,,VFB_jrmc2jhj,R,,,Roughly traced,
58169,celltype_prediction_only,acetylcholine,dopamine,0.5927653687261069,dopamine,0.6790614158032405,KCab-p,KCab-p,KCab-p_R,Kenyon_Cell,,cb_intrinsic,11862,KCab-p,KCab-p,,VFB_jrmc2jff,R,,,Roughly traced,
58295,celltype_prediction_only,acetylcholine,dopamine,0.6910641932752781,dopamine,0.6790614158032405,KCab-p,KCab-p,KCab-p_R,Kenyon_Cell,,cb_intrinsic,11862,KCab-p,KCab-p,,VFB_jrmc2jfy,R,,,Roughly traced,
59787,celltype_prediction_only,acetylcholine,dopamine,0.6711841879942712,dopamine,0.6790614158032405,KCab-p,KCab-p,KCab-p_R,Kenyon_Cell,,cb_intrinsic,11862,KCab-p,KCab-p,,VFB_jrmc2jeb,R,,,Roughly traced,
60166,celltype_prediction_only,acetylcholine,dopamine,0.7300772363843169,dopamine,0.6790614158032405,KCab-p,KCab-p,KCab-p_L,Kenyon_Cell,,cb_intrinsic,11862,KCab-p,KCab-p,,VFB_jrmc2jho,L,,,Roughly traced,
61947,celltype_prediction_only,acetylcholine,dopamine,0.6503072888123386,dopamine,0.6790614158032405,KCab-p,KCab-p,KCab-p_R,Kenyon_Cell,,cb_intrinsic,11862,KCab-p,KCab-p,,VFB_jrmc2jec,R,,,Roughly traced,
62087,celltype_prediction_only,acetylcholine,dopamine,0.6728647237196766,dopamine,0.6790614158032405,KCab-p,KCab-p,KCab-p_R,Kenyon_Cell,,cb_intrinsic,11862,KCab-p,KCab-p,,VFB_jrmc2jez,R,,,Roughly traced,
62457,celltype_prediction_only,acetylcholine,dopamine,0.6703903672053474,dopamine,0.6790614158032405,KCab-p,KCab-p,KCab-p_R,Kenyon_Cell,,cb_intrinsic,11862,KCab-p,KCab-p,,VFB_jrmc2jed,R,,,Roughly traced,
62641,celltype_prediction_only,acetylcholine,dopamine,0.6712341512779338,dopamine,0.6790614158032405,KCab-p,KCab-p,KCab-p_L,Kenyon_Cell,,cb_intrinsic,11862,KCab-p,KCab-p,,VFB_jrmc2jgn,L,,,Roughly traced,
63794,celltype_prediction_only,acetylcholine,dopamine,0.6866381682389937,dopamine,0.6790614158032405,KCab-p,KCab-p,KCab-p_R,Kenyon_Cell,,cb_intrinsic,11862,KCab-p,KCab-p,,VFB_jrmc2jee,R,,,Roughly traced,
65404,celltype_prediction_only,acetylcholine,dopamine,0.7022283585296301,dopamine,0.6790614158032405,KCab-p,KCab-p,KCab-p_R,Kenyon_Cell,,cb_intrinsic,11862,KCab-p,KCab-p,,VFB_jrmc2jf4,R,,,Roughly traced,
65633,celltype_prediction_only,acetylcholine,dopamine,0.6292415169660678,dopamine,0.6790614158032405,KCab-p,KCab-p,KCab-p_L,Kenyon_Cell,,cb_intrinsic,11862,KCab-p,KCab-p,,VFB_jrmc2jh1,L,,,Roughly traced,
68484,celltype_prediction_only,acetylcholine,dopamine,0.6371845986822401,dopamine,0.6790614158032405,KCab-p,KCab-p,KCab-p_L,Kenyon_Cell,,cb_intrinsic,11862,KCab-p,KCab-p,,VFB_jrmc2jgo,L,,,Roughly traced,
69047,celltype_prediction_only,acetylcholine,dopamine,0.683618317610063,dopamine,0.6790614158032405,KCab-p,KCab-p,KCab-p_R,Kenyon_Cell,,cb_intrinsic,11862,KCab-p,KCab-p,,VFB_jrmc2jfg,R,,,Roughly traced,
69337,celltype_prediction_only,acetylcholine,dopamine,0.6276599162433478,dopamine,0.6790614158032405,KCab-p,KCab-p,KCab-p_R,Kenyon_Cell,,cb_intrinsic,11862,KCab-p,KCab-p,,VFB_jrmc2jf5,R,,,Roughly traced,
70747,celltype_prediction_only,acetylcholine,dopamine,0.6629118719330983,dopamine,0.6790614158032405,KCab-p,KCab-p,KCab-p_R,Kenyon_Cell,,cb_intrinsic,11862,KCab-p,KCab-p,,VFB_jrmc2jef,R,,,Roughly traced,
72438,celltype_prediction_only,acetylcholine,dopamine,0.7256271521671077,dopamine,0.6790614158032405,KCab-p,KCab-p,KCab-p_R,Kenyon_Cell,,cb_intrinsic,11862,KCab-p,KCab-p,,VFB_jrmc2jh8,R,,,Roughly traced,
76091,celltype_prediction_only,acetylcholine,dopamine,0.6357019371679795,dopamine,0.6790614158032405,KCab-p,KCab-p,KCab-p_L,Kenyon_Cell,,cb_intrinsic,11862,KCab-p,KCab-p,,VFB_jrmc2jgf,L,,,Roughly traced,
76688,celltype_prediction_only,acetylcholine,dopamine,0.7341810049858246,dopamine,0.6790614158032405,KCab-p,KCab-p,KCab-p_L,Kenyon_Cell,,cb_intrinsic,11862,KCab-p,KCab-p,,VFB_jrmc2jhi,L,,,Roughly traced,
76702,celltype_prediction_only,acetylcholine,dopamine,0.6423852939934996,dopamine,0.6790614158032405,KCab-p,KCab-p,KCab-p_R,Kenyon_Cell,,cb_intrinsic,11862,KCab-p,KCab-p,,VFB_jrmc2je6,R,,,Roughly traced,
76984,celltype_prediction_only,acetylcholine,dopamine,0.6771546275743001,dopamine,0.6790614158032405,KCab-p,KCab-p,KCab-p_R,Kenyon_Cell,,cb_intrinsic,11862,KCab-p,KCab-p,,VFB_jrmc2jeg,R,,,Roughly traced,
79184,celltype_prediction_only,acetylcholine,dopamine,0.6700471698113207,dopamine,0.6790614158032405,KCab-p,KCab-p,KCab-p_R,Kenyon_Cell,,cb_intrinsic,11862,KCab-p,KCab-p,,VFB_jrmc2jf6,R,,,Roughly traced,
79522,celltype_prediction_only,acetylcholine,dopamine,0.6432248055524543,dopamine,0.6790614158032405,KCab-p,KCab-p,KCab-p_R,Kenyon_Cell,,cb_intrinsic,11862,KCab-p,KCab-p,,VFB_jrmc2jhn,R,,,Roughly traced,
80543,celltype_prediction_only,acetylcholine,dopamine,0.6731659928122192,dopamine,0.6790614158032405,KCab-p,KCab-p,KCab-p_R,Kenyon_Cell,,cb_intrinsic,11862,KCab-p,KCab-p,,VFB_jrmc2jhf,R,,,Roughly traced,
80612,celltype_prediction_only,acetylcholine,dopamine,0.7436012872943583,dopamine,0.6790614158032405,KCab-p,KCab-p,KCab-p_L,Kenyon_Cell,,cb_intrinsic,11862,KCab-p,KCab-p,,VFB_jrmc2jgv,L,,,Roughly traced,
81049,celltype_prediction_only,acetylcholine,dopamine,0.6964303262578616,dopamine,0.6790614158032405,KCab-p,KCab-p,KCab-p_R,Kenyon_Cell,,cb_intrinsic,11862,KCab-p,KCab-p,,VFB_jrmc2jf7,R,,,Roughly traced,
81203,celltype_prediction_only,acetylcholine,dopamine,0.7056626896041436,dopamine,0.6790614158032405,KCab-p,KCab-p,KCab-p_R,Kenyon_Cell,,cb_intrinsic,11862,KCab-p,KCab-p,,VFB_jrmc2jfh,R,,,Roughly traced,
81631,celltype_prediction_only,acetylcholine,dopamine,0.7007771207960551,dopamine,0.6790614158032405,KCab-p,KCab-p,KCab-p_L,Kenyon_Cell,,cb_intrinsic,11862,KCab-p,KCab-p,,VFB_jrmc2jg1,L,,,Roughly traced,
81885,celltype_prediction_only,acetylcholine,dopamine,0.651381763904588,dopamine,0.6790614158032405,KCab-p,KCab-p,KCab-p_R,Kenyon_Cell,,cb_intrinsic,11862,KCab-p,KCab-p,,VFB_jrmc2jeh,R,,,Roughly traced,
83052,celltype_prediction_only,acetylcholine,dopamine,0.681428290655885,dopamine,0.6790614158032405,KCab-p,KCab-p,KCab-p_R,Kenyon_Cell,,cb_intrinsic,11862,KCab-p,KCab-p,,VFB_jrmc2jgi,R,,,Roughly traced,
83924,celltype_prediction_only,acetylcholine,dopamine,0.6785964867789275,dopamine,0.6790614158032405,KCab-p,KCab-p,KCab-p_R,Kenyon_Cell,,cb_intrinsic,11862,KCab-p,KCab-p,,VFB_jrmc2jei,R,,,Roughly traced,
84472,celltype_prediction_only,acetylcholine,dopamine,0.7034618521508089,dopamine,0.6790614158032405,KCab-p,KCab-p,KCab-p_L,Kenyon_Cell,,cb_intrinsic,11862,KCab-p,KCab-p,,VFB_jrmc2jfu,L,,,Roughly traced,
85033,celltype_prediction_only,acetylcholine,dopamine,0.6604937926614802,dopamine,0.6790614158032405,KCab-p,KCab-p,KCab-p_R,Kenyon_Cell,,cb_intrinsic,11862,KCab-p,KCab-p,,VFB_jrmc2jf8,R,,,Roughly traced,
85428,celltype_prediction_only,acetylcholine,dopamine,0.6598765284295885,dopamine,0.6790614158032405,KCab-p,KCab-p,KCab-p_L,Kenyon_Cell,,cb_intrinsic,11862,KCab-p,KCab-p,,VFB_jrmc2jha,L,,,Roughly traced,
87324,celltype_prediction_only,acetylcholine,dopamine,0.6382589501693275,dopamine,0.6790614158032405,KCab-p,KCab-p,KCab-p_R,Kenyon_Cell,,cb_intrinsic,11862,KCab-p,KCab-p,,VFB_jrmc2jej,R,,,Roughly traced,
87776,celltype_prediction_only,acetylcholine,dopamine,0.6705338641073182,dopamine,0.6790614158032405,KCab-p,KCab-p,KCab-p_R,Kenyon_Cell,,cb_intrinsic,11862,KCab-p,KCab-p,,VFB_jrmc2jgc,R,,,Roughly traced,
88824,celltype_prediction_only,acetylcholine,dopamine,0.6829460321864596,dopamine,0.6790614158032405,KCab-p,KCab-p,KCab-p_R,Kenyon_Cell,,cb_intrinsic,11862,KCab-p,KCab-p,,VFB_jrmc2jgd,R,,,Roughly traced,
88899,celltype_prediction_only,acetylcholine,dopamine,0.709017074142971,dopamine,0.6790614158032405,KCab-p,KCab-p,KCab-p_R,Kenyon_Cell,,cb_intrinsic,11862,KCab-p,KCab-p,,VFB_jrmc2jek,R,,,Roughly traced,
91382,celltype_prediction_only,acetylcholine,dopamine,0.6715458532242176,dopamine,0.6790614158032405,KCab-p,KCab-p,KCab-p_R,Kenyon_Cell,,cb_intrinsic,11862,KCab-p,KCab-p,,VFB_jrmc2jel,R,,,Roughly traced,
91751,celltype_prediction_only,acetylcholine,dopamine,0.6866769850628931,dopamine,0.6790614158032405,KCab-p,KCab-p,KCab-p_R,Kenyon_Cell,,cb_intrinsic,11862,KCab-p,KCab-p,,VFB_jrmc2jf9,R,,,Roughly traced,
91960,celltype_prediction_only,acetylcholine,dopamine,0.626411087195457,dopamine,0.6790614158032405,KCab-p,KCab-p,KCab-p_R,Kenyon_Cell,,cb_intrinsic,11862,KCab-p,KCab-p,,VFB_jrmc2jgt,R,,,Roughly traced,
93108,celltype_prediction_only,acetylcholine,dopamine,0.7038268550022339,dopamine,0.6790614158032405,KCab-p,KCab-p,KCab-p_R,Kenyon_Cell,,cb_intrinsic,11862,KCab-p,KCab-p,,VFB_jrmc2je7,R,,,Roughly traced,
93976,celltype_prediction_only,acetylcholine,dopamine,0.7187220761590541,dopamine,0.6790614158032405,KCab-p,KCab-p,KCab-p_R,Kenyon_Cell,,cb_intrinsic,11862,KCab-p,KCab-p,,VFB_jrmc2jem,R,,,Roughly traced,
94240,celltype_prediction_only,acetylcholine,dopamine,0.6773771812183993,dopamine,0.6790614158032405,KCab-p,KCab-p,KCab-p_R,Kenyon_Cell,,cb_intrinsic,11862,KCab-p,KCab-p,,VFB_jrmc2jen,R,,,Roughly traced,
94845,celltype_prediction_only,acetylcholine,dopamine,0.6138430293501048,dopamine,0.6790614158032405,KCab-p,KCab-p,KCab-p_L,Kenyon_Cell,,cb_intrinsic,11862,KCab-p,KCab-p,,VFB_jrmc2jf3,L,,,Roughly traced,
95349,celltype_prediction_only,acetylcholine,dopamine,0.7265756027253668,dopamine,0.6790614158032405,KCab-p,KCab-p,KCab-p_L,Kenyon_Cell,,cb_intrinsic,11862,KCab-p,KCab-p,,VFB_jrmc2jga,L,,,Roughly traced,
95591,celltype_prediction_only,acetylcholine,dopamine,0.7022708737436079,dopamine,0.6790614158032405,KCab-p,KCab-p,KCab-p_R,Kenyon_Cell,,cb_intrinsic,11862,KCab-p,KCab-p,,VFB_jrmc2je8,R,,,Roughly traced,
95970,celltype_prediction_only,acetylcholine,dopamine,0.6296373568779229,dopamine,0.6790614158032405,KCab-p,KCab-p,KCab-p_L,Kenyon_Cell,,cb_intrinsic,11862,KCab-p,KCab-p,,VFB_jrmc2jh0,L,,,Roughly traced,
96723,celltype_prediction_only,acetylcholine,dopamine,0.7198881770393317,dopamine,0.6790614158032405,KCab-p,KCab-p,KCab-p_L,Kenyon_Cell,,cb_intrinsic,11862,KCab-p,KCab-p,,VFB_jrmc2jfv,L,,,Roughly traced,
96825,celltype_prediction_only,acetylcholine,dopamine,0.7185446258214967,dopamine,0.6790614158032405,KCab-p,KCab-p,KCab-p_L,Kenyon_Cell,,cb_intrinsic,11862,KCab-p,KCab-p,,VFB_jrmc2jg8,L,,,Roughly traced,
99281,celltype_prediction_only,acetylcholine,dopamine,0.6406718199479733,dopamine,0.6790614158032405,KCab-p,KCab-p,KCab-p_L,Kenyon_Cell,,cb_intrinsic,11862,KCab-p,KCab-p,,VFB_jrmc2jgl,L,,,Roughly traced,
103278,celltype_prediction_only,acetylcholine,dopamine,0.6444463453579692,dopamine,0.6790614158032405,KCab-p,KCab-p,KCab-p_R,Kenyon_Cell,,cb_intrinsic,11862,KCab-p,KCab-p,,VFB_jrmc2jfi,R,,,Roughly traced,
103640,celltype_prediction_only,acetylcholine,dopamine,0.7042815674891146,dopamine,0.6790614158032405,KCab-p,KCab-p,KCab-p_R,Kenyon_Cell,,cb_intrinsic,11862,KCab-p,KCab-p,,VFB_jrmc2jhh,R,,,Roughly traced,
103832,celltype_prediction_only,acetylcholine,dopamine,0.6528228183962265,dopamine,0.6790614158032405,KCab-p,KCab-p,KCab-p_R,Kenyon_Cell,,cb_intrinsic,11862,KCab-p,KCab-p,,VFB_jrmc2jfa,R,,,Roughly traced,
105684,celltype_prediction_only,acetylcholine,dopamine,0.6720590534764933,dopamine,0.6790614158032405,KCab-p,KCab-p,KCab-p_R,Kenyon_Cell,,cb_intrinsic,11862,KCab-p,KCab-p,,VFB_jrmc2jeo,R,,,Roughly traced,
107737,celltype_prediction_only,acetylcholine,dopamine,0.7222803540319486,dopamine,0.6790614158032405,KCab-p,KCab-p,KCab-p_L,Kenyon_Cell,,cb_intrinsic,11862,KCab-p,KCab-p,,VFB_jrmc2jgm,L,,,Roughly traced,
108072,celltype_prediction_only,acetylcholine,dopamine,0.6434948979591837,dopamine,0.6790614158032405,KCab-p,KCab-p,KCab-p_L,Kenyon_Cell,,cb_intrinsic,11862,KCab-p,KCab-p,,VFB_jrmc2jg4,L,,,Roughly traced,
109413,celltype_prediction_only,acetylcholine,dopamine,0.6332593743479686,dopamine,0.6790614158032405,KCab-p,KCab-p,KCab-p_L,Kenyon_Cell,,cb_intrinsic,11862,KCab-p,KCab-p,,VFB_jrmc2jhc,L,,,Roughly traced,
109478,celltype_prediction_only,acetylcholine,dopamine,0.6257068259188737,dopamine,0.6790614158032405,KCab-p,KCab-p,KCab-p_L,Kenyon_Cell,,cb_intrinsic,11862,KCab-p,KCab-p,,VFB_jrmc2jh6,L,,,Roughly traced,
110269,celltype_prediction_only,acetylcholine,dopamine,0.7238560722153051,dopamine,0.6790614158032405,KCab-p,KCab-p,KCab-p_R,Kenyon_Cell,,cb_intrinsic,11862,KCab-p,KCab-p,,VFB_jrmc2jep,R,,,Roughly traced,
116057,celltype_prediction_only,acetylcholine,dopamine,0.6553406317469258,dopamine,0.6790614158032405,KCab-p,KCab-p,KCab-p_L,Kenyon_Cell,,cb_intrinsic,11862,KCab-p,KCab-p,,VFB_jrmc2jgp,L,,,Roughly traced,
117171,celltype_prediction_only,acetylcholine,dopamine,0.6772995283018868,dopamine,0.6790614158032405,KCab-p,KCab-p,KCab-p_L,Kenyon_Cell,,cb_intrinsic,11862,KCab-p,KCab-p,,VFB_jrmc2jhg,L,,,Roughly traced,
117192,celltype_prediction_only,acetylcholine,dopamine,0.6183753439465408,dopamine,0.6790614158032405,KCab-p,KCab-p,KCab-p_R,Kenyon_Cell,,cb_intrinsic,11862,KCab-p,KCab-p,,VFB_jrmc2jfj,R,,,Roughly traced,
117811,celltype_prediction_only,acetylcholine,dopamine,0.6933292729283295,dopamine,0.6790614158032405,KCab-p,KCab-p,KCab-p_L,Kenyon_Cell,,cb_intrinsic,11862,KCab-p,KCab-p,,VFB_jrmc2jgw,L,,,Roughly traced,
118184,celltype_prediction_only,acetylcholine,dopamine,0.7379976988338575,dopamine,0.6790614158032405,KCab-p,KCab-p,KCab-p_L,Kenyon_Cell,,cb_intrinsic,11862,KCab-p,KCab-p,,VFB_jrmc2jh2,L,,,Roughly traced,
118341,celltype_prediction_only,acetylcholine,dopamine,0.669587842799221,dopamine,0.6790614158032405,KCab-p,KCab-p,KCab-p_R,Kenyon_Cell,,cb_intrinsic,11862,KCab-p,KCab-p,,VFB_jrmc2jg0,R,,,Roughly traced,
118569,celltype_prediction_only,acetylcholine,dopamine,0.6737483777578117,dopamine,0.6790614158032405,KCab-p,KCab-p,KCab-p_R,Kenyon_Cell,,cb_intrinsic,11862,KCab-p,KCab-p,,VFB_jrmc2jeq,R,,,Roughly traced,
119901,celltype_prediction_only,acetylcholine,dopamine,0.65064261266896,dopamine,0.6790614158032405,KCab-p,KCab-p,KCab-p_L,Kenyon_Cell,,cb_intrinsic,11862,KCab-p,KCab-p,,VFB_jrmc2jgb,L,,,Roughly traced,
122110,celltype_prediction_only,acetylcholine,dopamine,0.6613549974064709,dopamine,0.6790614158032405,KCab-p,KCab-p,KCab-p_R,Kenyon_Cell,,cb_intrinsic,11862,KCab-p,KCab-p,,VFB_jrmc2jgj,R,,,Roughly traced,
124376,celltype_prediction_only,acetylcholine,dopamine,0.6881454305458499,dopamine,0.6790614158032405,KCab-p,KCab-p,KCab-p_R,Kenyon_Cell,,cb_intrinsic,11862,KCab-p,KCab-p,,VFB_jrmc2jer,R,,,Roughly traced,
129022,celltype_prediction_only,acetylcholine,dopamine,0.6074337729263394,dopamine,0.6790614158032405,KCab-p,KCab-p,KCab-p_L,Kenyon_Cell,,cb_intrinsic,11862,KCab-p,KCab-p,,VFB_jrmc2jh9,L,,,Roughly traced,
129659,celltype_prediction_only,acetylcholine,dopamine,0.7151134948759696,dopamine,0.6790614158032405,KCab-p,KCab-p,KCab-p_L,Kenyon_Cell,,cb_intrinsic,11862,KCab-p,KCab-p,,VFB_jrmc2jfl,L,,,Roughly traced,
132622,celltype_prediction_only,acetylcholine,dopamine,0.6644931557528672,dopamine,0.6790614158032405,KCab-p,KCab-p,KCab-p_L,Kenyon_Cell,,cb_intrinsic,11862,KCab-p,KCab-p,,VFB_jrmc2jhp,L,,,Roughly traced,
132649,celltype_prediction_only,acetylcholine,dopamine,0.6364953978920767,dopamine,0.6790614158032405,KCab-p,KCab-p,KCab-p_R,Kenyon_Cell,,cb_intrinsic,11862,KCab-p,KCab-p,,VFB_jrmc2jes,R,,,Roughly traced,
133102,celltype_prediction_only,acetylcholine,dopamine,0.6808720509640653,dopamine,0.6790614158032405,KCab-p,KCab-p,KCab-p_L,Kenyon_Cell,,cb_intrinsic,11862,KCab-p,KCab-p,,VFB_jrmc2jhl,L,,,Roughly traced,
135354,celltype_prediction_only,acetylcholine,dopamine,0.6843937756930536,dopamine,0.6790614158032405,KCab-p,KCab-p,KCab-p_L,Kenyon_Cell,,cb_intrinsic,11862,KCab-p,KCab-p,,VFB_jrmc2jg5,L,,,Roughly traced,
136048,celltype_prediction_only,acetylcholine,dopamine,0.6656596836847947,dopamine,0.6790614158032405,KCab-p,KCab-p,KCab-p_L,Kenyon_Cell,,cb_intrinsic,11862,KCab-p,KCab-p,,VFB_jrmc2jf1,L,,,Roughly traced,
136196,celltype_prediction_only,acetylcholine,dopamine,0.658641247379455,dopamine,0.6790614158032405,KCab-p,KCab-p,KCab-p_L,Kenyon_Cell,,cb_intrinsic,11862,KCab-p,KCab-p,,VFB_jrmc2jhd,L,,,Roughly traced,
137257,celltype_prediction_only,acetylcholine,dopamine,0.6854213665572874,dopamine,0.6790614158032405,KCab-p,KCab-p,KCab-p_L,Kenyon_Cell,,cb_intrinsic,11862,KCab-p,KCab-p,,VFB_jrmc2jgx,L,,,Prelim Roughly traced,
137837,celltype_prediction_only,acetylcholine,dopamine,0.7771986238085975,dopamine,0.6790614158032405,KCab-p,KCab-p,KCab-p_L,Kenyon_Cell,,cb_intrinsic,11862,KCab-p,KCab-p,,VFB_jrmc2jfq,L,,,Roughly traced,
137977,celltype_prediction_only,acetylcholine,dopamine,0.6689134618689212,dopamine,0.6790614158032405,KCab-p,KCab-p,KCab-p_L,Kenyon_Cell,,cb_intrinsic,11862,KCab-p,KCab-p,,VFB_jrmc2jgu,L,,,Roughly traced,
139032,celltype_prediction_only,acetylcholine,dopamine,0.6516993226898887,dopamine,0.6790614158032405,KCab-p,KCab-p,KCab-p_L,Kenyon_Cell,,cb_intrinsic,11862,KCab-p,KCab-p,,VFB_jrmc2jfm,L,,,Roughly traced,
139976,celltype_prediction_only,acetylcholine,dopamine,0.6084670800205688,dopamine,0.6790614158032405,KCab-p,KCab-p,KCab-p_L,Kenyon_Cell,,cb_intrinsic,11862,KCab-p,KCab-p,,VFB_jrmc2jfn,L,,,Roughly traced,
141007,celltype_prediction_only,acetylcholine,dopamine,0.6680499639466411,dopamine,0.6790614158032405,KCab-p,KCab-p,KCab-p_L,Kenyon_Cell,,cb_intrinsic,11862,KCab-p,KCab-p,,VFB_jrmc2jfr,L,,,Roughly traced,
141163,celltype_prediction_only,acetylcholine,dopamine,0.7624188611979954,dopamine,0.6790614158032405,KCab-p,KCab-p,KCab-p_L,Kenyon_Cell,,cb_intrinsic,11862,KCab-p,KCab-p,,VFB_jrmc2jh3,L,,,Roughly traced,
141559,celltype_prediction_only,acetylcholine,dopamine,0.6270293087957369,dopamine,0.6790614158032405,KCab-p,KCab-p,KCab-p_L,Kenyon_Cell,,cb_intrinsic,11862,KCab-p,KCab-p,,VFB_jrmc2jgy,L,,,Roughly traced,
144134,celltype_prediction_only,acetylcholine,dopamine,0.6563528949315575,dopamine,0.6790614158032405,KCab-p,KCab-p,KCab-p_L,Kenyon_Cell,,cb_intrinsic,11862,KCab-p,KCab-p,,VFB_jrmc2jfs,L,,,Roughly traced,
147444,celltype_prediction_only,acetylcholine,dopamine,0.6718627161949685,dopamine,0.6790614158032405,KCab-p,KCab-p,KCab-p_L,Kenyon_Cell,,cb_intrinsic,11862,KCab-p,KCab-p,,VFB_jrmc2jfw,L,,,Roughly traced,
149136,celltype_prediction_only,acetylcholine,dopamine,0.6692382489241973,dopamine,0.6790614158032405,KCab-p,KCab-p,KCab-p_L,Kenyon_Cell,,cb_intrinsic,11862,KCab-p,KCab-p,,VFB_jrmc2jhq,L,,,Roughly traced,
149401,celltype_prediction_only,acetylcholine,dopamine,0.7347976113021656,dopamine,0.6790614158032405,KCab-p,KCab-p,KCab-p_L,Kenyon_Cell,,cb_intrinsic,11862,KCab-p,KCab-p,,VFB_jrmc2jfx,L,,,Roughly traced,
150761,celltype_prediction_only,acetylcholine,dopamine,0.7451083158630328,dopamine,0.6790614158032405,KCab-p,KCab-p,KCab-p_L,Kenyon_Cell,,cb_intrinsic,11862,KCab-p,KCab-p,,VFB_jrmc2jgg,L,,,Roughly traced,
152784,celltype_prediction_only,acetylcholine,dopamine,0.646072319662208,dopamine,0.6790614158032405,KCab-p,KCab-p,KCab-p_L,Kenyon_Cell,,cb_intrinsic,11862,KCab-p,KCab-p,,VFB_jrmc2jgs,L,,,Roughly traced,
153080,celltype_prediction_only,acetylcholine,dopamine,0.7500257374962563,dopamine,0.6790614158032405,KCab-p,KCab-p,KCab-p_R,Kenyon_Cell,,cb_intrinsic,11862,KCab-p,KCab-p,,VFB_jrmc2jfb,R,,,Roughly traced,
153584,celltype_prediction_only,acetylcholine,dopamine,0.6389694439096394,dopamine,0.6790614158032405,KCab-p,KCab-p,KCab-p_L,Kenyon_Cell,,cb_intrinsic,11862,KCab-p,KCab-p,,VFB_jrmc2jgh,L,,,Roughly traced,
155716,celltype_prediction_only,acetylcholine,dopamine,0.7198523379819525,dopamine,0.6790614158032405,KCab-p,KCab-p,KCab-p_L,Kenyon_Cell,,cb_intrinsic,11862,KCab-p,KCab-p,,VFB_jrmc2jh7,L,,,Roughly traced,
158263,celltype_prediction_only,acetylcholine,dopamine,0.6793505344193559,dopamine,0.6790614158032405,KCab-p,KCab-p,KCab-p_L,Kenyon_Cell,,cb_intrinsic,11862,KCab-p,KCab-p,,VFB_jrmc2jhb,L,,,Roughly traced,
162951,celltype_prediction_only,acetylcholine,dopamine,0.7431248247406161,dopamine,0.6790614158032405,KCab-p,KCab-p,KCab-p_L,Kenyon_Cell,,cb_intrinsic,11862,KCab-p,KCab-p,,VFB_jrmc2jg2,L,,,Roughly traced,
166081,celltype_prediction_only,acetylcholine,dopamine,0.7426050057008349,dopamine,0.6790614158032405,KCab-p,KCab-p,KCab-p_L,Kenyon_Cell,,cb_intrinsic,11862,KCab-p,KCab-p,,VFB_jrmc2jfo,L,,,Roughly traced,
170179,celltype_prediction_only,acetylcholine,dopamine,0.7125542377237543,dopamine,0.6790614158032405,KCab-p,KCab-p,KCab-p_L,Kenyon_Cell,,cb_intrinsic,11862,KCab-p,KCab-p,,VFB_jrmc2jft,L,,,Roughly traced,
170293,celltype_prediction_only,acetylcholine,dopamine,0.6943348970684263,dopamine,0.6790614158032405,KCab-p,KCab-p,KCab-p_L,Kenyon_Cell,,cb_intrinsic,11862,KCab-p,KCab-p,,VFB_jrmc2jgq,L,,,Roughly traced,
171048,celltype_prediction_only,acetylcholine,dopamine,0.6636025007487272,dopamine,0.6790614158032405,KCab-p,KCab-p,KCab-p_R,Kenyon_Cell,,cb_intrinsic,11862,KCab-p,KCab-p,,VFB_jrmc2jh5,R,,,Roughly traced,
174546,celltype_prediction_only,acetylcholine,dopamine,0.7082429977733505,dopamine,0.6790614158032405,KCab-p,KCab-p,KCab-p_L,Kenyon_Cell,,cb_intrinsic,11862,KCab-p,KCab-p,,VFB_jrmc2jhm,L,,,Roughly traced,
184536,celltype_prediction_only,acetylcholine,dopamine,0.7089815520137506,dopamine,0.6790614158032405,KCab-p,KCab-p,KCab-p_R,Kenyon_Cell,,cb_intrinsic,11862,KCab-p,KCab-p,,VFB_jrmc2jgk,R,,,Roughly traced,
190056,celltype_prediction_only,acetylcholine,dopamine,0.6628103990457601,dopamine,0.6790614158032405,KCab-p,KCab-p,KCab-p_L,Kenyon_Cell,,cb_intrinsic,11862,KCab-p,KCab-p,,VFB_jrmc2jg3,L,,,Roughly traced,
192421,celltype_prediction_only,acetylcholine,dopamine,0.7139267263509177,dopamine,0.6790614158032405,KCab-p,KCab-p,KCab-p_R,Kenyon_Cell,,cb_intrinsic,11862,KCab-p,KCab-p,,VFB_jrmc2jet,R,,,Roughly traced,
197363,celltype_prediction_only,acetylcholine,dopamine,0.730003424870789,dopamine,0.6790614158032405,KCab-p,KCab-p,KCab-p_R,Kenyon_Cell,,cb_intrinsic,11862,KCab-p,KCab-p,,VFB_jrmc2jge,R,,,Roughly traced,
213996,celltype_prediction_only,acetylcholine,dopamine,0.7059566840989883,dopamine,0.6790614158032405,KCab-p,KCab-p,KCab-p_R,Kenyon_Cell,,cb_intrinsic,11862,KCab-p,KCab-p,,VFB_jrmc2jfc,R,,,Roughly traced,
228917,celltype_prediction_only,acetylcholine,dopamine,0.6331464429631303,dopamine,0.6790614158032405,KCab-p,KCab-p,KCab-p_R,Kenyon_Cell,,cb_intrinsic,11862,KCab-p,KCab-p,,VFB_jrmc2jeu,R,,,Roughly traced,
374700,celltype_prediction_only,acetylcholine,dopamine,0.7116309705932347,dopamine,0.6790614158032405,KCab-p,KCab-p,KCab-p_R,Kenyon_Cell,,cb_intrinsic,11862,KCab-p,KCab-p,,VFB_jrmc2jev,R,,,Roughly traced,
531096,celltype_prediction_only,acetylcholine,dopamine,0.718294434144036,dopamine,0.6790614158032405,KCab-p,KCab-p,KCab-p_L,Kenyon_Cell,,cb_intrinsic,11862,KCab-p,KCab-p,,VFB_jrmc2jg6,L,,,Roughly traced,
533211,celltype_prediction_only,acetylcholine,dopamine,0.7542920784666068,dopamine,0.6790614158032405,KCab-p,KCab-p,KCab-p_R,Kenyon_Cell,,cb_intrinsic,11862,KCab-p,KCab-p,,VFB_jrmc2jfk,R,,,Roughly traced,
546275,celltype_prediction_only,acetylcholine,dopamine,0.7164434451070486,dopamine,0.6790614158032405,KCab-p,KCab-p,KCab-p_L,Kenyon_Cell,,cb_intrinsic,11862,KCab-p,KCab-p,,VFB_jrmc2jg9,L,,,Roughly traced,
546905,celltype_prediction_only,acetylcholine,dopamine,0.7107114779874214,dopamine,0.6790614158032405,KCab-p,KCab-p,KCab-p_R,Kenyon_Cell,,cb_intrinsic,11862,KCab-p,KCab-p,,VFB_jrmc2jew,R,,,Roughly traced,
552553,celltype_prediction_only,acetylcholine,dopamine,0.6273652291105122,dopamine,0.6790614158032405,KCab-p,KCab-p,KCab-p_R,Kenyon_Cell,,cb_intrinsic,11862,KCab-p,KCab-p,,VFB_jrmc2jex,R,,,Prelim Roughly traced,
571903,celltype_prediction_only,acetylcholine,dopamine,0.6369078350386432,dopamine,0.6790614158032405,KCab-p,KCab-p,KCab-p_L,Kenyon_Cell,,cb_intrinsic,11862,KCab-p,KCab-p,,VFB_jrmc2jey,L,,,Roughly traced,
901937,celltype_prediction_only,acetylcholine,dopamine,0.7767832539065032,dopamine,0.6790614158032405,KCab-p,KCab-p,KCab-p_L,Kenyon_Cell,,cb_intrinsic,11862,KCab-p,KCab-p,,VFB_jrmc2jf0,L,,,Roughly traced,
915893,celltype_prediction_only,acetylcholine,dopamine,0.6369651705736611,dopamine,0.6790614158032405,KCab-p,KCab-p,KCab-p_L,Kenyon_Cell,,cb_intrinsic,11862,KCab-p,KCab-p,,VFB_jrmc2jhe,L,,,Roughly traced,
11862,celltype_prediction_only,acetylcholine,dopamine,0.7945966932901184,dopamine,0.7684195092483681,KCab-s,KCab-s,KCab-s_L,Kenyon_Cell,,cb_intrinsic,11862,KCab,"KCab-m,KCab-c,KCab-s",,VFB_jrmc2jw2,L,,,Roughly traced,
23037,celltype_prediction_only,acetylcholine,dopamine,0.7799469070388558,dopamine,0.7684195092483681,KCab-s,KCab-s,KCab-s_R,Kenyon_Cell,,cb_intrinsic,11862,KCab,"KCab-m,KCab-c,KCab-s",,VFB_jrmc2ji7,R,,,Roughly traced,
37720,celltype_prediction_only,acetylcholine,dopamine,0.7241221174004193,dopamine,0.7684195092483681,KCab-s,KCab-s,KCab-s_R,Kenyon_Cell,,cb_intrinsic,11862,KCab,"KCab-m,KCab-c,KCab-s",,VFB_jrmc2jod,R,,,Roughly traced,
42582,celltype_prediction_only,acetylcholine,dopamine,0.7948957177210507,dopamine,0.7684195092483681,KCab-s,KCab-s,KCab-s_R,Kenyon_Cell,,cb_intrinsic,11862,KCab,"KCab-m,KCab-c,KCab-s",,VFB_jrmc2jje,R,,,Roughly traced,
45032,celltype_prediction_only,acetylcholine,dopamine,0.7667614687384388,dopamine,0.7684195092483681,KCab-s,KCab-s,KCab-s_R,Kenyon_Cell,,cb_intrinsic,11862,KCab,"KCab-m,KCab-c,KCab-s",,VFB_jrmc2jjf,R,,,Roughly traced,
45529,celltype_prediction_only,acetylcholine,dopamine,0.7542307412658595,dopamine,0.7684195092483681,KCab-s,KCab-s,KCab-s_R,Kenyon_Cell,,cb_intrinsic,11862,KCab,"KCab-m,KCab-c,KCab-s",,VFB_jrmc2jjg,R,,,Roughly traced,
45721,celltype_prediction_only,acetylcholine,dopamine,0.7026966690593383,dopamine,0.7684195092483681,KCab-s,KCab-s,KCab-s_R,Kenyon_Cell,,cb_intrinsic,11862,KCab,"KCab-m,KCab-c,KCab-s",,VFB_jrmc2jr7,R,,,Roughly traced,
46592,celltype_prediction_only,acetylcholine,dopamine,0.741995189304011,dopamine,0.7684195092483681,KCab-s,KCab-s,KCab-s_R,Kenyon_Cell,,cb_intrinsic,11862,KCab,"KCab-m,KCab-c,KCab-s",,VFB_jrmc2jr8,R,,,Roughly traced,
47193,celltype_prediction_only,acetylcholine,dopamine,0.6646658347959631,dopamine,0.7684195092483681,KCab-s,KCab-s,KCab-s_L,Kenyon_Cell,,cb_intrinsic,11862,KCab,"KCab-m,KCab-c,KCab-s",,VFB_jrmc2jxa,L,,,Roughly traced,
48030,celltype_prediction_only,acetylcholine,dopamine,0.7522452065863033,dopamine,0.7684195092483681,KCab-s,KCab-s,KCab-s_L,Kenyon_Cell,,cb_intrinsic,11862,KCab,"KCab-m,KCab-c,KCab-s",,VFB_jrmc2jxb,L,,,Roughly traced,
49365,celltype_prediction_only,acetylcholine,dopamine,0.758658454573009,dopamine,0.7684195092483681,KCab-s,KCab-s,KCab-s_R,Kenyon_Cell,,cb_intrinsic,11862,KCab,"KCab-m,KCab-c,KCab-s",,VFB_jrmc2jjh,R,,,Roughly traced,
49594,celltype_prediction_only,acetylcholine,dopamine,0.793810418122525,dopamine,0.7684195092483681,KCab-s,KCab-s,KCab-s_R,Kenyon_Cell,,cb_intrinsic,11862,KCab,"KCab-m,KCab-c,KCab-s",,VFB_jrmc2jji,R,,,Roughly traced,
50123,celltype_prediction_only,acetylcholine,dopamine,0.6838192317824097,dopamine,0.7684195092483681,KCab-s,KCab-s,KCab-s_R,Kenyon_Cell,,cb_intrinsic,11862,KCab,"KCab-m,KCab-c,KCab-s",,VFB_jrmc2jtg,R,,,Roughly traced,
50427,celltype_prediction_only,acetylcholine,dopamine,0.7771541851075394,dopamine,0.7684195092483681,KCab-s,KCab-s,KCab-s_R,Kenyon_Cell,,cb_intrinsic,11862,KCab,"KCab-m,KCab-c,KCab-s",,VFB_jrmc2jyo,R,,,Roughly traced,
50776,celltype_prediction_only,acetylcholine,dopamine,0.8170554406823468,dopamine,0.7684195092483681,KCab-s,KCab-s,KCab-s_R,Kenyon_Cell,,cb_intrinsic,11862,KCab,KCab,,VFB_jrmc2jz3,R,,,Roughly traced,
52704,celltype_prediction_only,acetylcholine,dopamine,0.7518512882937716,dopamine,0.7684195092483681,KCab-s,KCab-s,KCab-s_L,Kenyon_Cell,,cb_intrinsic,11862,KCab,"KCab-m,KCab-c,KCab-s",,VFB_jrmc2jzs,L,,,Roughly traced,
52824,celltype_prediction_only,acetylcholine,dopamine,0.7089444526336478,dopamine,0.7684195092483681,KCab-s,KCab-s,KCab-s_L,Kenyon_Cell,,cb_intrinsic,11862,KCab,"KCab-m,KCab-c,KCab-s",,VFB_jrmc2jya,L,,,Roughly traced,
53014,celltype_prediction_only,acetylcholine,dopamine,0.6764688606954384,dopamine,0.7684195092483681,KCab-s,KCab-s,KCab-s_R,Kenyon_Cell,,cb_intrinsic,11862,KCab,"KCab-m,KCab-c,KCab-s",,VFB_jrmc2jsj,R,,,Roughly traced,
54398,celltype_prediction_only,acetylcholine,dopamine,0.7385686339037589,dopamine,0.7684195092483681,KCab-s,KCab-s,KCab-s_L,Kenyon_Cell,,cb_intrinsic,11862,KCab,"KCab-m,KCab-c,KCab-s",,VFB_jrmc2jqj,L,,,Roughly traced,
54661,celltype_prediction_only,acetylcholine,dopamine,0.795163511460048,dopamine,0.7684195092483681,KCab-s,KCab-s,KCab-s_R,Kenyon_Cell,,cb_intrinsic,11862,KCab,"KCab-m,KCab-c,KCab-s",,VFB_jrmc2jjj,R,,,Roughly traced,
55528,celltype_prediction_only,acetylcholine,dopamine,0.8039691898772087,dopamine,0.7684195092483681,KCab-s,KCab-s,KCab-s_R,Kenyon_Cell,,cb_intrinsic,11862,KCab,"KCab-m,KCab-c,KCab-s",,VFB_jrmc2jth,R,,,Roughly traced,
55955,celltype_prediction_only,acetylcholine,dopamine,0.6953054806828391,dopamine,0.7684195092483681,KCab-s,KCab-s,KCab-s_L,Kenyon_Cell,,cb_intrinsic,11862,KCab,"KCab-m,KCab-c,KCab-s",,VFB_jrmc2jzy,L,,,Roughly traced,
56274,celltype_prediction_only,acetylcholine,dopamine,0.7268870084318197,dopamine,0.7684195092483681,KCab-s,KCab-s,KCab-s_R,Kenyon_Cell,,cb_intrinsic,11862,KCab,"KCab-m,KCab-c,KCab-s",,VFB_jrmc2jti,R,,,Prelim Roughly traced,
57219,celltype_prediction_only,acetylcholine,dopamine,0.7900173323770643,dopamine,0.7684195092483681,KCab-s,KCab-s,KCab-s_R,Kenyon_Cell,,cb_intrinsic,11862,KCab,"KCab-m,KCab-c,KCab-s",,VFB_jrmc2joe,R,,,Roughly traced,
57425,celltype_prediction_only,acetylcholine,dopamine,0.8258562960951994,dopamine,0.7684195092483681,KCab-s,KCab-s,KCab-s_R,Kenyon_Cell,,cb_intrinsic,11862,KCab,"KCab-m,KCab-c,KCab-s",,VFB_jrmc2jof,R,,,Roughly traced,
57729,celltype_prediction_only,acetylcholine,dopamine,0.6823240381058083,dopamine,0.7684195092483681,KCab-s,KCab-s,KCab-s_R,Kenyon_Cell,,cb_intrinsic,11862,KCab,"KCab-m,KCab-c,KCab-s",,VFB_jrmc2jz6,R,,,Roughly traced,
57879,celltype_prediction_only,acetylcholine,dopamine,0.7278589138848572,dopamine,0.7684195092483681,KCab-s,KCab-s,KCab-s_R,Kenyon_Cell,,cb_intrinsic,11862,KCab,"KCab-m,KCab-c,KCab-s",,VFB_jrmc2jog,R,,,Roughly traced,
57902,celltype_prediction_only,acetylcholine,dopamine,0.7767834681042227,dopamine,0.7684195092483681,KCab-s,KCab-s,KCab-s_L,Kenyon_Cell,,cb_intrinsic,11862,KCab,"KCab-m,KCab-c,KCab-s",,VFB_jrmc2jwj,L,,,Roughly traced,
58275,celltype_prediction_only,acetylcholine,dopamine,0.8117327346395743,dopamine,0.7684195092483681,KCab-s,KCab-s,KCab-s_L,Kenyon_Cell,,cb_intrinsic,11862,KCab,"KCab-m,KCab-c,KCab-s",,VFB_jrmc2jv2,L,,,Roughly traced,
58387,celltype_prediction_only,acetylcholine,dopamine,0.8045383498939377,dopamine,0.7684195092483681,KCab-s,KCab-s,KCab-s_L,Kenyon_Cell,,cb_intrinsic,11862,KCab,"KCab-m,KCab-c,KCab-s",,VFB_jrmc2jw3,L,,,Roughly traced,
58662,celltype_prediction_only,acetylcholine,dopamine,0.81508061664992,dopamine,0.7684195092483681,KCab-s,KCab-s,KCab-s_L,Kenyon_Cell,,cb_intrinsic,11862,KCab,"KCab-m,KCab-c,KCab-s",,VFB_jrmc2jwz,L,,,Roughly traced,
59818,celltype_prediction_only,acetylcholine,dopamine,0.7459792617256547,dopamine,0.7684195092483681,KCab-s,KCab-s,KCab-s_R,Kenyon_Cell,,cb_intrinsic,11862,KCab,"KCab-m,KCab-c,KCab-s",,VFB_jrmc2ji8,R,,,Roughly traced,
60732,celltype_prediction_only,acetylcholine,dopamine,0.7409151868294488,dopamine,0.7684195092483681,KCab-s,KCab-s,KCab-s_L,Kenyon_Cell,,cb_intrinsic,11862,KCab,"KCab-m,KCab-c,KCab-s",,VFB_jrmc2jhr,L,,,Roughly traced,
60787,celltype_prediction_only,acetylcholine,dopamine,0.7828958713735038,dopamine,0.7684195092483681,KCab-s,KCab-s,KCab-s_L,Kenyon_Cell,,cb_intrinsic,11862,KCab,"KCab-m,KCab-c,KCab-s",,VFB_jrmc2jx6,L,,,Roughly traced,
60890,celltype_prediction_only,acetylcholine,dopamine,0.7577961215932913,dopamine,0.7684195092483681,KCab-s,KCab-s,KCab-s_R,Kenyon_Cell,,cb_intrinsic,11862,KCab,"KCab-m,KCab-c,KCab-s",,VFB_jrmc2jjk,R,,,Roughly traced,
60948,celltype_prediction_only,acetylcholine,dopamine,0.783996074680037,dopamine,0.7684195092483681,KCab-s,KCab-s,KCab-s_L,Kenyon_Cell,,cb_intrinsic,11862,KCab,"KCab-m,KCab-c,KCab-s",,VFB_jrmc2jnc,L,,,Roughly traced,
60986,celltype_prediction_only,acetylcholine,dopamine,0.8019779590058347,dopamine,0.7684195092483681,KCab-s,KCab-s,KCab-s_L,Kenyon_Cell,,cb_intrinsic,11862,KCab,"KCab-m,KCab-c,KCab-s",,VFB_jrmc2jvi,L,,,Roughly traced,
61116,celltype_prediction_only,acetylcholine,dopamine,0.7447247288305533,dopamine,0.7684195092483681,KCab-s,KCab-s,KCab-s_L,Kenyon_Cell,,cb_intrinsic,11862,KCab,"KCab-m,KCab-c,KCab-s",,VFB_jrmc2jx0,L,,,Roughly traced,
61120,celltype_prediction_only,acetylcholine,dopamine,0.7594933487172526,dopamine,0.7684195092483681,KCab-s,KCab-s,KCab-s_L,Kenyon_Cell,,cb_intrinsic,11862,KCab,"KCab-m,KCab-c,KCab-s",,VFB_jrmc2jmy,L,,,Roughly traced,
61259,celltype_prediction_only,acetylcholine,dopamine,0.7551486894245101,dopamine,0.7684195092483681,KCab-s,KCab-s,KCab-s_L,Kenyon_Cell,,cb_intrinsic,11862,KCab,"KCab-m,KCab-c,KCab-s",,VFB_jrmc2juo,L,,,Roughly traced,
61333,celltype_prediction_only,acetylcholine,dopamine,0.780187266975483,dopamine,0.7684195092483681,KCab-s,KCab-s,KCab-s_L,Kenyon_Cell,,cb_intrinsic,11862,KCab,"KCab-m,KCab-c,KCab-s",,VFB_jrmc2jw4,L,,,Roughly traced,
61464,celltype_prediction_only,acetylcholine,dopamine,0.6967516047461584,dopamine,0.7684195092483681,KCab-s,KCab-s,KCab-s_R,Kenyon_Cell,,cb_intrinsic,11862,KCab,"KCab-m,KCab-c,KCab-s",,VFB_jrmc2jjl,R,,,Roughly traced,
61517,celltype_prediction_only,acetylcholine,dopamine,0.8294747385769493,dopamine,0.7684195092483681,KCab-s,KCab-s,KCab-s_L,Kenyon_Cell,,cb_intrinsic,11862,KCab,"KCab-m,KCab-c,KCab-s",,VFB_jrmc2jwk,L,,,Roughly traced,
61806,celltype_prediction_only,acetylcholine,dopamine,0.7478934849217868,dopamine,0.7684195092483681,KCab-s,KCab-s,KCab-s_R,Kenyon_Cell,,cb_intrinsic,11862,KCab,"KCab-m,KCab-c,KCab-s",,VFB_jrmc2joh,R,,,Roughly traced,
62436,celltype_prediction_only,acetylcholine,dopamine,0.8343965649021663,dopamine,0.7684195092483681,KCab-s,KCab-s,KCab-s_L,Kenyon_Cell,,cb_intrinsic,11862,KCab,"KCab-m,KCab-c,KCab-s",,VFB_jrmc2jxc,L,,,Roughly traced,
62624,celltype_prediction_only,acetylcholine,dopamine,0.7626184383606692,dopamine,0.7684195092483681,KCab-s,KCab-s,KCab-s_R,Kenyon_Cell,,cb_intrinsic,11862,KCab,"KCab-m,KCab-c,KCab-s",,VFB_jrmc2joi,R,,,Roughly traced,
62753,celltype_prediction_only,acetylcholine,dopamine,0.7392225937425364,dopamine,0.7684195092483681,KCab-s,KCab-s,KCab-s_L,Kenyon_Cell,,cb_intrinsic,11862,KCab,"KCab-m,KCab-c,KCab-s",,VFB_jrmc2jy3,L,,,Roughly traced,
62840,celltype_prediction_only,acetylcholine,dopamine,0.7339286012980061,dopamine,0.7684195092483681,KCab-s,KCab-s,KCab-s_R,Kenyon_Cell,,cb_intrinsic,11862,KCab,"KCab-m,KCab-c,KCab-s",,VFB_jrmc2jr9,R,,,Roughly traced,
63156,celltype_prediction_only,acetylcholine,dopamine,0.7908837788259959,dopamine,0.7684195092483681,KCab-s,KCab-s,KCab-s_R,Kenyon_Cell,,cb_intrinsic,11862,KCab,"KCab-m,KCab-c,KCab-s",,VFB_jrmc2jjm,R,,,Roughly traced,
63253,celltype_prediction_only,acetylcholine,dopamine,0.8045150906181385,dopamine,0.7684195092483681,KCab-s,KCab-s,KCab-s_L,Kenyon_Cell,,cb_intrinsic,11862,KCab,"KCab-m,KCab-c,KCab-s",,VFB_jrmc2jxd,L,,,Roughly traced,
63483,celltype_prediction_only,acetylcholine,dopamine,0.8026523397985662,dopamine,0.7684195092483681,KCab-s,KCab-s,KCab-s_L,Kenyon_Cell,,cb_intrinsic,11862,KCab,"KCab-m,KCab-c,KCab-s",,VFB_jrmc2jqk,L,,,Roughly traced,
63814,celltype_prediction_only,acetylcholine,dopamine,0.7962757207256335,dopamine,0.7684195092483681,KCab-s,KCab-s,KCab-s_L,Kenyon_Cell,,cb_intrinsic,11862,KCab,"KCab-m,KCab-c,KCab-s",,VFB_jrmc2juk,L,,,Roughly traced,
64253,celltype_prediction_only,acetylcholine,dopamine,0.7404597994220635,dopamine,0.7684195092483681,KCab-s,KCab-s,KCab-s_R,Kenyon_Cell,,cb_intrinsic,11862,KCab,"KCab-m,KCab-c,KCab-s",,VFB_jrmc2jtj,R,,,Roughly traced,
64378,celltype_prediction_only,acetylcholine,dopamine,0.806364140853597,dopamine,0.7684195092483681,KCab-s,KCab-s,KCab-s_L,Kenyon_Cell,,cb_intrinsic,11862,KCab,"KCab-m,KCab-c,KCab-s",,VFB_jrmc2jye,L,,,Roughly traced,
64794,celltype_prediction_only,acetylcholine,dopamine,0.7732396660873883,dopamine,0.7684195092483681,KCab-s,KCab-s,KCab-s_R,Kenyon_Cell,,cb_intrinsic,11862,KCab,"KCab-m,KCab-c,KCab-s",,VFB_jrmc2jyt,R,,,Roughly traced,
65205,celltype_prediction_only,acetylcholine,dopamine,0.7536440612434272,dopamine,0.7684195092483681,KCab-s,KCab-s,KCab-s_R,Kenyon_Cell,,cb_intrinsic,11862,KCab,"KCab-m,KCab-c,KCab-s",,VFB_jrmc2jyz,R,,,Roughly traced,
65206,celltype_prediction_only,acetylcholine,dopamine,0.7403066968106881,dopamine,0.7684195092483681,KCab-s,KCab-s,KCab-s_R,Kenyon_Cell,,cb_intrinsic,11862,KCab,"KCab-m,KCab-c,KCab-s",,VFB_jrmc2jjn,R,,,Roughly traced,
65708,celltype_prediction_only,acetylcholine,dopamine,0.8241973524041388,dopamine,0.7684195092483681,KCab-s,KCab-s,KCab-s_L,Kenyon_Cell,,cb_intrinsic,11862,KCab,"KCab-m,KCab-c,KCab-s",,VFB_jrmc2jwl,L,,,Roughly traced,
65712,celltype_prediction_only,acetylcholine,dopamine,0.7889054481614385,dopamine,0.7684195092483681,KCab-s,KCab-s,KCab-s_R,Kenyon_Cell,,cb_intrinsic,11862,KCab,"KCab-m,KCab-c,KCab-s",,VFB_jrmc2jjo,R,,,Roughly traced,
65940,celltype_prediction_only,acetylcholine,dopamine,0.7871218113988827,dopamine,0.7684195092483681,KCab-s,KCab-s,KCab-s_R,Kenyon_Cell,,cb_intrinsic,11862,KCab,"KCab-m,KCab-c,KCab-s",,VFB_jrmc2jjp,R,,,Roughly traced,
65977,celltype_prediction_only,acetylcholine,dopamine,0.7715280824923213,dopamine,0.7684195092483681,KCab-s,KCab-s,KCab-s_R,Kenyon_Cell,,cb_intrinsic,11862,KCab,"KCab-m,KCab-c,KCab-s",,VFB_jrmc2jjq,R,,,Roughly traced,
66015,celltype_prediction_only,acetylcholine,dopamine,0.7784496054160157,dopamine,0.7684195092483681,KCab-s,KCab-s,KCab-s_R,Kenyon_Cell,,cb_intrinsic,11862,KCab,"KCab-m,KCab-c,KCab-s",,VFB_jrmc2jjr,R,,,Roughly traced,
66028,celltype_prediction_only,acetylcholine,dopamine,0.764571282651609,dopamine,0.7684195092483681,KCab-s,KCab-s,KCab-s_L,Kenyon_Cell,,cb_intrinsic,11862,KCab,"KCab-m,KCab-c,KCab-s",,VFB_jrmc2jql,L,,,Roughly traced,
66238,celltype_prediction_only,acetylcholine,dopamine,0.7876503410111901,dopamine,0.7684195092483681,KCab-s,KCab-s,KCab-s_L,Kenyon_Cell,,cb_intrinsic,11862,KCab,"KCab-m,KCab-c,KCab-s",,VFB_jrmc2jqm,L,,,Roughly traced,
66387,celltype_prediction_only,acetylcholine,dopamine,0.7698899371069182,dopamine,0.7684195092483681,KCab-s,KCab-s,KCab-s_R,Kenyon_Cell,,cb_intrinsic,11862,KCab,"KCab-m,KCab-c,KCab-s",,VFB_jrmc2jjs,R,,,Roughly traced,
66440,celltype_prediction_only,acetylcholine,dopamine,0.815023793160898,dopamine,0.7684195092483681,KCab-s,KCab-s,KCab-s_L,Kenyon_Cell,,cb_intrinsic,11862,KCab,"KCab-m,KCab-c,KCab-s",,VFB_jrmc2jmz,L,,,Roughly traced,
66458,celltype_prediction_only,acetylcholine,dopamine,0.7783206645835837,dopamine,0.7684195092483681,KCab-s,KCab-s,KCab-s_L,Kenyon_Cell,,cb_intrinsic,11862,KCab,"KCab-m,KCab-c,KCab-s",,VFB_jrmc2jqn,L,,,Roughly traced,
66531,celltype_prediction_only,acetylcholine,dopamine,0.7620549560609976,dopamine,0.7684195092483681,KCab-s,KCab-s,KCab-s_L,Kenyon_Cell,,cb_intrinsic,11862,KCab,"KCab-m,KCab-c,KCab-s",,VFB_jrmc2jnd,L,,,Roughly traced,
66599,celltype_prediction_only,acetylcholine,dopamine,0.7869627158692102,dopamine,0.7684195092483681,KCab-s,KCab-s,KCab-s_L,Kenyon_Cell,,cb_intrinsic,11862,KCab,"KCab-m,KCab-c,KCab-s",,VFB_jrmc2jxp,L,,,Roughly traced,
66711,celltype_prediction_only,acetylcholine,dopamine,0.832168126684636,dopamine,0.7684195092483681,KCab-s,KCab-s,KCab-s_L,Kenyon_Cell,,cb_intrinsic,11862,KCab,"KCab-m,KCab-c,KCab-s",,VFB_jrmc2jzp,L,,,Roughly traced,
66891,celltype_prediction_only,acetylcholine,dopamine,0.7737698092519034,dopamine,0.7684195092483681,KCab-s,KCab-s,KCab-s_R,Kenyon_Cell,,cb_intrinsic,11862,KCab,"KCab-m,KCab-c,KCab-s",,VFB_jrmc2jjt,R,,,Roughly traced,
67274,celltype_prediction_only,acetylcholine,dopamine,0.7788560676358387,dopamine,0.7684195092483681,KCab-s,KCab-s,KCab-s_R,Kenyon_Cell,,cb_intrinsic,11862,KCab,"KCab-m,KCab-c,KCab-s",,VFB_jrmc2jju,R,,,Roughly traced,
67287,celltype_prediction_only,acetylcholine,dopamine,0.8094582958969752,dopamine,0.7684195092483681,KCab-s,KCab-s,KCab-s_L,Kenyon_Cell,,cb_intrinsic,11862,KCab,"KCab-m,KCab-c,KCab-s",,VFB_jrmc2jvj,L,,,Roughly traced,
67406,celltype_prediction_only,acetylcholine,dopamine,0.76232485470902,dopamine,0.7684195092483681,KCab-s,KCab-s,KCab-s_L,Kenyon_Cell,,cb_intrinsic,11862,KCab,"KCab-m,KCab-c,KCab-s",,VFB_jrmc2jqo,L,,,Roughly traced,
67535,celltype_prediction_only,acetylcholine,dopamine,0.8177792071659996,dopamine,0.7684195092483681,KCab-s,KCab-s,KCab-s_R,Kenyon_Cell,,cb_intrinsic,11862,KCab,"KCab-m,KCab-c,KCab-s",,VFB_jrmc2jjv,R,,,Roughly traced,
67654,celltype_prediction_only,acetylcholine,dopamine,0.7484102378778658,dopamine,0.7684195092483681,KCab-s,KCab-s,KCab-s_R,Kenyon_Cell,,cb_intrinsic,11862,KCab,"KCab-m,KCab-c,KCab-s",,VFB_jrmc2jtk,R,,,Roughly traced,
67665,celltype_prediction_only,acetylcholine,dopamine,0.7327082562584782,dopamine,0.7684195092483681,KCab-s,KCab-s,KCab-s_R,Kenyon_Cell,,cb_intrinsic,11862,KCab,"KCab-m,KCab-c,KCab-s",,VFB_jrmc2jra,R,,,Roughly traced,
67686,celltype_prediction_only,acetylcholine,dopamine,0.7591397256243334,dopamine,0.7684195092483681,KCab-s,KCab-s,KCab-s_R,Kenyon_Cell,,cb_intrinsic,11862,KCab,"KCab-m,KCab-c,KCab-s",,VFB_jrmc2jjw,R,,,Roughly traced,
67696,celltype_prediction_only,acetylcholine,dopamine,0.816786463012878,dopamine,0.7684195092483681,KCab-s,KCab-s,KCab-s_R,Kenyon_Cell,,cb_intrinsic,11862,KCab,"KCab-m,KCab-c,KCab-s",,VFB_jrmc2jjx,R,,,Roughly traced,
67919,celltype_prediction_only,acetylcholine,dopamine,0.7597556809673555,dopamine,0.7684195092483681,KCab-s,KCab-s,KCab-s_R,Kenyon_Cell,,cb_intrinsic,11862,KCab,"KCab-m,KCab-c,KCab-s",,VFB_jrmc2jxw,R,,,Roughly traced,
67977,celltype_prediction_only,acetylcholine,dopamine,0.7825914904394073,dopamine,0.7684195092483681,KCab-s,KCab-s,KCab-s_R,Kenyon_Cell,,cb_intrinsic,11862,KCab,"KCab-m,KCab-c,KCab-s",,VFB_jrmc2jtl,R,,,Roughly traced,
68162,celltype_prediction_only,acetylcholine,dopamine,0.7398453878406709,dopamine,0.7684195092483681,KCab-s,KCab-s,KCab-s_L,Kenyon_Cell,,cb_intrinsic,11862,KCab,"KCab-m,KCab-c,KCab-s",,VFB_jrmc2jup,L,,,Roughly traced,
68287,celltype_prediction_only,acetylcholine,dopamine,0.7544250772207957,dopamine,0.7684195092483681,KCab-s,KCab-s,KCab-s_R,Kenyon_Cell,,cb_intrinsic,11862,KCab,"KCab-m,KCab-c,KCab-s",,VFB_jrmc2jsk,R,,,Roughly traced,
68495,celltype_prediction_only,acetylcholine,dopamine,0.7698769266542652,dopamine,0.7684195092483681,KCab-s,KCab-s,KCab-s_R,Kenyon_Cell,,cb_intrinsic,11862,KCab,"KCab-m,KCab-c,KCab-s",,VFB_jrmc2joj,R,,,Roughly traced,
68585,celltype_prediction_only,acetylcholine,dopamine,0.7849972070506455,dopamine,0.7684195092483681,KCab-s,KCab-s,KCab-s_R,Kenyon_Cell,,cb_intrinsic,11862,KCab,"KCab-m,KCab-c,KCab-s",,VFB_jrmc2jjy,R,,,Roughly traced,
68737,celltype_prediction_only,acetylcholine,dopamine,0.728082263785286,dopamine,0.7684195092483681,KCab-s,KCab-s,KCab-s_R,Kenyon_Cell,,cb_intrinsic,11862,KCab,"KCab-m,KCab-c,KCab-s",,VFB_jrmc2jrb,R,,,Roughly traced,
69022,celltype_prediction_only,acetylcholine,dopamine,0.7964348675433581,dopamine,0.7684195092483681,KCab-s,KCab-s,KCab-s_R,Kenyon_Cell,,cb_intrinsic,11862,KCab,"KCab-m,KCab-c,KCab-s",,VFB_jrmc2jjz,R,,,Roughly traced,
69308,celltype_prediction_only,acetylcholine,dopamine,0.7207166606577735,dopamine,0.7684195092483681,KCab-s,KCab-s,KCab-s_R,Kenyon_Cell,,cb_intrinsic,11862,KCab,"KCab-m,KCab-c,KCab-s",,VFB_jrmc2ji9,R,,,Roughly traced,
69389,celltype_prediction_only,acetylcholine,dopamine,0.7443979426152012,dopamine,0.7684195092483681,KCab-s,KCab-s,KCab-s_L,Kenyon_Cell,,cb_intrinsic,11862,KCab,"KCab-m,KCab-c,KCab-s",,VFB_jrmc2jv3,L,,,Roughly traced,
69446,celltype_prediction_only,acetylcholine,dopamine,0.7775157232704403,dopamine,0.7684195092483681,KCab-s,KCab-s,KCab-s_R,Kenyon_Cell,,cb_intrinsic,11862,KCab,"KCab-m,KCab-c,KCab-s",,VFB_jrmc2jvx,R,,,Roughly traced,
69472,celltype_prediction_only,acetylcholine,dopamine,0.7475874606918239,dopamine,0.7684195092483681,KCab-s,KCab-s,KCab-s_R,Kenyon_Cell,,cb_intrinsic,11862,KCab,"KCab-m,KCab-c,KCab-s",,VFB_jrmc2jtm,R,,,Roughly traced,
69507,celltype_prediction_only,acetylcholine,dopamine,0.7910339009050468,dopamine,0.7684195092483681,KCab-s,KCab-s,KCab-s_R,Kenyon_Cell,,cb_intrinsic,11862,KCab,"KCab-m,KCab-c,KCab-s",,VFB_jrmc2jzj,R,,,Roughly traced,
69513,celltype_prediction_only,acetylcholine,dopamine,0.8039909359970404,dopamine,0.7684195092483681,KCab-s,KCab-s,KCab-s_R,Kenyon_Cell,,cb_intrinsic,11862,KCab,"KCab-m,KCab-c,KCab-s",,VFB_jrmc2jok,R,,,Roughly traced,
69603,celltype_prediction_only,acetylcholine,dopamine,0.714809355345912,dopamine,0.7684195092483681,KCab-s,KCab-s,KCab-s_L,Kenyon_Cell,,cb_intrinsic,11862,KCab,"KCab-m,KCab-c,KCab-s",,VFB_jrmc2jqp,L,,,Roughly traced,
69651,celltype_prediction_only,acetylcholine,dopamine,0.7803094115004492,dopamine,0.7684195092483681,KCab-s,KCab-s,KCab-s_L,Kenyon_Cell,,cb_intrinsic,11862,KCab,"KCab-m,KCab-c,KCab-s",,VFB_jrmc2jne,L,,,Roughly traced,
69664,celltype_prediction_only,acetylcholine,dopamine,0.7666915938027304,dopamine,0.7684195092483681,KCab-s,KCab-s,KCab-s_R,Kenyon_Cell,,cb_intrinsic,11862,KCab,"KCab-m,KCab-c,KCab-s",,VFB_jrmc2jk0,R,,,Roughly traced,
69694,celltype_prediction_only,acetylcholine,dopamine,0.7731731057202755,dopamine,0.7684195092483681,KCab-s,KCab-s,KCab-s_R,Kenyon_Cell,,cb_intrinsic,11862,KCab,"KCab-m,KCab-c,KCab-s",,VFB_jrmc2jk1,R,,,Roughly traced,
69775,celltype_prediction_only,acetylcholine,dopamine,0.7900741815836155,dopamine,0.7684195092483681,KCab-s,KCab-s,KCab-s_R,Kenyon_Cell,,cb_intrinsic,11862,KCab,"KCab-m,KCab-c,KCab-s",,VFB_jrmc2ju9,R,,,Roughly traced,
69905,celltype_prediction_only,acetylcholine,dopamine,0.7360172672672673,dopamine,0.7684195092483681,KCab-s,KCab-s,KCab-s_L,Kenyon_Cell,,cb_intrinsic,11862,KCab,"KCab-m,KCab-c,KCab-s",,VFB_jrmc2jn0,L,,,Roughly traced,
69987,celltype_prediction_only,acetylcholine,dopamine,0.7004027135657462,dopamine,0.7684195092483681,KCab-s,KCab-s,KCab-s_R,Kenyon_Cell,,cb_intrinsic,11862,KCab,"KCab-m,KCab-c,KCab-s",,VFB_jrmc2jsl,R,,,Roughly traced,
70111,celltype_prediction_only,acetylcholine,dopamine,0.7850611840306262,dopamine,0.7684195092483681,KCab-s,KCab-s,KCab-s_L,Kenyon_Cell,,cb_intrinsic,11862,KCab,"KCab-m,KCab-c,KCab-s",,VFB_jrmc2jxe,L,,,Roughly traced,
70124,celltype_prediction_only,acetylcholine,dopamine,0.7979431569592562,dopamine,0.7684195092483681,KCab-s,KCab-s,KCab-s_R,Kenyon_Cell,,cb_intrinsic,11862,KCab,"KCab-m,KCab-c,KCab-s",,VFB_jrmc2jk2,R,,,Roughly traced,
70378,celltype_prediction_only,acetylcholine,dopamine,0.7483127367685461,dopamine,0.7684195092483681,KCab-s,KCab-s,KCab-s_R,Kenyon_Cell,,cb_intrinsic,11862,KCab,"KCab-m,KCab-c,KCab-s",,VFB_jrmc2jz7,R,,,Roughly traced,
70396,celltype_prediction_only,acetylcholine,dopamine,0.7404595780922432,dopamine,0.7684195092483681,KCab-s,KCab-s,KCab-s_R,Kenyon_Cell,,cb_intrinsic,11862,KCab,"KCab-m,KCab-c,KCab-s",,VFB_jrmc2jk3,R,,,Roughly traced,
70902,celltype_prediction_only,acetylcholine,dopamine,0.7928975039308176,dopamine,0.7684195092483681,KCab-s,KCab-s,KCab-s_R,Kenyon_Cell,,cb_intrinsic,11862,KCab,"KCab-m,KCab-c,KCab-s",,VFB_jrmc2jtn,R,,,Roughly traced,
71030,celltype_prediction_only,acetylcholine,dopamine,0.7595925504229017,dopamine,0.7684195092483681,KCab-s,KCab-s,KCab-s_L,Kenyon_Cell,,cb_intrinsic,11862,KCab,"KCab-m,KCab-c,KCab-s",,VFB_jrmc2jqq,L,,,Roughly traced,
71088,celltype_prediction_only,acetylcholine,dopamine,0.6900426617407749,dopamine,0.7684195092483681,KCab-s,KCab-s,KCab-s_R,Kenyon_Cell,,cb_intrinsic,11862,KCab,"KCab-m,KCab-c,KCab-s",,VFB_jrmc2jyv,R,,,Roughly traced,
71120,celltype_prediction_only,acetylcholine,dopamine,0.8255026146562081,dopamine,0.7684195092483681,KCab-s,KCab-s,KCab-s_R,Kenyon_Cell,,cb_intrinsic,11862,KCab,"KCab-m,KCab-c,KCab-s",,VFB_jrmc2jk4,R,,,Roughly traced,
71326,celltype_prediction_only,acetylcholine,dopamine,0.8063738803125595,dopamine,0.7684195092483681,KCab-s,KCab-s,KCab-s_L,Kenyon_Cell,,cb_intrinsic,11862,KCab,"KCab-m,KCab-c,KCab-s",,VFB_jrmc2jqr,L,,,Roughly traced,
71366,celltype_prediction_only,acetylcholine,dopamine,0.7009571931359073,dopamine,0.7684195092483681,KCab-s,KCab-s,KCab-s_R,Kenyon_Cell,,cb_intrinsic,11862,KCab,"KCab-m,KCab-c,KCab-s",,VFB_jrmc2jol,R,,,Roughly traced,
71494,celltype_prediction_only,acetylcholine,dopamine,0.8291396718951277,dopamine,0.7684195092483681,KCab-s,KCab-s,KCab-s_R,Kenyon_Cell,,cb_intrinsic,11862,KCab,"KCab-m,KCab-c,KCab-s",,VFB_jrmc2jk5,R,,,Roughly traced,
71501,celltype_prediction_only,acetylcholine,dopamine,0.7708640073435853,dopamine,0.7684195092483681,KCab-s,KCab-s,KCab-s_L,Kenyon_Cell,,cb_intrinsic,11862,KCab,"KCab-m,KCab-c,KCab-s",,VFB_jrmc2jyb,L,,,Roughly traced,
71627,celltype_prediction_only,acetylcholine,dopamine,0.6809100310721773,dopamine,0.7684195092483681,KCab-s,KCab-s,KCab-s_R,Kenyon_Cell,,cb_intrinsic,11862,KCab,"KCab-m,KCab-c,KCab-s",,VFB_jrmc2jrc,R,,,Roughly traced,
71676,celltype_prediction_only,acetylcholine,dopamine,0.7828798776885924,dopamine,0.7684195092483681,KCab-s,KCab-s,KCab-s_R,Kenyon_Cell,,cb_intrinsic,11862,KCab,"KCab-m,KCab-c,KCab-s",,VFB_jrmc2jk6,R,,,Roughly traced,
71970,celltype_prediction_only,acetylcholine,dopamine,0.7164844838624638,dopamine,0.7684195092483681,KCab-s,KCab-s,KCab-s_L,Kenyon_Cell,,cb_intrinsic,11862,KCab,"KCab-m,KCab-c,KCab-s",,VFB_jrmc2jzv,L,,,Roughly traced,
72234,celltype_prediction_only,acetylcholine,dopamine,0.7814388834436005,dopamine,0.7684195092483681,KCab-s,KCab-s,KCab-s_R,Kenyon_Cell,,cb_intrinsic,11862,KCab,"KCab-m,KCab-c,KCab-s",,VFB_jrmc2jvy,R,,,Roughly traced,
72239,celltype_prediction_only,acetylcholine,dopamine,0.7260680379746836,dopamine,0.7684195092483681,KCab-s,KCab-s,KCab-s_R,Kenyon_Cell,,cb_intrinsic,11862,KCab,"KCab-m,KCab-c,KCab-s",,VFB_jrmc2jxx,R,,,Roughly traced,
72359,celltype_prediction_only,acetylcholine,dopamine,0.791521546365365,dopamine,0.7684195092483681,KCab-s,KCab-s,KCab-s_R,Kenyon_Cell,,cb_intrinsic,11862,KCab,"KCab-m,KCab-c,KCab-s",,VFB_jrmc2jom,R,,,Roughly traced,
72495,celltype_prediction_only,acetylcholine,dopamine,0.7373448920618733,dopamine,0.7684195092483681,KCab-s,KCab-s,KCab-s_R,Kenyon_Cell,,cb_intrinsic,11862,KCab,"KCab-m,KCab-c,KCab-s",,VFB_jrmc2jrd,R,,,Roughly traced,
72538,celltype_prediction_only,acetylcholine,dopamine,0.7948466539467176,dopamine,0.7684195092483681,KCab-s,KCab-s,KCab-s_R,Kenyon_Cell,,cb_intrinsic,11862,KCab,"KCab-m,KCab-c,KCab-s",,VFB_jrmc2jk7,R,,,Roughly traced,
72559,celltype_prediction_only,acetylcholine,dopamine,0.8081935156436589,dopamine,0.7684195092483681,KCab-s,KCab-s,KCab-s_L,Kenyon_Cell,,cb_intrinsic,11862,KCab,"KCab-m,KCab-c,KCab-s",,VFB_jrmc2jnf,L,,,Roughly traced,
72645,celltype_prediction_only,acetylcholine,dopamine,0.7358551985062892,dopamine,0.7684195092483681,KCab-s,KCab-s,KCab-s_R,Kenyon_Cell,,cb_intrinsic,11862,KCab,"KCab-m,KCab-c,KCab-s",,VFB_jrmc2jon,R,,,Roughly traced,
72855,celltype_prediction_only,acetylcholine,dopamine,0.7749940909277757,dopamine,0.7684195092483681,KCab-s,KCab-s,KCab-s_L,Kenyon_Cell,,cb_intrinsic,11862,KCab,"KCab-m,KCab-c,KCab-s",,VFB_jrmc2juq,L,,,Roughly traced,
72913,celltype_prediction_only,acetylcholine,dopamine,0.7485318005747844,dopamine,0.7684195092483681,KCab-s,KCab-s,KCab-s_R,Kenyon_Cell,,cb_intrinsic,11862,KCab,"KCab-m,KCab-c,KCab-s",,VFB_jrmc2joo,R,,,Roughly traced,
72978,celltype_prediction_only,acetylcholine,dopamine,0.7796600063599745,dopamine,0.7684195092483681,KCab-s,KCab-s,KCab-s_R,Kenyon_Cell,,cb_intrinsic,11862,KCab,"KCab-m,KCab-c,KCab-s",,VFB_jrmc2jk8,R,,,Roughly traced,
73006,celltype_prediction_only,acetylcholine,dopamine,0.6817775929763332,dopamine,0.7684195092483681,KCab-s,KCab-s,KCab-s_R,Kenyon_Cell,,cb_intrinsic,11862,KCab,"KCab-m,KCab-c,KCab-s",,VFB_jrmc2jua,R,,,Roughly traced,
73191,celltype_prediction_only,acetylcholine,dopamine,0.8059327805151625,dopamine,0.7684195092483681,KCab-s,KCab-s,KCab-s_R,Kenyon_Cell,,cb_intrinsic,11862,KCab,"KCab-m,KCab-c,KCab-s",,VFB_jrmc2jre,R,,,Roughly traced,
73306,celltype_prediction_only,acetylcholine,dopamine,0.8021434222649522,dopamine,0.7684195092483681,KCab-s,KCab-s,KCab-s_R,Kenyon_Cell,,cb_intrinsic,11862,KCab,"KCab-m,KCab-c,KCab-s",,VFB_jrmc2jrf,R,,,Prelim Roughly traced,
73588,celltype_prediction_only,acetylcholine,dopamine,0.7670979398942254,dopamine,0.7684195092483681,KCab-s,KCab-s,KCab-s_R,Kenyon_Cell,,cb_intrinsic,11862,KCab,"KCab-m,KCab-c,KCab-s",,VFB_jrmc2jsm,R,,,Prelim Roughly traced,
73721,celltype_prediction_only,acetylcholine,dopamine,0.807920001905851,dopamine,0.7684195092483681,KCab-s,KCab-s,KCab-s_R,Kenyon_Cell,,cb_intrinsic,11862,KCab,"KCab-m,KCab-c,KCab-s",,VFB_jrmc2jzm,R,,,Roughly traced,
74135,celltype_prediction_only,acetylcholine,dopamine,0.763072280799112,dopamine,0.7684195092483681,KCab-s,KCab-s,KCab-s_R,Kenyon_Cell,,cb_intrinsic,11862,KCab,"KCab-m,KCab-c,KCab-s",,VFB_jrmc2jrg,R,,,Roughly traced,
74518,celltype_prediction_only,acetylcholine,dopamine,0.8296822085147557,dopamine,0.7684195092483681,KCab-s,KCab-s,KCab-s_L,Kenyon_Cell,,cb_intrinsic,11862,KCab,"KCab-m,KCab-c,KCab-s",,VFB_jrmc2jyc,L,,,Roughly traced,
74549,celltype_prediction_only,acetylcholine,dopamine,0.764357966457023,dopamine,0.7684195092483681,KCab-s,KCab-s,KCab-s_L,Kenyon_Cell,,cb_intrinsic,11862,KCab,"KCab-m,KCab-c,KCab-s",,VFB_jrmc2jv4,L,,,Roughly traced,
74682,celltype_prediction_only,acetylcholine,dopamine,0.7771278825995808,dopamine,0.7684195092483681,KCab-s,KCab-s,KCab-s_R,Kenyon_Cell,,cb_intrinsic,11862,KCab,"KCab-m,KCab-c,KCab-s",,VFB_jrmc2jop,R,,,Roughly traced,
74721,celltype_prediction_only,acetylcholine,dopamine,0.7775182269759243,dopamine,0.7684195092483681,KCab-s,KCab-s,KCab-s_R,Kenyon_Cell,,cb_intrinsic,11862,KCab,"KCab-m,KCab-c,KCab-s",,VFB_jrmc2jsn,R,,,Roughly traced,
74740,celltype_prediction_only,acetylcholine,dopamine,0.7889564054801106,dopamine,0.7684195092483681,KCab-s,KCab-s,KCab-s_R,Kenyon_Cell,,cb_intrinsic,11862,KCab,"KCab-m,KCab-c,KCab-s",,VFB_jrmc2jk9,R,,,Prelim Roughly traced,
74803,celltype_prediction_only,acetylcholine,dopamine,0.7443473735494729,dopamine,0.7684195092483681,KCab-s,KCab-s,KCab-s_R,Kenyon_Cell,,cb_intrinsic,11862,KCab,"KCab-m,KCab-c,KCab-s",,VFB_jrmc2jia,R,,,Roughly traced,
74812,celltype_prediction_only,acetylcholine,dopamine,0.7629671006657104,dopamine,0.7684195092483681,KCab-s,KCab-s,KCab-s_R,Kenyon_Cell,,cb_intrinsic,11862,KCab,"KCab-m,KCab-c,KCab-s",,VFB_jrmc2jrh,R,,,Roughly traced,
74869,celltype_prediction_only,acetylcholine,dopamine,0.7879299177247736,dopamine,0.7684195092483681,KCab-s,KCab-s,KCab-s_R,Kenyon_Cell,,cb_intrinsic,11862,KCab,"KCab-m,KCab-c,KCab-s",,VFB_jrmc2jka,R,,,Prelim Roughly traced,
75050,celltype_prediction_only,acetylcholine,dopamine,0.7606043742491696,dopamine,0.7684195092483681,KCab-s,KCab-s,KCab-s_R,Kenyon_Cell,,cb_intrinsic,11862,KCab,"KCab-m,KCab-c,KCab-s",,VFB_jrmc2jkb,R,,,Roughly traced,
75149,celltype_prediction_only,acetylcholine,dopamine,0.769133973768983,dopamine,0.7684195092483681,KCab-s,KCab-s,KCab-s_R,Kenyon_Cell,,cb_intrinsic,11862,KCab,"KCab-m,KCab-c,KCab-s",,VFB_jrmc2jri,R,,,Roughly traced,
75181,celltype_prediction_only,acetylcholine,dopamine,0.7355202285921626,dopamine,0.7684195092483681,KCab-s,KCab-s,KCab-s_L,Kenyon_Cell,,cb_intrinsic,11862,KCab,"KCab-m,KCab-c,KCab-s",,VFB_jrmc2jng,L,,,Roughly traced,
75300,celltype_prediction_only,acetylcholine,dopamine,0.7941227936701156,dopamine,0.7684195092483681,KCab-s,KCab-s,KCab-s_R,Kenyon_Cell,,cb_intrinsic,11862,KCab,"KCab-m,KCab-c,KCab-s",,VFB_jrmc2jkc,R,,,Roughly traced,
75384,celltype_prediction_only,acetylcholine,dopamine,0.7321449065785246,dopamine,0.7684195092483681,KCab-s,KCab-s,KCab-s_R,Kenyon_Cell,,cb_intrinsic,11862,KCab,"KCab-m,KCab-c,KCab-s",,VFB_jrmc2jrj,R,,,Roughly traced,
75446,celltype_prediction_only,acetylcholine,dopamine,0.7301728705222861,dopamine,0.7684195092483681,KCab-s,KCab-s,KCab-s_L,Kenyon_Cell,,cb_intrinsic,11862,KCab,"KCab-m,KCab-c,KCab-s",,VFB_jrmc2jxq,L,,,Roughly traced,
75882,celltype_prediction_only,acetylcholine,dopamine,0.7737760618592229,dopamine,0.7684195092483681,KCab-s,KCab-s,KCab-s_R,Kenyon_Cell,,cb_intrinsic,11862,KCab,"KCab-m,KCab-c,KCab-s",,VFB_jrmc2jto,R,,,Roughly traced,
75942,celltype_prediction_only,acetylcholine,dopamine,0.7841452504879636,dopamine,0.7684195092483681,KCab-s,KCab-s,KCab-s_L,Kenyon_Cell,,cb_intrinsic,11862,KCab,"KCab-m,KCab-c,KCab-s",,VFB_jrmc2jv5,L,,,Roughly traced,
75964,celltype_prediction_only,acetylcholine,dopamine,0.8179977966029178,dopamine,0.7684195092483681,KCab-s,KCab-s,KCab-s_L,Kenyon_Cell,,cb_intrinsic,11862,KCab,"KCab-m,KCab-c,KCab-s",,VFB_jrmc2jhs,L,,,Roughly traced,
75997,celltype_prediction_only,acetylcholine,dopamine,0.7602807034548118,dopamine,0.7684195092483681,KCab-s,KCab-s,KCab-s_R,Kenyon_Cell,,cb_intrinsic,11862,KCab,"KCab-m,KCab-c,KCab-s",,VFB_jrmc2jxn,R,,,Roughly traced,
76009,celltype_prediction_only,acetylcholine,dopamine,0.7508197192820985,dopamine,0.7684195092483681,KCab-s,KCab-s,KCab-s_L,Kenyon_Cell,,cb_intrinsic,11862,KCab,"KCab-m,KCab-c,KCab-s",,VFB_jrmc2jvk,L,,,Roughly traced,
76072,celltype_prediction_only,acetylcholine,dopamine,0.8055504027983887,dopamine,0.7684195092483681,KCab-s,KCab-s,KCab-s_L,Kenyon_Cell,,cb_intrinsic,11862,KCab,"KCab-m,KCab-c,KCab-s",,VFB_jrmc2jwm,L,,,Roughly traced,
76271,celltype_prediction_only,acetylcholine,dopamine,0.7739139973672664,dopamine,0.7684195092483681,KCab-s,KCab-s,KCab-s_R,Kenyon_Cell,,cb_intrinsic,11862,KCab,"KCab-m,KCab-c,KCab-s",,VFB_jrmc2jkd,R,,,Roughly traced,
76436,celltype_prediction_only,acetylcholine,dopamine,0.7792560034305318,dopamine,0.7684195092483681,KCab-s,KCab-s,KCab-s_R,Kenyon_Cell,,cb_intrinsic,11862,KCab,"KCab-m,KCab-c,KCab-s",,VFB_jrmc2jrk,R,,,Roughly traced,
76523,celltype_prediction_only,acetylcholine,dopamine,0.773276720256038,dopamine,0.7684195092483681,KCab-s,KCab-s,KCab-s_R,Kenyon_Cell,,cb_intrinsic,11862,KCab,"KCab-m,KCab-c,KCab-s",,VFB_jrmc2jzu,R,,,Roughly traced,
76582,celltype_prediction_only,acetylcholine,dopamine,0.681055968152014,dopamine,0.7684195092483681,KCab-s,KCab-s,KCab-s_R,Kenyon_Cell,,cb_intrinsic,11862,KCab,"KCab-m,KCab-c,KCab-s",,VFB_jrmc2jrl,R,,,Roughly traced,
76593,celltype_prediction_only,acetylcholine,dopamine,0.7569693842910236,dopamine,0.7684195092483681,KCab-s,KCab-s,KCab-s_R,Kenyon_Cell,,cb_intrinsic,11862,KCab,"KCab-m,KCab-c,KCab-s",,VFB_jrmc2joq,R,,,Prelim Roughly traced,
76648,celltype_prediction_only,acetylcholine,dopamine,0.746561733011198,dopamine,0.7684195092483681,KCab-s,KCab-s,KCab-s_R,Kenyon_Cell,,cb_intrinsic,11862,KCab,"KCab-m,KCab-c,KCab-s",,VFB_jrmc2jrm,R,,,Roughly traced,
76660,celltype_prediction_only,acetylcholine,dopamine,0.6937343612632718,dopamine,0.7684195092483681,KCab-s,KCab-s,KCab-s_R,Kenyon_Cell,,cb_intrinsic,11862,KCab,"KCab-m,KCab-c,KCab-s",,VFB_jrmc2jso,R,,,Roughly traced,
76750,celltype_prediction_only,acetylcholine,dopamine,0.7780512641931535,dopamine,0.7684195092483681,KCab-s,KCab-s,KCab-s_R,Kenyon_Cell,,cb_intrinsic,11862,KCab,"KCab-m,KCab-c,KCab-s",,VFB_jrmc2jtp,R,,,Roughly traced,
76811,celltype_prediction_only,acetylcholine,dopamine,0.7553003043863893,dopamine,0.7684195092483681,KCab-s,KCab-s,KCab-s_R,Kenyon_Cell,,cb_intrinsic,11862,KCab,"KCab-m,KCab-c,KCab-s",,VFB_jrmc2jor,R,,,Roughly traced,
76862,celltype_prediction_only,acetylcholine,dopamine,0.6222754961774564,dopamine,0.7684195092483681,KCab-s,KCab-s,KCab-s_R,Kenyon_Cell,,cb_intrinsic,11862,KCab,"KCab-m,KCab-c,KCab-s",,VFB_jrmc2jke,R,,,Roughly traced,
76898,celltype_prediction_only,acetylcholine,dopamine,0.6962447412034676,dopamine,0.7684195092483681,KCab-s,KCab-s,KCab-s_R,Kenyon_Cell,,cb_intrinsic,11862,KCab,"KCab-m,KCab-c,KCab-s",,VFB_jrmc2jos,R,,,Roughly traced,
77076,celltype_prediction_only,acetylcholine,dopamine,0.7796257300089847,dopamine,0.7684195092483681,KCab-s,KCab-s,KCab-s_L,Kenyon_Cell,,cb_intrinsic,11862,KCab,"KCab-m,KCab-c,KCab-s",,VFB_jrmc2jw5,L,,,Roughly traced,
77219,celltype_prediction_only,acetylcholine,dopamine,0.7886576891864475,dopamine,0.7684195092483681,KCab-s,KCab-s,KCab-s_R,Kenyon_Cell,,cb_intrinsic,11862,KCab,"KCab-m,KCab-c,KCab-s",,VFB_jrmc2jrn,R,,,Roughly traced,
77390,celltype_prediction_only,acetylcholine,dopamine,0.8067100118986911,dopamine,0.7684195092483681,KCab-s,KCab-s,KCab-s_R,Kenyon_Cell,,cb_intrinsic,11862,KCab,"KCab-m,KCab-c,KCab-s",,VFB_jrmc2jsp,R,,,Roughly traced,
77433,celltype_prediction_only,acetylcholine,dopamine,0.7633712450347566,dopamine,0.7684195092483681,KCab-s,KCab-s,KCab-s_R,Kenyon_Cell,,cb_intrinsic,11862,KCab,"KCab-m,KCab-c,KCab-s",,VFB_jrmc2jro,R,,,Roughly traced,
77729,celltype_prediction_only,acetylcholine,dopamine,0.7887889061606632,dopamine,0.7684195092483681,KCab-s,KCab-s,KCab-s_R,Kenyon_Cell,,cb_intrinsic,11862,KCab,"KCab-m,KCab-c,KCab-s",,VFB_jrmc2jkf,R,,,Roughly traced,
77760,celltype_prediction_only,acetylcholine,dopamine,0.7800931860131256,dopamine,0.7684195092483681,KCab-s,KCab-s,KCab-s_R,Kenyon_Cell,,cb_intrinsic,11862,KCab,"KCab-m,KCab-c,KCab-s",,VFB_jrmc2jkg,R,,,Roughly traced,
77914,celltype_prediction_only,acetylcholine,dopamine,0.6704640660147821,dopamine,0.7684195092483681,KCab-s,KCab-s,KCab-s_L,Kenyon_Cell,,cb_intrinsic,11862,KCab,"KCab-m,KCab-c,KCab-s",,VFB_jrmc2jqs,L,,,Roughly traced,
78013,celltype_prediction_only,acetylcholine,dopamine,0.7955050569437362,dopamine,0.7684195092483681,KCab-s,KCab-s,KCab-s_R,Kenyon_Cell,,cb_intrinsic,11862,KCab,"KCab-m,KCab-c,KCab-s",,VFB_jrmc2jkh,R,,,Roughly traced,
78060,celltype_prediction_only,acetylcholine,dopamine,0.7966147322279398,dopamine,0.7684195092483681,KCab-s,KCab-s,KCab-s_R,Kenyon_Cell,,cb_intrinsic,11862,KCab,"KCab-m,KCab-c,KCab-s",,VFB_jrmc2jzg,R,,,Roughly traced,
78097,celltype_prediction_only,acetylcholine,dopamine,0.7646582645440252,dopamine,0.7684195092483681,KCab-s,KCab-s,KCab-s_R,Kenyon_Cell,,cb_intrinsic,11862,KCab,"KCab-m,KCab-c,KCab-s",,VFB_jrmc2jki,R,,,Roughly traced,
78203,celltype_prediction_only,acetylcholine,dopamine,0.7988353548966757,dopamine,0.7684195092483681,KCab-s,KCab-s,KCab-s_R,Kenyon_Cell,,cb_intrinsic,11862,KCab,"KCab-m,KCab-c,KCab-s",,VFB_jrmc2jkj,R,,,Roughly traced,
78234,celltype_prediction_only,acetylcholine,dopamine,0.7769799302968393,dopamine,0.7684195092483681,KCab-s,KCab-s,KCab-s_R,Kenyon_Cell,,cb_intrinsic,11862,KCab,"KCab-m,KCab-c,KCab-s",,VFB_jrmc2jkk,R,,,Roughly traced,
78356,celltype_prediction_only,acetylcholine,dopamine,0.812016791757879,dopamine,0.7684195092483681,KCab-s,KCab-s,KCab-s_R,Kenyon_Cell,,cb_intrinsic,11862,KCab,"KCab-m,KCab-c,KCab-s",,VFB_jrmc2jrp,R,,,Roughly traced,
78544,celltype_prediction_only,acetylcholine,dopamine,0.7625168463611859,dopamine,0.7684195092483681,KCab-s,KCab-s,KCab-s_R,Kenyon_Cell,,cb_intrinsic,11862,KCab,"KCab-m,KCab-c,KCab-s",,VFB_jrmc2jtq,R,,,Roughly traced,
78589,celltype_prediction_only,acetylcholine,dopamine,0.7495168995150991,dopamine,0.7684195092483681,KCab-s,KCab-s,KCab-s_R,Kenyon_Cell,,cb_intrinsic,11862,KCab,"KCab-m,KCab-c,KCab-s",,VFB_jrmc2jot,R,,,Roughly traced,
78747,celltype_prediction_only,acetylcholine,dopamine,0.7961712102293748,dopamine,0.7684195092483681,KCab-s,KCab-s,KCab-s_L,Kenyon_Cell,,cb_intrinsic,11862,KCab,"KCab-m,KCab-c,KCab-s",,VFB_jrmc2jzn,L,,,Roughly traced,
78803,celltype_prediction_only,acetylcholine,dopamine,0.7189894225271584,dopamine,0.7684195092483681,KCab-s,KCab-s,KCab-s_R,Kenyon_Cell,,cb_intrinsic,11862,KCab,"KCab-m,KCab-c,KCab-s",,VFB_jrmc2jou,R,,,Roughly traced,
78924,celltype_prediction_only,acetylcholine,dopamine,0.8015765893763734,dopamine,0.7684195092483681,KCab-s,KCab-s,KCab-s_R,Kenyon_Cell,,cb_intrinsic,11862,KCab,"KCab-m,KCab-c,KCab-s",,VFB_jrmc2jkl,R,,,Roughly traced,
78928,celltype_prediction_only,acetylcholine,dopamine,0.7800005615453728,dopamine,0.7684195092483681,KCab-s,KCab-s,KCab-s_R,Kenyon_Cell,,cb_intrinsic,11862,KCab,"KCab-m,KCab-c,KCab-s",,VFB_jrmc2jkm,R,,,Roughly traced,
78946,celltype_prediction_only,acetylcholine,dopamine,0.7842610062893082,dopamine,0.7684195092483681,KCab-s,KCab-s,KCab-s_R,Kenyon_Cell,,cb_intrinsic,11862,KCab,"KCab-m,KCab-c,KCab-s",,VFB_jrmc2jov,R,,,Prelim Roughly traced,
78984,celltype_prediction_only,acetylcholine,dopamine,0.7918620235659619,dopamine,0.7684195092483681,KCab-s,KCab-s,KCab-s_R,Kenyon_Cell,,cb_intrinsic,11862,KCab,"KCab-m,KCab-c,KCab-s",,VFB_jrmc2jkn,R,,,Roughly traced,
79299,celltype_prediction_only,acetylcholine,dopamine,0.806020198355104,dopamine,0.7684195092483681,KCab-s,KCab-s,KCab-s_L,Kenyon_Cell,,cb_intrinsic,11862,KCab,"KCab-m,KCab-c,KCab-s",,VFB_jrmc2jnh,L,,,Roughly traced,
79508,celltype_prediction_only,acetylcholine,dopamine,0.7783613343427285,dopamine,0.7684195092483681,KCab-s,KCab-s,KCab-s_R,Kenyon_Cell,,cb_intrinsic,11862,KCab,"KCab-m,KCab-c,KCab-s",,VFB_jrmc2jow,R,,,Roughly traced,
79536,celltype_prediction_only,acetylcholine,dopamine,0.7804210147219002,dopamine,0.7684195092483681,KCab-s,KCab-s,KCab-s_R,Kenyon_Cell,,cb_intrinsic,11862,KCab,"KCab-m,KCab-c,KCab-s",,VFB_jrmc2jko,R,,,Roughly traced,
79821,celltype_prediction_only,acetylcholine,dopamine,0.7092733602875113,dopamine,0.7684195092483681,KCab-s,KCab-s,KCab-s_R,Kenyon_Cell,,cb_intrinsic,11862,KCab,"KCab-m,KCab-c,KCab-s",,VFB_jrmc2jtr,R,,,Roughly traced,
80013,celltype_prediction_only,acetylcholine,dopamine,0.7651503038055644,dopamine,0.7684195092483681,KCab-s,KCab-s,KCab-s_R,Kenyon_Cell,,cb_intrinsic,11862,KCab,"KCab-m,KCab-c,KCab-s",,VFB_jrmc2jts,R,,,Roughly traced,
80082,celltype_prediction_only,acetylcholine,dopamine,0.7151234655603547,dopamine,0.7684195092483681,KCab-s,KCab-s,KCab-s_R,Kenyon_Cell,,cb_intrinsic,11862,KCab,"KCab-m,KCab-c,KCab-s",,VFB_jrmc2jib,R,,,Roughly traced,
80131,celltype_prediction_only,acetylcholine,dopamine,0.717604990870359,dopamine,0.7684195092483681,KCab-s,KCab-s,KCab-s_R,Kenyon_Cell,,cb_intrinsic,11862,KCab,"KCab-m,KCab-c,KCab-s",,VFB_jrmc2jrq,R,,,Roughly traced,
80155,celltype_prediction_only,acetylcholine,dopamine,0.7260650058962265,dopamine,0.7684195092483681,KCab-s,KCab-s,KCab-s_R,Kenyon_Cell,,cb_intrinsic,11862,KCab,"KCab-m,KCab-c,KCab-s",,VFB_jrmc2jox,R,,,Roughly traced,
80172,celltype_prediction_only,acetylcholine,dopamine,0.7210467565715207,dopamine,0.7684195092483681,KCab-s,KCab-s,KCab-s_R,Kenyon_Cell,,cb_intrinsic,11862,KCab,"KCab-m,KCab-c,KCab-s",,VFB_jrmc2joy,R,,,Prelim Roughly traced,
80201,celltype_prediction_only,acetylcholine,dopamine,0.7680284141958671,dopamine,0.7684195092483681,KCab-s,KCab-s,KCab-s_R,Kenyon_Cell,,cb_intrinsic,11862,KCab,"KCab-m,KCab-c,KCab-s",,VFB_jrmc2jkp,R,,,Roughly traced,
80539,celltype_prediction_only,acetylcholine,dopamine,0.7540807216714636,dopamine,0.7684195092483681,KCab-s,KCab-s,KCab-s_R,Kenyon_Cell,,cb_intrinsic,11862,KCab,"KCab-m,KCab-c,KCab-s",,VFB_jrmc2jkq,R,,,Roughly traced,
80562,celltype_prediction_only,acetylcholine,dopamine,0.7715997108606644,dopamine,0.7684195092483681,KCab-s,KCab-s,KCab-s_R,Kenyon_Cell,,cb_intrinsic,11862,KCab,"KCab-m,KCab-c,KCab-s",,VFB_jrmc2jsq,R,,,Roughly traced,
80747,celltype_prediction_only,acetylcholine,dopamine,0.7761640292148508,dopamine,0.7684195092483681,KCab-s,KCab-s,KCab-s_L,Kenyon_Cell,,cb_intrinsic,11862,KCab,"KCab-m,KCab-c,KCab-s",,VFB_jrmc2jur,L,,,Roughly traced,
81141,celltype_prediction_only,acetylcholine,dopamine,0.7860238122300522,dopamine,0.7684195092483681,KCab-s,KCab-s,KCab-s_R,Kenyon_Cell,,cb_intrinsic,11862,KCab,"KCab-m,KCab-c,KCab-s",,VFB_jrmc2joz,R,,,Roughly traced,
81202,celltype_prediction_only,acetylcholine,dopamine,0.7526402449751506,dopamine,0.7684195092483681,KCab-s,KCab-s,KCab-s_R,Kenyon_Cell,,cb_intrinsic,11862,KCab,"KCab-m,KCab-c,KCab-s",,VFB_jrmc2jp0,R,,,Roughly traced,
81207,celltype_prediction_only,acetylcholine,dopamine,0.759343146822815,dopamine,0.7684195092483681,KCab-s,KCab-s,KCab-s_R,Kenyon_Cell,,cb_intrinsic,11862,KCab,"KCab-m,KCab-c,KCab-s",,VFB_jrmc2jtt,R,,,Roughly traced,
81851,celltype_prediction_only,acetylcholine,dopamine,0.7059180642907058,dopamine,0.7684195092483681,KCab-s,KCab-s,KCab-s_R,Kenyon_Cell,,cb_intrinsic,11862,KCab,"KCab-m,KCab-c,KCab-s",,VFB_jrmc2jsr,R,,,Roughly traced,
81925,celltype_prediction_only,acetylcholine,dopamine,0.7976911906009784,dopamine,0.7684195092483681,KCab-s,KCab-s,KCab-s_L,Kenyon_Cell,,cb_intrinsic,11862,KCab,"KCab-m,KCab-c,KCab-s",,VFB_jrmc2jni,L,,,Roughly traced,
82068,celltype_prediction_only,acetylcholine,dopamine,0.7458583994166439,dopamine,0.7684195092483681,KCab-s,KCab-s,KCab-s_R,Kenyon_Cell,,cb_intrinsic,11862,KCab,"KCab-m,KCab-c,KCab-s",,VFB_jrmc2jic,R,,,Roughly traced,
82358,celltype_prediction_only,acetylcholine,dopamine,0.7976911906009784,dopamine,0.7684195092483681,KCab-s,KCab-s,KCab-s_R,Kenyon_Cell,,cb_intrinsic,11862,KCab,"KCab-m,KCab-c,KCab-s",,VFB_jrmc2jss,R,,,Roughly traced,
82594,celltype_prediction_only,acetylcholine,dopamine,0.7981445906877662,dopamine,0.7684195092483681,KCab-s,KCab-s,KCab-s_L,Kenyon_Cell,,cb_intrinsic,11862,KCab,"KCab-m,KCab-c,KCab-s",,VFB_jrmc2jqt,L,,,Roughly traced,
82635,celltype_prediction_only,acetylcholine,dopamine,0.8144284749482926,dopamine,0.7684195092483681,KCab-s,KCab-s,KCab-s_R,Kenyon_Cell,,cb_intrinsic,11862,KCab,"KCab-m,KCab-c,KCab-s",,VFB_jrmc2jp1,R,,,Roughly traced,
82673,celltype_prediction_only,acetylcholine,dopamine,0.7567543264685329,dopamine,0.7684195092483681,KCab-s,KCab-s,KCab-s_R,Kenyon_Cell,,cb_intrinsic,11862,KCab,"KCab-m,KCab-c,KCab-s",,VFB_jrmc2jid,R,,,Roughly traced,
82789,celltype_prediction_only,acetylcholine,dopamine,0.8157243699696529,dopamine,0.7684195092483681,KCab-s,KCab-s,KCab-s_R,Kenyon_Cell,,cb_intrinsic,11862,KCab,"KCab-m,KCab-c,KCab-s",,VFB_jrmc2jp2,R,,,Roughly traced,
82798,celltype_prediction_only,acetylcholine,dopamine,0.7788171126034893,dopamine,0.7684195092483681,KCab-s,KCab-s,KCab-s_R,Kenyon_Cell,,cb_intrinsic,11862,KCab,"KCab-m,KCab-c,KCab-s",,VFB_jrmc2jst,R,,,Roughly traced,
83168,celltype_prediction_only,acetylcholine,dopamine,0.8077486585741303,dopamine,0.7684195092483681,KCab-s,KCab-s,KCab-s_R,Kenyon_Cell,,cb_intrinsic,11862,KCab,"KCab-m,KCab-c,KCab-s",,VFB_jrmc2jie,R,,,Roughly traced,
83181,celltype_prediction_only,acetylcholine,dopamine,0.7598530414961232,dopamine,0.7684195092483681,KCab-s,KCab-s,KCab-s_R,Kenyon_Cell,,cb_intrinsic,11862,KCab,"KCab-m,KCab-c,KCab-s",,VFB_jrmc2jkr,R,,,Roughly traced,
83489,celltype_prediction_only,acetylcholine,dopamine,0.7796388218516893,dopamine,0.7684195092483681,KCab-s,KCab-s,KCab-s_L,Kenyon_Cell,,cb_intrinsic,11862,KCab,"KCab-m,KCab-c,KCab-s",,VFB_jrmc2jwf,L,,,Roughly traced,
83604,celltype_prediction_only,acetylcholine,dopamine,0.7540645111159865,dopamine,0.7684195092483681,KCab-s,KCab-s,KCab-s_R,Kenyon_Cell,,cb_intrinsic,11862,KCab,"KCab-m,KCab-c,KCab-s",,VFB_jrmc2jp3,R,,,Roughly traced,
83624,celltype_prediction_only,acetylcholine,dopamine,0.7702117431992119,dopamine,0.7684195092483681,KCab-s,KCab-s,KCab-s_R,Kenyon_Cell,,cb_intrinsic,11862,KCab,"KCab-m,KCab-c,KCab-s",,VFB_jrmc2jrr,R,,,Roughly traced,
83684,celltype_prediction_only,acetylcholine,dopamine,0.8057156999767062,dopamine,0.7684195092483681,KCab-s,KCab-s,KCab-s_R,Kenyon_Cell,,cb_intrinsic,11862,KCab,"KCab-m,KCab-c,KCab-s",,VFB_jrmc2jp4,R,,,Roughly traced,
83743,celltype_prediction_only,acetylcholine,dopamine,0.7242284143446207,dopamine,0.7684195092483681,KCab-s,KCab-s,KCab-s_R,Kenyon_Cell,,cb_intrinsic,11862,KCab,"KCab-m,KCab-c,KCab-s",,VFB_jrmc2jtu,R,,,Roughly traced,
83961,celltype_prediction_only,acetylcholine,dopamine,0.7671882967873535,dopamine,0.7684195092483681,KCab-s,KCab-s,KCab-s_R,Kenyon_Cell,,cb_intrinsic,11862,KCab,"KCab-m,KCab-c,KCab-s",,VFB_jrmc2jks,R,,,Roughly traced,
83978,celltype_prediction_only,acetylcholine,dopamine,0.78341607292079,dopamine,0.7684195092483681,KCab-s,KCab-s,KCab-s_L,Kenyon_Cell,,cb_intrinsic,11862,KCab,"KCab-m,KCab-c,KCab-s",,VFB_jrmc2jn1,L,,,Roughly traced,
83989,celltype_prediction_only,acetylcholine,dopamine,0.7919079375406637,dopamine,0.7684195092483681,KCab-s,KCab-s,KCab-s_L,Kenyon_Cell,,cb_intrinsic,11862,KCab,"KCab-m,KCab-c,KCab-s",,VFB_jrmc2jht,L,,,Roughly traced,
84278,celltype_prediction_only,acetylcholine,dopamine,0.811411026400468,dopamine,0.7684195092483681,KCab-s,KCab-s,KCab-s_R,Kenyon_Cell,,cb_intrinsic,11862,KCab,"KCab-m,KCab-c,KCab-s",,VFB_jrmc2jrs,R,,,Roughly traced,
84295,celltype_prediction_only,acetylcholine,dopamine,0.7018660916973689,dopamine,0.7684195092483681,KCab-s,KCab-s,KCab-s_R,Kenyon_Cell,,cb_intrinsic,11862,KCab,"KCab-m,KCab-c,KCab-s",,VFB_jrmc2jp5,R,,,Roughly traced,
84334,celltype_prediction_only,acetylcholine,dopamine,0.7344497264806079,dopamine,0.7684195092483681,KCab-s,KCab-s,KCab-s_R,Kenyon_Cell,,cb_intrinsic,11862,KCab,"KCab-m,KCab-c,KCab-s",,VFB_jrmc2jsu,R,,,Roughly traced,
84641,celltype_prediction_only,acetylcholine,dopamine,0.7346583251654006,dopamine,0.7684195092483681,KCab-s,KCab-s,KCab-s_R,Kenyon_Cell,,cb_intrinsic,11862,KCab,"KCab-m,KCab-c,KCab-s",,VFB_jrmc2jrt,R,,,Roughly traced,
84765,celltype_prediction_only,acetylcholine,dopamine,0.7810182408114298,dopamine,0.7684195092483681,KCab-s,KCab-s,KCab-s_R,Kenyon_Cell,,cb_intrinsic,11862,KCab,"KCab-m,KCab-c,KCab-s",,VFB_jrmc2jkt,R,,,Roughly traced,
84777,celltype_prediction_only,acetylcholine,dopamine,0.7677177533400321,dopamine,0.7684195092483681,KCab-s,KCab-s,KCab-s_R,Kenyon_Cell,,cb_intrinsic,11862,KCab,"KCab-m,KCab-c,KCab-s",,VFB_jrmc2jru,R,,,Roughly traced,
84811,celltype_prediction_only,acetylcholine,dopamine,0.7958325869755593,dopamine,0.7684195092483681,KCab-s,KCab-s,KCab-s_R,Kenyon_Cell,,cb_intrinsic,11862,KCab,"KCab-m,KCab-c,KCab-s",,VFB_jrmc2jp6,R,,,Roughly traced,
84822,celltype_prediction_only,acetylcholine,dopamine,0.8258895019975476,dopamine,0.7684195092483681,KCab-s,KCab-s,KCab-s_L,Kenyon_Cell,,cb_intrinsic,11862,KCab,"KCab-m,KCab-c,KCab-s",,VFB_jrmc2jus,L,,,Roughly traced,
84991,celltype_prediction_only,acetylcholine,dopamine,0.8178936433063791,dopamine,0.7684195092483681,KCab-s,KCab-s,KCab-s_R,Kenyon_Cell,,cb_intrinsic,11862,KCab,"KCab-m,KCab-c,KCab-s",,VFB_jrmc2jtv,R,,,Roughly traced,
85110,celltype_prediction_only,acetylcholine,dopamine,0.785429079774909,dopamine,0.7684195092483681,KCab-s,KCab-s,KCab-s_R,Kenyon_Cell,,cb_intrinsic,11862,KCab,"KCab-m,KCab-c,KCab-s",,VFB_jrmc2jp7,R,,,Roughly traced,
85257,celltype_prediction_only,acetylcholine,dopamine,0.7599323337825696,dopamine,0.7684195092483681,KCab-s,KCab-s,KCab-s_R,Kenyon_Cell,,cb_intrinsic,11862,KCab,"KCab-m,KCab-c,KCab-s",,VFB_jrmc2jku,R,,,Roughly traced,
85321,celltype_prediction_only,acetylcholine,dopamine,0.7401388342941998,dopamine,0.7684195092483681,KCab-s,KCab-s,KCab-s_R,Kenyon_Cell,,cb_intrinsic,11862,KCab,"KCab-m,KCab-c,KCab-s",,VFB_jrmc2jif,R,,,Roughly traced,
85342,celltype_prediction_only,acetylcholine,dopamine,0.7265252573809238,dopamine,0.7684195092483681,KCab-s,KCab-s,KCab-s_R,Kenyon_Cell,,cb_intrinsic,11862,KCab,"KCab-m,KCab-c,KCab-s",,VFB_jrmc2jkv,R,,,Roughly traced,
85391,celltype_prediction_only,acetylcholine,dopamine,0.7973687345149609,dopamine,0.7684195092483681,KCab-s,KCab-s,KCab-s_R,Kenyon_Cell,,cb_intrinsic,11862,KCab,"KCab-m,KCab-c,KCab-s",,VFB_jrmc2jsv,R,,,Roughly traced,
85522,celltype_prediction_only,acetylcholine,dopamine,0.7788302349241583,dopamine,0.7684195092483681,KCab-s,KCab-s,KCab-s_R,Kenyon_Cell,,cb_intrinsic,11862,KCab,"KCab-m,KCab-c,KCab-s",,VFB_jrmc2jkw,R,,,Roughly traced,
85531,celltype_prediction_only,acetylcholine,dopamine,0.8229886554775487,dopamine,0.7684195092483681,KCab-s,KCab-s,KCab-s_R,Kenyon_Cell,,cb_intrinsic,11862,KCab,"KCab-m,KCab-c,KCab-s",,VFB_jrmc2jrv,R,,,Roughly traced,
85711,celltype_prediction_only,acetylcholine,dopamine,0.7428556764010736,dopamine,0.7684195092483681,KCab-s,KCab-s,KCab-s_R,Kenyon_Cell,,cb_intrinsic,11862,KCab,"KCab-m,KCab-c,KCab-s",,VFB_jrmc2jkx,R,,,Roughly traced,
85920,celltype_prediction_only,acetylcholine,dopamine,0.7459466476434506,dopamine,0.7684195092483681,KCab-s,KCab-s,KCab-s_R,Kenyon_Cell,,cb_intrinsic,11862,KCab,"KCab-m,KCab-c,KCab-s",,VFB_jrmc2jp8,R,,,Roughly traced,
85986,celltype_prediction_only,acetylcholine,dopamine,0.7756836404428261,dopamine,0.7684195092483681,KCab-s,KCab-s,KCab-s_R,Kenyon_Cell,,cb_intrinsic,11862,KCab,"KCab-m,KCab-c,KCab-s",,VFB_jrmc2jzx,R,,,Roughly traced,
86072,celltype_prediction_only,acetylcholine,dopamine,0.7375158744557329,dopamine,0.7684195092483681,KCab-s,KCab-s,KCab-s_R,Kenyon_Cell,,cb_intrinsic,11862,KCab,"KCab-m,KCab-c,KCab-s",,VFB_jrmc2jky,R,,,Roughly traced,
86079,celltype_prediction_only,acetylcholine,dopamine,0.7585434210993853,dopamine,0.7684195092483681,KCab-s,KCab-s,KCab-s_R,Kenyon_Cell,,cb_intrinsic,11862,KCab,"KCab-m,KCab-c,KCab-s",,VFB_jrmc2jzt,R,,,Roughly traced,
86168,celltype_prediction_only,acetylcholine,dopamine,0.739453795025729,dopamine,0.7684195092483681,KCab-s,KCab-s,KCab-s_R,Kenyon_Cell,,cb_intrinsic,11862,KCab,"KCab-m,KCab-c,KCab-s",,VFB_jrmc2jsw,R,,,Roughly traced,
86324,celltype_prediction_only,acetylcholine,dopamine,0.7607579469552923,dopamine,0.7684195092483681,KCab-s,KCab-s,KCab-s_L,Kenyon_Cell,,cb_intrinsic,11862,KCab,"KCab-m,KCab-c,KCab-s",,VFB_jrmc2jul,L,,,Roughly traced,
86432,celltype_prediction_only,acetylcholine,dopamine,0.7737862696299725,dopamine,0.7684195092483681,KCab-s,KCab-s,KCab-s_R,Kenyon_Cell,,cb_intrinsic,11862,KCab,"KCab-m,KCab-c,KCab-s",,VFB_jrmc2jkz,R,,,Roughly traced,
86468,celltype_prediction_only,acetylcholine,dopamine,0.7536386268343815,dopamine,0.7684195092483681,KCab-s,KCab-s,KCab-s_R,Kenyon_Cell,,cb_intrinsic,11862,KCab,"KCab-m,KCab-c,KCab-s",,VFB_jrmc2jig,R,,,Roughly traced,
86639,celltype_prediction_only,acetylcholine,dopamine,0.7564983058729737,dopamine,0.7684195092483681,KCab-s,KCab-s,KCab-s_R,Kenyon_Cell,,cb_intrinsic,11862,KCab,"KCab-m,KCab-c,KCab-s",,VFB_jrmc2jsx,R,,,Roughly traced,
86717,celltype_prediction_only,acetylcholine,dopamine,0.7340246150509651,dopamine,0.7684195092483681,KCab-s,KCab-s,KCab-s_L,Kenyon_Cell,,cb_intrinsic,11862,KCab,"KCab-m,KCab-c,KCab-s",,VFB_jrmc2jyi,L,,,Roughly traced,
86758,celltype_prediction_only,acetylcholine,dopamine,0.7690974256806906,dopamine,0.7684195092483681,KCab-s,KCab-s,KCab-s_R,Kenyon_Cell,,cb_intrinsic,11862,KCab,"KCab-m,KCab-c,KCab-s",,VFB_jrmc2jl0,R,,,Roughly traced,
86768,celltype_prediction_only,acetylcholine,dopamine,0.7752604166666667,dopamine,0.7684195092483681,KCab-s,KCab-s,KCab-s_R,Kenyon_Cell,,cb_intrinsic,11862,KCab,"KCab-m,KCab-c,KCab-s",,VFB_jrmc2jp9,R,,,Roughly traced,
86811,celltype_prediction_only,acetylcholine,dopamine,0.7955613111085388,dopamine,0.7684195092483681,KCab-s,KCab-s,KCab-s_R,Kenyon_Cell,,cb_intrinsic,11862,KCab,"KCab-m,KCab-c,KCab-s",,VFB_jrmc2jxy,R,,,Roughly traced,
86850,celltype_prediction_only,acetylcholine,dopamine,0.7893397875709197,dopamine,0.7684195092483681,KCab-s,KCab-s,KCab-s_L,Kenyon_Cell,,cb_intrinsic,11862,KCab,"KCab-m,KCab-c,KCab-s",,VFB_jrmc2jqu,L,,,Roughly traced,
86878,celltype_prediction_only,acetylcholine,dopamine,0.7674985612693714,dopamine,0.7684195092483681,KCab-s,KCab-s,KCab-s_L,Kenyon_Cell,,cb_intrinsic,11862,KCab,"KCab-m,KCab-c,KCab-s",,VFB_jrmc2jyk,L,,,Roughly traced,
86899,celltype_prediction_only,acetylcholine,dopamine,0.7122377857033287,dopamine,0.7684195092483681,KCab-s,KCab-s,KCab-s_L,Kenyon_Cell,,cb_intrinsic,11862,KCab,"KCab-m,KCab-c,KCab-s",,VFB_jrmc2jvu,L,,,Roughly traced,
87254,celltype_prediction_only,acetylcholine,dopamine,0.756062912984635,dopamine,0.7684195092483681,KCab-s,KCab-s,KCab-s_R,Kenyon_Cell,,cb_intrinsic,11862,KCab,"KCab-m,KCab-c,KCab-s",,VFB_jrmc2jub,R,,,Roughly traced,
87261,celltype_prediction_only,acetylcholine,dopamine,0.7746182904157273,dopamine,0.7684195092483681,KCab-s,KCab-s,KCab-s_R,Kenyon_Cell,,cb_intrinsic,11862,KCab,"KCab-m,KCab-c,KCab-s",,VFB_jrmc2juc,R,,,Roughly traced,
87576,celltype_prediction_only,acetylcholine,dopamine,0.7735226352823961,dopamine,0.7684195092483681,KCab-s,KCab-s,KCab-s_R,Kenyon_Cell,,cb_intrinsic,11862,KCab,"KCab-m,KCab-c,KCab-s",,VFB_jrmc2jyy,R,,,Roughly traced,
87719,celltype_prediction_only,acetylcholine,dopamine,0.7957635930208967,dopamine,0.7684195092483681,KCab-s,KCab-s,KCab-s_R,Kenyon_Cell,,cb_intrinsic,11862,KCab,"KCab-m,KCab-c,KCab-s",,VFB_jrmc2jpa,R,,,Roughly traced,
87728,celltype_prediction_only,acetylcholine,dopamine,0.8519779159519725,dopamine,0.7684195092483681,KCab-s,KCab-s,KCab-s_R,Kenyon_Cell,,cb_intrinsic,11862,KCab,"KCab-m,KCab-c,KCab-s",,VFB_jrmc2jzd,R,,,Roughly traced,
87731,celltype_prediction_only,acetylcholine,dopamine,0.8075247976047103,dopamine,0.7684195092483681,KCab-s,KCab-s,KCab-s_L,Kenyon_Cell,,cb_intrinsic,11862,KCab,"KCab-m,KCab-c,KCab-s",,VFB_jrmc2jx1,L,,,Roughly traced,
87758,celltype_prediction_only,acetylcholine,dopamine,0.7543351948239716,dopamine,0.7684195092483681,KCab-s,KCab-s,KCab-s_R,Kenyon_Cell,,cb_intrinsic,11862,KCab,"KCab-m,KCab-c,KCab-s",,VFB_jrmc2jl1,R,,,Roughly traced,
87784,celltype_prediction_only,acetylcholine,dopamine,0.810269688269073,dopamine,0.7684195092483681,KCab-s,KCab-s,KCab-s_R,Kenyon_Cell,,cb_intrinsic,11862,KCab,"KCab-m,KCab-c,KCab-s",,VFB_jrmc2jl2,R,,,Roughly traced,
87946,celltype_prediction_only,acetylcholine,dopamine,0.7624089988799863,dopamine,0.7684195092483681,KCab-s,KCab-s,KCab-s_R,Kenyon_Cell,,cb_intrinsic,11862,KCab,"KCab-m,KCab-c,KCab-s",,VFB_jrmc2jo2,R,,,Roughly traced,
88068,celltype_prediction_only,acetylcholine,dopamine,0.625263958973234,dopamine,0.7684195092483681,KCab-s,KCab-s,KCab-s_R,Kenyon_Cell,,cb_intrinsic,11862,KCab,"KCab-m,KCab-c,KCab-s",,VFB_jrmc2jl3,R,,,Roughly traced,
88404,celltype_prediction_only,acetylcholine,dopamine,0.7947229877747155,dopamine,0.7684195092483681,KCab-s,KCab-s,KCab-s_L,Kenyon_Cell,,cb_intrinsic,11862,KCab,"KCab-m,KCab-c,KCab-s",,VFB_jrmc2jnj,L,,,Roughly traced,
88407,celltype_prediction_only,acetylcholine,dopamine,0.7264553497006896,dopamine,0.7684195092483681,KCab-s,KCab-s,KCab-s_R,Kenyon_Cell,,cb_intrinsic,11862,KCab,"KCab-m,KCab-c,KCab-s",,VFB_jrmc2jl4,R,,,Roughly traced,
88653,celltype_prediction_only,acetylcholine,dopamine,0.7631885009401543,dopamine,0.7684195092483681,KCab-s,KCab-s,KCab-s_R,Kenyon_Cell,,cb_intrinsic,11862,KCab,"KCab-m,KCab-c,KCab-s",,VFB_jrmc2jpb,R,,,Roughly traced,
88775,celltype_prediction_only,acetylcholine,dopamine,0.6962637074665377,dopamine,0.7684195092483681,KCab-s,KCab-s,KCab-s_R,Kenyon_Cell,,cb_intrinsic,11862,KCab,"KCab-m,KCab-c,KCab-s",,VFB_jrmc2jpc,R,,,Roughly traced,
88938,celltype_prediction_only,acetylcholine,dopamine,0.7194728706960879,dopamine,0.7684195092483681,KCab-s,KCab-s,KCab-s_R,Kenyon_Cell,,cb_intrinsic,11862,KCab,"KCab-m,KCab-c,KCab-s",,VFB_jrmc2jl5,R,,,Roughly traced,
89071,celltype_prediction_only,acetylcholine,dopamine,0.7449739654543798,dopamine,0.7684195092483681,KCab-s,KCab-s,KCab-s_L,Kenyon_Cell,,cb_intrinsic,11862,KCab,"KCab-m,KCab-c,KCab-s",,VFB_jrmc2jv6,L,,,Roughly traced,
89170,celltype_prediction_only,acetylcholine,dopamine,0.7597823221481564,dopamine,0.7684195092483681,KCab-s,KCab-s,KCab-s_R,Kenyon_Cell,,cb_intrinsic,11862,KCab,"KCab-m,KCab-c,KCab-s",,VFB_jrmc2jtw,R,,,Roughly traced,
89323,celltype_prediction_only,acetylcholine,dopamine,0.7944805230755603,dopamine,0.7684195092483681,KCab-s,KCab-s,KCab-s_L,Kenyon_Cell,,cb_intrinsic,11862,KCab,"KCab-m,KCab-c,KCab-s",,VFB_jrmc2jn2,L,,,Roughly traced,
89435,celltype_prediction_only,acetylcholine,dopamine,0.8020779040272421,dopamine,0.7684195092483681,KCab-s,KCab-s,KCab-s_R,Kenyon_Cell,,cb_intrinsic,11862,KCab,"KCab-m,KCab-c,KCab-s",,VFB_jrmc2jl6,R,,,Roughly traced,
89505,celltype_prediction_only,acetylcholine,dopamine,0.7292629847140655,dopamine,0.7684195092483681,KCab-s,KCab-s,KCab-s_R,Kenyon_Cell,,cb_intrinsic,11862,KCab,"KCab-m,KCab-c,KCab-s",,VFB_jrmc2jtx,R,,,Roughly traced,
89574,celltype_prediction_only,acetylcholine,dopamine,0.7410753134765239,dopamine,0.7684195092483681,KCab-s,KCab-s,KCab-s_R,Kenyon_Cell,,cb_intrinsic,11862,KCab,"KCab-m,KCab-c,KCab-s",,VFB_jrmc2jl7,R,,,Roughly traced,
89658,celltype_prediction_only,acetylcholine,dopamine,0.7739078763470522,dopamine,0.7684195092483681,KCab-s,KCab-s,KCab-s_R,Kenyon_Cell,,cb_intrinsic,11862,KCab,"KCab-m,KCab-c,KCab-s",,VFB_jrmc2jpd,R,,,Roughly traced,
89718,celltype_prediction_only,acetylcholine,dopamine,0.7754241564677886,dopamine,0.7684195092483681,KCab-s,KCab-s,KCab-s_R,Kenyon_Cell,,cb_intrinsic,11862,KCab,"KCab-m,KCab-c,KCab-s",,VFB_jrmc2jl8,R,,,Roughly traced,
89862,celltype_prediction_only,acetylcholine,dopamine,0.751869535204786,dopamine,0.7684195092483681,KCab-s,KCab-s,KCab-s_R,Kenyon_Cell,,cb_intrinsic,11862,KCab,"KCab-m,KCab-c,KCab-s",,VFB_jrmc2jih,R,,,Roughly traced,
90098,celltype_prediction_only,acetylcholine,dopamine,0.7082901902132229,dopamine,0.7684195092483681,KCab-s,KCab-s,KCab-s_R,Kenyon_Cell,,cb_intrinsic,11862,KCab,"KCab-m,KCab-c,KCab-s",,VFB_jrmc2jpe,R,,,Roughly traced,
90181,celltype_prediction_only,acetylcholine,dopamine,0.757842257950217,dopamine,0.7684195092483681,KCab-s,KCab-s,KCab-s_R,Kenyon_Cell,,cb_intrinsic,11862,KCab,"KCab-m,KCab-c,KCab-s",,VFB_jrmc2jl9,R,,,Roughly traced,
90352,celltype_prediction_only,acetylcholine,dopamine,0.7592703895313451,dopamine,0.7684195092483681,KCab-s,KCab-s,KCab-s_R,Kenyon_Cell,,cb_intrinsic,11862,KCab,"KCab-m,KCab-c,KCab-s",,VFB_jrmc2jpf,R,,,Roughly traced,
90403,celltype_prediction_only,acetylcholine,dopamine,0.8111206185764688,dopamine,0.7684195092483681,KCab-s,KCab-s,KCab-s_R,Kenyon_Cell,,cb_intrinsic,11862,KCab,"KCab-m,KCab-c,KCab-s",,VFB_jrmc2jpg,R,,,Roughly traced,
90473,celltype_prediction_only,acetylcholine,dopamine,0.773025856044724,dopamine,0.7684195092483681,KCab-s,KCab-s,KCab-s_R,Kenyon_Cell,,cb_intrinsic,11862,KCab,"KCab-m,KCab-c,KCab-s",,VFB_jrmc2jla,R,,,Roughly traced,
90650,celltype_prediction_only,acetylcholine,dopamine,0.7622760625119116,dopamine,0.7684195092483681,KCab-s,KCab-s,KCab-s_R,Kenyon_Cell,,cb_intrinsic,11862,KCab,"KCab-m,KCab-c,KCab-s",,VFB_jrmc2jrw,R,,,Roughly traced,
90672,celltype_prediction_only,acetylcholine,dopamine,0.8097795188856909,dopamine,0.7684195092483681,KCab-s,KCab-s,KCab-s_R,Kenyon_Cell,,cb_intrinsic,11862,KCab,"KCab-m,KCab-c,KCab-s",,VFB_jrmc2jlb,R,,,Prelim Roughly traced,
90805,celltype_prediction_only,acetylcholine,dopamine,0.7041414176192444,dopamine,0.7684195092483681,KCab-s,KCab-s,KCab-s_R,Kenyon_Cell,,cb_intrinsic,11862,KCab,"KCab-m,KCab-c,KCab-s",,VFB_jrmc2jrx,R,,,Roughly traced,
90812,celltype_prediction_only,acetylcholine,dopamine,0.7100914154778339,dopamine,0.7684195092483681,KCab-s,KCab-s,KCab-s_R,Kenyon_Cell,,cb_intrinsic,11862,KCab,"KCab-m,KCab-c,KCab-s",,VFB_jrmc2jo3,R,,,Roughly traced,
90905,celltype_prediction_only,acetylcholine,dopamine,0.7181051843715,dopamine,0.7684195092483681,KCab-s,KCab-s,KCab-s_R,Kenyon_Cell,,cb_intrinsic,11862,KCab,"KCab-m,KCab-c,KCab-s",,VFB_jrmc2jii,R,,,Roughly traced,
90928,celltype_prediction_only,acetylcholine,dopamine,0.7907672643591986,dopamine,0.7684195092483681,KCab-s,KCab-s,KCab-s_R,Kenyon_Cell,,cb_intrinsic,11862,KCab,"KCab-m,KCab-c,KCab-s",,VFB_jrmc2jo4,R,,,Roughly traced,
90935,celltype_prediction_only,acetylcholine,dopamine,0.743114589812703,dopamine,0.7684195092483681,KCab-s,KCab-s,KCab-s_R,Kenyon_Cell,,cb_intrinsic,11862,KCab,"KCab-m,KCab-c,KCab-s",,VFB_jrmc2jij,R,,,Roughly traced,
90944,celltype_prediction_only,acetylcholine,dopamine,0.6982280870759147,dopamine,0.7684195092483681,KCab-s,KCab-s,KCab-s_R,Kenyon_Cell,,cb_intrinsic,11862,KCab,"KCab-m,KCab-c,KCab-s",,VFB_jrmc2jty,R,,,Roughly traced,
91493,celltype_prediction_only,acetylcholine,dopamine,0.7617843599704033,dopamine,0.7684195092483681,KCab-s,KCab-s,KCab-s_R,Kenyon_Cell,,cb_intrinsic,11862,KCab,"KCab-m,KCab-c,KCab-s",,VFB_jrmc2jlc,R,,,Roughly traced,
91544,celltype_prediction_only,acetylcholine,dopamine,0.7876009680601801,dopamine,0.7684195092483681,KCab-s,KCab-s,KCab-s_R,Kenyon_Cell,,cb_intrinsic,11862,KCab,"KCab-m,KCab-c,KCab-s",,VFB_jrmc2jik,R,,,Roughly traced,
91595,celltype_prediction_only,acetylcholine,dopamine,0.7707773837396135,dopamine,0.7684195092483681,KCab-s,KCab-s,KCab-s_R,Kenyon_Cell,,cb_intrinsic,11862,KCab,"KCab-m,KCab-c,KCab-s",,VFB_jrmc2jry,R,,,Roughly traced,
92031,celltype_prediction_only,acetylcholine,dopamine,0.7816405125991697,dopamine,0.7684195092483681,KCab-s,KCab-s,KCab-s_R,Kenyon_Cell,,cb_intrinsic,11862,KCab,"KCab-m,KCab-c,KCab-s",,VFB_jrmc2jld,R,,,Roughly traced,
92040,celltype_prediction_only,acetylcholine,dopamine,0.7602680011288502,dopamine,0.7684195092483681,KCab-s,KCab-s,KCab-s_R,Kenyon_Cell,,cb_intrinsic,11862,KCab,"KCab-m,KCab-c,KCab-s",,VFB_jrmc2jud,R,,,Roughly traced,
92106,celltype_prediction_only,acetylcholine,dopamine,0.789457691862484,dopamine,0.7684195092483681,KCab-s,KCab-s,KCab-s_R,Kenyon_Cell,,cb_intrinsic,11862,KCab,"KCab-m,KCab-c,KCab-s",,VFB_jrmc2jle,R,,,Roughly traced,
92275,celltype_prediction_only,acetylcholine,dopamine,0.7988033978600017,dopamine,0.7684195092483681,KCab-s,KCab-s,KCab-s_L,Kenyon_Cell,,cb_intrinsic,11862,KCab,"KCab-m,KCab-c,KCab-s",,VFB_jrmc2jwn,L,,,Roughly traced,
92335,celltype_prediction_only,acetylcholine,dopamine,0.7320456266014442,dopamine,0.7684195092483681,KCab-s,KCab-s,KCab-s_R,Kenyon_Cell,,cb_intrinsic,11862,KCab,"KCab-m,KCab-c,KCab-s",,VFB_jrmc2jlf,R,,,Roughly traced,
92494,celltype_prediction_only,acetylcholine,dopamine,0.8011657406335609,dopamine,0.7684195092483681,KCab-s,KCab-s,KCab-s_R,Kenyon_Cell,,cb_intrinsic,11862,KCab,"KCab-m,KCab-c,KCab-s",,VFB_jrmc2jlg,R,,,Roughly traced,
92504,celltype_prediction_only,acetylcholine,dopamine,0.7793380801687764,dopamine,0.7684195092483681,KCab-s,KCab-s,KCab-s_R,Kenyon_Cell,,cb_intrinsic,11862,KCab,"KCab-m,KCab-c,KCab-s",,VFB_jrmc2jlh,R,,,Roughly traced,
92628,celltype_prediction_only,acetylcholine,dopamine,0.7619876566978993,dopamine,0.7684195092483681,KCab-s,KCab-s,KCab-s_R,Kenyon_Cell,,cb_intrinsic,11862,KCab,"KCab-m,KCab-c,KCab-s",,VFB_jrmc2jsy,R,,,Roughly traced,
92716,celltype_prediction_only,acetylcholine,dopamine,0.7973819713440793,dopamine,0.7684195092483681,KCab-s,KCab-s,KCab-s_R,Kenyon_Cell,,cb_intrinsic,11862,KCab,"KCab-m,KCab-c,KCab-s",,VFB_jrmc2jli,R,,,Roughly traced,
92877,celltype_prediction_only,acetylcholine,dopamine,0.6901671605386228,dopamine,0.7684195092483681,KCab-s,KCab-s,KCab-s_R,Kenyon_Cell,,cb_intrinsic,11862,KCab,"KCab-m,KCab-c,KCab-s",,VFB_jrmc2jil,R,,,Roughly traced,
92960,celltype_prediction_only,acetylcholine,dopamine,0.8017281038900536,dopamine,0.7684195092483681,KCab-s,KCab-s,KCab-s_R,Kenyon_Cell,,cb_intrinsic,11862,KCab,"KCab-m,KCab-c,KCab-s",,VFB_jrmc2jim,R,,,Roughly traced,
93050,celltype_prediction_only,acetylcholine,dopamine,0.8187442988141533,dopamine,0.7684195092483681,KCab-s,KCab-s,KCab-s_L,Kenyon_Cell,,cb_intrinsic,11862,KCab,"KCab-m,KCab-c,KCab-s",,VFB_jrmc2jy4,L,,,Roughly traced,
93288,celltype_prediction_only,acetylcholine,dopamine,0.763292034223638,dopamine,0.7684195092483681,KCab-s,KCab-s,KCab-s_R,Kenyon_Cell,,cb_intrinsic,11862,KCab,"KCab-m,KCab-c,KCab-s",,VFB_jrmc2jyw,R,,,Roughly traced,
93326,celltype_prediction_only,acetylcholine,dopamine,0.786639559340031,dopamine,0.7684195092483681,KCab-s,KCab-s,KCab-s_R,Kenyon_Cell,,cb_intrinsic,11862,KCab,"KCab-m,KCab-c,KCab-s",,VFB_jrmc2jlj,R,,,Roughly traced,
93409,celltype_prediction_only,acetylcholine,dopamine,0.7822748203054806,dopamine,0.7684195092483681,KCab-s,KCab-s,KCab-s_L,Kenyon_Cell,,cb_intrinsic,11862,KCab,"KCab-m,KCab-c,KCab-s",,VFB_jrmc2jxf,L,,,Roughly traced,
93464,celltype_prediction_only,acetylcholine,dopamine,0.7947836389405616,dopamine,0.7684195092483681,KCab-s,KCab-s,KCab-s_R,Kenyon_Cell,,cb_intrinsic,11862,KCab,"KCab-m,KCab-c,KCab-s",,VFB_jrmc2jsz,R,,,Roughly traced,
93837,celltype_prediction_only,acetylcholine,dopamine,0.8140034822158264,dopamine,0.7684195092483681,KCab-s,KCab-s,KCab-s_R,Kenyon_Cell,,cb_intrinsic,11862,KCab,"KCab-m,KCab-c,KCab-s",,VFB_jrmc2jo5,R,,,Roughly traced,
93841,celltype_prediction_only,acetylcholine,dopamine,0.7085773606010721,dopamine,0.7684195092483681,KCab-s,KCab-s,KCab-s_L,Kenyon_Cell,,cb_intrinsic,11862,KCab,"KCab-m,KCab-c,KCab-s",,VFB_jrmc2jzb,L,,,Roughly traced,
93893,celltype_prediction_only,acetylcholine,dopamine,0.7951795073375262,dopamine,0.7684195092483681,KCab-s,KCab-s,KCab-s_R,Kenyon_Cell,,cb_intrinsic,11862,KCab,"KCab-m,KCab-c,KCab-s",,VFB_jrmc2jph,R,,,Roughly traced,
94101,celltype_prediction_only,acetylcholine,dopamine,0.7218605242345497,dopamine,0.7684195092483681,KCab-s,KCab-s,KCab-s_R,Kenyon_Cell,,cb_intrinsic,11862,KCab,"KCab-m,KCab-c,KCab-s",,VFB_jrmc2jpi,R,,,Roughly traced,
94336,celltype_prediction_only,acetylcholine,dopamine,0.7683926731336389,dopamine,0.7684195092483681,KCab-s,KCab-s,KCab-s_R,Kenyon_Cell,,cb_intrinsic,11862,KCab,"KCab-m,KCab-c,KCab-s",,VFB_jrmc2jlk,R,,,Prelim Roughly traced,
94490,celltype_prediction_only,acetylcholine,dopamine,0.7672248993258224,dopamine,0.7684195092483681,KCab-s,KCab-s,KCab-s_R,Kenyon_Cell,,cb_intrinsic,11862,KCab,"KCab-m,KCab-c,KCab-s",,VFB_jrmc2jtz,R,,,Roughly traced,
94614,celltype_prediction_only,acetylcholine,dopamine,0.7561232172911684,dopamine,0.7684195092483681,KCab-s,KCab-s,KCab-s_L,Kenyon_Cell,,cb_intrinsic,11862,KCab,"KCab-m,KCab-c,KCab-s",,VFB_jrmc2jnk,L,,,Roughly traced,
94754,celltype_prediction_only,acetylcholine,dopamine,0.7389034952056913,dopamine,0.7684195092483681,KCab-s,KCab-s,KCab-s_R,Kenyon_Cell,,cb_intrinsic,11862,KCab,"KCab-m,KCab-c,KCab-s",,VFB_jrmc2jpj,R,,,Roughly traced,
94790,celltype_prediction_only,acetylcholine,dopamine,0.734228639769838,dopamine,0.7684195092483681,KCab-s,KCab-s,KCab-s_R,Kenyon_Cell,,cb_intrinsic,11862,KCab,"KCab-m,KCab-c,KCab-s",,VFB_jrmc2jll,R,,,Roughly traced,
94993,celltype_prediction_only,acetylcholine,dopamine,0.8260873526594193,dopamine,0.7684195092483681,KCab-s,KCab-s,KCab-s_L,Kenyon_Cell,,cb_intrinsic,11862,KCab,"KCab-m,KCab-c,KCab-s",,VFB_jrmc2jxg,L,,,Roughly traced,
95078,celltype_prediction_only,acetylcholine,dopamine,0.7720125786163522,dopamine,0.7684195092483681,KCab-s,KCab-s,KCab-s_L,Kenyon_Cell,,cb_intrinsic,11862,KCab,"KCab-m,KCab-c,KCab-s",,VFB_jrmc2jyl,L,,,Roughly traced,
95265,celltype_prediction_only,acetylcholine,dopamine,0.8171165587843732,dopamine,0.7684195092483681,KCab-s,KCab-s,KCab-s_L,Kenyon_Cell,,cb_intrinsic,11862,KCab,"KCab-m,KCab-c,KCab-s",,VFB_jrmc2jzh,L,,,Roughly traced,
95307,celltype_prediction_only,acetylcholine,dopamine,0.7995295781262762,dopamine,0.7684195092483681,KCab-s,KCab-s,KCab-s_L,Kenyon_Cell,,cb_intrinsic,11862,KCab,"KCab-m,KCab-c,KCab-s",,VFB_jrmc2jhu,L,,,Roughly traced,
95583,celltype_prediction_only,acetylcholine,dopamine,0.7192633185349612,dopamine,0.7684195092483681,KCab-s,KCab-s,KCab-s_L,Kenyon_Cell,,cb_intrinsic,11862,KCab,"KCab-m,KCab-c,KCab-s",,VFB_jrmc2jvv,L,,,Roughly traced,
95585,celltype_prediction_only,acetylcholine,dopamine,0.8237114221397395,dopamine,0.7684195092483681,KCab-s,KCab-s,KCab-s_R,Kenyon_Cell,,cb_intrinsic,11862,KCab,"KCab-m,KCab-c,KCab-s",,VFB_jrmc2jlm,R,,,Roughly traced,
95590,celltype_prediction_only,acetylcholine,dopamine,0.8142902310637135,dopamine,0.7684195092483681,KCab-s,KCab-s,KCab-s_R,Kenyon_Cell,,cb_intrinsic,11862,KCab,"KCab-m,KCab-c,KCab-s",,VFB_jrmc2jln,R,,,Roughly traced,
95699,celltype_prediction_only,acetylcholine,dopamine,0.7704917265648397,dopamine,0.7684195092483681,KCab-s,KCab-s,KCab-s_R,Kenyon_Cell,,cb_intrinsic,11862,KCab,"KCab-m,KCab-c,KCab-s",,VFB_jrmc2jlo,R,,,Roughly traced,
95707,celltype_prediction_only,acetylcholine,dopamine,0.7351953761938038,dopamine,0.7684195092483681,KCab-s,KCab-s,KCab-s_R,Kenyon_Cell,,cb_intrinsic,11862,KCab,"KCab-m,KCab-c,KCab-s",,VFB_jrmc2jin,R,,,Roughly traced,
96041,celltype_prediction_only,acetylcholine,dopamine,0.8153703157756813,dopamine,0.7684195092483681,KCab-s,KCab-s,KCab-s_L,Kenyon_Cell,,cb_intrinsic,11862,KCab,"KCab-m,KCab-c,KCab-s",,VFB_jrmc2jym,L,,,Roughly traced,
96131,celltype_prediction_only,acetylcholine,dopamine,0.7587673808441313,dopamine,0.7684195092483681,KCab-s,KCab-s,KCab-s_R,Kenyon_Cell,,cb_intrinsic,11862,KCab,"KCab-m,KCab-c,KCab-s",,VFB_jrmc2jo6,R,,,Roughly traced,
96263,celltype_prediction_only,acetylcholine,dopamine,0.8347305603201829,dopamine,0.7684195092483681,KCab-s,KCab-s,KCab-s_L,Kenyon_Cell,,cb_intrinsic,11862,KCab,"KCab-m,KCab-c,KCab-s",,VFB_jrmc2jnl,L,,,Roughly traced,
96383,celltype_prediction_only,acetylcholine,dopamine,0.8048092698933551,dopamine,0.7684195092483681,KCab-s,KCab-s,KCab-s_R,Kenyon_Cell,,cb_intrinsic,11862,KCab,"KCab-m,KCab-c,KCab-s",,VFB_jrmc2jpk,R,,,Roughly traced,
96711,celltype_prediction_only,acetylcholine,dopamine,0.7696349133302653,dopamine,0.7684195092483681,KCab-s,KCab-s,KCab-s_R,Kenyon_Cell,,cb_intrinsic,11862,KCab,"KCab-m,KCab-c,KCab-s",,VFB_jrmc2ju0,R,,,Roughly traced,
96902,celltype_prediction_only,acetylcholine,dopamine,0.7953254361652986,dopamine,0.7684195092483681,KCab-s,KCab-s,KCab-s_R,Kenyon_Cell,,cb_intrinsic,11862,KCab,"KCab-m,KCab-c,KCab-s",,VFB_jrmc2jt0,R,,,Roughly traced,
96963,celltype_prediction_only,acetylcholine,dopamine,0.7982521323339364,dopamine,0.7684195092483681,KCab-s,KCab-s,KCab-s_R,Kenyon_Cell,,cb_intrinsic,11862,KCab,"KCab-m,KCab-c,KCab-s",,VFB_jrmc2jrz,R,,,Roughly traced,
96977,celltype_prediction_only,acetylcholine,dopamine,0.7745737905937266,dopamine,0.7684195092483681,KCab-s,KCab-s,KCab-s_R,Kenyon_Cell,,cb_intrinsic,11862,KCab,"KCab-m,KCab-c,KCab-s",,VFB_jrmc2jpl,R,,,Roughly traced,
97024,celltype_prediction_only,acetylcholine,dopamine,0.8421484574196838,dopamine,0.7684195092483681,KCab-s,KCab-s,KCab-s_L,Kenyon_Cell,,cb_intrinsic,11862,KCab,"KCab-m,KCab-c,KCab-s",,VFB_jrmc2jhv,L,,,Roughly traced,
97373,celltype_prediction_only,acetylcholine,dopamine,0.7330224884144323,dopamine,0.7684195092483681,KCab-s,KCab-s,KCab-s_R,Kenyon_Cell,,cb_intrinsic,11862,KCab,"KCab-m,KCab-c,KCab-s",,VFB_jrmc2js0,R,,,Roughly traced,
97497,celltype_prediction_only,acetylcholine,dopamine,0.7987814465408806,dopamine,0.7684195092483681,KCab-s,KCab-s,KCab-s_L,Kenyon_Cell,,cb_intrinsic,11862,KCab,"KCab-m,KCab-c,KCab-s",,VFB_jrmc2jy5,L,,,Roughly traced,
97601,celltype_prediction_only,acetylcholine,dopamine,0.7839197902156937,dopamine,0.7684195092483681,KCab-s,KCab-s,KCab-s_R,Kenyon_Cell,,cb_intrinsic,11862,KCab,"KCab-m,KCab-c,KCab-s",,VFB_jrmc2jio,R,,,Roughly traced,
97719,celltype_prediction_only,acetylcholine,dopamine,0.8179390552365327,dopamine,0.7684195092483681,KCab-s,KCab-s,KCab-s_R,Kenyon_Cell,,cb_intrinsic,11862,KCab,"KCab-m,KCab-c,KCab-s",,VFB_jrmc2jpm,R,,,Roughly traced,
97738,celltype_prediction_only,acetylcholine,dopamine,0.6806504226905171,dopamine,0.7684195092483681,KCab-s,KCab-s,KCab-s_R,Kenyon_Cell,,cb_intrinsic,11862,KCab,"KCab-m,KCab-c,KCab-s",,VFB_jrmc2js1,R,,,Roughly traced,
98006,celltype_prediction_only,acetylcholine,dopamine,0.8004350104821802,dopamine,0.7684195092483681,KCab-s,KCab-s,KCab-s_L,Kenyon_Cell,,cb_intrinsic,11862,KCab,"KCab-m,KCab-c,KCab-s",,VFB_jrmc2jxh,L,,,Roughly traced,
98107,celltype_prediction_only,acetylcholine,dopamine,0.7496156812081881,dopamine,0.7684195092483681,KCab-s,KCab-s,KCab-s_L,Kenyon_Cell,,cb_intrinsic,11862,KCab,"KCab-m,KCab-c,KCab-s",,VFB_jrmc2jnm,L,,,Roughly traced,
98318,celltype_prediction_only,acetylcholine,dopamine,0.7832165255145797,dopamine,0.7684195092483681,KCab-s,KCab-s,KCab-s_L,Kenyon_Cell,,cb_intrinsic,11862,KCab,"KCab-m,KCab-c,KCab-s",,VFB_jrmc2jut,L,,,Roughly traced,
98359,celltype_prediction_only,acetylcholine,dopamine,0.7681152147731835,dopamine,0.7684195092483681,KCab-s,KCab-s,KCab-s_R,Kenyon_Cell,,cb_intrinsic,11862,KCab,"KCab-m,KCab-c,KCab-s",,VFB_jrmc2jip,R,,,Roughly traced,
98490,celltype_prediction_only,acetylcholine,dopamine,0.7815224205875329,dopamine,0.7684195092483681,KCab-s,KCab-s,KCab-s_R,Kenyon_Cell,,cb_intrinsic,11862,KCab,"KCab-m,KCab-c,KCab-s",,VFB_jrmc2js2,R,,,Roughly traced,
98714,celltype_prediction_only,acetylcholine,dopamine,0.8029195254431103,dopamine,0.7684195092483681,KCab-s,KCab-s,KCab-s_L,Kenyon_Cell,,cb_intrinsic,11862,KCab,"KCab-m,KCab-c,KCab-s",,VFB_jrmc2jxr,L,,,Roughly traced,
98924,celltype_prediction_only,acetylcholine,dopamine,0.7565500781025198,dopamine,0.7684195092483681,KCab-s,KCab-s,KCab-s_R,Kenyon_Cell,,cb_intrinsic,11862,KCab,"KCab-m,KCab-c,KCab-s",,VFB_jrmc2jlp,R,,,Roughly traced,
98969,celltype_prediction_only,acetylcholine,dopamine,0.7656435415925004,dopamine,0.7684195092483681,KCab-s,KCab-s,KCab-s_R,Kenyon_Cell,,cb_intrinsic,11862,KCab,"KCab-m,KCab-c,KCab-s",,VFB_jrmc2jlq,R,,,Roughly traced,
98979,celltype_prediction_only,acetylcholine,dopamine,0.7952132216577972,dopamine,0.7684195092483681,KCab-s,KCab-s,KCab-s_R,Kenyon_Cell,,cb_intrinsic,11862,KCab,"KCab-m,KCab-c,KCab-s",,VFB_jrmc2jlr,R,,,Roughly traced,
99108,celltype_prediction_only,acetylcholine,dopamine,0.7282114357205652,dopamine,0.7684195092483681,KCab-s,KCab-s,KCab-s_R,Kenyon_Cell,,cb_intrinsic,11862,KCab,"KCab-m,KCab-c,KCab-s",,VFB_jrmc2jiq,R,,,Roughly traced,
99248,celltype_prediction_only,acetylcholine,dopamine,0.7934120670233737,dopamine,0.7684195092483681,KCab-s,KCab-s,KCab-s_L,Kenyon_Cell,,cb_intrinsic,11862,KCab,"KCab-m,KCab-c,KCab-s",,VFB_jrmc2jx2,L,,,Roughly traced,
99659,celltype_prediction_only,acetylcholine,dopamine,0.7651770936775902,dopamine,0.7684195092483681,KCab-s,KCab-s,KCab-s_R,Kenyon_Cell,,cb_intrinsic,11862,KCab,"KCab-m,KCab-c,KCab-s",,VFB_jrmc2jls,R,,,Roughly traced,
100204,celltype_prediction_only,acetylcholine,dopamine,0.7487421383647799,dopamine,0.7684195092483681,KCab-s,KCab-s,KCab-s_R,Kenyon_Cell,,cb_intrinsic,11862,KCab,"KCab-m,KCab-c,KCab-s",,VFB_jrmc2jo7,R,,,Roughly traced,
100484,celltype_prediction_only,acetylcholine,dopamine,0.7825115799762027,dopamine,0.7684195092483681,KCab-s,KCab-s,KCab-s_L,Kenyon_Cell,,cb_intrinsic,11862,KCab,"KCab-m,KCab-c,KCab-s",,VFB_jrmc2jnn,L,,,Roughly traced,
100497,celltype_prediction_only,acetylcholine,dopamine,0.7985165630360206,dopamine,0.7684195092483681,KCab-s,KCab-s,KCab-s_R,Kenyon_Cell,,cb_intrinsic,11862,KCab,"KCab-m,KCab-c,KCab-s",,VFB_jrmc2jpn,R,,,Roughly traced,
100544,celltype_prediction_only,acetylcholine,dopamine,0.7223737888832229,dopamine,0.7684195092483681,KCab-s,KCab-s,KCab-s_R,Kenyon_Cell,,cb_intrinsic,11862,KCab,"KCab-m,KCab-c,KCab-s",,VFB_jrmc2jlt,R,,,Roughly traced,
100795,celltype_prediction_only,acetylcholine,dopamine,0.7877746864761044,dopamine,0.7684195092483681,KCab-s,KCab-s,KCab-s_R,Kenyon_Cell,,cb_intrinsic,11862,KCab,"KCab-m,KCab-c,KCab-s",,VFB_jrmc2jpo,R,,,Roughly traced,
100815,celltype_prediction_only,acetylcholine,dopamine,0.7634035532451975,dopamine,0.7684195092483681,KCab-s,KCab-s,KCab-s_R,Kenyon_Cell,,cb_intrinsic,11862,KCab,"KCab-m,KCab-c,KCab-s",,VFB_jrmc2jt1,R,,,Roughly traced,
100950,celltype_prediction_only,acetylcholine,dopamine,0.7748346493027071,dopamine,0.7684195092483681,KCab-s,KCab-s,KCab-s_R,Kenyon_Cell,,cb_intrinsic,11862,KCab,"KCab-m,KCab-c,KCab-s",,VFB_jrmc2jlu,R,,,Roughly traced,
101490,celltype_prediction_only,acetylcholine,dopamine,0.7933160685657911,dopamine,0.7684195092483681,KCab-s,KCab-s,KCab-s_R,Kenyon_Cell,,cb_intrinsic,11862,KCab,"KCab-m,KCab-c,KCab-s",,VFB_jrmc2jlv,R,,,Roughly traced,
101538,celltype_prediction_only,acetylcholine,dopamine,0.77395448796828,dopamine,0.7684195092483681,KCab-s,KCab-s,KCab-s_L,Kenyon_Cell,,cb_intrinsic,11862,KCab,"KCab-m,KCab-c,KCab-s",,VFB_jrmc2jzq,L,,,Roughly traced,
101691,celltype_prediction_only,acetylcholine,dopamine,0.8117806346857401,dopamine,0.7684195092483681,KCab-s,KCab-s,KCab-s_R,Kenyon_Cell,,cb_intrinsic,11862,KCab,"KCab-m,KCab-c,KCab-s",,VFB_jrmc2ju1,R,,,Roughly traced,
101786,celltype_prediction_only,acetylcholine,dopamine,0.7662360989628889,dopamine,0.7684195092483681,KCab-s,KCab-s,KCab-s_L,Kenyon_Cell,,cb_intrinsic,11862,KCab,"KCab-m,KCab-c,KCab-s",,VFB_jrmc2jwo,L,,,Roughly traced,
101802,celltype_prediction_only,acetylcholine,dopamine,0.8254155435759208,dopamine,0.7684195092483681,KCab-s,KCab-s,KCab-s_R,Kenyon_Cell,,cb_intrinsic,11862,KCab,"KCab-m,KCab-c,KCab-s",,VFB_jrmc2jlw,R,,,Roughly traced,
102042,celltype_prediction_only,acetylcholine,dopamine,0.7998288938216795,dopamine,0.7684195092483681,KCab-s,KCab-s,KCab-s_R,Kenyon_Cell,,cb_intrinsic,11862,KCab,"KCab-m,KCab-c,KCab-s",,VFB_jrmc2jpp,R,,,Roughly traced,
102210,celltype_prediction_only,acetylcholine,dopamine,0.7359780365566038,dopamine,0.7684195092483681,KCab-s,KCab-s,KCab-s_R,Kenyon_Cell,,cb_intrinsic,11862,KCab,"KCab-m,KCab-c,KCab-s",,VFB_jrmc2jpq,R,,,Roughly traced,
102310,celltype_prediction_only,acetylcholine,dopamine,0.7485595140435173,dopamine,0.7684195092483681,KCab-s,KCab-s,KCab-s_R,Kenyon_Cell,,cb_intrinsic,11862,KCab,"KCab-m,KCab-c,KCab-s",,VFB_jrmc2jir,R,,,Roughly traced,
102457,celltype_prediction_only,acetylcholine,dopamine,0.7170659144160808,dopamine,0.7684195092483681,KCab-s,KCab-s,KCab-s_R,Kenyon_Cell,,cb_intrinsic,11862,KCab,"KCab-m,KCab-c,KCab-s",,VFB_jrmc2jis,R,,,Roughly traced,
102512,celltype_prediction_only,acetylcholine,dopamine,0.7816707430701141,dopamine,0.7684195092483681,KCab-s,KCab-s,KCab-s_L,Kenyon_Cell,,cb_intrinsic,11862,KCab,"KCab-m,KCab-c,KCab-s",,VFB_jrmc2jvl,L,,,Roughly traced,
102587,celltype_prediction_only,acetylcholine,dopamine,0.7463303575197332,dopamine,0.7684195092483681,KCab-s,KCab-s,KCab-s_R,Kenyon_Cell,,cb_intrinsic,11862,KCab,"KCab-m,KCab-c,KCab-s",,VFB_jrmc2jlx,R,,,Roughly traced,
102719,celltype_prediction_only,acetylcholine,dopamine,0.7996678905803317,dopamine,0.7684195092483681,KCab-s,KCab-s,KCab-s_L,Kenyon_Cell,,cb_intrinsic,11862,KCab,"KCab-m,KCab-c,KCab-s",,VFB_jrmc2jqv,L,,,Roughly traced,
102748,celltype_prediction_only,acetylcholine,dopamine,0.7633377555031446,dopamine,0.7684195092483681,KCab-s,KCab-s,KCab-s_R,Kenyon_Cell,,cb_intrinsic,11862,KCab,"KCab-m,KCab-c,KCab-s",,VFB_jrmc2jit,R,,,Roughly traced,
102997,celltype_prediction_only,acetylcholine,dopamine,0.7761067708333333,dopamine,0.7684195092483681,KCab-s,KCab-s,KCab-s_R,Kenyon_Cell,,cb_intrinsic,11862,KCab,"KCab-m,KCab-c,KCab-s",,VFB_jrmc2jly,R,,,Roughly traced,
103401,celltype_prediction_only,acetylcholine,dopamine,0.7699046084684206,dopamine,0.7684195092483681,KCab-s,KCab-s,KCab-s_R,Kenyon_Cell,,cb_intrinsic,11862,KCab,"KCab-m,KCab-c,KCab-s",,VFB_jrmc2jpr,R,,,Roughly traced,
103423,celltype_prediction_only,acetylcholine,dopamine,0.7585415934216181,dopamine,0.7684195092483681,KCab-s,KCab-s,KCab-s_L,Kenyon_Cell,,cb_intrinsic,11862,KCab,"KCab-m,KCab-c,KCab-s",,VFB_jrmc2jno,L,,,Roughly traced,
103502,celltype_prediction_only,acetylcholine,dopamine,0.7727198671797418,dopamine,0.7684195092483681,KCab-s,KCab-s,KCab-s_L,Kenyon_Cell,,cb_intrinsic,11862,KCab,"KCab-m,KCab-c,KCab-s",,VFB_jrmc2jhw,L,,,Roughly traced,
103704,celltype_prediction_only,acetylcholine,dopamine,0.7771936498275512,dopamine,0.7684195092483681,KCab-s,KCab-s,KCab-s_R,Kenyon_Cell,,cb_intrinsic,11862,KCab,"KCab-m,KCab-c,KCab-s",,VFB_jrmc2jm0,R,,,Roughly traced,
103728,celltype_prediction_only,acetylcholine,dopamine,0.7919489905834116,dopamine,0.7684195092483681,KCab-s,KCab-s,KCab-s_L,Kenyon_Cell,,cb_intrinsic,11862,KCab,"KCab-m,KCab-c,KCab-s",,VFB_jrmc2jqw,L,,,Roughly traced,
103945,celltype_prediction_only,acetylcholine,dopamine,0.7831745177493563,dopamine,0.7684195092483681,KCab-s,KCab-s,KCab-s_R,Kenyon_Cell,,cb_intrinsic,11862,KCab,"KCab-m,KCab-c,KCab-s",,VFB_jrmc2jm1,R,,,Roughly traced,
104086,celltype_prediction_only,acetylcholine,dopamine,0.7626319631626235,dopamine,0.7684195092483681,KCab-s,KCab-s,KCab-s_R,Kenyon_Cell,,cb_intrinsic,11862,KCab,"KCab-m,KCab-c,KCab-s",,VFB_jrmc2jiu,R,,,Roughly traced,
104149,celltype_prediction_only,acetylcholine,dopamine,0.7552922862259986,dopamine,0.7684195092483681,KCab-s,KCab-s,KCab-s_R,Kenyon_Cell,,cb_intrinsic,11862,KCab,"KCab-m,KCab-c,KCab-s",,VFB_jrmc2jt2,R,,,Roughly traced,
104393,celltype_prediction_only,acetylcholine,dopamine,0.7432258047831845,dopamine,0.7684195092483681,KCab-s,KCab-s,KCab-s_R,Kenyon_Cell,,cb_intrinsic,11862,KCab,"KCab-m,KCab-c,KCab-s",,VFB_jrmc2jm2,R,,,Roughly traced,
104462,celltype_prediction_only,acetylcholine,dopamine,0.7609364655743132,dopamine,0.7684195092483681,KCab-s,KCab-s,KCab-s_L,Kenyon_Cell,,cb_intrinsic,11862,KCab,"KCab-m,KCab-c,KCab-s",,VFB_jrmc2jwp,L,,,Roughly traced,
104717,celltype_prediction_only,acetylcholine,dopamine,0.7769457547169811,dopamine,0.7684195092483681,KCab-s,KCab-s,KCab-s_L,Kenyon_Cell,,cb_intrinsic,11862,KCab,"KCab-m,KCab-c,KCab-s",,VFB_jrmc2jn3,L,,,Roughly traced,
104723,celltype_prediction_only,acetylcholine,dopamine,0.7490651377855015,dopamine,0.7684195092483681,KCab-s,KCab-s,KCab-s_R,Kenyon_Cell,,cb_intrinsic,11862,KCab,"KCab-m,KCab-c,KCab-s",,VFB_jrmc2jxz,R,,,Roughly traced,
104745,celltype_prediction_only,acetylcholine,dopamine,0.8150660868710691,dopamine,0.7684195092483681,KCab-s,KCab-s,KCab-s_R,Kenyon_Cell,,cb_intrinsic,11862,KCab,"KCab-m,KCab-c,KCab-s",,VFB_jrmc2k00,R,,,Roughly traced,
104846,celltype_prediction_only,acetylcholine,dopamine,0.7884231606564698,dopamine,0.7684195092483681,KCab-s,KCab-s,KCab-s_R,Kenyon_Cell,,cb_intrinsic,11862,KCab,"KCab-m,KCab-c,KCab-s",,VFB_jrmc2js3,R,,,Roughly traced,
105134,celltype_prediction_only,acetylcholine,dopamine,0.7818375092987083,dopamine,0.7684195092483681,KCab-s,KCab-s,KCab-s_R,Kenyon_Cell,,cb_intrinsic,11862,KCab,"KCab-m,KCab-c,KCab-s",,VFB_jrmc2js4,R,,,Roughly traced,
105264,celltype_prediction_only,acetylcholine,dopamine,0.7716607595816394,dopamine,0.7684195092483681,KCab-s,KCab-s,KCab-s_R,Kenyon_Cell,,cb_intrinsic,11862,KCab,"KCab-m,KCab-c,KCab-s",,VFB_jrmc2jm3,R,,,Roughly traced,
105330,celltype_prediction_only,acetylcholine,dopamine,0.7772606880802635,dopamine,0.7684195092483681,KCab-s,KCab-s,KCab-s_R,Kenyon_Cell,,cb_intrinsic,11862,KCab,"KCab-m,KCab-c,KCab-s",,VFB_jrmc2jvz,R,,,Roughly traced,
105349,celltype_prediction_only,acetylcholine,dopamine,0.7754780381416109,dopamine,0.7684195092483681,KCab-s,KCab-s,KCab-s_R,Kenyon_Cell,,cb_intrinsic,11862,KCab,"KCab-m,KCab-c,KCab-s",,VFB_jrmc2jyq,R,,,Roughly traced,
105676,celltype_prediction_only,acetylcholine,dopamine,0.8066195453839584,dopamine,0.7684195092483681,KCab-s,KCab-s,KCab-s_R,Kenyon_Cell,,cb_intrinsic,11862,KCab,"KCab-m,KCab-c,KCab-s",,VFB_jrmc2jps,R,,,Roughly traced,
105807,celltype_prediction_only,acetylcholine,dopamine,0.7783669665542088,dopamine,0.7684195092483681,KCab-s,KCab-s,KCab-s_R,Kenyon_Cell,,cb_intrinsic,11862,KCab,"KCab-m,KCab-c,KCab-s",,VFB_jrmc2jpt,R,,,Roughly traced,
105935,celltype_prediction_only,acetylcholine,dopamine,0.7729382977931598,dopamine,0.7684195092483681,KCab-s,KCab-s,KCab-s_L,Kenyon_Cell,,cb_intrinsic,11862,KCab,"KCab-m,KCab-c,KCab-s",,VFB_jrmc2jxi,L,,,Roughly traced,
105960,celltype_prediction_only,acetylcholine,dopamine,0.733990107442348,dopamine,0.7684195092483681,KCab-s,KCab-s,KCab-s_L,Kenyon_Cell,,cb_intrinsic,11862,KCab,"KCab-m,KCab-c,KCab-s",,VFB_jrmc2juu,L,,,Roughly traced,
106206,celltype_prediction_only,acetylcholine,dopamine,0.7798684670271065,dopamine,0.7684195092483681,KCab-s,KCab-s,KCab-s_L,Kenyon_Cell,,cb_intrinsic,11862,KCab,"KCab-m,KCab-c,KCab-s",,VFB_jrmc2jy6,L,,,Roughly traced,
106506,celltype_prediction_only,acetylcholine,dopamine,0.8160202655485674,dopamine,0.7684195092483681,KCab-s,KCab-s,KCab-s_L,Kenyon_Cell,,cb_intrinsic,11862,KCab,"KCab-m,KCab-c,KCab-s",,VFB_jrmc2jvw,L,,,Roughly traced,
106893,celltype_prediction_only,acetylcholine,dopamine,0.7846425209309779,dopamine,0.7684195092483681,KCab-s,KCab-s,KCab-s_R,Kenyon_Cell,,cb_intrinsic,11862,KCab,"KCab-m,KCab-c,KCab-s",,VFB_jrmc2ju2,R,,,Roughly traced,
106981,celltype_prediction_only,acetylcholine,dopamine,0.7514857391036636,dopamine,0.7684195092483681,KCab-s,KCab-s,KCab-s_R,Kenyon_Cell,,cb_intrinsic,11862,KCab,"KCab-m,KCab-c,KCab-s",,VFB_jrmc2jpu,R,,,Roughly traced,
107009,celltype_prediction_only,acetylcholine,dopamine,0.7797925058299766,dopamine,0.7684195092483681,KCab-s,KCab-s,KCab-s_L,Kenyon_Cell,,cb_intrinsic,11862,KCab,"KCab-m,KCab-c,KCab-s",,VFB_jrmc2jxs,L,,,Roughly traced,
107041,celltype_prediction_only,acetylcholine,dopamine,0.8184110342896528,dopamine,0.7684195092483681,KCab-s,KCab-s,KCab-s_R,Kenyon_Cell,,cb_intrinsic,11862,KCab,"KCab-m,KCab-c,KCab-s",,VFB_jrmc2jpv,R,,,Roughly traced,
107453,celltype_prediction_only,acetylcholine,dopamine,0.7697200085940857,dopamine,0.7684195092483681,KCab-s,KCab-s,KCab-s_R,Kenyon_Cell,,cb_intrinsic,11862,KCab,"KCab-m,KCab-c,KCab-s",,VFB_jrmc2jpw,R,,,Roughly traced,
107653,celltype_prediction_only,acetylcholine,dopamine,0.8093058852930151,dopamine,0.7684195092483681,KCab-s,KCab-s,KCab-s_R,Kenyon_Cell,,cb_intrinsic,11862,KCab,"KCab-m,KCab-c,KCab-s",,VFB_jrmc2jt3,R,,,Roughly traced,
107657,celltype_prediction_only,acetylcholine,dopamine,0.8285612248811167,dopamine,0.7684195092483681,KCab-s,KCab-s,KCab-s_R,Kenyon_Cell,,cb_intrinsic,11862,KCab,"KCab-m,KCab-c,KCab-s",,VFB_jrmc2jue,R,,,Roughly traced,
107679,celltype_prediction_only,acetylcholine,dopamine,0.7727561791451348,dopamine,0.7684195092483681,KCab-s,KCab-s,KCab-s_L,Kenyon_Cell,,cb_intrinsic,11862,KCab,"KCab-m,KCab-c,KCab-s",,VFB_jrmc2jv7,L,,,Roughly traced,
108059,celltype_prediction_only,acetylcholine,dopamine,0.7343378489799048,dopamine,0.7684195092483681,KCab-s,KCab-s,KCab-s_L,Kenyon_Cell,,cb_intrinsic,11862,KCab,"KCab-m,KCab-c,KCab-s",,VFB_jrmc2jum,L,,,Roughly traced,
108345,celltype_prediction_only,acetylcholine,dopamine,0.787164537677253,dopamine,0.7684195092483681,KCab-s,KCab-s,KCab-s_L,Kenyon_Cell,,cb_intrinsic,11862,KCab,"KCab-m,KCab-c,KCab-s",,VFB_jrmc2jw6,L,,,Roughly traced,
108661,celltype_prediction_only,acetylcholine,dopamine,0.7795227831229955,dopamine,0.7684195092483681,KCab-s,KCab-s,KCab-s_L,Kenyon_Cell,,cb_intrinsic,11862,KCab,"KCab-m,KCab-c,KCab-s",,VFB_jrmc2jqx,L,,,Roughly traced,
109755,celltype_prediction_only,acetylcholine,dopamine,0.8037136560470152,dopamine,0.7684195092483681,KCab-s,KCab-s,KCab-s_R,Kenyon_Cell,,cb_intrinsic,11862,KCab,"KCab-m,KCab-c,KCab-s",,VFB_jrmc2jm4,R,,,Roughly traced,
109802,celltype_prediction_only,acetylcholine,dopamine,0.7623185592115356,dopamine,0.7684195092483681,KCab-s,KCab-s,KCab-s_L,Kenyon_Cell,,cb_intrinsic,11862,KCab,"KCab-m,KCab-c,KCab-s",,VFB_jrmc2jxj,L,,,Roughly traced,
109862,celltype_prediction_only,acetylcholine,dopamine,0.785427166795899,dopamine,0.7684195092483681,KCab-s,KCab-s,KCab-s_R,Kenyon_Cell,,cb_intrinsic,11862,KCab,"KCab-m,KCab-c,KCab-s",,VFB_jrmc2jt4,R,,,Roughly traced,
109917,celltype_prediction_only,acetylcholine,dopamine,0.7873251139230971,dopamine,0.7684195092483681,KCab-s,KCab-s,KCab-s_L,Kenyon_Cell,,cb_intrinsic,11862,KCab,"KCab-m,KCab-c,KCab-s",,VFB_jrmc2jw7,L,,,Roughly traced,
109919,celltype_prediction_only,acetylcholine,dopamine,0.7566730308475592,dopamine,0.7684195092483681,KCab-s,KCab-s,KCab-s_L,Kenyon_Cell,,cb_intrinsic,11862,KCab,"KCab-m,KCab-c,KCab-s",,VFB_jrmc2jw8,L,,,Roughly traced,
109988,celltype_prediction_only,acetylcholine,dopamine,0.7483872086570478,dopamine,0.7684195092483681,KCab-s,KCab-s,KCab-s_R,Kenyon_Cell,,cb_intrinsic,11862,KCab,"KCab-m,KCab-c,KCab-s",,VFB_jrmc2ju3,R,,,Roughly traced,
110112,celltype_prediction_only,acetylcholine,dopamine,0.7574220983419097,dopamine,0.7684195092483681,KCab-s,KCab-s,KCab-s_L,Kenyon_Cell,,cb_intrinsic,11862,KCab,"KCab-m,KCab-c,KCab-s",,VFB_jrmc2jnp,L,,,Roughly traced,
110210,celltype_prediction_only,acetylcholine,dopamine,0.7764813461481679,dopamine,0.7684195092483681,KCab-s,KCab-s,KCab-s_L,Kenyon_Cell,,cb_intrinsic,11862,KCab,"KCab-m,KCab-c,KCab-s",,VFB_jrmc2jzf,L,,,Roughly traced,
110380,celltype_prediction_only,acetylcholine,dopamine,0.7861454195630586,dopamine,0.7684195092483681,KCab-s,KCab-s,KCab-s_R,Kenyon_Cell,,cb_intrinsic,11862,KCab,"KCab-m,KCab-c,KCab-s",,VFB_jrmc2jpx,R,,,Roughly traced,
110544,celltype_prediction_only,acetylcholine,dopamine,0.78172858980642,dopamine,0.7684195092483681,KCab-s,KCab-s,KCab-s_L,Kenyon_Cell,,cb_intrinsic,11862,KCab,"KCab-m,KCab-c,KCab-s",,VFB_jrmc2jwq,L,,,Roughly traced,
110599,celltype_prediction_only,acetylcholine,dopamine,0.7963453285075749,dopamine,0.7684195092483681,KCab-s,KCab-s,KCab-s_R,Kenyon_Cell,,cb_intrinsic,11862,KCab,"KCab-m,KCab-c,KCab-s",,VFB_jrmc2js5,R,,,Roughly traced,
110674,celltype_prediction_only,acetylcholine,dopamine,0.7276134832148983,dopamine,0.7684195092483681,KCab-s,KCab-s,KCab-s_R,Kenyon_Cell,,cb_intrinsic,11862,KCab,"KCab-m,KCab-c,KCab-s",,VFB_jrmc2jo8,R,,,Roughly traced,
110897,celltype_prediction_only,acetylcholine,dopamine,0.733422256097561,dopamine,0.7684195092483681,KCab-s,KCab-s,KCab-s_R,Kenyon_Cell,,cb_intrinsic,11862,KCab,"KCab-m,KCab-c,KCab-s",,VFB_jrmc2jt5,R,,,Roughly traced,
111060,celltype_prediction_only,acetylcholine,dopamine,0.7410754716981133,dopamine,0.7684195092483681,KCab-s,KCab-s,KCab-s_R,Kenyon_Cell,,cb_intrinsic,11862,KCab,"KCab-m,KCab-c,KCab-s",,VFB_jrmc2jiv,R,,,Roughly traced,
111652,celltype_prediction_only,acetylcholine,dopamine,0.8306116694011485,dopamine,0.7684195092483681,KCab-s,KCab-s,KCab-s_L,Kenyon_Cell,,cb_intrinsic,11862,KCab,"KCab-m,KCab-c,KCab-s",,VFB_jrmc2jqy,L,,,Roughly traced,
112621,celltype_prediction_only,acetylcholine,dopamine,0.766730949650787,dopamine,0.7684195092483681,KCab-s,KCab-s,KCab-s_L,Kenyon_Cell,,cb_intrinsic,11862,KCab,"KCab-m,KCab-c,KCab-s",,VFB_jrmc2jvm,L,,,Roughly traced,
112729,celltype_prediction_only,acetylcholine,dopamine,0.7664013364779875,dopamine,0.7684195092483681,KCab-s,KCab-s,KCab-s_L,Kenyon_Cell,,cb_intrinsic,11862,KCab,"KCab-m,KCab-c,KCab-s",,VFB_jrmc2jn4,L,,,Roughly traced,
113057,celltype_prediction_only,acetylcholine,dopamine,0.7710780584297018,dopamine,0.7684195092483681,KCab-s,KCab-s,KCab-s_R,Kenyon_Cell,,cb_intrinsic,11862,KCab,"KCab-m,KCab-c,KCab-s",,VFB_jrmc2jm5,R,,,Roughly traced,
113394,celltype_prediction_only,acetylcholine,dopamine,0.7944917833231893,dopamine,0.7684195092483681,KCab-s,KCab-s,KCab-s_R,Kenyon_Cell,,cb_intrinsic,11862,KCab,"KCab-m,KCab-c,KCab-s",,VFB_jrmc2jt6,R,,,Roughly traced,
113450,celltype_prediction_only,acetylcholine,dopamine,0.7984995120364345,dopamine,0.7684195092483681,KCab-s,KCab-s,KCab-s_L,Kenyon_Cell,,cb_intrinsic,11862,KCab,"KCab-m,KCab-c,KCab-s",,VFB_jrmc2juv,L,,,Roughly traced,
113606,celltype_prediction_only,acetylcholine,dopamine,0.7983452028610186,dopamine,0.7684195092483681,KCab-s,KCab-s,KCab-s_R,Kenyon_Cell,,cb_intrinsic,11862,KCab,"KCab-m,KCab-c,KCab-s",,VFB_jrmc2jpy,R,,,Roughly traced,
113611,celltype_prediction_only,acetylcholine,dopamine,0.7879358995956872,dopamine,0.7684195092483681,KCab-s,KCab-s,KCab-s_R,Kenyon_Cell,,cb_intrinsic,11862,KCab,"KCab-m,KCab-c,KCab-s",,VFB_jrmc2ju4,R,,,Roughly traced,
113741,celltype_prediction_only,acetylcholine,dopamine,0.7630941150044923,dopamine,0.7684195092483681,KCab-s,KCab-s,KCab-s_L,Kenyon_Cell,,cb_intrinsic,11862,KCab,"KCab-m,KCab-c,KCab-s",,VFB_jrmc2jnq,L,,,Roughly traced,
114089,celltype_prediction_only,acetylcholine,dopamine,0.7683215656026264,dopamine,0.7684195092483681,KCab-s,KCab-s,KCab-s_R,Kenyon_Cell,,cb_intrinsic,11862,KCab,"KCab-m,KCab-c,KCab-s",,VFB_jrmc2js6,R,,,Roughly traced,
114316,celltype_prediction_only,acetylcholine,dopamine,0.768376572327044,dopamine,0.7684195092483681,KCab-s,KCab-s,KCab-s_R,Kenyon_Cell,,cb_intrinsic,11862,KCab,"KCab-m,KCab-c,KCab-s",,VFB_jrmc2jpz,R,,,Roughly traced,
114745,celltype_prediction_only,acetylcholine,dopamine,0.7847193197197676,dopamine,0.7684195092483681,KCab-s,KCab-s,KCab-s_L,Kenyon_Cell,,cb_intrinsic,11862,KCab,"KCab-m,KCab-c,KCab-s",,VFB_jrmc2juw,L,,,Roughly traced,
115267,celltype_prediction_only,acetylcholine,dopamine,0.7376519412191582,dopamine,0.7684195092483681,KCab-s,KCab-s,KCab-s_R,Kenyon_Cell,,cb_intrinsic,11862,KCab,"KCab-m,KCab-c,KCab-s",,VFB_jrmc2jiw,R,,,Roughly traced,
115485,celltype_prediction_only,acetylcholine,dopamine,0.7783583293017255,dopamine,0.7684195092483681,KCab-s,KCab-s,KCab-s_R,Kenyon_Cell,,cb_intrinsic,11862,KCab,"KCab-m,KCab-c,KCab-s",,VFB_jrmc2jm6,R,,,Roughly traced,
115540,celltype_prediction_only,acetylcholine,dopamine,0.8226303669588472,dopamine,0.7684195092483681,KCab-s,KCab-s,KCab-s_L,Kenyon_Cell,,cb_intrinsic,11862,KCab,"KCab-m,KCab-c,KCab-s",,VFB_jrmc2jyf,L,,,Roughly traced,
117038,celltype_prediction_only,acetylcholine,dopamine,0.7954637434408842,dopamine,0.7684195092483681,KCab-s,KCab-s,KCab-s_L,Kenyon_Cell,,cb_intrinsic,11862,KCab,"KCab-m,KCab-c,KCab-s",,VFB_jrmc2jwg,L,,,Roughly traced,
117195,celltype_prediction_only,acetylcholine,dopamine,0.7366591577971295,dopamine,0.7684195092483681,KCab-s,KCab-s,KCab-s_L,Kenyon_Cell,,cb_intrinsic,11862,KCab,"KCab-m,KCab-c,KCab-s",,VFB_jrmc2jun,L,,,Roughly traced,
117243,celltype_prediction_only,acetylcholine,dopamine,0.5739341570657316,dopamine,0.7684195092483681,KCab-s,KCab-s,KCab-s_R,Kenyon_Cell,,cb_intrinsic,11862,KCab,"KCab-m,KCab-c,KCab-s",,VFB_jrmc2jm7,R,,,Roughly traced,
117342,celltype_prediction_only,acetylcholine,dopamine,0.7913519164160058,dopamine,0.7684195092483681,KCab-s,KCab-s,KCab-s_R,Kenyon_Cell,,cb_intrinsic,11862,KCab,"KCab-m,KCab-c,KCab-s",,VFB_jrmc2jo9,R,,,Prelim Roughly traced,
117370,celltype_prediction_only,acetylcholine,dopamine,0.7588210003930818,dopamine,0.7684195092483681,KCab-s,KCab-s,KCab-s_R,Kenyon_Cell,,cb_intrinsic,11862,KCab,"KCab-m,KCab-c,KCab-s",,VFB_jrmc2jq0,R,,,Roughly traced,
117446,celltype_prediction_only,acetylcholine,unclear,0.7809326494631293,dopamine,0.7684195092483681,KCab-s,KCab-s,KCab-s_R,Kenyon_Cell,,cb_intrinsic,11862,KCab,"KCab-m,KCab-c,KCab-s",,VFB_jrmc2jz2,R,,,Roughly traced,
117777,celltype_prediction_only,acetylcholine,dopamine,0.7799063021434989,dopamine,0.7684195092483681,KCab-s,KCab-s,KCab-s_R,Kenyon_Cell,,cb_intrinsic,11862,KCab,"KCab-m,KCab-c,KCab-s",,VFB_jrmc2jq1,R,,,Roughly traced,
117883,celltype_prediction_only,acetylcholine,dopamine,0.7652378540373982,dopamine,0.7684195092483681,KCab-s,KCab-s,KCab-s_R,Kenyon_Cell,,cb_intrinsic,11862,KCab,"KCab-m,KCab-c,KCab-s",,VFB_jrmc2jq2,R,,,Roughly traced,
118080,celltype_prediction_only,acetylcholine,dopamine,0.7471389451690515,dopamine,0.7684195092483681,KCab-s,KCab-s,KCab-s_L,Kenyon_Cell,,cb_intrinsic,11862,KCab,"KCab-m,KCab-c,KCab-s",,VFB_jrmc2jxk,L,,,Roughly traced,
118083,celltype_prediction_only,acetylcholine,dopamine,0.7742637475173784,dopamine,0.7684195092483681,KCab-s,KCab-s,KCab-s_L,Kenyon_Cell,,cb_intrinsic,11862,KCab,"KCab-m,KCab-c,KCab-s",,VFB_jrmc2jhx,L,,,Roughly traced,
118351,celltype_prediction_only,acetylcholine,dopamine,0.7996863313785484,dopamine,0.7684195092483681,KCab-s,KCab-s,KCab-s_R,Kenyon_Cell,,cb_intrinsic,11862,KCab,"KCab-m,KCab-c,KCab-s",,VFB_jrmc2jm8,R,,,Roughly traced,
118504,celltype_prediction_only,acetylcholine,dopamine,0.790211299533125,dopamine,0.7684195092483681,KCab-s,KCab-s,KCab-s_R,Kenyon_Cell,,cb_intrinsic,11862,KCab,"KCab-m,KCab-c,KCab-s",,VFB_jrmc2jix,R,,,Roughly traced,
118841,celltype_prediction_only,acetylcholine,dopamine,0.76666395575797,dopamine,0.7684195092483681,KCab-s,KCab-s,KCab-s_L,Kenyon_Cell,,cb_intrinsic,11862,KCab,"KCab-m,KCab-c,KCab-s",,VFB_jrmc2jqz,L,,,Roughly traced,
119055,celltype_prediction_only,acetylcholine,dopamine,0.7753056411243743,dopamine,0.7684195092483681,KCab-s,KCab-s,KCab-s_L,Kenyon_Cell,,cb_intrinsic,11862,KCab,"KCab-m,KCab-c,KCab-s",,VFB_jrmc2jhy,L,,,Roughly traced,
119348,celltype_prediction_only,acetylcholine,dopamine,0.7694905330518538,dopamine,0.7684195092483681,KCab-s,KCab-s,KCab-s_L,Kenyon_Cell,,cb_intrinsic,11862,KCab,"KCab-m,KCab-c,KCab-s",,VFB_jrmc2jxt,L,,,Roughly traced,
119413,celltype_prediction_only,acetylcholine,dopamine,0.7500317933777285,dopamine,0.7684195092483681,KCab-s,KCab-s,KCab-s_L,Kenyon_Cell,,cb_intrinsic,11862,KCab,"KCab-m,KCab-c,KCab-s",,VFB_jrmc2jx7,L,,,Roughly traced,
119532,celltype_prediction_only,acetylcholine,dopamine,0.7744986483504359,dopamine,0.7684195092483681,KCab-s,KCab-s,KCab-s_L,Kenyon_Cell,,cb_intrinsic,11862,KCab,"KCab-m,KCab-c,KCab-s",,VFB_jrmc2jux,L,,,Roughly traced,
119635,celltype_prediction_only,acetylcholine,dopamine,0.7214606918238993,dopamine,0.7684195092483681,KCab-s,KCab-s,KCab-s_L,Kenyon_Cell,,cb_intrinsic,11862,KCab,"KCab-m,KCab-c,KCab-s",,VFB_jrmc2jy7,L,,,Roughly traced,
119852,celltype_prediction_only,acetylcholine,dopamine,0.742471573160065,dopamine,0.7684195092483681,KCab-s,KCab-s,KCab-s_R,Kenyon_Cell,,cb_intrinsic,11862,KCab,"KCab-m,KCab-c,KCab-s",,VFB_jrmc2jy0,R,,,Roughly traced,
120070,celltype_prediction_only,acetylcholine,dopamine,0.7941964285714286,dopamine,0.7684195092483681,KCab-s,KCab-s,KCab-s_L,Kenyon_Cell,,cb_intrinsic,11862,KCab,"KCab-m,KCab-c,KCab-s",,VFB_jrmc2jnr,L,,,Roughly traced,
120291,celltype_prediction_only,acetylcholine,dopamine,0.7954841416830651,dopamine,0.7684195092483681,KCab-s,KCab-s,KCab-s_L,Kenyon_Cell,,cb_intrinsic,11862,KCab,"KCab-m,KCab-c,KCab-s",,VFB_jrmc2jns,L,,,Roughly traced,
120567,celltype_prediction_only,acetylcholine,dopamine,0.779361549973479,dopamine,0.7684195092483681,KCab-s,KCab-s,KCab-s_R,Kenyon_Cell,,cb_intrinsic,11862,KCab,"KCab-m,KCab-c,KCab-s",,VFB_jrmc2jm9,R,,,Roughly traced,
120894,celltype_prediction_only,acetylcholine,dopamine,0.7647608541286265,dopamine,0.7684195092483681,KCab-s,KCab-s,KCab-s_L,Kenyon_Cell,,cb_intrinsic,11862,KCab,"KCab-m,KCab-c,KCab-s",,VFB_jrmc2jzc,L,,,Roughly traced,
120914,celltype_prediction_only,acetylcholine,dopamine,0.785913966815624,dopamine,0.7684195092483681,KCab-s,KCab-s,KCab-s_R,Kenyon_Cell,,cb_intrinsic,11862,KCab,"KCab-m,KCab-c,KCab-s",,VFB_jrmc2jiy,R,,,Prelim Roughly traced,
121769,celltype_prediction_only,acetylcholine,dopamine,0.7622652133265341,dopamine,0.7684195092483681,KCab-s,KCab-s,KCab-s_R,Kenyon_Cell,,cb_intrinsic,11862,KCab,"KCab-m,KCab-c,KCab-s",,VFB_jrmc2jyr,R,,,Prelim Roughly traced,
122000,celltype_prediction_only,acetylcholine,dopamine,0.7925347222222223,dopamine,0.7684195092483681,KCab-s,KCab-s,KCab-s_R,Kenyon_Cell,,cb_intrinsic,11862,KCab,"KCab-m,KCab-c,KCab-s",,VFB_jrmc2jma,R,,,Prelim Roughly traced,
122089,celltype_prediction_only,acetylcholine,dopamine,0.7777437106918239,dopamine,0.7684195092483681,KCab-s,KCab-s,KCab-s_R,Kenyon_Cell,,cb_intrinsic,11862,KCab,"KCab-m,KCab-c,KCab-s",,VFB_jrmc2jmb,R,,,Prelim Roughly traced,
122249,celltype_prediction_only,acetylcholine,dopamine,0.7469178816466552,dopamine,0.7684195092483681,KCab-s,KCab-s,KCab-s_R,Kenyon_Cell,,cb_intrinsic,11862,KCab,"KCab-m,KCab-c,KCab-s",,VFB_jrmc2joa,R,,,Prelim Roughly traced,
122463,celltype_prediction_only,acetylcholine,dopamine,0.7612528174646455,dopamine,0.7684195092483681,KCab-s,KCab-s,KCab-s_L,Kenyon_Cell,,cb_intrinsic,11862,KCab,"KCab-m,KCab-c,KCab-s",,VFB_jrmc2jvn,L,,,Roughly traced,
122631,celltype_prediction_only,acetylcholine,dopamine,0.7914361906701054,dopamine,0.7684195092483681,KCab-s,KCab-s,KCab-s_R,Kenyon_Cell,,cb_intrinsic,11862,KCab,"KCab-m,KCab-c,KCab-s",,VFB_jrmc2jxo,R,,,Prelim Roughly traced,
123544,celltype_prediction_only,acetylcholine,dopamine,0.8215007965077789,dopamine,0.7684195092483681,KCab-s,KCab-s,KCab-s_R,Kenyon_Cell,,cb_intrinsic,11862,KCab,"KCab-m,KCab-c,KCab-s",,VFB_jrmc2jmc,R,,,Prelim Roughly traced,
125185,celltype_prediction_only,acetylcholine,dopamine,0.811112801785352,dopamine,0.7684195092483681,KCab-s,KCab-s,KCab-s_L,Kenyon_Cell,,cb_intrinsic,11862,KCab,"KCab-m,KCab-c,KCab-s",,VFB_jrmc2jn5,L,,,Roughly traced,
126319,celltype_prediction_only,acetylcholine,dopamine,0.8076169279829923,dopamine,0.7684195092483681,KCab-s,KCab-s,KCab-s_L,Kenyon_Cell,,cb_intrinsic,11862,KCab,"KCab-m,KCab-c,KCab-s",,VFB_jrmc2juy,L,,,Roughly traced,
128075,celltype_prediction_only,acetylcholine,dopamine,0.8091777890937678,dopamine,0.7684195092483681,KCab-s,KCab-s,KCab-s_L,Kenyon_Cell,,cb_intrinsic,11862,KCab,"KCab-m,KCab-c,KCab-s",,VFB_jrmc2jy9,L,,,Roughly traced,
128565,celltype_prediction_only,acetylcholine,dopamine,0.7568572347463857,dopamine,0.7684195092483681,KCab-s,KCab-s,KCab-s_L,Kenyon_Cell,,cb_intrinsic,11862,KCab,"KCab-m,KCab-c,KCab-s",,VFB_jrmc2jwr,L,,,Roughly traced,
128743,celltype_prediction_only,acetylcholine,dopamine,0.7904701809555336,dopamine,0.7684195092483681,KCab-s,KCab-s,KCab-s_L,Kenyon_Cell,,cb_intrinsic,11862,KCab,"KCab-m,KCab-c,KCab-s",,VFB_jrmc2jyd,L,,,Roughly traced,
129027,celltype_prediction_only,acetylcholine,dopamine,0.8277900572952682,dopamine,0.7684195092483681,KCab-s,KCab-s,KCab-s_R,Kenyon_Cell,,cb_intrinsic,11862,KCab,"KCab-m,KCab-c,KCab-s",,VFB_jrmc2jmd,R,,,Prelim Roughly traced,
129122,celltype_prediction_only,acetylcholine,dopamine,0.7206816087809959,dopamine,0.7684195092483681,KCab-s,KCab-s,KCab-s_L,Kenyon_Cell,,cb_intrinsic,11862,KCab,"KCab-m,KCab-c,KCab-s",,VFB_jrmc2jr0,L,,,Roughly traced,
129330,celltype_prediction_only,acetylcholine,dopamine,0.7911006786880025,dopamine,0.7684195092483681,KCab-s,KCab-s,KCab-s_R,Kenyon_Cell,,cb_intrinsic,11862,KCab,"KCab-m,KCab-c,KCab-s",,VFB_jrmc2jq3,R,,,Prelim Roughly traced,
129798,celltype_prediction_only,acetylcholine,dopamine,0.8037100490486927,dopamine,0.7684195092483681,KCab-s,KCab-s,KCab-s_L,Kenyon_Cell,,cb_intrinsic,11862,KCab,"KCab-m,KCab-c,KCab-s",,VFB_jrmc2jv8,L,,,Roughly traced,
130392,celltype_prediction_only,acetylcholine,dopamine,0.7649428453381077,dopamine,0.7684195092483681,KCab-s,KCab-s,KCab-s_R,Kenyon_Cell,,cb_intrinsic,11862,KCab,"KCab-m,KCab-c,KCab-s",,VFB_jrmc2ju5,R,,,Prelim Roughly traced,
131797,celltype_prediction_only,acetylcholine,dopamine,0.7768538429522752,dopamine,0.7684195092483681,KCab-s,KCab-s,KCab-s_L,Kenyon_Cell,,cb_intrinsic,11862,KCab,"KCab-m,KCab-c,KCab-s",,VFB_jrmc2jnt,L,,,Roughly traced,
131964,celltype_prediction_only,acetylcholine,dopamine,0.7824743965663776,dopamine,0.7684195092483681,KCab-s,KCab-s,KCab-s_R,Kenyon_Cell,,cb_intrinsic,11862,KCab,"KCab-m,KCab-c,KCab-s",,VFB_jrmc2jme,R,,,Prelim Roughly traced,
132539,celltype_prediction_only,acetylcholine,dopamine,0.7628574919258881,dopamine,0.7684195092483681,KCab-s,KCab-s,KCab-s_L,Kenyon_Cell,,cb_intrinsic,11862,KCab,"KCab-m,KCab-c,KCab-s",,VFB_jrmc2jx8,L,,,Roughly traced,
132791,celltype_prediction_only,acetylcholine,dopamine,0.7700036406230214,dopamine,0.7684195092483681,KCab-s,KCab-s,KCab-s_R,Kenyon_Cell,,cb_intrinsic,11862,KCab,"KCab-m,KCab-c,KCab-s",,VFB_jrmc2jy1,R,,,Prelim Roughly traced,
132887,celltype_prediction_only,acetylcholine,dopamine,0.765218077331916,dopamine,0.7684195092483681,KCab-s,KCab-s,KCab-s_R,Kenyon_Cell,,cb_intrinsic,11862,KCab,"KCab-m,KCab-c,KCab-s",,VFB_jrmc2jt7,R,,,Prelim Roughly traced,
132896,celltype_prediction_only,acetylcholine,dopamine,0.7469276222357476,dopamine,0.7684195092483681,KCab-s,KCab-s,KCab-s_L,Kenyon_Cell,,cb_intrinsic,11862,KCab,"KCab-m,KCab-c,KCab-s",,VFB_jrmc2jr1,L,,,Roughly traced,
133250,celltype_prediction_only,acetylcholine,dopamine,0.7193169448476052,dopamine,0.7684195092483681,KCab-s,KCab-s,KCab-s_R,Kenyon_Cell,,cb_intrinsic,11862,KCab,"KCab-m,KCab-c,KCab-s",,VFB_jrmc2jq4,R,,,Prelim Roughly traced,
133256,celltype_prediction_only,acetylcholine,dopamine,0.7843609281381415,dopamine,0.7684195092483681,KCab-s,KCab-s,KCab-s_L,Kenyon_Cell,,cb_intrinsic,11862,KCab,"KCab-m,KCab-c,KCab-s",,VFB_jrmc2jv9,L,,,Roughly traced,
133363,celltype_prediction_only,acetylcholine,dopamine,0.7765556097737295,dopamine,0.7684195092483681,KCab-s,KCab-s,KCab-s_L,Kenyon_Cell,,cb_intrinsic,11862,KCab,"KCab-m,KCab-c,KCab-s",,VFB_jrmc2jva,L,,,Roughly traced,
133864,celltype_prediction_only,acetylcholine,dopamine,0.8130210311932802,dopamine,0.7684195092483681,KCab-s,KCab-s,KCab-s_L,Kenyon_Cell,,cb_intrinsic,11862,KCab,"KCab-m,KCab-c,KCab-s",,VFB_jrmc2jws,L,,,Roughly traced,
135247,celltype_prediction_only,acetylcholine,dopamine,0.748672206377066,dopamine,0.7684195092483681,KCab-s,KCab-s,KCab-s_R,Kenyon_Cell,,cb_intrinsic,11862,KCab,"KCab-m,KCab-c,KCab-s",,VFB_jrmc2jzw,R,,,Roughly traced,
135614,celltype_prediction_only,acetylcholine,dopamine,0.7655115134915804,dopamine,0.7684195092483681,KCab-s,KCab-s,KCab-s_R,Kenyon_Cell,,cb_intrinsic,11862,KCab,"KCab-m,KCab-c,KCab-s",,VFB_jrmc2k01,R,,,Roughly traced,
136233,celltype_prediction_only,acetylcholine,dopamine,0.7183123689727463,dopamine,0.7684195092483681,KCab-s,KCab-s,KCab-s_L,Kenyon_Cell,,cb_intrinsic,11862,KCab,"KCab-m,KCab-c,KCab-s",,VFB_jrmc2jr2,L,,,Roughly traced,
137044,celltype_prediction_only,acetylcholine,dopamine,0.8130933781997356,dopamine,0.7684195092483681,KCab-s,KCab-s,KCab-s_L,Kenyon_Cell,,cb_intrinsic,11862,KCab,"KCab-m,KCab-c,KCab-s",,VFB_jrmc2jvb,L,,,Roughly traced,
137235,celltype_prediction_only,acetylcholine,dopamine,0.764839553780471,dopamine,0.7684195092483681,KCab-s,KCab-s,KCab-s_R,Kenyon_Cell,,cb_intrinsic,11862,KCab,"KCab-m,KCab-c,KCab-s",,VFB_jrmc2jq5,R,,,Prelim Roughly traced,
137866,celltype_prediction_only,acetylcholine,dopamine,0.7029724222111884,dopamine,0.7684195092483681,KCab-s,KCab-s,KCab-s_L,Kenyon_Cell,,cb_intrinsic,11862,KCab,"KCab-m,KCab-c,KCab-s",,VFB_jrmc2jn6,L,,,Roughly traced,
138404,celltype_prediction_only,acetylcholine,dopamine,0.79462407572667,dopamine,0.7684195092483681,KCab-s,KCab-s,KCab-s_L,Kenyon_Cell,,cb_intrinsic,11862,KCab,"KCab-m,KCab-c,KCab-s",,VFB_jrmc2jhz,L,,,Roughly traced,
138549,celltype_prediction_only,acetylcholine,dopamine,0.7949754770583191,dopamine,0.7684195092483681,KCab-s,KCab-s,KCab-s_L,Kenyon_Cell,,cb_intrinsic,11862,KCab,"KCab-m,KCab-c,KCab-s",,VFB_jrmc2jyp,L,,,Roughly traced,
138563,celltype_prediction_only,acetylcholine,dopamine,0.7965164105127245,dopamine,0.7684195092483681,KCab-s,KCab-s,KCab-s_L,Kenyon_Cell,,cb_intrinsic,11862,KCab,"KCab-m,KCab-c,KCab-s",,VFB_jrmc2jnu,L,,,Roughly traced,
138826,celltype_prediction_only,acetylcholine,dopamine,0.7843179552078541,dopamine,0.7684195092483681,KCab-s,KCab-s,KCab-s_R,Kenyon_Cell,,cb_intrinsic,11862,KCab,"KCab-m,KCab-c,KCab-s",,VFB_jrmc2jmf,R,,,Prelim Roughly traced,
138912,celltype_prediction_only,acetylcholine,dopamine,0.7943173125956146,dopamine,0.7684195092483681,KCab-s,KCab-s,KCab-s_L,Kenyon_Cell,,cb_intrinsic,11862,KCab,"KCab-m,KCab-c,KCab-s",,VFB_jrmc2jw9,L,,,Roughly traced,
139252,celltype_prediction_only,acetylcholine,dopamine,0.8019095139419057,dopamine,0.7684195092483681,KCab-s,KCab-s,KCab-s_R,Kenyon_Cell,,cb_intrinsic,11862,KCab,"KCab-m,KCab-c,KCab-s",,VFB_jrmc2jmg,R,,,Prelim Roughly traced,
140457,celltype_prediction_only,acetylcholine,dopamine,0.7399255855562785,dopamine,0.7684195092483681,KCab-s,KCab-s,KCab-s_L,Kenyon_Cell,,cb_intrinsic,11862,KCab,"KCab-m,KCab-c,KCab-s",,VFB_jrmc2jyn,L,,,Roughly traced,
140730,celltype_prediction_only,acetylcholine,dopamine,0.7583395869068039,dopamine,0.7684195092483681,KCab-s,KCab-s,KCab-s_L,Kenyon_Cell,,cb_intrinsic,11862,KCab,"KCab-m,KCab-c,KCab-s",,VFB_jrmc2jvo,L,,,Roughly traced,
140834,celltype_prediction_only,acetylcholine,dopamine,0.622945569737329,dopamine,0.7684195092483681,KCab-s,KCab-s,KCab-s_R,Kenyon_Cell,,cb_intrinsic,11862,KCab,,,VFB_jrmc2jmh,R,,,Prelim Roughly traced,
141274,celltype_prediction_only,acetylcholine,dopamine,0.78000340081973,dopamine,0.7684195092483681,KCab-s,KCab-s,KCab-s_L,Kenyon_Cell,,cb_intrinsic,11862,KCab,"KCab-m,KCab-c,KCab-s",,VFB_jrmc2jwa,L,,,Roughly traced,
142361,celltype_prediction_only,acetylcholine,dopamine,0.7515685230269832,dopamine,0.7684195092483681,KCab-s,KCab-s,KCab-s_L,Kenyon_Cell,,cb_intrinsic,11862,KCab,"KCab-m,KCab-c,KCab-s",,VFB_jrmc2jwh,L,,,Roughly traced,
142531,celltype_prediction_only,acetylcholine,dopamine,0.786298714872578,dopamine,0.7684195092483681,KCab-s,KCab-s,KCab-s_L,Kenyon_Cell,,cb_intrinsic,11862,KCab,"KCab-m,KCab-c,KCab-s",,VFB_jrmc2jvc,L,,,Roughly traced,
143033,celltype_prediction_only,acetylcholine,dopamine,0.7980618045476536,dopamine,0.7684195092483681,KCab-s,KCab-s,KCab-s_L,Kenyon_Cell,,cb_intrinsic,11862,KCab,"KCab-m,KCab-c,KCab-s",,VFB_jrmc2ji0,L,,,Roughly traced,
144308,celltype_prediction_only,acetylcholine,dopamine,0.8298387096774194,dopamine,0.7684195092483681,KCab-s,KCab-s,KCab-s_R,Kenyon_Cell,,cb_intrinsic,11862,KCab,"KCab-m,KCab-c,KCab-s",,VFB_jrmc2jt8,R,,,Roughly traced,
144515,celltype_prediction_only,acetylcholine,dopamine,0.8107078727996725,dopamine,0.7684195092483681,KCab-s,KCab-s,KCab-s_R,Kenyon_Cell,,cb_intrinsic,11862,KCab,"KCab-m,KCab-c,KCab-s",,VFB_jrmc2jmi,R,,,Prelim Roughly traced,
145174,celltype_prediction_only,acetylcholine,dopamine,0.6434386378682555,dopamine,0.7684195092483681,KCab-s,KCab-s,KCab-s_R,Kenyon_Cell,,cb_intrinsic,11862,KCab,"KCab-m,KCab-c,KCab-s",,VFB_jrmc2jt9,R,,,Prelim Roughly traced,
145419,celltype_prediction_only,acetylcholine,dopamine,0.8030549823113207,dopamine,0.7684195092483681,KCab-s,KCab-s,KCab-s_R,Kenyon_Cell,,cb_intrinsic,11862,KCab,"KCab-m,KCab-c,KCab-s",,VFB_jrmc2jz4,R,,,Prelim Roughly traced,
145513,celltype_prediction_only,acetylcholine,dopamine,0.7571829911209766,dopamine,0.7684195092483681,KCab-s,KCab-s,KCab-s_L,Kenyon_Cell,,cb_intrinsic,11862,KCab,"KCab-m,KCab-c,KCab-s",,VFB_jrmc2jz0,L,,,Roughly traced,
145764,celltype_prediction_only,acetylcholine,dopamine,0.7902956451305508,dopamine,0.7684195092483681,KCab-s,KCab-s,KCab-s_L,Kenyon_Cell,,cb_intrinsic,11862,KCab,"KCab-m,KCab-c,KCab-s",,VFB_jrmc2jxl,L,,,Roughly traced,
146350,celltype_prediction_only,acetylcholine,dopamine,0.7663620283018868,dopamine,0.7684195092483681,KCab-s,KCab-s,KCab-s_L,Kenyon_Cell,,cb_intrinsic,11862,KCab,"KCab-m,KCab-c,KCab-s",,VFB_jrmc2jwb,L,,,Roughly traced,
146387,celltype_prediction_only,acetylcholine,dopamine,0.7408269010863351,dopamine,0.7684195092483681,KCab-s,KCab-s,KCab-s_R,Kenyon_Cell,,cb_intrinsic,11862,KCab,"KCab-m,KCab-c,KCab-s",,VFB_jrmc2jj0,R,,,Prelim Roughly traced,
146609,celltype_prediction_only,acetylcholine,dopamine,0.8213115828092243,dopamine,0.7684195092483681,KCab-s,KCab-s,KCab-s_L,Kenyon_Cell,,cb_intrinsic,11862,KCab,"KCab-m,KCab-c,KCab-s",,VFB_jrmc2jxm,L,,,Roughly traced,
146923,celltype_prediction_only,acetylcholine,dopamine,0.7801872233869089,dopamine,0.7684195092483681,KCab-s,KCab-s,KCab-s_L,Kenyon_Cell,,cb_intrinsic,11862,KCab,"KCab-m,KCab-c,KCab-s",,VFB_jrmc2jnv,L,,,Roughly traced,
146958,celltype_prediction_only,acetylcholine,dopamine,0.6989920790316838,dopamine,0.7684195092483681,KCab-s,KCab-s,KCab-s_L,Kenyon_Cell,,cb_intrinsic,11862,KCab,"KCab-m,KCab-c,KCab-s",,VFB_jrmc2jxu,L,,,Roughly traced,
148337,celltype_prediction_only,acetylcholine,dopamine,0.7596340128032345,dopamine,0.7684195092483681,KCab-s,KCab-s,KCab-s_R,Kenyon_Cell,,cb_intrinsic,11862,KCab,"KCab-m,KCab-c,KCab-s",,VFB_jrmc2js7,R,,,Prelim Roughly traced,
149636,celltype_prediction_only,acetylcholine,dopamine,0.8010501657317695,dopamine,0.7684195092483681,KCab-s,KCab-s,KCab-s_R,Kenyon_Cell,,cb_intrinsic,11862,KCab,"KCab-m,KCab-c,KCab-s",,VFB_jrmc2juf,R,,,Prelim Roughly traced,
149737,celltype_prediction_only,acetylcholine,dopamine,0.8071947152927272,dopamine,0.7684195092483681,KCab-s,KCab-s,KCab-s_L,Kenyon_Cell,,cb_intrinsic,11862,KCab,"KCab-m,KCab-c,KCab-s",,VFB_jrmc2jzr,L,,,Roughly traced,
149841,celltype_prediction_only,acetylcholine,dopamine,0.7662862023449025,dopamine,0.7684195092483681,KCab-s,KCab-s,KCab-s_L,Kenyon_Cell,,cb_intrinsic,11862,KCab,"KCab-m,KCab-c,KCab-s",,VFB_jrmc2jxv,L,,,Roughly traced,
150920,celltype_prediction_only,acetylcholine,dopamine,0.7085241938415676,dopamine,0.7684195092483681,KCab-s,KCab-s,KCab-s_L,Kenyon_Cell,,cb_intrinsic,11862,KCab,"KCab-m,KCab-c,KCab-s",,VFB_jrmc2jyj,L,,,Roughly traced,
150974,celltype_prediction_only,acetylcholine,dopamine,0.7971129504370871,dopamine,0.7684195092483681,KCab-s,KCab-s,KCab-s_L,Kenyon_Cell,,cb_intrinsic,11862,KCab,"KCab-m,KCab-c,KCab-s",,VFB_jrmc2jwc,L,,,Roughly traced,
151958,celltype_prediction_only,acetylcholine,dopamine,0.7870095023243096,dopamine,0.7684195092483681,KCab-s,KCab-s,KCab-s_R,Kenyon_Cell,,cb_intrinsic,11862,KCab,"KCab-m,KCab-c,KCab-s",,VFB_jrmc2job,R,,,Prelim Roughly traced,
152066,celltype_prediction_only,acetylcholine,dopamine,0.8096108490566039,dopamine,0.7684195092483681,KCab-s,KCab-s,KCab-s_L,Kenyon_Cell,,cb_intrinsic,11862,KCab,"KCab-m,KCab-c,KCab-s",,VFB_jrmc2jzi,L,,,Roughly traced,
152553,celltype_prediction_only,acetylcholine,dopamine,0.7836456415861328,dopamine,0.7684195092483681,KCab-s,KCab-s,KCab-s_L,Kenyon_Cell,,cb_intrinsic,11862,KCab,"KCab-m,KCab-c,KCab-s",,VFB_jrmc2jr3,L,,,Roughly traced,
152839,celltype_prediction_only,acetylcholine,dopamine,0.7396865526446768,dopamine,0.7684195092483681,KCab-s,KCab-s,KCab-s_L,Kenyon_Cell,,cb_intrinsic,11862,KCab,"KCab-m,KCab-c,KCab-s",,VFB_jrmc2jnw,L,,,Roughly traced,
152889,celltype_prediction_only,acetylcholine,dopamine,0.7777788517716603,dopamine,0.7684195092483681,KCab-s,KCab-s,KCab-s_R,Kenyon_Cell,,cb_intrinsic,11862,KCab,"KCab-m,KCab-c,KCab-s",,VFB_jrmc2jmj,R,,,Prelim Roughly traced,
153083,celltype_prediction_only,acetylcholine,dopamine,0.7704446191474493,dopamine,0.7684195092483681,KCab-s,KCab-s,KCab-s_L,Kenyon_Cell,,cb_intrinsic,11862,KCab,"KCab-m,KCab-c,KCab-s",,VFB_jrmc2jyg,L,,,Roughly traced,
153492,celltype_prediction_only,acetylcholine,dopamine,0.7921252620545074,dopamine,0.7684195092483681,KCab-s,KCab-s,KCab-s_L,Kenyon_Cell,,cb_intrinsic,11862,KCab,"KCab-m,KCab-c,KCab-s",,VFB_jrmc2jwt,L,,,Roughly traced,
155022,celltype_prediction_only,acetylcholine,dopamine,0.7809015232615192,dopamine,0.7684195092483681,KCab-s,KCab-s,KCab-s_L,Kenyon_Cell,,cb_intrinsic,11862,KCab,"KCab-m,KCab-c,KCab-s",,VFB_jrmc2jnx,L,,,Roughly traced,
155190,celltype_prediction_only,acetylcholine,dopamine,0.6939744370054778,dopamine,0.7684195092483681,KCab-s,KCab-s,KCab-s_L,Kenyon_Cell,,cb_intrinsic,11862,KCab,"KCab-m,KCab-c,KCab-s",,VFB_jrmc2jwd,L,,,Roughly traced,
155692,celltype_prediction_only,acetylcholine,dopamine,0.7773153783728951,dopamine,0.7684195092483681,KCab-s,KCab-s,KCab-s_R,Kenyon_Cell,,cb_intrinsic,11862,KCab,"KCab-m,KCab-c,KCab-s",,VFB_jrmc2jq6,R,,,Prelim Roughly traced,
155937,celltype_prediction_only,acetylcholine,dopamine,0.8120977768026912,dopamine,0.7684195092483681,KCab-s,KCab-s,KCab-s_L,Kenyon_Cell,,cb_intrinsic,11862,KCab,"KCab-m,KCab-c,KCab-s",,VFB_jrmc2jy8,L,,,Roughly traced,
156554,celltype_prediction_only,acetylcholine,dopamine,0.7988750509026741,dopamine,0.7684195092483681,KCab-s,KCab-s,KCab-s_L,Kenyon_Cell,,cb_intrinsic,11862,KCab,"KCab-m,KCab-c,KCab-s",,VFB_jrmc2jwu,L,,,Roughly traced,
156598,celltype_prediction_only,acetylcholine,dopamine,0.739360669930738,dopamine,0.7684195092483681,KCab-s,KCab-s,KCab-s_R,Kenyon_Cell,,cb_intrinsic,11862,KCab,"KCab-m,KCab-c,KCab-s",,VFB_jrmc2jq7,R,,,Roughly traced,
157166,celltype_prediction_only,acetylcholine,dopamine,0.8172089355989555,dopamine,0.7684195092483681,KCab-s,KCab-s,KCab-s_R,Kenyon_Cell,,cb_intrinsic,11862,KCab,"KCab-m,KCab-c,KCab-s",,VFB_jrmc2jz9,R,,,Roughly traced,
157213,celltype_prediction_only,acetylcholine,dopamine,0.8028681414009976,dopamine,0.7684195092483681,KCab-s,KCab-s,KCab-s_L,Kenyon_Cell,,cb_intrinsic,11862,KCab,"KCab-m,KCab-c,KCab-s",,VFB_jrmc2jwv,L,,,Roughly traced,
157281,celltype_prediction_only,acetylcholine,dopamine,0.746771290692615,dopamine,0.7684195092483681,KCab-s,KCab-s,KCab-s_R,Kenyon_Cell,,cb_intrinsic,11862,KCab,"KCab-m,KCab-c,KCab-s",,VFB_jrmc2jq8,R,,,Roughly traced,
157389,celltype_prediction_only,acetylcholine,dopamine,0.8297847538494904,dopamine,0.7684195092483681,KCab-s,KCab-s,KCab-s_L,Kenyon_Cell,,cb_intrinsic,11862,KCab,"KCab-m,KCab-c,KCab-s",,VFB_jrmc2ji1,L,,,Roughly traced,
157588,celltype_prediction_only,acetylcholine,dopamine,0.8211801701812801,dopamine,0.7684195092483681,KCab-s,KCab-s,KCab-s_R,Kenyon_Cell,,cb_intrinsic,11862,KCab,"KCab-m,KCab-c,KCab-s",,VFB_jrmc2js8,R,,,Roughly traced,
158007,celltype_prediction_only,acetylcholine,dopamine,0.7573049356702742,dopamine,0.7684195092483681,KCab-s,KCab-s,KCab-s_L,Kenyon_Cell,,cb_intrinsic,11862,KCab,"KCab-m,KCab-c,KCab-s",,VFB_jrmc2jx3,L,,,Roughly traced,
158126,celltype_prediction_only,acetylcholine,dopamine,0.7346634301233358,dopamine,0.7684195092483681,KCab-s,KCab-s,KCab-s_L,Kenyon_Cell,,cb_intrinsic,11862,KCab,"KCab-m,KCab-c,KCab-s",,VFB_jrmc2jny,L,,,Roughly traced,
160400,celltype_prediction_only,acetylcholine,dopamine,0.7967707737754908,dopamine,0.7684195092483681,KCab-s,KCab-s,KCab-s_L,Kenyon_Cell,,cb_intrinsic,11862,KCab,"KCab-m,KCab-c,KCab-s",,VFB_jrmc2jvd,L,,,Roughly traced,
160407,celltype_prediction_only,acetylcholine,dopamine,0.784121319088675,dopamine,0.7684195092483681,KCab-s,KCab-s,KCab-s_L,Kenyon_Cell,,cb_intrinsic,11862,KCab,"KCab-m,KCab-c,KCab-s",,VFB_jrmc2jve,L,,,Roughly traced,
160885,celltype_prediction_only,acetylcholine,dopamine,0.7642182895720632,dopamine,0.7684195092483681,KCab-s,KCab-s,KCab-s_R,Kenyon_Cell,,cb_intrinsic,11862,KCab,"KCab-m,KCab-c,KCab-s",,VFB_jrmc2jj1,R,,,Prelim Roughly traced,
161163,celltype_prediction_only,acetylcholine,dopamine,0.7830695881517549,dopamine,0.7684195092483681,KCab-s,KCab-s,KCab-s_L,Kenyon_Cell,,cb_intrinsic,11862,KCab,"KCab-m,KCab-c,KCab-s",,VFB_jrmc2ji2,L,,,Roughly traced,
161552,celltype_prediction_only,acetylcholine,dopamine,0.7317618367437329,dopamine,0.7684195092483681,KCab-s,KCab-s,KCab-s_R,Kenyon_Cell,,cb_intrinsic,11862,KCab,"KCab-m,KCab-c,KCab-s",,VFB_jrmc2jj2,R,,,Prelim Roughly traced,
162048,celltype_prediction_only,acetylcholine,dopamine,0.8009068368738179,dopamine,0.7684195092483681,KCab-s,KCab-s,KCab-s_L,Kenyon_Cell,,cb_intrinsic,11862,KCab,"KCab-m,KCab-c,KCab-s",,VFB_jrmc2jzz,L,,,Roughly traced,
162392,celltype_prediction_only,acetylcholine,dopamine,0.8102787990196079,dopamine,0.7684195092483681,KCab-s,KCab-s,KCab-s_R,Kenyon_Cell,,cb_intrinsic,11862,KCab,"KCab-m,KCab-c,KCab-s",,VFB_jrmc2jta,R,,,Prelim Roughly traced,
162399,celltype_prediction_only,acetylcholine,dopamine,0.6795995136755887,dopamine,0.7684195092483681,KCab-s,KCab-s,KCab-s_L,Kenyon_Cell,,cb_intrinsic,11862,KCab,"KCab-m,KCab-c,KCab-s",,VFB_jrmc2jvp,L,,,Roughly traced,
163251,celltype_prediction_only,acetylcholine,dopamine,0.7528640848600857,dopamine,0.7684195092483681,KCab-s,KCab-s,KCab-s_L,Kenyon_Cell,,cb_intrinsic,11862,KCab,"KCab-m,KCab-c,KCab-s",,VFB_jrmc2jn7,L,,,Roughly traced,
163808,celltype_prediction_only,acetylcholine,dopamine,0.7002923545597485,dopamine,0.7684195092483681,KCab-s,KCab-s,KCab-s_L,Kenyon_Cell,,cb_intrinsic,11862,KCab,"KCab-m,KCab-c,KCab-s",,VFB_jrmc2jww,L,,,Roughly traced,
164355,celltype_prediction_only,acetylcholine,dopamine,0.6504245283018868,dopamine,0.7684195092483681,KCab-s,KCab-s,KCab-s_L,Kenyon_Cell,,cb_intrinsic,11862,KCab,"KCab-m,KCab-c,KCab-s",,VFB_jrmc2juz,L,,,Roughly traced,
164534,celltype_prediction_only,acetylcholine,dopamine,0.7905533837339537,dopamine,0.7684195092483681,KCab-s,KCab-s,KCab-s_R,Kenyon_Cell,,cb_intrinsic,11862,KCab,"KCab-m,KCab-c,KCab-s",,VFB_jrmc2jq9,R,,,Prelim Roughly traced,
165105,celltype_prediction_only,acetylcholine,dopamine,0.8520813818635978,dopamine,0.7684195092483681,KCab-s,KCab-s,KCab-s_L,Kenyon_Cell,,cb_intrinsic,11862,KCab,"KCab-m,KCab-c,KCab-s",,VFB_jrmc2jvq,L,,,Roughly traced,
165240,celltype_prediction_only,acetylcholine,dopamine,0.7420056996855345,dopamine,0.7684195092483681,KCab-s,KCab-s,KCab-s_R,Kenyon_Cell,,cb_intrinsic,11862,KCab,"KCab-m,KCab-c,KCab-s",,VFB_jrmc2jmk,R,,,Prelim Roughly traced,
165307,celltype_prediction_only,acetylcholine,dopamine,0.7595813679245284,dopamine,0.7684195092483681,KCab-s,KCab-s,KCab-s_R,Kenyon_Cell,,cb_intrinsic,11862,KCab,"KCab-m,KCab-c,KCab-s",,VFB_jrmc2jzl,R,,,Prelim Roughly traced,
166057,celltype_prediction_only,acetylcholine,dopamine,0.7627710049605811,dopamine,0.7684195092483681,KCab-s,KCab-s,KCab-s_R,Kenyon_Cell,,cb_intrinsic,11862,KCab,"KCab-m,KCab-c,KCab-s",,VFB_jrmc2jj3,R,,,Prelim Roughly traced,
166119,celltype_prediction_only,acetylcholine,dopamine,0.7650277275637404,dopamine,0.7684195092483681,KCab-s,KCab-s,KCab-s_L,Kenyon_Cell,,cb_intrinsic,11862,KCab,"KCab-m,KCab-c,KCab-s",,VFB_jrmc2jnz,L,,,Roughly traced,
166153,celltype_prediction_only,acetylcholine,dopamine,0.7558311741518292,dopamine,0.7684195092483681,KCab-s,KCab-s,KCab-s_L,Kenyon_Cell,,cb_intrinsic,11862,KCab,"KCab-m,KCab-c,KCab-s",,VFB_jrmc2jn8,L,,,Roughly traced,
166385,celltype_prediction_only,acetylcholine,dopamine,0.7190240876224704,dopamine,0.7684195092483681,KCab-s,KCab-s,KCab-s_L,Kenyon_Cell,,cb_intrinsic,11862,KCab,"KCab-m,KCab-c,KCab-s",,VFB_jrmc2jvf,L,,,Roughly traced,
166581,celltype_prediction_only,acetylcholine,dopamine,0.7714229559748428,dopamine,0.7684195092483681,KCab-s,KCab-s,KCab-s_R,Kenyon_Cell,,cb_intrinsic,11862,KCab,"KCab-m,KCab-c,KCab-s",,VFB_jrmc2jsi,R,,,Prelim Roughly traced,
166617,celltype_prediction_only,acetylcholine,dopamine,0.7925157232704403,dopamine,0.7684195092483681,KCab-s,KCab-s,KCab-s_L,Kenyon_Cell,,cb_intrinsic,11862,KCab,"KCab-m,KCab-c,KCab-s",,VFB_jrmc2jo0,L,,,Roughly traced,
167406,celltype_prediction_only,acetylcholine,dopamine,0.8163131216176684,dopamine,0.7684195092483681,KCab-s,KCab-s,KCab-s_L,Kenyon_Cell,,cb_intrinsic,11862,KCab,"KCab-m,KCab-c,KCab-s",,VFB_jrmc2jwe,L,,,Roughly traced,
167484,celltype_prediction_only,acetylcholine,dopamine,0.7827032463928968,dopamine,0.7684195092483681,KCab-s,KCab-s,KCab-s_L,Kenyon_Cell,,cb_intrinsic,11862,KCab,"KCab-m,KCab-c,KCab-s",,VFB_jrmc2jz1,L,,,Roughly traced,
167708,celltype_prediction_only,acetylcholine,dopamine,0.8144396128144654,dopamine,0.7684195092483681,KCab-s,KCab-s,KCab-s_R,Kenyon_Cell,,cb_intrinsic,11862,KCab,"KCab-m,KCab-c,KCab-s",,VFB_jrmc2jj4,R,,,Prelim Roughly traced,
167780,celltype_prediction_only,acetylcholine,dopamine,0.71268980854095,dopamine,0.7684195092483681,KCab-s,KCab-s,KCab-s_R,Kenyon_Cell,,cb_intrinsic,11862,KCab,"KCab-m,KCab-c,KCab-s",,VFB_jrmc2jza,R,,,Prelim Roughly traced,
168433,celltype_prediction_only,acetylcholine,dopamine,0.7918411243021695,dopamine,0.7684195092483681,KCab-s,KCab-s,KCab-s_R,Kenyon_Cell,,cb_intrinsic,11862,KCab,"KCab-m,KCab-c,KCab-s",,VFB_jrmc2jml,R,,,Prelim Roughly traced,
168771,celltype_prediction_only,acetylcholine,dopamine,0.7952682470055682,dopamine,0.7684195092483681,KCab-s,KCab-s,KCab-s_L,Kenyon_Cell,,cb_intrinsic,11862,KCab,"KCab-m,KCab-c,KCab-s",,VFB_jrmc2jwx,L,,,Roughly traced,
169034,celltype_prediction_only,acetylcholine,dopamine,0.7810386657198891,dopamine,0.7684195092483681,KCab-s,KCab-s,KCab-s_L,Kenyon_Cell,,cb_intrinsic,11862,KCab,"KCab-m,KCab-c,KCab-s",,VFB_jrmc2jvg,L,,,Roughly traced,
170005,celltype_prediction_only,acetylcholine,dopamine,0.7821123421578664,dopamine,0.7684195092483681,KCab-s,KCab-s,KCab-s_L,Kenyon_Cell,,cb_intrinsic,11862,KCab,"KCab-m,KCab-c,KCab-s",,VFB_jrmc2jzo,L,,,Roughly traced,
170040,celltype_prediction_only,acetylcholine,dopamine,0.7940310241246598,dopamine,0.7684195092483681,KCab-s,KCab-s,KCab-s_R,Kenyon_Cell,,cb_intrinsic,11862,KCab,"KCab-m,KCab-c,KCab-s",,VFB_jrmc2jtb,R,,,Prelim Roughly traced,
170919,celltype_prediction_only,acetylcholine,dopamine,0.7408520487186708,dopamine,0.7684195092483681,KCab-s,KCab-s,KCab-s_L,Kenyon_Cell,,cb_intrinsic,11862,KCab,"KCab-m,KCab-c,KCab-s",,VFB_jrmc2jn9,L,,,Roughly traced,
171306,celltype_prediction_only,acetylcholine,dopamine,0.7685627689506787,dopamine,0.7684195092483681,KCab-s,KCab-s,KCab-s_R,Kenyon_Cell,,cb_intrinsic,11862,KCab,"KCab-m,KCab-c,KCab-s",,VFB_jrmc2jyu,R,,,Prelim Roughly traced,
173188,celltype_prediction_only,acetylcholine,dopamine,0.71027176593908,dopamine,0.7684195092483681,KCab-s,KCab-s,KCab-s_R,Kenyon_Cell,,cb_intrinsic,11862,KCab,"KCab-m,KCab-c,KCab-s",,VFB_jrmc2jqa,R,,,Prelim Roughly traced,
173807,celltype_prediction_only,acetylcholine,dopamine,0.7551631168730949,dopamine,0.7684195092483681,KCab-s,KCab-s,KCab-s_R,Kenyon_Cell,,cb_intrinsic,11862,KCab,"KCab-m,KCab-c,KCab-s",,VFB_jrmc2jmm,R,,,Prelim Roughly traced,
173882,celltype_prediction_only,acetylcholine,dopamine,0.7217692024621972,dopamine,0.7684195092483681,KCab-s,KCab-s,KCab-s_R,Kenyon_Cell,,cb_intrinsic,11862,KCab,"KCab-m,KCab-c,KCab-s",,VFB_jrmc2jmn,R,,,Roughly traced,
173951,celltype_prediction_only,acetylcholine,dopamine,0.7577049337072922,dopamine,0.7684195092483681,KCab-s,KCab-s,KCab-s_L,Kenyon_Cell,,cb_intrinsic,11862,KCab,"KCab-m,KCab-c,KCab-s",,VFB_jrmc2jr4,L,,,Roughly traced,
174047,celltype_prediction_only,acetylcholine,dopamine,0.7569628202178248,dopamine,0.7684195092483681,KCab-s,KCab-s,KCab-s_L,Kenyon_Cell,,cb_intrinsic,11862,KCab,"KCab-m,KCab-c,KCab-s",,VFB_jrmc2jvr,L,,,Roughly traced,
174181,celltype_prediction_only,acetylcholine,dopamine,0.7982521323339364,dopamine,0.7684195092483681,KCab-s,KCab-s,KCab-s_L,Kenyon_Cell,,cb_intrinsic,11862,KCab,"KCab-m,KCab-c,KCab-s",,VFB_jrmc2ji3,L,,,Roughly traced,
175168,celltype_prediction_only,acetylcholine,dopamine,0.7396229144828791,dopamine,0.7684195092483681,KCab-s,KCab-s,KCab-s_L,Kenyon_Cell,,cb_intrinsic,11862,KCab,"KCab-m,KCab-c,KCab-s",,VFB_jrmc2jna,L,,,Roughly traced,
175807,celltype_prediction_only,acetylcholine,dopamine,0.8258647798742138,dopamine,0.7684195092483681,KCab-s,KCab-s,KCab-s_L,Kenyon_Cell,,cb_intrinsic,11862,KCab,"KCab-m,KCab-c,KCab-s",,VFB_jrmc2jv0,L,,,Roughly traced,
178476,celltype_prediction_only,acetylcholine,dopamine,0.7535440352362522,dopamine,0.7684195092483681,KCab-s,KCab-s,KCab-s_R,Kenyon_Cell,,cb_intrinsic,11862,KCab,"KCab-m,KCab-c,KCab-s",,VFB_jrmc2jqb,R,,,Roughly traced,
179084,celltype_prediction_only,acetylcholine,dopamine,0.762777813190549,dopamine,0.7684195092483681,KCab-s,KCab-s,KCab-s_L,Kenyon_Cell,,cb_intrinsic,11862,KCab,"KCab-m,KCab-c,KCab-s",,VFB_jrmc2jr5,L,,,Roughly traced,
179219,celltype_prediction_only,acetylcholine,dopamine,0.7220252666985112,dopamine,0.7684195092483681,KCab-s,KCab-s,KCab-s_R,Kenyon_Cell,,cb_intrinsic,11862,KCab,"KCab-m,KCab-c,KCab-s",,VFB_jrmc2jqc,R,,,Roughly traced,
180859,celltype_prediction_only,acetylcholine,dopamine,0.7786756761970908,dopamine,0.7684195092483681,KCab-s,KCab-s,KCab-s_L,Kenyon_Cell,,cb_intrinsic,11862,KCab,"KCab-m,KCab-c,KCab-s",,VFB_jrmc2jx4,L,,,Roughly traced,
180876,celltype_prediction_only,acetylcholine,dopamine,0.7718172361558522,dopamine,0.7684195092483681,KCab-s,KCab-s,KCab-s_L,Kenyon_Cell,,cb_intrinsic,11862,KCab,"KCab-m,KCab-c,KCab-s",,VFB_jrmc2ji4,L,,,Roughly traced,
180920,celltype_prediction_only,acetylcholine,dopamine,0.7279728627999068,dopamine,0.7684195092483681,KCab-s,KCab-s,KCab-s_R,Kenyon_Cell,,cb_intrinsic,11862,KCab,"KCab-m,KCab-c,KCab-s",,VFB_jrmc2js9,R,,,Roughly traced,
180939,celltype_prediction_only,acetylcholine,dopamine,0.7885372286467843,dopamine,0.7684195092483681,KCab-s,KCab-s,KCab-s_R,Kenyon_Cell,,cb_intrinsic,11862,KCab,"KCab-m,KCab-c,KCab-s",,VFB_jrmc2jj5,R,,,Roughly traced,
182596,celltype_prediction_only,acetylcholine,dopamine,0.8083986734141364,dopamine,0.7684195092483681,KCab-s,KCab-s,KCab-s_R,Kenyon_Cell,,cb_intrinsic,11862,KCab,"KCab-m,KCab-c,KCab-s",,VFB_jrmc2jmo,R,,,Roughly traced,
183659,celltype_prediction_only,acetylcholine,dopamine,0.7351047102903787,dopamine,0.7684195092483681,KCab-s,KCab-s,KCab-s_L,Kenyon_Cell,,cb_intrinsic,11862,KCab,"KCab-m,KCab-c,KCab-s",,VFB_jrmc2jo1,L,,,Prelim Roughly traced,
185154,celltype_prediction_only,acetylcholine,dopamine,0.7468395171162046,dopamine,0.7684195092483681,KCab-s,KCab-s,KCab-s_L,Kenyon_Cell,,cb_intrinsic,11862,KCab,"KCab-m,KCab-c,KCab-s",,VFB_jrmc2jzk,L,,,Roughly traced,
185655,celltype_prediction_only,acetylcholine,dopamine,0.7598355365323395,dopamine,0.7684195092483681,KCab-s,KCab-s,KCab-s_L,Kenyon_Cell,,cb_intrinsic,11862,KCab,"KCab-m,KCab-c,KCab-s",,VFB_jrmc2jvh,L,,,Roughly traced,
187266,celltype_prediction_only,acetylcholine,dopamine,0.7525015351122027,dopamine,0.7684195092483681,KCab-s,KCab-s,KCab-s_R,Kenyon_Cell,,cb_intrinsic,11862,KCab,"KCab-m,KCab-c,KCab-s",,VFB_jrmc2jsa,R,,,Roughly traced,
188253,celltype_prediction_only,acetylcholine,dopamine,0.7989053854349246,dopamine,0.7684195092483681,KCab-s,KCab-s,KCab-s_R,Kenyon_Cell,,cb_intrinsic,11862,KCab,"KCab-m,KCab-c,KCab-s",,VFB_jrmc2jsb,R,,,Roughly traced,
189744,celltype_prediction_only,acetylcholine,dopamine,0.7863197781163327,dopamine,0.7684195092483681,KCab-s,KCab-s,KCab-s_R,Kenyon_Cell,,cb_intrinsic,11862,KCab,"KCab-m,KCab-c,KCab-s",,VFB_jrmc2jmp,R,,,Roughly traced,
190302,celltype_prediction_only,acetylcholine,dopamine,0.724945717280623,dopamine,0.7684195092483681,KCab-s,KCab-s,KCab-s_R,Kenyon_Cell,,cb_intrinsic,11862,KCab,"KCab-m,KCab-c,KCab-s",,VFB_jrmc2jmq,R,,,Roughly traced,
191928,celltype_prediction_only,acetylcholine,dopamine,0.7699277334300919,dopamine,0.7684195092483681,KCab-s,KCab-s,KCab-s_R,Kenyon_Cell,,cb_intrinsic,11862,KCab,"KCab-m,KCab-c,KCab-s",,VFB_jrmc2jj6,R,,,Roughly traced,
192097,celltype_prediction_only,acetylcholine,dopamine,0.7492394722450095,dopamine,0.7684195092483681,KCab-s,KCab-s,KCab-s_L,Kenyon_Cell,,cb_intrinsic,11862,KCab,"KCab-m,KCab-c,KCab-s",,VFB_jrmc2jwi,L,,,Roughly traced,
192762,celltype_prediction_only,acetylcholine,dopamine,0.794704913271642,dopamine,0.7684195092483681,KCab-s,KCab-s,KCab-s_R,Kenyon_Cell,,cb_intrinsic,11862,KCab,"KCab-m,KCab-c,KCab-s",,VFB_jrmc2jy2,R,,,Prelim Roughly traced,
193578,celltype_prediction_only,acetylcholine,dopamine,0.7979480680257356,dopamine,0.7684195092483681,KCab-s,KCab-s,KCab-s_L,Kenyon_Cell,,cb_intrinsic,11862,KCab,"KCab-m,KCab-c,KCab-s",,VFB_jrmc2ji5,L,,,Roughly traced,
194600,celltype_prediction_only,acetylcholine,dopamine,0.788102549491368,dopamine,0.7684195092483681,KCab-s,KCab-s,KCab-s_L,Kenyon_Cell,,cb_intrinsic,11862,KCab,"KCab-m,KCab-c,KCab-s",,VFB_jrmc2jze,L,,,Roughly traced,
196065,celltype_prediction_only,acetylcholine,dopamine,0.7705851374778262,dopamine,0.7684195092483681,KCab-s,KCab-s,KCab-s_L,Kenyon_Cell,,cb_intrinsic,11862,KCab,"KCab-m,KCab-c,KCab-s",,VFB_jrmc2ji6,L,,,Roughly traced,
196369,celltype_prediction_only,acetylcholine,dopamine,0.7817495871543516,dopamine,0.7684195092483681,KCab-s,KCab-s,KCab-s_R,Kenyon_Cell,,cb_intrinsic,11862,KCab,"KCab-m,KCab-c,KCab-s",,VFB_jrmc2jsc,R,,,Roughly traced,
198431,celltype_prediction_only,acetylcholine,dopamine,0.7697736701523074,dopamine,0.7684195092483681,KCab-s,KCab-s,KCab-s_R,Kenyon_Cell,,cb_intrinsic,11862,KCab,"KCab-m,KCab-c,KCab-s",,VFB_jrmc2jmr,R,,,Roughly traced,
200566,celltype_prediction_only,acetylcholine,dopamine,0.7543604966384732,dopamine,0.7684195092483681,KCab-s,KCab-s,KCab-s_L,Kenyon_Cell,,cb_intrinsic,11862,KCab,"KCab-m,KCab-c,KCab-s",,VFB_jrmc2jz8,L,,,Roughly traced,
200684,celltype_prediction_only,acetylcholine,dopamine,0.7872387834576569,dopamine,0.7684195092483681,KCab-s,KCab-s,KCab-s_R,Kenyon_Cell,,cb_intrinsic,11862,KCab,"KCab-m,KCab-c,KCab-s",,VFB_jrmc2jtc,R,,,Roughly traced,
201756,celltype_prediction_only,acetylcholine,dopamine,0.7788319515913855,dopamine,0.7684195092483681,KCab-s,KCab-s,KCab-s_L,Kenyon_Cell,,cb_intrinsic,11862,KCab,"KCab-m,KCab-c,KCab-s",,VFB_jrmc2jr6,L,,,Roughly traced,
206188,celltype_prediction_only,acetylcholine,dopamine,0.7284774973454219,dopamine,0.7684195092483681,KCab-s,KCab-s,KCab-s_L,Kenyon_Cell,,cb_intrinsic,11862,KCab,"KCab-m,KCab-c,KCab-s",,VFB_jrmc2jnb,L,,,Roughly traced,
210440,celltype_prediction_only,acetylcholine,dopamine,0.7541066057267861,dopamine,0.7684195092483681,KCab-s,KCab-s,KCab-s_R,Kenyon_Cell,,cb_intrinsic,11862,KCab,"KCab-m,KCab-c,KCab-s",,VFB_jrmc2jsd,R,,,Prelim Roughly traced,
222130,celltype_prediction_only,acetylcholine,dopamine,0.7276126834381551,dopamine,0.7684195092483681,KCab-s,KCab-s,KCab-s_R,Kenyon_Cell,,cb_intrinsic,11862,KCab,"KCab-m,KCab-c,KCab-s",,VFB_jrmc2jqd,R,,,Prelim Roughly traced,
226379,celltype_prediction_only,acetylcholine,dopamine,0.7823751082740181,dopamine,0.7684195092483681,KCab-s,KCab-s,KCab-s_R,Kenyon_Cell,,cb_intrinsic,11862,KCab,"KCab-m,KCab-c,KCab-s",,VFB_jrmc2ju6,R,,,Prelim Roughly traced,
237109,celltype_prediction_only,acetylcholine,dopamine,0.7898024017065726,dopamine,0.7684195092483681,KCab-s,KCab-s,KCab-s_R,Kenyon_Cell,,cb_intrinsic,11862,KCab,"KCab-m,KCab-c,KCab-s",,VFB_jrmc2jms,R,,,Prelim Roughly traced,
241948,celltype_prediction_only,acetylcholine,dopamine,0.7832817901620226,dopamine,0.7684195092483681,KCab-s,KCab-s,KCab-s_L,Kenyon_Cell,,cb_intrinsic,11862,KCab,"KCab-m,KCab-c,KCab-s",,VFB_jrmc2jvs,L,,,Roughly traced,
242401,celltype_prediction_only,acetylcholine,dopamine,0.7738635458960273,dopamine,0.7684195092483681,KCab-s,KCab-s,KCab-s_R,Kenyon_Cell,,cb_intrinsic,11862,KCab,"KCab-m,KCab-c,KCab-s",,VFB_jrmc2jmt,R,,,Prelim Roughly traced,
245271,celltype_prediction_only,acetylcholine,dopamine,0.7942417533050956,dopamine,0.7684195092483681,KCab-s,KCab-s,KCab-s_R,Kenyon_Cell,,cb_intrinsic,11862,KCab,"KCab-m,KCab-c,KCab-s",,VFB_jrmc2jj7,R,,,Prelim Roughly traced,
248678,celltype_prediction_only,acetylcholine,dopamine,0.8045262082991522,dopamine,0.7684195092483681,KCab-s,KCab-s,KCab-s_R,Kenyon_Cell,,cb_intrinsic,11862,KCab,"KCab-m,KCab-c,KCab-s",,VFB_jrmc2jmu,R,,,Prelim Roughly traced,
263886,celltype_prediction_only,acetylcholine,dopamine,0.7314510130682031,dopamine,0.7684195092483681,KCab-s,KCab-s,KCab-s_R,Kenyon_Cell,,cb_intrinsic,11862,KCab,"KCab-m,KCab-c,KCab-s",,VFB_jrmc2jtd,R,,,Prelim Roughly traced,
266449,celltype_prediction_only,acetylcholine,dopamine,0.773424416657363,dopamine,0.7684195092483681,KCab-s,KCab-s,KCab-s_R,Kenyon_Cell,,cb_intrinsic,11862,KCab,"KCab-m,KCab-c,KCab-s",,VFB_jrmc2jj8,R,,,Prelim Roughly traced,
287798,celltype_prediction_only,acetylcholine,dopamine,0.7993290686654605,dopamine,0.7684195092483681,KCab-s,KCab-s,KCab-s_R,Kenyon_Cell,,cb_intrinsic,11862,KCab,"KCab-m,KCab-c,KCab-s",,VFB_jrmc2jqe,R,,,Prelim Roughly traced,
303093,celltype_prediction_only,acetylcholine,dopamine,0.7495266640461217,dopamine,0.7684195092483681,KCab-s,KCab-s,KCab-s_R,Kenyon_Cell,,cb_intrinsic,11862,KCab,"KCab-m,KCab-c,KCab-s",,VFB_jrmc2joc,R,,,Prelim Roughly traced,
365046,celltype_prediction_only,acetylcholine,dopamine,0.7144571918416658,dopamine,0.7684195092483681,KCab-s,KCab-s,KCab-s_R,Kenyon_Cell,,cb_intrinsic,11862,KCab,"KCab-m,KCab-c,KCab-s",,VFB_jrmc2jqf,R,,,Prelim Roughly traced,
500003,celltype_prediction_only,acetylcholine,dopamine,0.787493063263041,dopamine,0.7684195092483681,KCab-s,KCab-s,KCab-s_R,Kenyon_Cell,,cb_intrinsic,11862,KCab,"KCab-m,KCab-c,KCab-s",,VFB_jrmc2jse,R,,,Prelim Roughly traced,
500140,celltype_prediction_only,acetylcholine,dopamine,0.766501572327044,dopamine,0.7684195092483681,KCab-s,KCab-s,KCab-s_R,Kenyon_Cell,,cb_intrinsic,11862,KCab,"KCab-m,KCab-c,KCab-s",,VFB_jrmc2jug,R,,,Prelim Roughly traced,
500143,celltype_prediction_only,acetylcholine,dopamine,0.7612478968873934,dopamine,0.7684195092483681,KCab-s,KCab-s,KCab-s_R,Kenyon_Cell,,cb_intrinsic,11862,KCab,"KCab-m,KCab-c,KCab-s",,VFB_jrmc2jj9,R,,,Prelim Roughly traced,
500161,celltype_prediction_only,acetylcholine,dopamine,0.7853167892883984,dopamine,0.7684195092483681,KCab-s,KCab-s,KCab-s_R,Kenyon_Cell,,cb_intrinsic,11862,KCab,"KCab-m,KCab-c,KCab-s",,VFB_jrmc2ju7,R,,,Prelim Roughly traced,
518554,celltype_prediction_only,acetylcholine,dopamine,0.7370283018867925,dopamine,0.7684195092483681,KCab-s,KCab-s,KCab-s_R,Kenyon_Cell,,cb_intrinsic,11862,KCab,"KCab-m,KCab-c,KCab-s",,VFB_jrmc2juh,R,,,Prelim Roughly traced,
518959,celltype_prediction_only,acetylcholine,dopamine,0.7411645364171231,dopamine,0.7684195092483681,KCab-s,KCab-s,KCab-s_R,Kenyon_Cell,,cb_intrinsic,11862,KCab,"KCab-m,KCab-c,KCab-s",,VFB_jrmc2jja,R,,,Prelim Roughly traced,
520183,celltype_prediction_only,acetylcholine,dopamine,0.7959463117997417,dopamine,0.7684195092483681,KCab-s,KCab-s,KCab-s_R,Kenyon_Cell,,cb_intrinsic,11862,KCab,"KCab-m,KCab-c,KCab-s",,VFB_jrmc2jys,R,,,Prelim Roughly traced,
520823,celltype_prediction_only,acetylcholine,dopamine,0.7423689223512336,dopamine,0.7684195092483681,KCab-s,KCab-s,KCab-s_R,Kenyon_Cell,,cb_intrinsic,11862,KCab,"KCab-m,KCab-c,KCab-s",,VFB_jrmc2jjb,R,,,Prelim Roughly traced,
521781,celltype_prediction_only,acetylcholine,dopamine,0.7599857416305325,dopamine,0.7684195092483681,KCab-s,KCab-s,KCab-s_R,Kenyon_Cell,,cb_intrinsic,11862,KCab,"KCab-m,KCab-c,KCab-s",,VFB_jrmc2jw0,R,,,Prelim Roughly traced,
529041,celltype_prediction_only,acetylcholine,dopamine,0.8003962475201554,dopamine,0.7684195092483681,KCab-s,KCab-s,KCab-s_R,Kenyon_Cell,,cb_intrinsic,11862,KCab,"KCab-m,KCab-c,KCab-s",,VFB_jrmc2jui,R,,,Prelim Roughly traced,
532287,celltype_prediction_only,acetylcholine,dopamine,0.792627010130682,dopamine,0.7684195092483681,KCab-s,KCab-s,KCab-s_R,Kenyon_Cell,,cb_intrinsic,11862,KCab,"KCab-m,KCab-c,KCab-s",,VFB_jrmc2jz5,R,,,Roughly traced,
532290,celltype_prediction_only,acetylcholine,dopamine,0.7571353926982666,dopamine,0.7684195092483681,KCab-s,KCab-s,KCab-s_R,Kenyon_Cell,,cb_intrinsic,11862,KCab,"KCab-m,KCab-c,KCab-s",,VFB_jrmc2jmv,R,,,Prelim Roughly traced,
533081,celltype_prediction_only,acetylcholine,dopamine,0.8011308659893566,dopamine,0.7684195092483681,KCab-s,KCab-s,KCab-s_R,Kenyon_Cell,,cb_intrinsic,11862,KCab,"KCab-m,KCab-c,KCab-s",,VFB_jrmc2jw1,R,,,Prelim Roughly traced,
534983,celltype_prediction_only,acetylcholine,dopamine,0.7453084221109828,dopamine,0.7684195092483681,KCab-s,KCab-s,KCab-s_R,Kenyon_Cell,,cb_intrinsic,11862,KCab,"KCab-m,KCab-c,KCab-s",,VFB_jrmc2jqg,R,,,Prelim Roughly traced,
536289,celltype_prediction_only,acetylcholine,dopamine,0.7924098775459203,dopamine,0.7684195092483681,KCab-s,KCab-s,KCab-s_R,Kenyon_Cell,,cb_intrinsic,11862,KCab,"KCab-m,KCab-c,KCab-s",,VFB_jrmc2ju8,R,,,Prelim Roughly traced,
537061,celltype_prediction_only,acetylcholine,dopamine,0.8137824914417642,dopamine,0.7684195092483681,KCab-s,KCab-s,KCab-s_R,Kenyon_Cell,,cb_intrinsic,11862,KCab,"KCab-m,KCab-c,KCab-s",,VFB_jrmc2jqh,R,,,Prelim Roughly traced,
539381,celltype_prediction_only,acetylcholine,dopamine,0.7701290618448637,dopamine,0.7684195092483681,KCab-s,KCab-s,KCab-s_R,Kenyon_Cell,,cb_intrinsic,11862,KCab,"KCab-m,KCab-c,KCab-s",,VFB_jrmc2juj,R,,,Roughly traced,
544476,celltype_prediction_only,acetylcholine,dopamine,0.7230571724876221,dopamine,0.7684195092483681,KCab-s,KCab-s,KCab-s_R,Kenyon_Cell,,cb_intrinsic,11862,KCab,"KCab-m,KCab-c,KCab-s",,VFB_jrmc2jqi,R,,,Prelim Roughly traced,
545415,celltype_prediction_only,acetylcholine,dopamine,0.7801683566508364,dopamine,0.7684195092483681,KCab-s,KCab-s,KCab-s_L,Kenyon_Cell,,cb_intrinsic,11862,KCab,"KCab-m,KCab-c,KCab-s",,VFB_jrmc2jvt,L,,,Roughly traced,
545809,celltype_prediction_only,acetylcholine,dopamine,0.7326818268740438,dopamine,0.7684195092483681,KCab-s,KCab-s,KCab-s_R,Kenyon_Cell,,cb_intrinsic,11862,KCab,"KCab-m,KCab-c,KCab-s",,VFB_jrmc2jmw,R,,,Roughly traced,
550362,celltype_prediction_only,acetylcholine,dopamine,0.7431767162991588,dopamine,0.7684195092483681,KCab-s,KCab-s,KCab-s_R,Kenyon_Cell,,cb_intrinsic,11862,KCab,"KCab-m,KCab-c,KCab-s",,VFB_jrmc2jte,R,,,Prelim Roughly traced,
550378,celltype_prediction_only,acetylcholine,dopamine,0.7798625765475008,dopamine,0.7684195092483681,KCab-s,KCab-s,KCab-s_L,Kenyon_Cell,,cb_intrinsic,11862,KCab,"KCab-m,KCab-c,KCab-s",,VFB_jrmc2jwy,L,,,Roughly traced,
550403,celltype_prediction_only,acetylcholine,dopamine,0.7668804194112612,dopamine,0.7684195092483681,KCab-s,KCab-s,KCab-s_R,Kenyon_Cell,,cb_intrinsic,11862,KCab,"KCab-m,KCab-c,KCab-s",,VFB_jrmc2jsf,R,,,Prelim Roughly traced,
550598,celltype_prediction_only,acetylcholine,dopamine,0.7973639698875549,dopamine,0.7684195092483681,KCab-s,KCab-s,KCab-s_R,Kenyon_Cell,,cb_intrinsic,11862,KCab,"KCab-m,KCab-c,KCab-s",,VFB_jrmc2jtf,R,,,Prelim Roughly traced,
550950,celltype_prediction_only,acetylcholine,dopamine,0.7991406196005253,dopamine,0.7684195092483681,KCab-s,KCab-s,KCab-s_R,Kenyon_Cell,,cb_intrinsic,11862,KCab,"KCab-m,KCab-c,KCab-s",,VFB_jrmc2jyx,R,,,Prelim Roughly traced,
551264,celltype_prediction_only,acetylcholine,dopamine,0.691145178197065,dopamine,0.7684195092483681,KCab-s,KCab-s,KCab-s_L,Kenyon_Cell,,cb_intrinsic,11862,KCab,"KCab-m,KCab-c,KCab-s",,VFB_jrmc2jyh,L,,,Roughly traced,
551561,celltype_prediction_only,acetylcholine,dopamine,0.7817998465109314,dopamine,0.7684195092483681,KCab-s,KCab-s,KCab-s_R,Kenyon_Cell,,cb_intrinsic,11862,KCab,"KCab-m,KCab-c,KCab-s",,VFB_jrmc2jsg,R,,,Prelim Roughly traced,
551700,celltype_prediction_only,acetylcholine,dopamine,0.7271955444639461,dopamine,0.7684195092483681,KCab-s,KCab-s,KCab-s_L,Kenyon_Cell,,cb_intrinsic,11862,KCab,"KCab-m,KCab-c,KCab-s",,VFB_jrmc2jx9,L,,,Roughly traced,
569417,celltype_prediction_only,acetylcholine,dopamine,0.7270935985258181,dopamine,0.7684195092483681,KCab-s,KCab-s,KCab-s_R,Kenyon_Cell,,cb_intrinsic,11862,KCab,"KCab-m,KCab-c,KCab-s",,VFB_jrmc2jjc,R,,,Prelim Roughly traced,
575369,celltype_prediction_only,acetylcholine,dopamine,0.8044145664049948,dopamine,0.7684195092483681,KCab-s,KCab-s,KCab-s_L,Kenyon_Cell,,cb_intrinsic,11862,KCab,"KCab-m,KCab-c,KCab-s",,VFB_jrmc2jv1,L,,,Roughly traced,
580088,celltype_prediction_only,acetylcholine,dopamine,0.7709767938300509,dopamine,0.7684195092483681,KCab-s,KCab-s,KCab-s_L,Kenyon_Cell,,cb_intrinsic,11862,KCab,"KCab-m,KCab-c,KCab-s",,VFB_jrmc2jx5,L,,,Roughly traced,
918516,celltype_prediction_only,acetylcholine,dopamine,0.8164079640193066,dopamine,0.7684195092483681,KCab-s,KCab-s,KCab-s_R,Kenyon_Cell,,cb_intrinsic,11862,KCab,"KCab-m,KCab-c,KCab-s",,VFB_jrmc2jsh,R,,,Prelim Roughly traced,
923406,celltype_prediction_only,acetylcholine,dopamine,0.7694331401323632,dopamine,0.7684195092483681,KCab-s,KCab-s,KCab-s_R,Kenyon_Cell,,cb_intrinsic,11862,KCab,"KCab-m,KCab-c,KCab-s",,VFB_jrmc2jjd,R,,,Prelim Roughly traced,
946152,celltype_prediction_only,acetylcholine,dopamine,0.7714132502523489,dopamine,0.7684195092483681,KCab-s,KCab-s,KCab-s_R,Kenyon_Cell,,cb_intrinsic,11862,KCab,"KCab-m,KCab-c,KCab-s",,VFB_jrmc2jmx,R,,,Prelim Roughly traced,
40821,celltype_prediction_only,acetylcholine,dopamine,0.7013311283539875,dopamine,0.7013311283539875,KCg,KCg,KCg_L,Kenyon_Cell,,cb_intrinsic,,,,,VFB_jrmc2k02,L,,,Prelim Roughly traced,
19102,celltype_prediction_only,acetylcholine,dopamine,0.799554759313014,dopamine,0.7530592569174162,KCg-d,KCg-d,KCg-d_R,Kenyon_Cell,,cb_intrinsic,19102,KCg-d,KCg-d,,VFB_jrmc2k2b,R,,,Roughly traced,
19788,celltype_prediction_only,acetylcholine,dopamine,0.7898607693008842,dopamine,0.7530592569174162,KCg-d,KCg-d,KCg-d_L,Kenyon_Cell,,cb_intrinsic,19102,KCg-d,KCg-d,,VFB_jrmc2k4v,L,,,Roughly traced,
28848,celltype_prediction_only,acetylcholine,dopamine,0.7196182145692129,dopamine,0.7530592569174162,KCg-d,KCg-d,KCg-d_L,Kenyon_Cell,,cb_intrinsic,19102,KCg-d,KCg-d,,VFB_jrmc2k36,L,,,Roughly traced,
30397,celltype_prediction_only,acetylcholine,dopamine,0.7655237365514159,dopamine,0.7530592569174162,KCg-d,KCg-d,KCg-d_R,Kenyon_Cell,,cb_intrinsic,19102,KCg-d,KCg-d,,VFB_jrmc2k5d,R,,,Roughly traced,
32683,celltype_prediction_only,acetylcholine,dopamine,0.743058616939987,dopamine,0.7530592569174162,KCg-d,KCg-d,KCg-d_L,Kenyon_Cell,,cb_intrinsic,19102,KCg-d,KCg-d,,VFB_jrmc2k2l,L,,,Roughly traced,
35180,celltype_prediction_only,acetylcholine,dopamine,0.6960016748701121,dopamine,0.7530592569174162,KCg-d,KCg-d,KCg-d_R,Kenyon_Cell,,cb_intrinsic,19102,KCg-d,KCg-d,,VFB_jrmc2k3s,R,,,Roughly traced,
36723,celltype_prediction_only,acetylcholine,dopamine,0.7155491163017523,dopamine,0.7530592569174162,KCg-d,KCg-d,KCg-d_R,Kenyon_Cell,,cb_intrinsic,19102,KCg-d,KCg-d,,VFB_jrmc2k4x,R,,,Prelim Roughly traced,
38657,celltype_prediction_only,acetylcholine,dopamine,0.5437575270975512,dopamine,0.7530592569174162,KCg-d,KCg-d,KCg-d_R,Kenyon_Cell,,cb_intrinsic,19102,KCg-d,KCg-d,,VFB_jrmc2k4y,R,,,Prelim Roughly traced,
39316,celltype_prediction_only,acetylcholine,dopamine,0.8042342222766751,dopamine,0.7530592569174162,KCg-d,KCg-d,KCg-d_R,Kenyon_Cell,,cb_intrinsic,19102,KCg-d,KCg-d,,VFB_jrmc2k3y,R,,,Roughly traced,
39771,celltype_prediction_only,acetylcholine,dopamine,0.7293314586357039,dopamine,0.7530592569174162,KCg-d,KCg-d,KCg-d_R,Kenyon_Cell,,cb_intrinsic,19102,KCg-d,KCg-d,,VFB_jrmc2k0c,R,,,Roughly traced,
40027,celltype_prediction_only,acetylcholine,dopamine,0.7163112152937566,dopamine,0.7530592569174162,KCg-d,KCg-d,KCg-d_L,Kenyon_Cell,,cb_intrinsic,19102,KCg-d,KCg-d,,VFB_jrmc2k0a,L,,,Roughly traced,
41134,celltype_prediction_only,acetylcholine,dopamine,0.7592600026763013,dopamine,0.7530592569174162,KCg-d,KCg-d,KCg-d_R,Kenyon_Cell,,cb_intrinsic,19102,KCg-d,KCg-d,,VFB_jrmc2k3t,R,,,Roughly traced,
42370,celltype_prediction_only,acetylcholine,dopamine,0.7625423318819545,dopamine,0.7530592569174162,KCg-d,KCg-d,KCg-d_R,Kenyon_Cell,,cb_intrinsic,19102,KCg-d,KCg-d,,VFB_jrmc2k0d,R,,,Roughly traced,
42969,celltype_prediction_only,acetylcholine,dopamine,0.7786382089026241,dopamine,0.7530592569174162,KCg-d,KCg-d,KCg-d_R,Kenyon_Cell,,cb_intrinsic,19102,KCg-d,KCg-d,,VFB_jrmc2k11,R,,,Roughly traced,
43867,celltype_prediction_only,acetylcholine,dopamine,0.7757411702791206,dopamine,0.7530592569174162,KCg-d,KCg-d,KCg-d_R,Kenyon_Cell,,cb_intrinsic,19102,KCg-d,KCg-d,,VFB_jrmc2k3u,R,,,Roughly traced,
44069,celltype_prediction_only,acetylcholine,dopamine,0.6382856782358879,dopamine,0.7530592569174162,KCg-d,KCg-d,KCg-d_L,Kenyon_Cell,,cb_intrinsic,19102,KCg-d,KCg-d,,VFB_jrmc2k5r,L,,,Roughly traced,
44485,celltype_prediction_only,acetylcholine,dopamine,0.7253925383300003,dopamine,0.7530592569174162,KCg-d,KCg-d,KCg-d_R,Kenyon_Cell,,cb_intrinsic,19102,KCg-d,KCg-d,,VFB_jrmc2k3z,R,,,Roughly traced,
44948,celltype_prediction_only,acetylcholine,dopamine,0.7605899607763575,dopamine,0.7530592569174162,KCg-d,KCg-d,KCg-d_R,Kenyon_Cell,,cb_intrinsic,19102,KCg-d,KCg-d,,VFB_jrmc2k0e,R,,,Roughly traced,
46196,celltype_prediction_only,acetylcholine,dopamine,0.7649078147677794,dopamine,0.7530592569174162,KCg-d,KCg-d,KCg-d_R,Kenyon_Cell,,cb_intrinsic,19102,KCg-d,KCg-d,,VFB_jrmc2k03,R,,,Roughly traced,
47181,celltype_prediction_only,acetylcholine,dopamine,0.7194972544136896,dopamine,0.7530592569174162,KCg-d,KCg-d,KCg-d_L,Kenyon_Cell,,cb_intrinsic,19102,KCg-d,KCg-d,,VFB_jrmc2k2m,L,,,Roughly traced,
47354,celltype_prediction_only,acetylcholine,dopamine,0.741521498847998,dopamine,0.7530592569174162,KCg-d,KCg-d,KCg-d_R,Kenyon_Cell,,cb_intrinsic,19102,KCg-d,KCg-d,,VFB_jrmc2k0f,R,,,Roughly traced,
47567,celltype_prediction_only,acetylcholine,dopamine,0.8003497419771004,dopamine,0.7530592569174162,KCg-d,KCg-d,KCg-d_L,Kenyon_Cell,,cb_intrinsic,19102,KCg-d,KCg-d,,VFB_jrmc2k1y,L,,,Roughly traced,
47847,celltype_prediction_only,acetylcholine,dopamine,0.7565831560611667,dopamine,0.7530592569174162,KCg-d,KCg-d,KCg-d_R,Kenyon_Cell,,cb_intrinsic,19102,KCg-d,KCg-d,,VFB_jrmc2k32,R,,,Roughly traced,
48122,celltype_prediction_only,acetylcholine,dopamine,0.7782352238037441,dopamine,0.7530592569174162,KCg-d,KCg-d,KCg-d_L,Kenyon_Cell,,cb_intrinsic,19102,KCg-d,KCg-d,,VFB_jrmc2k2s,L,,,Roughly traced,
48147,celltype_prediction_only,acetylcholine,dopamine,0.7021114377297724,dopamine,0.7530592569174162,KCg-d,KCg-d,KCg-d_R,Kenyon_Cell,,cb_intrinsic,19102,KCg-d,KCg-d,,VFB_jrmc2k0g,R,,,Roughly traced,
48438,celltype_prediction_only,acetylcholine,dopamine,0.7112275120666959,dopamine,0.7530592569174162,KCg-d,KCg-d,KCg-d_R,Kenyon_Cell,,cb_intrinsic,19102,KCg-d,KCg-d,,VFB_jrmc2k3v,R,,,Roughly traced,
48533,celltype_prediction_only,acetylcholine,dopamine,0.7452598371230447,dopamine,0.7530592569174162,KCg-d,KCg-d,KCg-d_R,Kenyon_Cell,,cb_intrinsic,19102,KCg-d,KCg-d,,VFB_jrmc2k0h,R,,,Roughly traced,
48632,celltype_prediction_only,acetylcholine,dopamine,0.8135937041744061,dopamine,0.7530592569174162,KCg-d,KCg-d,KCg-d_R,Kenyon_Cell,,cb_intrinsic,19102,KCg-d,KCg-d,,VFB_jrmc2k4f,R,,,Roughly traced,
48641,celltype_prediction_only,acetylcholine,dopamine,0.7813148382286195,dopamine,0.7530592569174162,KCg-d,KCg-d,KCg-d_R,Kenyon_Cell,,cb_intrinsic,19102,KCg-d,KCg-d,,VFB_jrmc2k5l,R,,,Roughly traced,
48978,celltype_prediction_only,acetylcholine,dopamine,0.7688689589539887,dopamine,0.7530592569174162,KCg-d,KCg-d,KCg-d_R,Kenyon_Cell,,cb_intrinsic,19102,KCg-d,KCg-d,,VFB_jrmc2k0i,R,,,Roughly traced,
49052,celltype_prediction_only,acetylcholine,dopamine,0.7497412973526401,dopamine,0.7530592569174162,KCg-d,KCg-d,KCg-d_R,Kenyon_Cell,,cb_intrinsic,19102,KCg-d,KCg-d,,VFB_jrmc2k0j,R,,,Roughly traced,
49345,celltype_prediction_only,acetylcholine,dopamine,0.729275856044724,dopamine,0.7530592569174162,KCg-d,KCg-d,KCg-d_R,Kenyon_Cell,,cb_intrinsic,19102,KCg-d,KCg-d,,VFB_jrmc2k0k,R,,,Roughly traced,
49709,celltype_prediction_only,acetylcholine,dopamine,0.7599365325521955,dopamine,0.7530592569174162,KCg-d,KCg-d,KCg-d_R,Kenyon_Cell,,cb_intrinsic,19102,KCg-d,KCg-d,,VFB_jrmc2k57,R,,,Roughly traced,
49710,celltype_prediction_only,acetylcholine,dopamine,0.7567317672026521,dopamine,0.7530592569174162,KCg-d,KCg-d,KCg-d_R,Kenyon_Cell,,cb_intrinsic,19102,KCg-d,KCg-d,,VFB_jrmc2k0l,R,,,Roughly traced,
50582,celltype_prediction_only,acetylcholine,dopamine,0.7145068575253751,dopamine,0.7530592569174162,KCg-d,KCg-d,KCg-d_R,Kenyon_Cell,,cb_intrinsic,19102,KCg-d,KCg-d,,VFB_jrmc2k12,R,,,Roughly traced,
50933,celltype_prediction_only,acetylcholine,dopamine,0.7777160730827362,dopamine,0.7530592569174162,KCg-d,KCg-d,KCg-d_L,Kenyon_Cell,,cb_intrinsic,19102,KCg-d,KCg-d,,VFB_jrmc2k4j,L,,,Roughly traced,
51679,celltype_prediction_only,acetylcholine,dopamine,0.7637664068908943,dopamine,0.7530592569174162,KCg-d,KCg-d,KCg-d_R,Kenyon_Cell,,cb_intrinsic,19102,KCg-d,KCg-d,,VFB_jrmc2k47,R,,,Roughly traced,
51998,celltype_prediction_only,acetylcholine,dopamine,0.7591588050314465,dopamine,0.7530592569174162,KCg-d,KCg-d,KCg-d_R,Kenyon_Cell,,cb_intrinsic,19102,KCg-d,KCg-d,,VFB_jrmc2k5a,R,,,Roughly traced,
52594,celltype_prediction_only,acetylcholine,dopamine,0.731001737835154,dopamine,0.7530592569174162,KCg-d,KCg-d,KCg-d_R,Kenyon_Cell,,cb_intrinsic,19102,KCg-d,KCg-d,,VFB_jrmc2k04,R,,,Roughly traced,
52751,celltype_prediction_only,acetylcholine,dopamine,0.7531199630226605,dopamine,0.7530592569174162,KCg-d,KCg-d,KCg-d_R,Kenyon_Cell,,cb_intrinsic,19102,KCg-d,KCg-d,,VFB_jrmc2k13,R,,,Roughly traced,
52907,celltype_prediction_only,acetylcholine,dopamine,0.759603289791969,dopamine,0.7530592569174162,KCg-d,KCg-d,KCg-d_R,Kenyon_Cell,,cb_intrinsic,19102,KCg-d,KCg-d,,VFB_jrmc2k5b,R,,,Roughly traced,
53217,celltype_prediction_only,acetylcholine,dopamine,0.7788895825625848,dopamine,0.7530592569174162,KCg-d,KCg-d,KCg-d_R,Kenyon_Cell,,cb_intrinsic,19102,KCg-d,KCg-d,,VFB_jrmc2k0m,R,,,Roughly traced,
53271,celltype_prediction_only,acetylcholine,dopamine,0.7780529350104821,dopamine,0.7530592569174162,KCg-d,KCg-d,KCg-d_L,Kenyon_Cell,,cb_intrinsic,19102,KCg-d,KCg-d,,VFB_jrmc2k1l,L,,,Roughly traced,
53505,celltype_prediction_only,acetylcholine,dopamine,0.7194328391734053,dopamine,0.7530592569174162,KCg-d,KCg-d,KCg-d_R,Kenyon_Cell,,cb_intrinsic,19102,KCg-d,KCg-d,,VFB_jrmc2k14,R,,,Roughly traced,
53680,celltype_prediction_only,acetylcholine,dopamine,0.7995102153026971,dopamine,0.7530592569174162,KCg-d,KCg-d,KCg-d_L,Kenyon_Cell,,cb_intrinsic,19102,KCg-d,KCg-d,,VFB_jrmc2k5o,L,,,Roughly traced,
56145,celltype_prediction_only,acetylcholine,dopamine,0.7821762618932431,dopamine,0.7530592569174162,KCg-d,KCg-d,KCg-d_L,Kenyon_Cell,,cb_intrinsic,19102,KCg-d,KCg-d,,VFB_jrmc2k1m,L,,,Roughly traced,
56284,celltype_prediction_only,acetylcholine,dopamine,0.6851502933839289,dopamine,0.7530592569174162,KCg-d,KCg-d,KCg-d_R,Kenyon_Cell,,cb_intrinsic,19102,KCg-d,KCg-d,,VFB_jrmc2k50,R,,,Roughly traced,
57302,celltype_prediction_only,acetylcholine,dopamine,0.6749203757458474,dopamine,0.7530592569174162,KCg-d,KCg-d,KCg-d_R,Kenyon_Cell,,cb_intrinsic,19102,KCg-d,KCg-d,,VFB_jrmc2k0n,R,,,Roughly traced,
57413,celltype_prediction_only,acetylcholine,dopamine,0.7993306048834627,dopamine,0.7530592569174162,KCg-d,KCg-d,KCg-d_R,Kenyon_Cell,,cb_intrinsic,19102,KCg-d,KCg-d,,VFB_jrmc2k5p,R,,,Roughly traced,
57460,celltype_prediction_only,acetylcholine,dopamine,0.7359237421383648,dopamine,0.7530592569174162,KCg-d,KCg-d,KCg-d_R,Kenyon_Cell,,cb_intrinsic,19102,KCg-d,KCg-d,,VFB_jrmc2k5h,R,,,Roughly traced,
57498,celltype_prediction_only,acetylcholine,dopamine,0.7525906616646437,dopamine,0.7530592569174162,KCg-d,KCg-d,KCg-d_R,Kenyon_Cell,,cb_intrinsic,19102,KCg-d,KCg-d,,VFB_jrmc2k56,R,,,Roughly traced,
57545,celltype_prediction_only,acetylcholine,dopamine,0.7778175155514314,dopamine,0.7530592569174162,KCg-d,KCg-d,KCg-d_R,Kenyon_Cell,,cb_intrinsic,19102,KCg-d,KCg-d,,VFB_jrmc2k15,R,,,Roughly traced,
57550,celltype_prediction_only,acetylcholine,dopamine,0.7777560316579462,dopamine,0.7530592569174162,KCg-d,KCg-d,KCg-d_R,Kenyon_Cell,,cb_intrinsic,19102,KCg-d,KCg-d,,VFB_jrmc2k48,R,,,Roughly traced,
58501,celltype_prediction_only,acetylcholine,dopamine,0.7881800092385318,dopamine,0.7530592569174162,KCg-d,KCg-d,KCg-d_R,Kenyon_Cell,,cb_intrinsic,19102,KCg-d,KCg-d,,VFB_jrmc2k5g,R,,,Roughly traced,
58524,celltype_prediction_only,acetylcholine,dopamine,0.8023153160119599,dopamine,0.7530592569174162,KCg-d,KCg-d,KCg-d_R,Kenyon_Cell,,cb_intrinsic,19102,KCg-d,KCg-d,,VFB_jrmc2k33,R,,,Roughly traced,
58782,celltype_prediction_only,acetylcholine,dopamine,0.7819877842283502,dopamine,0.7530592569174162,KCg-d,KCg-d,KCg-d_R,Kenyon_Cell,,cb_intrinsic,19102,KCg-d,KCg-d,,VFB_jrmc2k4g,R,,,Roughly traced,
58802,celltype_prediction_only,acetylcholine,dopamine,0.6596626643796456,dopamine,0.7530592569174162,KCg-d,KCg-d,KCg-d_L,Kenyon_Cell,,cb_intrinsic,19102,KCg-d,KCg-d,,VFB_jrmc2k2t,L,,,Roughly traced,
60344,celltype_prediction_only,acetylcholine,dopamine,0.747558947651446,dopamine,0.7530592569174162,KCg-d,KCg-d,KCg-d_R,Kenyon_Cell,,cb_intrinsic,19102,KCg-d,KCg-d,,VFB_jrmc2k54,R,,,Roughly traced,
60708,celltype_prediction_only,acetylcholine,dopamine,0.7375159755154206,dopamine,0.7530592569174162,KCg-d,KCg-d,KCg-d_R,Kenyon_Cell,,cb_intrinsic,19102,KCg-d,KCg-d,,VFB_jrmc2k55,R,,,Roughly traced,
60829,celltype_prediction_only,acetylcholine,dopamine,0.7844356796116505,dopamine,0.7530592569174162,KCg-d,KCg-d,KCg-d_R,Kenyon_Cell,,cb_intrinsic,19102,KCg-d,KCg-d,,VFB_jrmc2k0o,R,,,Roughly traced,
61056,celltype_prediction_only,acetylcholine,dopamine,0.7713484381054577,dopamine,0.7530592569174162,KCg-d,KCg-d,KCg-d_R,Kenyon_Cell,,cb_intrinsic,19102,KCg-d,KCg-d,,VFB_jrmc2k0p,R,,,Roughly traced,
62076,celltype_prediction_only,acetylcholine,dopamine,0.7716273979962707,dopamine,0.7530592569174162,KCg-d,KCg-d,KCg-d_R,Kenyon_Cell,,cb_intrinsic,19102,KCg-d,KCg-d,,VFB_jrmc2k4b,R,,,Roughly traced,
62274,celltype_prediction_only,acetylcholine,dopamine,0.7566508593145663,dopamine,0.7530592569174162,KCg-d,KCg-d,KCg-d_R,Kenyon_Cell,,cb_intrinsic,19102,KCg-d,KCg-d,,VFB_jrmc2k0q,R,,,Roughly traced,
63543,celltype_prediction_only,acetylcholine,dopamine,0.7829711921663864,dopamine,0.7530592569174162,KCg-d,KCg-d,KCg-d_R,Kenyon_Cell,,cb_intrinsic,19102,KCg-d,KCg-d,,VFB_jrmc2k0r,R,,,Roughly traced,
64302,celltype_prediction_only,acetylcholine,dopamine,0.7341079823391143,dopamine,0.7530592569174162,KCg-d,KCg-d,KCg-d_R,Kenyon_Cell,,cb_intrinsic,19102,KCg-d,KCg-d,,VFB_jrmc2k16,R,,,Roughly traced,
64310,celltype_prediction_only,acetylcholine,dopamine,0.7339968076996378,dopamine,0.7530592569174162,KCg-d,KCg-d,KCg-d_R,Kenyon_Cell,,cb_intrinsic,19102,KCg-d,KCg-d,,VFB_jrmc2k17,R,,,Roughly traced,
66659,celltype_prediction_only,acetylcholine,dopamine,0.7695522160756034,dopamine,0.7530592569174162,KCg-d,KCg-d,KCg-d_L,Kenyon_Cell,,cb_intrinsic,19102,KCg-d,KCg-d,,VFB_jrmc2k37,L,,,Roughly traced,
66973,celltype_prediction_only,acetylcholine,dopamine,0.7697389579759862,dopamine,0.7530592569174162,KCg-d,KCg-d,KCg-d_R,Kenyon_Cell,,cb_intrinsic,19102,KCg-d,KCg-d,,VFB_jrmc2k18,R,,,Roughly traced,
67355,celltype_prediction_only,acetylcholine,dopamine,0.7846840333744193,dopamine,0.7530592569174162,KCg-d,KCg-d,KCg-d_R,Kenyon_Cell,,cb_intrinsic,19102,KCg-d,KCg-d,,VFB_jrmc2k0s,R,,,Roughly traced,
67853,celltype_prediction_only,acetylcholine,dopamine,0.7999610991625119,dopamine,0.7530592569174162,KCg-d,KCg-d,KCg-d_R,Kenyon_Cell,,cb_intrinsic,19102,KCg-d,KCg-d,,VFB_jrmc2k40,R,,,Roughly traced,
67984,celltype_prediction_only,acetylcholine,dopamine,0.8255808874912648,dopamine,0.7530592569174162,KCg-d,KCg-d,KCg-d_R,Kenyon_Cell,,cb_intrinsic,19102,KCg-d,KCg-d,,VFB_jrmc2k4h,R,,,Roughly traced,
69885,celltype_prediction_only,acetylcholine,dopamine,0.7347295083171693,dopamine,0.7530592569174162,KCg-d,KCg-d,KCg-d_L,Kenyon_Cell,,cb_intrinsic,19102,KCg-d,KCg-d,,VFB_jrmc2k3e,L,,,Roughly traced,
71486,celltype_prediction_only,acetylcholine,dopamine,0.7492839678053916,dopamine,0.7530592569174162,KCg-d,KCg-d,KCg-d_R,Kenyon_Cell,,cb_intrinsic,19102,KCg-d,KCg-d,,VFB_jrmc2k4c,R,,,Roughly traced,
71688,celltype_prediction_only,acetylcholine,dopamine,0.7440516673979815,dopamine,0.7530592569174162,KCg-d,KCg-d,KCg-d_R,Kenyon_Cell,,cb_intrinsic,19102,KCg-d,KCg-d,,VFB_jrmc2k19,R,,,Roughly traced,
72230,celltype_prediction_only,acetylcholine,dopamine,0.8038822283368274,dopamine,0.7530592569174162,KCg-d,KCg-d,KCg-d_R,Kenyon_Cell,,cb_intrinsic,19102,KCg-d,KCg-d,,VFB_jrmc2k41,R,,,Roughly traced,
72512,celltype_prediction_only,acetylcholine,dopamine,0.6859865241800803,dopamine,0.7530592569174162,KCg-d,KCg-d,KCg-d_R,Kenyon_Cell,,cb_intrinsic,19102,KCg-d,KCg-d,,VFB_jrmc2k05,R,,,Roughly traced,
73227,celltype_prediction_only,acetylcholine,dopamine,0.716285679729076,dopamine,0.7530592569174162,KCg-d,KCg-d,KCg-d_R,Kenyon_Cell,,cb_intrinsic,19102,KCg-d,KCg-d,,VFB_jrmc2k1a,R,,,Roughly traced,
74094,celltype_prediction_only,acetylcholine,dopamine,0.8234336546349467,dopamine,0.7530592569174162,KCg-d,KCg-d,KCg-d_R,Kenyon_Cell,,cb_intrinsic,19102,KCg-d,KCg-d,,VFB_jrmc2k1b,R,,,Roughly traced,
74269,celltype_prediction_only,acetylcholine,dopamine,0.756554589955696,dopamine,0.7530592569174162,KCg-d,KCg-d,KCg-d_R,Kenyon_Cell,,cb_intrinsic,19102,KCg-d,KCg-d,,VFB_jrmc2k1c,R,,,Roughly traced,
74362,celltype_prediction_only,acetylcholine,dopamine,0.7806268443172673,dopamine,0.7530592569174162,KCg-d,KCg-d,KCg-d_L,Kenyon_Cell,,cb_intrinsic,19102,KCg-d,KCg-d,,VFB_jrmc2k2c,L,,,Roughly traced,
74542,celltype_prediction_only,acetylcholine,dopamine,0.7526583296767587,dopamine,0.7530592569174162,KCg-d,KCg-d,KCg-d_R,Kenyon_Cell,,cb_intrinsic,19102,KCg-d,KCg-d,,VFB_jrmc2k1d,R,,,Roughly traced,
76023,celltype_prediction_only,acetylcholine,dopamine,0.7496700182058922,dopamine,0.7530592569174162,KCg-d,KCg-d,KCg-d_R,Kenyon_Cell,,cb_intrinsic,19102,KCg-d,KCg-d,,VFB_jrmc2k51,R,,,Roughly traced,
76076,celltype_prediction_only,acetylcholine,dopamine,0.759558093346574,dopamine,0.7530592569174162,KCg-d,KCg-d,KCg-d_R,Kenyon_Cell,,cb_intrinsic,19102,KCg-d,KCg-d,,VFB_jrmc2k34,R,,,Roughly traced,
76455,celltype_prediction_only,acetylcholine,dopamine,0.7891836079369297,dopamine,0.7530592569174162,KCg-d,KCg-d,KCg-d_L,Kenyon_Cell,,cb_intrinsic,19102,KCg-d,KCg-d,,VFB_jrmc2k1z,L,,,Roughly traced,
78768,celltype_prediction_only,acetylcholine,dopamine,0.760482180293501,dopamine,0.7530592569174162,KCg-d,KCg-d,KCg-d_R,Kenyon_Cell,,cb_intrinsic,19102,KCg-d,KCg-d,,VFB_jrmc2k1e,R,,,Roughly traced,
79419,celltype_prediction_only,acetylcholine,dopamine,0.7456047201101412,dopamine,0.7530592569174162,KCg-d,KCg-d,KCg-d_L,Kenyon_Cell,,cb_intrinsic,19102,KCg-d,KCg-d,,VFB_jrmc2k30,L,,,Roughly traced,
80905,celltype_prediction_only,acetylcholine,dopamine,0.7788255068994648,dopamine,0.7530592569174162,KCg-d,KCg-d,KCg-d_L,Kenyon_Cell,,cb_intrinsic,19102,KCg-d,KCg-d,,VFB_jrmc2k3l,L,,,Prelim Roughly traced,
80924,celltype_prediction_only,acetylcholine,dopamine,0.7224086032354623,dopamine,0.7530592569174162,KCg-d,KCg-d,KCg-d_L,Kenyon_Cell,,cb_intrinsic,19102,KCg-d,KCg-d,,VFB_jrmc2k31,L,,,Prelim Roughly traced,
81056,celltype_prediction_only,acetylcholine,dopamine,0.7762051003935021,dopamine,0.7530592569174162,KCg-d,KCg-d,KCg-d_R,Kenyon_Cell,,cb_intrinsic,19102,KCg-d,KCg-d,,VFB_jrmc2k1f,R,,,Roughly traced,
81177,celltype_prediction_only,acetylcholine,dopamine,0.7232865501598102,dopamine,0.7530592569174162,KCg-d,KCg-d,KCg-d_R,Kenyon_Cell,,cb_intrinsic,19102,KCg-d,KCg-d,,VFB_jrmc2k0t,R,,,Roughly traced,
81577,celltype_prediction_only,acetylcholine,dopamine,0.797502865817765,dopamine,0.7530592569174162,KCg-d,KCg-d,KCg-d_L,Kenyon_Cell,,cb_intrinsic,19102,KCg-d,KCg-d,,VFB_jrmc2k4w,L,,,Prelim Roughly traced,
81656,celltype_prediction_only,acetylcholine,dopamine,0.7781416632485644,dopamine,0.7530592569174162,KCg-d,KCg-d,KCg-d_R,Kenyon_Cell,,cb_intrinsic,19102,KCg-d,KCg-d,,VFB_jrmc2k0u,R,,,Roughly traced,
81781,celltype_prediction_only,acetylcholine,dopamine,0.7873971296668004,dopamine,0.7530592569174162,KCg-d,KCg-d,KCg-d_L,Kenyon_Cell,,cb_intrinsic,19102,KCg-d,KCg-d,,VFB_jrmc2k38,L,,,Prelim Roughly traced,
82728,celltype_prediction_only,acetylcholine,dopamine,0.7318306967674604,dopamine,0.7530592569174162,KCg-d,KCg-d,KCg-d_L,Kenyon_Cell,,cb_intrinsic,19102,KCg-d,KCg-d,,VFB_jrmc2k4k,L,,,Prelim Roughly traced,
83584,celltype_prediction_only,acetylcholine,dopamine,0.7820332445980447,dopamine,0.7530592569174162,KCg-d,KCg-d,KCg-d_R,Kenyon_Cell,,cb_intrinsic,19102,KCg-d,KCg-d,,VFB_jrmc2k4o,R,,,Roughly traced,
84011,celltype_prediction_only,acetylcholine,dopamine,0.8060956435036047,dopamine,0.7530592569174162,KCg-d,KCg-d,KCg-d_R,Kenyon_Cell,,cb_intrinsic,19102,KCg-d,KCg-d,,VFB_jrmc2k4q,R,,,Roughly traced,
84628,celltype_prediction_only,acetylcholine,dopamine,0.7768764588601439,dopamine,0.7530592569174162,KCg-d,KCg-d,KCg-d_R,Kenyon_Cell,,cb_intrinsic,19102,KCg-d,KCg-d,,VFB_jrmc2k4r,R,,,Roughly traced,
85213,celltype_prediction_only,acetylcholine,dopamine,0.7438004170084769,dopamine,0.7530592569174162,KCg-d,KCg-d,KCg-d_L,Kenyon_Cell,,cb_intrinsic,19102,KCg-d,KCg-d,,VFB_jrmc2k1n,L,,,Prelim Roughly traced,
85349,celltype_prediction_only,acetylcholine,dopamine,0.811184829248222,dopamine,0.7530592569174162,KCg-d,KCg-d,KCg-d_R,Kenyon_Cell,,cb_intrinsic,19102,KCg-d,KCg-d,,VFB_jrmc2k1g,R,,,Roughly traced,
85368,celltype_prediction_only,acetylcholine,dopamine,0.7707627523541472,dopamine,0.7530592569174162,KCg-d,KCg-d,KCg-d_L,Kenyon_Cell,,cb_intrinsic,19102,KCg-d,KCg-d,,VFB_jrmc2k2d,L,,,Prelim Roughly traced,
85851,celltype_prediction_only,acetylcholine,dopamine,0.7861723663522012,dopamine,0.7530592569174162,KCg-d,KCg-d,KCg-d_R,Kenyon_Cell,,cb_intrinsic,19102,KCg-d,KCg-d,,VFB_jrmc2k4s,R,,,Roughly traced,
85923,celltype_prediction_only,acetylcholine,dopamine,0.7572144884184691,dopamine,0.7530592569174162,KCg-d,KCg-d,KCg-d_R,Kenyon_Cell,,cb_intrinsic,19102,KCg-d,KCg-d,,VFB_jrmc2k49,R,,,Roughly traced,
86183,celltype_prediction_only,acetylcholine,dopamine,0.7521525499042931,dopamine,0.7530592569174162,KCg-d,KCg-d,KCg-d_R,Kenyon_Cell,,cb_intrinsic,19102,KCg-d,KCg-d,,VFB_jrmc2k1h,R,,,Roughly traced,
86372,celltype_prediction_only,acetylcholine,dopamine,0.7609157890887817,dopamine,0.7530592569174162,KCg-d,KCg-d,KCg-d_L,Kenyon_Cell,,cb_intrinsic,19102,KCg-d,KCg-d,,VFB_jrmc2k20,L,,,Prelim Roughly traced,
86909,celltype_prediction_only,acetylcholine,dopamine,0.7411634773441967,dopamine,0.7530592569174162,KCg-d,KCg-d,KCg-d_R,Kenyon_Cell,,cb_intrinsic,19102,KCg-d,KCg-d,,VFB_jrmc2k5s,R,,,Roughly traced,
86940,celltype_prediction_only,acetylcholine,dopamine,0.7651346454681863,dopamine,0.7530592569174162,KCg-d,KCg-d,KCg-d_L,Kenyon_Cell,,cb_intrinsic,19102,KCg-d,KCg-d,,VFB_jrmc2k5m,L,,,Prelim Roughly traced,
87387,celltype_prediction_only,acetylcholine,dopamine,0.7555770907279407,dopamine,0.7530592569174162,KCg-d,KCg-d,KCg-d_R,Kenyon_Cell,,cb_intrinsic,19102,KCg-d,KCg-d,,VFB_jrmc2k4d,R,,,Roughly traced,
87868,celltype_prediction_only,acetylcholine,dopamine,0.7980982083747103,dopamine,0.7530592569174162,KCg-d,KCg-d,KCg-d_L,Kenyon_Cell,,cb_intrinsic,19102,KCg-d,KCg-d,,VFB_jrmc2k2u,L,,,Prelim Roughly traced,
89327,celltype_prediction_only,acetylcholine,dopamine,0.7851166617786033,dopamine,0.7530592569174162,KCg-d,KCg-d,KCg-d_R,Kenyon_Cell,,cb_intrinsic,19102,KCg-d,KCg-d,,VFB_jrmc2k4i,R,,,Roughly traced,
90790,celltype_prediction_only,acetylcholine,dopamine,0.717443300933867,dopamine,0.7530592569174162,KCg-d,KCg-d,KCg-d_L,Kenyon_Cell,,cb_intrinsic,19102,KCg-d,KCg-d,,VFB_jrmc2k2n,L,,,Prelim Roughly traced,
91244,celltype_prediction_only,acetylcholine,dopamine,0.7619386239372965,dopamine,0.7530592569174162,KCg-d,KCg-d,KCg-d_R,Kenyon_Cell,,cb_intrinsic,19102,KCg-d,KCg-d,,VFB_jrmc2k0v,R,,,Roughly traced,
91487,celltype_prediction_only,acetylcholine,dopamine,0.8082652421211808,dopamine,0.7530592569174162,KCg-d,KCg-d,KCg-d_L,Kenyon_Cell,,cb_intrinsic,19102,KCg-d,KCg-d,,VFB_jrmc2k4z,L,,,Prelim Roughly traced,
91926,celltype_prediction_only,acetylcholine,dopamine,0.7555559782241158,dopamine,0.7530592569174162,KCg-d,KCg-d,KCg-d_L,Kenyon_Cell,,cb_intrinsic,19102,KCg-d,KCg-d,,VFB_jrmc2k3m,L,,,Prelim Roughly traced,
92008,celltype_prediction_only,acetylcholine,dopamine,0.7479089671270182,dopamine,0.7530592569174162,KCg-d,KCg-d,KCg-d_L,Kenyon_Cell,,cb_intrinsic,19102,KCg-d,KCg-d,,VFB_jrmc2k1o,L,,,Prelim Roughly traced,
92013,celltype_prediction_only,acetylcholine,dopamine,0.7706548529661738,dopamine,0.7530592569174162,KCg-d,KCg-d,KCg-d_L,Kenyon_Cell,,cb_intrinsic,19102,KCg-d,KCg-d,,VFB_jrmc2k21,L,,,Prelim Roughly traced,
92168,celltype_prediction_only,acetylcholine,dopamine,0.7699951130375658,dopamine,0.7530592569174162,KCg-d,KCg-d,KCg-d_L,Kenyon_Cell,,cb_intrinsic,19102,KCg-d,KCg-d,,VFB_jrmc2k2v,L,,,Prelim Roughly traced,
92967,celltype_prediction_only,acetylcholine,dopamine,0.7585554245283019,dopamine,0.7530592569174162,KCg-d,KCg-d,KCg-d_L,Kenyon_Cell,,cb_intrinsic,19102,KCg-d,KCg-d,,VFB_jrmc2k3n,L,,,Prelim Roughly traced,
95291,celltype_prediction_only,acetylcholine,dopamine,0.7127393174250832,dopamine,0.7530592569174162,KCg-d,KCg-d,KCg-d_L,Kenyon_Cell,,cb_intrinsic,19102,KCg-d,KCg-d,,VFB_jrmc2k1p,L,,,Prelim Roughly traced,
95484,celltype_prediction_only,acetylcholine,dopamine,0.7314996180222436,dopamine,0.7530592569174162,KCg-d,KCg-d,KCg-d_L,Kenyon_Cell,,cb_intrinsic,19102,KCg-d,KCg-d,,VFB_jrmc2k2e,L,,,Prelim Roughly traced,
96304,celltype_prediction_only,acetylcholine,dopamine,0.7758865977150771,dopamine,0.7530592569174162,KCg-d,KCg-d,KCg-d_R,Kenyon_Cell,,cb_intrinsic,19102,KCg-d,KCg-d,,VFB_jrmc2k5f,R,,,Roughly traced,
97591,celltype_prediction_only,acetylcholine,dopamine,0.76451275728988,dopamine,0.7530592569174162,KCg-d,KCg-d,KCg-d_L,Kenyon_Cell,,cb_intrinsic,19102,KCg-d,KCg-d,,VFB_jrmc2k22,L,,,Prelim Roughly traced,
98462,celltype_prediction_only,acetylcholine,dopamine,0.7945911949685535,dopamine,0.7530592569174162,KCg-d,KCg-d,KCg-d_L,Kenyon_Cell,,cb_intrinsic,19102,KCg-d,KCg-d,,VFB_jrmc2k1q,L,,,Roughly traced,
98901,celltype_prediction_only,acetylcholine,dopamine,0.7594520349887949,dopamine,0.7530592569174162,KCg-d,KCg-d,KCg-d_L,Kenyon_Cell,,cb_intrinsic,19102,KCg-d,KCg-d,,VFB_jrmc2k1r,L,,,Roughly traced,
99391,celltype_prediction_only,acetylcholine,dopamine,0.7496348057963624,dopamine,0.7530592569174162,KCg-d,KCg-d,KCg-d_R,Kenyon_Cell,,cb_intrinsic,19102,KCg-d,KCg-d,,VFB_jrmc2k4p,R,,,Roughly traced,
100592,celltype_prediction_only,acetylcholine,dopamine,0.7803284939554852,dopamine,0.7530592569174162,KCg-d,KCg-d,KCg-d_L,Kenyon_Cell,,cb_intrinsic,19102,KCg-d,KCg-d,,VFB_jrmc2k07,L,,,Roughly traced,
101647,celltype_prediction_only,acetylcholine,dopamine,0.7505620879287819,dopamine,0.7530592569174162,KCg-d,KCg-d,KCg-d_L,Kenyon_Cell,,cb_intrinsic,19102,KCg-d,KCg-d,,VFB_jrmc2k1s,L,,,Roughly traced,
102283,celltype_prediction_only,acetylcholine,dopamine,0.7358741701607268,dopamine,0.7530592569174162,KCg-d,KCg-d,KCg-d_R,Kenyon_Cell,,cb_intrinsic,19102,KCg-d,KCg-d,,VFB_jrmc2k06,R,,,Roughly traced,
103663,celltype_prediction_only,acetylcholine,dopamine,0.7923366483873966,dopamine,0.7530592569174162,KCg-d,KCg-d,KCg-d_R,Kenyon_Cell,,cb_intrinsic,19102,KCg-d,KCg-d,,VFB_jrmc2k4n,R,,,Roughly traced,
103715,celltype_prediction_only,acetylcholine,dopamine,0.7396206257055314,dopamine,0.7530592569174162,KCg-d,KCg-d,KCg-d_L,Kenyon_Cell,,cb_intrinsic,19102,KCg-d,KCg-d,,VFB_jrmc2k2w,L,,,Roughly traced,
103770,celltype_prediction_only,acetylcholine,dopamine,0.7617537556620066,dopamine,0.7530592569174162,KCg-d,KCg-d,KCg-d_L,Kenyon_Cell,,cb_intrinsic,19102,KCg-d,KCg-d,,VFB_jrmc2k09,L,,,Roughly traced,
104513,celltype_prediction_only,acetylcholine,gaba,0.6483442137002717,dopamine,0.7530592569174162,KCg-d,KCg-d,KCg-d_R,Kenyon_Cell,,cb_intrinsic,19102,KCg-d,KCg-d,,VFB_jrmc2k5c,R,,,Roughly traced,
105662,celltype_prediction_only,acetylcholine,dopamine,0.7468162610777587,dopamine,0.7530592569174162,KCg-d,KCg-d,KCg-d_L,Kenyon_Cell,,cb_intrinsic,19102,KCg-d,KCg-d,,VFB_jrmc2k23,L,,,Roughly traced,
106301,celltype_prediction_only,acetylcholine,dopamine,0.7581371976917591,dopamine,0.7530592569174162,KCg-d,KCg-d,KCg-d_R,Kenyon_Cell,,cb_intrinsic,19102,KCg-d,KCg-d,,VFB_jrmc2k1i,R,,,Roughly traced,
110746,celltype_prediction_only,acetylcholine,dopamine,0.756688696061615,dopamine,0.7530592569174162,KCg-d,KCg-d,KCg-d_L,Kenyon_Cell,,cb_intrinsic,19102,KCg-d,KCg-d,,VFB_jrmc2k3f,L,,,Roughly traced,
111197,celltype_prediction_only,acetylcholine,dopamine,0.7330238859895625,dopamine,0.7530592569174162,KCg-d,KCg-d,KCg-d_L,Kenyon_Cell,,cb_intrinsic,19102,KCg-d,KCg-d,,VFB_jrmc2k5n,L,,,Roughly traced,
111744,celltype_prediction_only,acetylcholine,dopamine,0.7558870422617997,dopamine,0.7530592569174162,KCg-d,KCg-d,KCg-d_R,Kenyon_Cell,,cb_intrinsic,19102,KCg-d,KCg-d,,VFB_jrmc2k1j,R,,,Roughly traced,
114179,celltype_prediction_only,acetylcholine,dopamine,0.7841747407785143,dopamine,0.7530592569174162,KCg-d,KCg-d,KCg-d_L,Kenyon_Cell,,cb_intrinsic,19102,KCg-d,KCg-d,,VFB_jrmc2k08,L,,,Roughly traced,
115470,celltype_prediction_only,acetylcholine,dopamine,0.81999631347049,dopamine,0.7530592569174162,KCg-d,KCg-d,KCg-d_L,Kenyon_Cell,,cb_intrinsic,19102,KCg-d,KCg-d,,VFB_jrmc2k39,L,,,Roughly traced,
116917,celltype_prediction_only,acetylcholine,dopamine,0.7780827920404165,dopamine,0.7530592569174162,KCg-d,KCg-d,KCg-d_L,Kenyon_Cell,,cb_intrinsic,19102,KCg-d,KCg-d,,VFB_jrmc2k3a,L,,,Roughly traced,
117936,celltype_prediction_only,acetylcholine,dopamine,0.7683441245401685,dopamine,0.7530592569174162,KCg-d,KCg-d,KCg-d_L,Kenyon_Cell,,cb_intrinsic,19102,KCg-d,KCg-d,,VFB_jrmc2k3g,L,,,Roughly traced,
118280,celltype_prediction_only,acetylcholine,dopamine,0.7930542667628966,dopamine,0.7530592569174162,KCg-d,KCg-d,KCg-d_L,Kenyon_Cell,,cb_intrinsic,19102,KCg-d,KCg-d,,VFB_jrmc2k3o,L,,,Roughly traced,
119167,celltype_prediction_only,acetylcholine,dopamine,0.7443003144654088,dopamine,0.7530592569174162,KCg-d,KCg-d,KCg-d_L,Kenyon_Cell,,cb_intrinsic,19102,KCg-d,KCg-d,,VFB_jrmc2k24,L,,,Roughly traced,
120949,celltype_prediction_only,acetylcholine,dopamine,0.795855020602906,dopamine,0.7530592569174162,KCg-d,KCg-d,KCg-d_R,Kenyon_Cell,,cb_intrinsic,19102,KCg-d,KCg-d,,VFB_jrmc2k3w,R,,,Roughly traced,
122647,celltype_prediction_only,acetylcholine,dopamine,0.7810046290870737,dopamine,0.7530592569174162,KCg-d,KCg-d,KCg-d_L,Kenyon_Cell,,cb_intrinsic,19102,KCg-d,KCg-d,,VFB_jrmc2k2o,L,,,Roughly traced,
124097,celltype_prediction_only,acetylcholine,dopamine,0.7723073899371069,dopamine,0.7530592569174162,KCg-d,KCg-d,KCg-d_L,Kenyon_Cell,,cb_intrinsic,19102,KCg-d,KCg-d,,VFB_jrmc2k3h,L,,,Roughly traced,
125644,celltype_prediction_only,acetylcholine,dopamine,0.5404039507084943,dopamine,0.7530592569174162,KCg-d,KCg-d,KCg-d_L,Kenyon_Cell,,cb_intrinsic,19102,KCg-d,KCg-d,,VFB_jrmc2k44,L,,,Roughly traced,
125813,celltype_prediction_only,acetylcholine,dopamine,0.7864522672567746,dopamine,0.7530592569174162,KCg-d,KCg-d,KCg-d_L,Kenyon_Cell,,cb_intrinsic,19102,KCg-d,KCg-d,,VFB_jrmc2k2p,L,,,Roughly traced,
127046,celltype_prediction_only,acetylcholine,dopamine,0.6897932557205941,dopamine,0.7530592569174162,KCg-d,KCg-d,KCg-d_R,Kenyon_Cell,,cb_intrinsic,19102,KCg-d,KCg-d,,VFB_jrmc2k42,R,,,Roughly traced,
127577,celltype_prediction_only,acetylcholine,dopamine,0.7846034787735849,dopamine,0.7530592569174162,KCg-d,KCg-d,KCg-d_L,Kenyon_Cell,,cb_intrinsic,19102,KCg-d,KCg-d,,VFB_jrmc2k3i,L,,,Prelim Roughly traced,
128925,celltype_prediction_only,acetylcholine,dopamine,0.8199369151710385,dopamine,0.7530592569174162,KCg-d,KCg-d,KCg-d_R,Kenyon_Cell,,cb_intrinsic,19102,KCg-d,KCg-d,,VFB_jrmc2k52,R,,,Roughly traced,
130231,celltype_prediction_only,acetylcholine,dopamine,0.6906586927223719,dopamine,0.7530592569174162,KCg-d,KCg-d,KCg-d_L,Kenyon_Cell,,cb_intrinsic,19102,KCg-d,KCg-d,,VFB_jrmc2k59,L,,,Prelim Roughly traced,
135219,celltype_prediction_only,acetylcholine,dopamine,0.7389113223429261,dopamine,0.7530592569174162,KCg-d,KCg-d,KCg-d_L,Kenyon_Cell,,cb_intrinsic,19102,KCg-d,KCg-d,,VFB_jrmc2k3p,L,,,Prelim Roughly traced,
135241,celltype_prediction_only,acetylcholine,dopamine,0.7698076356132075,dopamine,0.7530592569174162,KCg-d,KCg-d,KCg-d_L,Kenyon_Cell,,cb_intrinsic,19102,KCg-d,KCg-d,,VFB_jrmc2k2x,L,,,Prelim Roughly traced,
135421,celltype_prediction_only,acetylcholine,dopamine,0.8000045707181512,dopamine,0.7530592569174162,KCg-d,KCg-d,KCg-d_R,Kenyon_Cell,,cb_intrinsic,19102,KCg-d,KCg-d,,VFB_jrmc2k5j,R,,,Roughly traced,
135662,celltype_prediction_only,acetylcholine,dopamine,0.7607303761490082,dopamine,0.7530592569174162,KCg-d,KCg-d,KCg-d_L,Kenyon_Cell,,cb_intrinsic,19102,KCg-d,KCg-d,,VFB_jrmc2k1t,L,,,Prelim Roughly traced,
135897,celltype_prediction_only,acetylcholine,dopamine,0.7494075829383886,dopamine,0.7530592569174162,KCg-d,KCg-d,KCg-d_L,Kenyon_Cell,,cb_intrinsic,19102,KCg-d,KCg-d,,VFB_jrmc2k5k,L,,,Prelim Roughly traced,
136046,celltype_prediction_only,acetylcholine,dopamine,0.7870145022079486,dopamine,0.7530592569174162,KCg-d,KCg-d,KCg-d_L,Kenyon_Cell,,cb_intrinsic,19102,KCg-d,KCg-d,,VFB_jrmc2k2f,L,,,Prelim Roughly traced,
136912,celltype_prediction_only,acetylcholine,dopamine,0.7154842543741989,dopamine,0.7530592569174162,KCg-d,KCg-d,KCg-d_L,Kenyon_Cell,,cb_intrinsic,19102,KCg-d,KCg-d,,VFB_jrmc2k58,L,,,Prelim Roughly traced,
137283,celltype_prediction_only,acetylcholine,dopamine,0.7624270289709622,dopamine,0.7530592569174162,KCg-d,KCg-d,KCg-d_L,Kenyon_Cell,,cb_intrinsic,19102,KCg-d,KCg-d,,VFB_jrmc2k45,L,,,Prelim Roughly traced,
137302,celltype_prediction_only,acetylcholine,dopamine,0.7728608076795762,dopamine,0.7530592569174162,KCg-d,KCg-d,KCg-d_L,Kenyon_Cell,,cb_intrinsic,19102,KCg-d,KCg-d,,VFB_jrmc2k3b,L,,,Prelim Roughly traced,
137952,celltype_prediction_only,acetylcholine,dopamine,0.7743736552466071,dopamine,0.7530592569174162,KCg-d,KCg-d,KCg-d_L,Kenyon_Cell,,cb_intrinsic,19102,KCg-d,KCg-d,,VFB_jrmc2k2y,L,,,Prelim Roughly traced,
138186,celltype_prediction_only,acetylcholine,dopamine,0.780445873064178,dopamine,0.7530592569174162,KCg-d,KCg-d,KCg-d_L,Kenyon_Cell,,cb_intrinsic,19102,KCg-d,KCg-d,,VFB_jrmc2k0b,L,,,Prelim Roughly traced,
138198,celltype_prediction_only,acetylcholine,dopamine,0.7960938502759595,dopamine,0.7530592569174162,KCg-d,KCg-d,KCg-d_L,Kenyon_Cell,,cb_intrinsic,19102,KCg-d,KCg-d,,VFB_jrmc2k2z,L,,,Prelim Roughly traced,
139591,celltype_prediction_only,acetylcholine,dopamine,0.7333418874441945,dopamine,0.7530592569174162,KCg-d,KCg-d,KCg-d_L,Kenyon_Cell,,cb_intrinsic,19102,KCg-d,KCg-d,,VFB_jrmc2k4l,L,,,Prelim Roughly traced,
140175,celltype_prediction_only,acetylcholine,dopamine,0.7240859719511313,dopamine,0.7530592569174162,KCg-d,KCg-d,KCg-d_L,Kenyon_Cell,,cb_intrinsic,19102,KCg-d,KCg-d,,VFB_jrmc2k1u,L,,,Prelim Roughly traced,
142069,celltype_prediction_only,acetylcholine,dopamine,0.7556823117550993,dopamine,0.7530592569174162,KCg-d,KCg-d,KCg-d_L,Kenyon_Cell,,cb_intrinsic,19102,KCg-d,KCg-d,,VFB_jrmc2k2g,L,,,Roughly traced,
142203,celltype_prediction_only,acetylcholine,dopamine,0.7900838954212621,dopamine,0.7530592569174162,KCg-d,KCg-d,KCg-d_L,Kenyon_Cell,,cb_intrinsic,19102,KCg-d,KCg-d,,VFB_jrmc2k5e,L,,,Roughly traced,
142733,celltype_prediction_only,acetylcholine,dopamine,0.7875270243710691,dopamine,0.7530592569174162,KCg-d,KCg-d,KCg-d_L,Kenyon_Cell,,cb_intrinsic,19102,KCg-d,KCg-d,,VFB_jrmc2k2h,L,,,Roughly traced,
143262,celltype_prediction_only,acetylcholine,dopamine,0.7719722877358491,dopamine,0.7530592569174162,KCg-d,KCg-d,KCg-d_L,Kenyon_Cell,,cb_intrinsic,19102,KCg-d,KCg-d,,VFB_jrmc2k25,L,,,Roughly traced,
144220,celltype_prediction_only,acetylcholine,dopamine,0.7733047089179164,dopamine,0.7530592569174162,KCg-d,KCg-d,KCg-d_R,Kenyon_Cell,,cb_intrinsic,19102,KCg-d,KCg-d,,VFB_jrmc2k4a,R,,,Roughly traced,
144578,celltype_prediction_only,acetylcholine,dopamine,0.7798808762392069,dopamine,0.7530592569174162,KCg-d,KCg-d,KCg-d_L,Kenyon_Cell,,cb_intrinsic,19102,KCg-d,KCg-d,,VFB_jrmc2k4m,L,,,Roughly traced,
144747,celltype_prediction_only,acetylcholine,dopamine,0.7770249525510774,dopamine,0.7530592569174162,KCg-d,KCg-d,KCg-d_L,Kenyon_Cell,,cb_intrinsic,19102,KCg-d,KCg-d,,VFB_jrmc2k26,L,,,Roughly traced,
144819,celltype_prediction_only,acetylcholine,dopamine,0.7497622267669437,dopamine,0.7530592569174162,KCg-d,KCg-d,KCg-d_L,Kenyon_Cell,,cb_intrinsic,19102,KCg-d,KCg-d,,VFB_jrmc2k27,L,,,Roughly traced,
145085,celltype_prediction_only,acetylcholine,dopamine,0.7489907957034839,dopamine,0.7530592569174162,KCg-d,KCg-d,KCg-d_L,Kenyon_Cell,,cb_intrinsic,19102,KCg-d,KCg-d,,VFB_jrmc2k28,L,,,Roughly traced,
146301,celltype_prediction_only,acetylcholine,dopamine,0.7725125510316673,dopamine,0.7530592569174162,KCg-d,KCg-d,KCg-d_L,Kenyon_Cell,,cb_intrinsic,19102,KCg-d,KCg-d,,VFB_jrmc2k2i,L,,,Roughly traced,
147585,celltype_prediction_only,acetylcholine,dopamine,0.7695314932436641,dopamine,0.7530592569174162,KCg-d,KCg-d,KCg-d_L,Kenyon_Cell,,cb_intrinsic,19102,KCg-d,KCg-d,,VFB_jrmc2k2j,L,,,Roughly traced,
148137,celltype_prediction_only,acetylcholine,dopamine,0.752919546219102,dopamine,0.7530592569174162,KCg-d,KCg-d,KCg-d_L,Kenyon_Cell,,cb_intrinsic,19102,KCg-d,KCg-d,,VFB_jrmc2k29,L,,,Roughly traced,
148145,celltype_prediction_only,acetylcholine,dopamine,0.7451683700209644,dopamine,0.7530592569174162,KCg-d,KCg-d,KCg-d_L,Kenyon_Cell,,cb_intrinsic,19102,KCg-d,KCg-d,,VFB_jrmc2k4u,L,,,Roughly traced,
148150,celltype_prediction_only,acetylcholine,dopamine,0.7743894646342597,dopamine,0.7530592569174162,KCg-d,KCg-d,KCg-d_L,Kenyon_Cell,,cb_intrinsic,19102,KCg-d,KCg-d,,VFB_jrmc2k2q,L,,,Roughly traced,
150014,celltype_prediction_only,acetylcholine,dopamine,0.7727394679045622,dopamine,0.7530592569174162,KCg-d,KCg-d,KCg-d_R,Kenyon_Cell,,cb_intrinsic,19102,KCg-d,KCg-d,,VFB_jrmc2k0w,R,,,Roughly traced,
150259,celltype_prediction_only,acetylcholine,dopamine,0.8035152740341419,dopamine,0.7530592569174162,KCg-d,KCg-d,KCg-d_L,Kenyon_Cell,,cb_intrinsic,19102,KCg-d,KCg-d,,VFB_jrmc2k3c,L,,,Roughly traced,
151944,celltype_prediction_only,acetylcholine,dopamine,0.7443626323055683,dopamine,0.7530592569174162,KCg-d,KCg-d,KCg-d_L,Kenyon_Cell,,cb_intrinsic,19102,KCg-d,KCg-d,,VFB_jrmc2k1v,L,,,Roughly traced,
152470,celltype_prediction_only,acetylcholine,dopamine,0.7432721670847421,dopamine,0.7530592569174162,KCg-d,KCg-d,KCg-d_L,Kenyon_Cell,,cb_intrinsic,19102,KCg-d,KCg-d,,VFB_jrmc2k46,L,,,Roughly traced,
152688,celltype_prediction_only,acetylcholine,dopamine,0.703447888589398,dopamine,0.7530592569174162,KCg-d,KCg-d,KCg-d_L,Kenyon_Cell,,cb_intrinsic,19102,KCg-d,KCg-d,,VFB_jrmc2k4t,L,,,Roughly traced,
153545,celltype_prediction_only,acetylcholine,dopamine,0.8062054646728222,dopamine,0.7530592569174162,KCg-d,KCg-d,KCg-d_R,Kenyon_Cell,,cb_intrinsic,19102,KCg-d,KCg-d,,VFB_jrmc2k0x,R,,,Roughly traced,
155996,celltype_prediction_only,acetylcholine,dopamine,0.7337734185218463,dopamine,0.7530592569174162,KCg-d,KCg-d,KCg-d_L,Kenyon_Cell,,cb_intrinsic,19102,KCg-d,KCg-d,,VFB_jrmc2k10,L,,,Roughly traced,
156785,celltype_prediction_only,acetylcholine,dopamine,0.7837722746331237,dopamine,0.7530592569174162,KCg-d,KCg-d,KCg-d_L,Kenyon_Cell,,cb_intrinsic,19102,KCg-d,KCg-d,,VFB_jrmc2k3j,L,,,Roughly traced,
157325,celltype_prediction_only,acetylcholine,dopamine,0.8049809388285725,dopamine,0.7530592569174162,KCg-d,KCg-d,KCg-d_R,Kenyon_Cell,,cb_intrinsic,19102,KCg-d,KCg-d,,VFB_jrmc2k1k,R,,,Roughly traced,
158447,celltype_prediction_only,acetylcholine,dopamine,0.7431379439044533,dopamine,0.7530592569174162,KCg-d,KCg-d,KCg-d_L,Kenyon_Cell,,cb_intrinsic,19102,KCg-d,KCg-d,,VFB_jrmc2k3k,L,,,Roughly traced,
159580,celltype_prediction_only,acetylcholine,dopamine,0.7831876255392012,dopamine,0.7530592569174162,KCg-d,KCg-d,KCg-d_R,Kenyon_Cell,,cb_intrinsic,19102,KCg-d,KCg-d,,VFB_jrmc2k43,R,,,Roughly traced,
216580,celltype_prediction_only,acetylcholine,dopamine,0.7138049932832631,dopamine,0.7530592569174162,KCg-d,KCg-d,KCg-d_L,Kenyon_Cell,,cb_intrinsic,19102,KCg-d,KCg-d,,VFB_jrmc2k3q,L,,,Roughly traced,
520204,celltype_prediction_only,acetylcholine,dopamine,0.7588689072327044,dopamine,0.7530592569174162,KCg-d,KCg-d,KCg-d_R,Kenyon_Cell,,cb_intrinsic,19102,KCg-d,KCg-d,,VFB_jrmc2k5q,R,,,Roughly traced,
520206,celltype_prediction_only,acetylcholine,dopamine,0.6392287856267977,dopamine,0.7530592569174162,KCg-d,KCg-d,KCg-d_R,Kenyon_Cell,,cb_intrinsic,19102,KCg-d,KCg-d,,VFB_jrmc2k53,R,,,Prelim Roughly traced,
524455,celltype_prediction_only,acetylcholine,dopamine,0.7948181768319438,dopamine,0.7530592569174162,KCg-d,KCg-d,KCg-d_L,Kenyon_Cell,,cb_intrinsic,19102,KCg-d,KCg-d,,VFB_jrmc2k1w,L,,,Roughly traced,
526900,celltype_prediction_only,acetylcholine,dopamine,0.7786170938649578,dopamine,0.7530592569174162,KCg-d,KCg-d,KCg-d_R,Kenyon_Cell,,cb_intrinsic,19102,KCg-d,KCg-d,,VFB_jrmc2k3x,R,,,Roughly traced,
531428,celltype_prediction_only,acetylcholine,dopamine,0.7793313027046845,dopamine,0.7530592569174162,KCg-d,KCg-d,KCg-d_R,Kenyon_Cell,,cb_intrinsic,19102,KCg-d,KCg-d,,VFB_jrmc2k4e,R,,,Roughly traced,
533220,celltype_prediction_only,acetylcholine,dopamine,0.7663291745748204,dopamine,0.7530592569174162,KCg-d,KCg-d,KCg-d_R,Kenyon_Cell,,cb_intrinsic,19102,KCg-d,KCg-d,,VFB_jrmc2k0y,R,,,Roughly traced,
533345,celltype_prediction_only,acetylcholine,dopamine,0.8050969601677149,dopamine,0.7530592569174162,KCg-d,KCg-d,KCg-d_R,Kenyon_Cell,,cb_intrinsic,19102,KCg-d,KCg-d,,VFB_jrmc2k3d,R,,,Roughly traced,
534786,celltype_prediction_only,acetylcholine,dopamine,0.7772509764222739,dopamine,0.7530592569174162,KCg-d,KCg-d,KCg-d_R,Kenyon_Cell,,cb_intrinsic,19102,KCg-d,KCg-d,,VFB_jrmc2k0z,R,,,Roughly traced,
535720,celltype_prediction_only,acetylcholine,dopamine,0.7924727835775628,dopamine,0.7530592569174162,KCg-d,KCg-d,KCg-d_R,Kenyon_Cell,,cb_intrinsic,19102,KCg-d,KCg-d,,VFB_jrmc2k5i,R,,,Roughly traced,
535795,celltype_prediction_only,acetylcholine,dopamine,0.7803520265548568,dopamine,0.7530592569174162,KCg-d,KCg-d,KCg-d_L,Kenyon_Cell,,cb_intrinsic,19102,KCg-d,KCg-d,,VFB_jrmc2k3r,L,,,Roughly traced,
536363,celltype_prediction_only,acetylcholine,dopamine,0.8169383298392733,dopamine,0.7530592569174162,KCg-d,KCg-d,KCg-d_R,Kenyon_Cell,,cb_intrinsic,19102,KCg-d,KCg-d,,VFB_jrmc2k35,R,,,Roughly traced,
537090,celltype_prediction_only,acetylcholine,dopamine,0.735179783184376,dopamine,0.7530592569174162,KCg-d,KCg-d,KCg-d_L,Kenyon_Cell,,cb_intrinsic,19102,KCg-d,KCg-d,,VFB_jrmc2k1x,L,,,Roughly traced,
542818,celltype_prediction_only,acetylcholine,dopamine,0.7630993941655119,dopamine,0.7530592569174162,KCg-d,KCg-d,KCg-d_L,Kenyon_Cell,,cb_intrinsic,19102,KCg-d,KCg-d,,VFB_jrmc2k2r,L,,,Roughly traced,
553483,celltype_prediction_only,acetylcholine,dopamine,0.7117381484712982,dopamine,0.7530592569174162,KCg-d,KCg-d,KCg-d_L,Kenyon_Cell,,cb_intrinsic,19102,KCg-d,KCg-d,,VFB_jrmc2k2k,L,,,Roughly traced,
556005,celltype_prediction_only,acetylcholine,dopamine,0.7642940932501362,dopamine,0.7530592569174162,KCg-d,KCg-d,KCg-d_L,Kenyon_Cell,,cb_intrinsic,19102,KCg-d,KCg-d,,VFB_jrmc2k2a,L,,,Roughly traced,
14292,celltype_prediction_only,acetylcholine,dopamine,0.68443739695915,dopamine,0.7466425378182228,KCg-m,KCg-m,KCg-m_R,Kenyon_Cell,,cb_intrinsic,14292,KCg-m,KCg-m,,VFB_jrmc2kmi,R,,,Roughly traced,
15103,celltype_prediction_only,acetylcholine,dopamine,0.770912583688375,dopamine,0.7466425378182228,KCg-m,KCg-m,KCg-m_R,Kenyon_Cell,,cb_intrinsic,14292,KCg-m,KCg-m,,VFB_jrmc2kmj,R,,,Roughly traced,
19083,celltype_prediction_only,acetylcholine,dopamine,0.7751325549256847,dopamine,0.7466425378182228,KCg-m,KCg-m,KCg-m_L,Kenyon_Cell,,cb_intrinsic,14292,KCg-m,KCg-m,,VFB_jrmc2ksa,L,,,Roughly traced,
20773,celltype_prediction_only,acetylcholine,dopamine,0.7192683622053037,dopamine,0.7466425378182228,KCg-m,KCg-m,KCg-m_R,Kenyon_Cell,,cb_intrinsic,14292,KCg-m,KCg-m,,VFB_jrmc2de4,R,,,Roughly traced,
21879,celltype_prediction_only,acetylcholine,dopamine,0.7379108816898066,dopamine,0.7466425378182228,KCg-m,KCg-m,KCg-m_R,Kenyon_Cell,,cb_intrinsic,14292,KCg-m,KCg-m,,VFB_jrmc2k5u,R,,,Roughly traced,
22031,celltype_prediction_only,acetylcholine,dopamine,0.79816831800512,dopamine,0.7466425378182228,KCg-m,KCg-m,KCg-m_R,Kenyon_Cell,,cb_intrinsic,14292,KCg-m,KCg-m,,VFB_jrmc2k5v,R,,,Roughly traced,
22533,celltype_prediction_only,acetylcholine,dopamine,0.7536672535721531,dopamine,0.7466425378182228,KCg-m,KCg-m,KCg-m_R,Kenyon_Cell,,cb_intrinsic,14292,KCg-m,KCg-m,,VFB_jrmc2df7,R,,,Roughly traced,
23166,celltype_prediction_only,acetylcholine,dopamine,0.7353612320593452,dopamine,0.7466425378182228,KCg-m,KCg-m,KCg-m_R,Kenyon_Cell,,cb_intrinsic,14292,KCg-m,KCg-m,,VFB_jrmc2k5w,R,,,Roughly traced,
24204,celltype_prediction_only,acetylcholine,dopamine,0.7667246930218629,dopamine,0.7466425378182228,KCg-m,KCg-m,KCg-m_R,Kenyon_Cell,,cb_intrinsic,14292,KCg-m,KCg-m,,VFB_jrmc2dbe,R,,,Roughly traced,
24959,celltype_prediction_only,acetylcholine,dopamine,0.8012196951903755,dopamine,0.7466425378182228,KCg-m,KCg-m,KCg-m_R,Kenyon_Cell,,cb_intrinsic,14292,KCg-m,KCg-m,,VFB_jrmc2kiu,R,,,Roughly traced,
25017,celltype_prediction_only,acetylcholine,dopamine,0.7497233524099078,dopamine,0.7466425378182228,KCg-m,KCg-m,KCg-m_R,Kenyon_Cell,,cb_intrinsic,14292,KCg-m,KCg-m,,VFB_jrmc2kvk,R,,,Prelim Roughly traced,
26792,celltype_prediction_only,acetylcholine,dopamine,0.7098220845823783,dopamine,0.7466425378182228,KCg-m,KCg-m,KCg-m_R,Kenyon_Cell,,cb_intrinsic,14292,KCg-m,KCg-m,,VFB_jrmc2kvl,R,,,Roughly traced,
27583,celltype_prediction_only,acetylcholine,dopamine,0.7343538044148478,dopamine,0.7466425378182228,KCg-m,KCg-m,KCg-m_R,Kenyon_Cell,,cb_intrinsic,14292,KCg-m,KCg-m,,VFB_jrmc2kma,R,,,Roughly traced,
28631,celltype_prediction_only,acetylcholine,dopamine,0.6964161932778792,dopamine,0.7466425378182228,KCg-m,KCg-m,KCg-m_R,Kenyon_Cell,,cb_intrinsic,14292,KCg-m,KCg-m,,VFB_jrmc2df9,R,,,Roughly traced,
29728,celltype_prediction_only,acetylcholine,dopamine,0.7847609815930718,dopamine,0.7466425378182228,KCg-m,KCg-m,KCg-m_R,Kenyon_Cell,,cb_intrinsic,14292,KCg-m,KCg-m,,VFB_jrmc2kqu,R,,,Roughly traced,
31720,celltype_prediction_only,acetylcholine,dopamine,0.7442763877495214,dopamine,0.7466425378182228,KCg-m,KCg-m,KCg-m_R,Kenyon_Cell,,cb_intrinsic,14292,KCg-m,KCg-m,,VFB_jrmc2kvn,R,,,Roughly traced,
32035,celltype_prediction_only,acetylcholine,dopamine,0.7275404654726558,dopamine,0.7466425378182228,KCg-m,KCg-m,KCg-m_R,Kenyon_Cell,,cb_intrinsic,14292,KCg-m,KCg-m,,VFB_jrmc2k5x,R,,,Roughly traced,
33808,celltype_prediction_only,acetylcholine,dopamine,0.6868086845645983,dopamine,0.7466425378182228,KCg-m,KCg-m,KCg-m_L,Kenyon_Cell,,cb_intrinsic,14292,KCg-m,KCg-m,,VFB_jrmc2ku0,L,,,Roughly traced,
34130,celltype_prediction_only,acetylcholine,dopamine,0.7475432389937107,dopamine,0.7466425378182228,KCg-m,KCg-m,KCg-m_R,Kenyon_Cell,,cb_intrinsic,14292,KCg-m,KCg-m,,VFB_jrmc2kiv,R,,,Roughly traced,
34908,celltype_prediction_only,acetylcholine,dopamine,0.7398603188532983,dopamine,0.7466425378182228,KCg-m,KCg-m,KCg-m_R,Kenyon_Cell,,cb_intrinsic,14292,KCg-m,KCg-m,,VFB_jrmc2kiw,R,,,Roughly traced,
36251,celltype_prediction_only,acetylcholine,dopamine,0.7110519874833473,dopamine,0.7466425378182228,KCg-m,KCg-m,KCg-m_R,Kenyon_Cell,,cb_intrinsic,14292,KCg-m,KCg-m,,VFB_jrmc2k5y,R,,,Roughly traced,
36378,celltype_prediction_only,acetylcholine,dopamine,0.7003365112641842,dopamine,0.7466425378182228,KCg-m,KCg-m,KCg-m_R,Kenyon_Cell,,cb_intrinsic,14292,KCg-m,KCg-m,,VFB_jrmc2d79,R,,,Roughly traced,
36839,celltype_prediction_only,acetylcholine,dopamine,0.6854555588832318,dopamine,0.7466425378182228,KCg-m,KCg-m,KCg-m_R,Kenyon_Cell,,cb_intrinsic,14292,KCg-m,KCg-m,,VFB_jrmc2k5z,R,,,Roughly traced,
37311,celltype_prediction_only,acetylcholine,dopamine,0.7318848461256641,dopamine,0.7466425378182228,KCg-m,KCg-m,KCg-m_R,Kenyon_Cell,,cb_intrinsic,14292,KCg-m,KCg-m,,VFB_jrmc2k60,R,,,Roughly traced,
37432,celltype_prediction_only,acetylcholine,dopamine,0.6474363038479746,dopamine,0.7466425378182228,KCg-m,KCg-m,KCg-m_R,Kenyon_Cell,,cb_intrinsic,14292,KCg-m,KCg-m,,VFB_jrmc2d8h,R,,,Roughly traced,
37916,celltype_prediction_only,acetylcholine,dopamine,0.7793443686056285,dopamine,0.7466425378182228,KCg-m,KCg-m,KCg-m_L,Kenyon_Cell,,cb_intrinsic,14292,KCg-m,KCg-m,,VFB_jrmc2kab,L,,,Roughly traced,
38113,celltype_prediction_only,acetylcholine,dopamine,0.7299352449520026,dopamine,0.7466425378182228,KCg-m,KCg-m,KCg-m_L,Kenyon_Cell,,cb_intrinsic,14292,KCg-m,KCg-m,,VFB_jrmc2kac,L,,,Roughly traced,
38549,celltype_prediction_only,acetylcholine,dopamine,0.770219143081761,dopamine,0.7466425378182228,KCg-m,KCg-m,KCg-m_L,Kenyon_Cell,,cb_intrinsic,14292,KCg-m,KCg-m,,VFB_jrmc2kad,L,,,Roughly traced,
38962,celltype_prediction_only,acetylcholine,dopamine,0.7795978594004406,dopamine,0.7466425378182228,KCg-m,KCg-m,KCg-m_L,Kenyon_Cell,,cb_intrinsic,14292,KCg-m,KCg-m,,VFB_jrmc2dde,L,,,Roughly traced,
38967,celltype_prediction_only,acetylcholine,dopamine,0.7320881946343389,dopamine,0.7466425378182228,KCg-m,KCg-m,KCg-m_R,Kenyon_Cell,,cb_intrinsic,14292,KCg-m,KCg-m,,VFB_jrmc2kvo,R,,,Roughly traced,
39531,celltype_prediction_only,acetylcholine,dopamine,0.7758265585601253,dopamine,0.7466425378182228,KCg-m,KCg-m,KCg-m_L,Kenyon_Cell,,cb_intrinsic,14292,KCg-m,KCg-m,,VFB_jrmc2ksb,L,,,Roughly traced,
39569,celltype_prediction_only,acetylcholine,dopamine,0.7169746729855021,dopamine,0.7466425378182228,KCg-m,KCg-m,KCg-m_R,Kenyon_Cell,,cb_intrinsic,14292,KCg-m,KCg-m,,VFB_jrmc2k61,R,,,Roughly traced,
39909,celltype_prediction_only,acetylcholine,dopamine,0.6850601506508703,dopamine,0.7466425378182228,KCg-m,KCg-m,KCg-m_R,Kenyon_Cell,,cb_intrinsic,14292,KCg-m,KCg-m,,VFB_jrmc2kix,R,,,Roughly traced,
40327,celltype_prediction_only,acetylcholine,dopamine,0.7673653694968553,dopamine,0.7466425378182228,KCg-m,KCg-m,KCg-m_R,Kenyon_Cell,,cb_intrinsic,14292,KCg-m,KCg-m,,VFB_jrmc2kiy,R,,,Roughly traced,
40376,celltype_prediction_only,acetylcholine,dopamine,0.7475376380877895,dopamine,0.7466425378182228,KCg-m,KCg-m,KCg-m_R,Kenyon_Cell,,cb_intrinsic,14292,KCg-m,KCg-m,,VFB_jrmc2k62,R,,,Roughly traced,
40602,celltype_prediction_only,acetylcholine,dopamine,0.751472166787615,dopamine,0.7466425378182228,KCg-m,KCg-m,KCg-m_R,Kenyon_Cell,,cb_intrinsic,14292,KCg-m,KCg-m,,VFB_jrmc2d9s,R,,,Roughly traced,
40921,celltype_prediction_only,acetylcholine,dopamine,0.7712162316290285,dopamine,0.7466425378182228,KCg-m,KCg-m,KCg-m_R,Kenyon_Cell,,cb_intrinsic,14292,KCg-m,KCg-m,,VFB_jrmc2db9,R,,,Roughly traced,
41131,celltype_prediction_only,acetylcholine,dopamine,0.7750134817298195,dopamine,0.7466425378182228,KCg-m,KCg-m,KCg-m_L,Kenyon_Cell,,cb_intrinsic,14292,KCg-m,KCg-m,,VFB_jrmc2keq,L,,,Roughly traced,
41150,celltype_prediction_only,acetylcholine,dopamine,0.6790637780527202,dopamine,0.7466425378182228,KCg-m,KCg-m,KCg-m_R,Kenyon_Cell,,cb_intrinsic,14292,KCg-m,KCg-m,,VFB_jrmc2d9t,R,,,Roughly traced,
41232,celltype_prediction_only,acetylcholine,dopamine,0.7517339560575969,dopamine,0.7466425378182228,KCg-m,KCg-m,KCg-m_R,Kenyon_Cell,,cb_intrinsic,14292,KCg-m,KCg-m,,VFB_jrmc2kmk,R,,,Roughly traced,
41295,celltype_prediction_only,acetylcholine,dopamine,0.745799278323624,dopamine,0.7466425378182228,KCg-m,KCg-m,KCg-m_R,Kenyon_Cell,,cb_intrinsic,14292,KCg-m,KCg-m,,VFB_jrmc2k63,R,,,Roughly traced,
41378,celltype_prediction_only,acetylcholine,dopamine,0.7868733006509022,dopamine,0.7466425378182228,KCg-m,KCg-m,KCg-m_R,Kenyon_Cell,,cb_intrinsic,14292,KCg-m,KCg-m,,VFB_jrmc2kiz,R,,,Roughly traced,
41787,celltype_prediction_only,acetylcholine,dopamine,0.744349210001534,dopamine,0.7466425378182228,KCg-m,KCg-m,KCg-m_R,Kenyon_Cell,,cb_intrinsic,14292,KCg-m,KCg-m,,VFB_jrmc2kml,R,,,Roughly traced,
41807,celltype_prediction_only,acetylcholine,dopamine,0.6900599449685535,dopamine,0.7466425378182228,KCg-m,KCg-m,KCg-m_R,Kenyon_Cell,,cb_intrinsic,14292,KCg-m,KCg-m,,VFB_jrmc2kmm,R,,,Roughly traced,
41891,celltype_prediction_only,acetylcholine,dopamine,0.6821771978021978,dopamine,0.7466425378182228,KCg-m,KCg-m,KCg-m_R,Kenyon_Cell,,cb_intrinsic,14292,KCg-m,KCg-m,,VFB_jrmc2k64,R,,,Roughly traced,
41920,celltype_prediction_only,acetylcholine,dopamine,0.7702684069281174,dopamine,0.7466425378182228,KCg-m,KCg-m,KCg-m_L,Kenyon_Cell,,cb_intrinsic,14292,KCg-m,KCg-m,,VFB_jrmc2ker,L,,,Roughly traced,
42140,celltype_prediction_only,acetylcholine,dopamine,0.7084207940251572,dopamine,0.7466425378182228,KCg-m,KCg-m,KCg-m_L,Kenyon_Cell,,cb_intrinsic,14292,KCg-m,KCg-m,,VFB_jrmc2deu,L,,,Roughly traced,
42216,celltype_prediction_only,acetylcholine,dopamine,0.6371493554241372,dopamine,0.7466425378182228,KCg-m,KCg-m,KCg-m_R,Kenyon_Cell,,cb_intrinsic,14292,KCg-m,KCg-m,,VFB_jrmc2da2,R,,,Roughly traced,
42425,celltype_prediction_only,acetylcholine,dopamine,0.7470570589208871,dopamine,0.7466425378182228,KCg-m,KCg-m,KCg-m_R,Kenyon_Cell,,cb_intrinsic,14292,KCg-m,KCg-m,,VFB_jrmc2d84,R,,,Roughly traced,
42744,celltype_prediction_only,acetylcholine,dopamine,0.7648452653852935,dopamine,0.7466425378182228,KCg-m,KCg-m,KCg-m_L,Kenyon_Cell,,cb_intrinsic,14292,KCg-m,KCg-m,,VFB_jrmc2dd9,L,,,Roughly traced,
42908,celltype_prediction_only,acetylcholine,dopamine,0.6676546544261852,dopamine,0.7466425378182228,KCg-m,KCg-m,KCg-m_R,Kenyon_Cell,,cb_intrinsic,14292,KCg-m,KCg-m,,VFB_jrmc2kj0,R,,,Roughly traced,
43354,celltype_prediction_only,acetylcholine,dopamine,0.7778931919708458,dopamine,0.7466425378182228,KCg-m,KCg-m,KCg-m_L,Kenyon_Cell,,cb_intrinsic,14292,KCg-m,KCg-m,,VFB_jrmc2kes,L,,,Roughly traced,
43380,celltype_prediction_only,acetylcholine,dopamine,0.7176823049464559,dopamine,0.7466425378182228,KCg-m,KCg-m,KCg-m_R,Kenyon_Cell,,cb_intrinsic,14292,KCg-m,KCg-m,,VFB_jrmc2kmn,R,,,Roughly traced,
43597,celltype_prediction_only,acetylcholine,dopamine,0.7663436317028823,dopamine,0.7466425378182228,KCg-m,KCg-m,KCg-m_R,Kenyon_Cell,,cb_intrinsic,14292,KCg-m,KCg-m,,VFB_jrmc2kj1,R,,,Roughly traced,
43616,celltype_prediction_only,acetylcholine,dopamine,0.7467181767557651,dopamine,0.7466425378182228,KCg-m,KCg-m,KCg-m_R,Kenyon_Cell,,cb_intrinsic,14292,KCg-m,KCg-m,,VFB_jrmc2kj2,R,,,Roughly traced,
43639,celltype_prediction_only,acetylcholine,dopamine,0.812721108490566,dopamine,0.7466425378182228,KCg-m,KCg-m,KCg-m_L,Kenyon_Cell,,cb_intrinsic,14292,KCg-m,KCg-m,,VFB_jrmc2kae,L,,,Roughly traced,
43658,celltype_prediction_only,acetylcholine,dopamine,0.7674557783018868,dopamine,0.7466425378182228,KCg-m,KCg-m,KCg-m_R,Kenyon_Cell,,cb_intrinsic,14292,KCg-m,KCg-m,,VFB_jrmc2kj3,R,,,Roughly traced,
43775,celltype_prediction_only,acetylcholine,dopamine,0.698930080581761,dopamine,0.7466425378182228,KCg-m,KCg-m,KCg-m_R,Kenyon_Cell,,cb_intrinsic,14292,KCg-m,KCg-m,,VFB_jrmc2kj4,R,,,Roughly traced,
43811,celltype_prediction_only,acetylcholine,dopamine,0.7495017688679245,dopamine,0.7466425378182228,KCg-m,KCg-m,KCg-m_L,Kenyon_Cell,,cb_intrinsic,14292,KCg-m,KCg-m,,VFB_jrmc2kus,L,,,Roughly traced,
43850,celltype_prediction_only,acetylcholine,dopamine,0.7319700158923378,dopamine,0.7466425378182228,KCg-m,KCg-m,KCg-m_R,Kenyon_Cell,,cb_intrinsic,14292,KCg-m,KCg-m,,VFB_jrmc2k65,R,,,Roughly traced,
43876,celltype_prediction_only,acetylcholine,dopamine,0.7250866955030204,dopamine,0.7466425378182228,KCg-m,KCg-m,KCg-m_R,Kenyon_Cell,,cb_intrinsic,14292,KCg-m,KCg-m,,VFB_jrmc2kj5,R,,,Roughly traced,
43980,celltype_prediction_only,acetylcholine,dopamine,0.7766036209317946,dopamine,0.7466425378182228,KCg-m,KCg-m,KCg-m_R,Kenyon_Cell,,cb_intrinsic,14292,KCg-m,KCg-m,,VFB_jrmc2dfn,R,,,Roughly traced,
44024,celltype_prediction_only,acetylcholine,dopamine,0.6941519103353176,dopamine,0.7466425378182228,KCg-m,KCg-m,KCg-m_R,Kenyon_Cell,,cb_intrinsic,14292,KCg-m,KCg-m,,VFB_jrmc2dcb,R,,,Roughly traced,
44054,celltype_prediction_only,acetylcholine,dopamine,0.7348080482079985,dopamine,0.7466425378182228,KCg-m,KCg-m,KCg-m_R,Kenyon_Cell,,cb_intrinsic,14292,KCg-m,KCg-m,,VFB_jrmc2kj6,R,,,Roughly traced,
44082,celltype_prediction_only,acetylcholine,dopamine,0.726555069795981,dopamine,0.7466425378182228,KCg-m,KCg-m,KCg-m_R,Kenyon_Cell,,cb_intrinsic,14292,KCg-m,KCg-m,,VFB_jrmc2kj7,R,,,Roughly traced,
44260,celltype_prediction_only,acetylcholine,dopamine,0.704999960887387,dopamine,0.7466425378182228,KCg-m,KCg-m,KCg-m_L,Kenyon_Cell,,cb_intrinsic,14292,KCg-m,KCg-m,,VFB_jrmc2ddf,L,,,Roughly traced,
44682,celltype_prediction_only,acetylcholine,dopamine,0.7636353796372255,dopamine,0.7466425378182228,KCg-m,KCg-m,KCg-m_L,Kenyon_Cell,,cb_intrinsic,14292,KCg-m,KCg-m,,VFB_jrmc2kaf,L,,,Roughly traced,
44766,celltype_prediction_only,acetylcholine,dopamine,0.7688223270440252,dopamine,0.7466425378182228,KCg-m,KCg-m,KCg-m_R,Kenyon_Cell,,cb_intrinsic,14292,KCg-m,KCg-m,,VFB_jrmc2kj8,R,,,Roughly traced,
44840,celltype_prediction_only,acetylcholine,dopamine,0.7264091684839291,dopamine,0.7466425378182228,KCg-m,KCg-m,KCg-m_R,Kenyon_Cell,,cb_intrinsic,14292,KCg-m,KCg-m,,VFB_jrmc2kmo,R,,,Roughly traced,
44940,celltype_prediction_only,acetylcholine,dopamine,0.7830160467635641,dopamine,0.7466425378182228,KCg-m,KCg-m,KCg-m_R,Kenyon_Cell,,cb_intrinsic,14292,KCg-m,KCg-m,,VFB_jrmc2d5h,R,,,Roughly traced,
45016,celltype_prediction_only,acetylcholine,dopamine,0.730884721583065,dopamine,0.7466425378182228,KCg-m,KCg-m,KCg-m_R,Kenyon_Cell,,cb_intrinsic,14292,KCg-m,KCg-m,,VFB_jrmc2kmp,R,,,Roughly traced,
45060,celltype_prediction_only,acetylcholine,dopamine,0.7656961290805631,dopamine,0.7466425378182228,KCg-m,KCg-m,KCg-m_R,Kenyon_Cell,,cb_intrinsic,14292,KCg-m,KCg-m,,VFB_jrmc2k66,R,,,Roughly traced,
45183,celltype_prediction_only,acetylcholine,dopamine,0.7297311165845648,dopamine,0.7466425378182228,KCg-m,KCg-m,KCg-m_R,Kenyon_Cell,,cb_intrinsic,14292,KCg-m,KCg-m,,VFB_jrmc2kmq,R,,,Roughly traced,
45199,celltype_prediction_only,acetylcholine,dopamine,0.7938905267295597,dopamine,0.7466425378182228,KCg-m,KCg-m,KCg-m_L,Kenyon_Cell,,cb_intrinsic,14292,KCg-m,KCg-m,,VFB_jrmc2kag,L,,,Roughly traced,
45259,celltype_prediction_only,acetylcholine,dopamine,0.6987940813117699,dopamine,0.7466425378182228,KCg-m,KCg-m,KCg-m_L,Kenyon_Cell,,cb_intrinsic,14292,KCg-m,KCg-m,,VFB_jrmc2ket,L,,,Roughly traced,
45380,celltype_prediction_only,acetylcholine,dopamine,0.7736706689536877,dopamine,0.7466425378182228,KCg-m,KCg-m,KCg-m_L,Kenyon_Cell,,cb_intrinsic,14292,KCg-m,KCg-m,,VFB_jrmc2keu,L,,,Roughly traced,
45392,celltype_prediction_only,acetylcholine,dopamine,0.7142205807234301,dopamine,0.7466425378182228,KCg-m,KCg-m,KCg-m_R,Kenyon_Cell,,cb_intrinsic,14292,KCg-m,KCg-m,,VFB_jrmc2kj9,R,,,Roughly traced,
45434,celltype_prediction_only,acetylcholine,dopamine,0.7279101407461684,dopamine,0.7466425378182228,KCg-m,KCg-m,KCg-m_L,Kenyon_Cell,,cb_intrinsic,14292,KCg-m,KCg-m,,VFB_jrmc2d9g,L,,,Roughly traced,
45460,celltype_prediction_only,acetylcholine,dopamine,0.6981703515917214,dopamine,0.7466425378182228,KCg-m,KCg-m,KCg-m_L,Kenyon_Cell,,cb_intrinsic,14292,KCg-m,KCg-m,,VFB_jrmc2det,L,,,Roughly traced,
45467,celltype_prediction_only,acetylcholine,dopamine,0.7620634410139128,dopamine,0.7466425378182228,KCg-m,KCg-m,KCg-m_L,Kenyon_Cell,,cb_intrinsic,14292,KCg-m,KCg-m,,VFB_jrmc2kev,L,,,Roughly traced,
45512,celltype_prediction_only,acetylcholine,dopamine,0.6960982043143478,dopamine,0.7466425378182228,KCg-m,KCg-m,KCg-m_R,Kenyon_Cell,,cb_intrinsic,14292,KCg-m,KCg-m,,VFB_jrmc2k67,R,,,Roughly traced,
45553,celltype_prediction_only,acetylcholine,dopamine,0.7478809319611207,dopamine,0.7466425378182228,KCg-m,KCg-m,KCg-m_R,Kenyon_Cell,,cb_intrinsic,14292,KCg-m,KCg-m,,VFB_jrmc2dg4,R,,,Roughly traced,
45563,celltype_prediction_only,acetylcholine,dopamine,0.7861726398884783,dopamine,0.7466425378182228,KCg-m,KCg-m,KCg-m_R,Kenyon_Cell,,cb_intrinsic,14292,KCg-m,KCg-m,,VFB_jrmc2d5i,R,,,Roughly traced,
45612,celltype_prediction_only,acetylcholine,dopamine,0.7453361893476742,dopamine,0.7466425378182228,KCg-m,KCg-m,KCg-m_R,Kenyon_Cell,,cb_intrinsic,14292,KCg-m,KCg-m,,VFB_jrmc2k68,R,,,Roughly traced,
45620,celltype_prediction_only,acetylcholine,dopamine,0.7484212440486687,dopamine,0.7466425378182228,KCg-m,KCg-m,KCg-m_L,Kenyon_Cell,,cb_intrinsic,14292,KCg-m,KCg-m,,VFB_jrmc2kew,L,,,Roughly traced,
45663,celltype_prediction_only,acetylcholine,dopamine,0.7115237833547048,dopamine,0.7466425378182228,KCg-m,KCg-m,KCg-m_R,Kenyon_Cell,,cb_intrinsic,14292,KCg-m,KCg-m,,VFB_jrmc2kmr,R,,,Roughly traced,
45736,celltype_prediction_only,acetylcholine,dopamine,0.7416646740863113,dopamine,0.7466425378182228,KCg-m,KCg-m,KCg-m_R,Kenyon_Cell,,cb_intrinsic,14292,KCg-m,KCg-m,,VFB_jrmc2kmb,R,,,Roughly traced,
45761,celltype_prediction_only,acetylcholine,dopamine,0.7354569827447186,dopamine,0.7466425378182228,KCg-m,KCg-m,KCg-m_R,Kenyon_Cell,,cb_intrinsic,14292,KCg-m,KCg-m,,VFB_jrmc2de6,R,,,Roughly traced,
45881,celltype_prediction_only,acetylcholine,dopamine,0.716125437581583,dopamine,0.7466425378182228,KCg-m,KCg-m,KCg-m_R,Kenyon_Cell,,cb_intrinsic,14292,KCg-m,KCg-m,,VFB_jrmc2kms,R,,,Roughly traced,
45950,celltype_prediction_only,acetylcholine,dopamine,0.762041275521269,dopamine,0.7466425378182228,KCg-m,KCg-m,KCg-m_L,Kenyon_Cell,,cb_intrinsic,14292,KCg-m,KCg-m,,VFB_jrmc2d64,L,,,Roughly traced,
46195,celltype_prediction_only,acetylcholine,dopamine,0.7167556082079819,dopamine,0.7466425378182228,KCg-m,KCg-m,KCg-m_R,Kenyon_Cell,,cb_intrinsic,14292,KCg-m,KCg-m,,VFB_jrmc2dfh,R,,,Roughly traced,
46266,celltype_prediction_only,acetylcholine,dopamine,0.7183416529278867,dopamine,0.7466425378182228,KCg-m,KCg-m,KCg-m_R,Kenyon_Cell,,cb_intrinsic,14292,KCg-m,KCg-m,,VFB_jrmc2kmt,R,,,Roughly traced,
46287,celltype_prediction_only,acetylcholine,dopamine,0.7501848070965925,dopamine,0.7466425378182228,KCg-m,KCg-m,KCg-m_R,Kenyon_Cell,,cb_intrinsic,14292,KCg-m,KCg-m,,VFB_jrmc2k69,R,,,Roughly traced,
46457,celltype_prediction_only,acetylcholine,dopamine,0.7422152720809406,dopamine,0.7466425378182228,KCg-m,KCg-m,KCg-m_R,Kenyon_Cell,,cb_intrinsic,14292,KCg-m,KCg-m,,VFB_jrmc2kmu,R,,,Roughly traced,
46463,celltype_prediction_only,acetylcholine,dopamine,0.7734302026900803,dopamine,0.7466425378182228,KCg-m,KCg-m,KCg-m_R,Kenyon_Cell,,cb_intrinsic,14292,KCg-m,KCg-m,,VFB_jrmc2k6a,R,,,Roughly traced,
46475,celltype_prediction_only,acetylcholine,dopamine,0.7698150559207718,dopamine,0.7466425378182228,KCg-m,KCg-m,KCg-m_R,Kenyon_Cell,,cb_intrinsic,14292,KCg-m,KCg-m,,VFB_jrmc2kja,R,,,Roughly traced,
46497,celltype_prediction_only,acetylcholine,dopamine,0.6769971311927618,dopamine,0.7466425378182228,KCg-m,KCg-m,KCg-m_L,Kenyon_Cell,,cb_intrinsic,14292,KCg-m,KCg-m,,VFB_jrmc2ksc,L,,,Roughly traced,
46670,celltype_prediction_only,acetylcholine,dopamine,0.7701055564327254,dopamine,0.7466425378182228,KCg-m,KCg-m,KCg-m_R,Kenyon_Cell,,cb_intrinsic,14292,KCg-m,KCg-m,,VFB_jrmc2kjb,R,,,Roughly traced,
46991,celltype_prediction_only,acetylcholine,dopamine,0.7117614200595829,dopamine,0.7466425378182228,KCg-m,KCg-m,KCg-m_R,Kenyon_Cell,,cb_intrinsic,14292,KCg-m,KCg-m,,VFB_jrmc2da3,R,,,Roughly traced,
47026,celltype_prediction_only,acetylcholine,dopamine,0.7360154307444785,dopamine,0.7466425378182228,KCg-m,KCg-m,KCg-m_R,Kenyon_Cell,,cb_intrinsic,14292,KCg-m,KCg-m,,VFB_jrmc2d7a,R,,,Roughly traced,
47101,celltype_prediction_only,acetylcholine,dopamine,0.7481703462361408,dopamine,0.7466425378182228,KCg-m,KCg-m,KCg-m_L,Kenyon_Cell,,cb_intrinsic,14292,KCg-m,KCg-m,,VFB_jrmc2kah,L,,,Roughly traced,
47117,celltype_prediction_only,acetylcholine,dopamine,0.7232724355904606,dopamine,0.7466425378182228,KCg-m,KCg-m,KCg-m_L,Kenyon_Cell,,cb_intrinsic,14292,KCg-m,KCg-m,,VFB_jrmc2d6o,L,,,Roughly traced,
47287,celltype_prediction_only,acetylcholine,dopamine,0.7349202119617804,dopamine,0.7466425378182228,KCg-m,KCg-m,KCg-m_L,Kenyon_Cell,,cb_intrinsic,14292,KCg-m,KCg-m,,VFB_jrmc2ksd,L,,,Roughly traced,
47380,celltype_prediction_only,acetylcholine,dopamine,0.7749251272836178,dopamine,0.7466425378182228,KCg-m,KCg-m,KCg-m_R,Kenyon_Cell,,cb_intrinsic,14292,KCg-m,KCg-m,,VFB_jrmc2kjc,R,,,Roughly traced,
47441,celltype_prediction_only,acetylcholine,dopamine,0.669230672582637,dopamine,0.7466425378182228,KCg-m,KCg-m,KCg-m_R,Kenyon_Cell,,cb_intrinsic,14292,KCg-m,KCg-m,,VFB_jrmc2kjd,R,,,Roughly traced,
47446,celltype_prediction_only,acetylcholine,dopamine,0.734447129534963,dopamine,0.7466425378182228,KCg-m,KCg-m,KCg-m_R,Kenyon_Cell,,cb_intrinsic,14292,KCg-m,KCg-m,,VFB_jrmc2kje,R,,,Roughly traced,
47694,celltype_prediction_only,acetylcholine,dopamine,0.7325538189555367,dopamine,0.7466425378182228,KCg-m,KCg-m,KCg-m_L,Kenyon_Cell,,cb_intrinsic,14292,KCg-m,KCg-m,,VFB_jrmc2krf,L,,,Roughly traced,
47758,celltype_prediction_only,acetylcholine,dopamine,0.7694224113699449,dopamine,0.7466425378182228,KCg-m,KCg-m,KCg-m_L,Kenyon_Cell,,cb_intrinsic,14292,KCg-m,KCg-m,,VFB_jrmc2kai,L,,,Roughly traced,
47779,celltype_prediction_only,acetylcholine,dopamine,0.7022367497099591,dopamine,0.7466425378182228,KCg-m,KCg-m,KCg-m_R,Kenyon_Cell,,cb_intrinsic,14292,KCg-m,KCg-m,,VFB_jrmc2dex,R,,,Roughly traced,
47858,celltype_prediction_only,acetylcholine,dopamine,0.7329202919803174,dopamine,0.7466425378182228,KCg-m,KCg-m,KCg-m_R,Kenyon_Cell,,cb_intrinsic,14292,KCg-m,KCg-m,,VFB_jrmc2da4,R,,,Roughly traced,
47901,celltype_prediction_only,acetylcholine,dopamine,0.7583232543138203,dopamine,0.7466425378182228,KCg-m,KCg-m,KCg-m_R,Kenyon_Cell,,cb_intrinsic,14292,KCg-m,KCg-m,,VFB_jrmc2kmv,R,,,Roughly traced,
47984,celltype_prediction_only,acetylcholine,dopamine,0.7671000106857178,dopamine,0.7466425378182228,KCg-m,KCg-m,KCg-m_R,Kenyon_Cell,,cb_intrinsic,14292,KCg-m,KCg-m,,VFB_jrmc2k6b,R,,,Roughly traced,
47988,celltype_prediction_only,acetylcholine,dopamine,0.7425659457379902,dopamine,0.7466425378182228,KCg-m,KCg-m,KCg-m_L,Kenyon_Cell,,cb_intrinsic,14292,KCg-m,KCg-m,,VFB_jrmc2kse,L,,,Roughly traced,
47997,celltype_prediction_only,acetylcholine,dopamine,0.7287316991442417,dopamine,0.7466425378182228,KCg-m,KCg-m,KCg-m_R,Kenyon_Cell,,cb_intrinsic,14292,KCg-m,KCg-m,,VFB_jrmc2kjf,R,,,Roughly traced,
48021,celltype_prediction_only,acetylcholine,dopamine,0.7851825492477765,dopamine,0.7466425378182228,KCg-m,KCg-m,KCg-m_R,Kenyon_Cell,,cb_intrinsic,14292,KCg-m,KCg-m,,VFB_jrmc2d6r,R,,,Roughly traced,
48111,celltype_prediction_only,acetylcholine,dopamine,0.7028064814135035,dopamine,0.7466425378182228,KCg-m,KCg-m,KCg-m_R,Kenyon_Cell,,cb_intrinsic,14292,KCg-m,KCg-m,,VFB_jrmc2kmw,R,,,Roughly traced,
48309,celltype_prediction_only,acetylcholine,dopamine,0.7362972901424721,dopamine,0.7466425378182228,KCg-m,KCg-m,KCg-m_R,Kenyon_Cell,,cb_intrinsic,14292,KCg-m,KCg-m,,VFB_jrmc2kjg,R,,,Roughly traced,
48313,celltype_prediction_only,acetylcholine,dopamine,0.708998186933887,dopamine,0.7466425378182228,KCg-m,KCg-m,KCg-m_R,Kenyon_Cell,,cb_intrinsic,14292,KCg-m,KCg-m,,VFB_jrmc2kmx,R,,,Roughly traced,
48337,celltype_prediction_only,acetylcholine,dopamine,0.7620814835368109,dopamine,0.7466425378182228,KCg-m,KCg-m,KCg-m_L,Kenyon_Cell,,cb_intrinsic,14292,KCg-m,KCg-m,,VFB_jrmc2kex,L,,,Roughly traced,
48347,celltype_prediction_only,acetylcholine,dopamine,0.7297245497871011,dopamine,0.7466425378182228,KCg-m,KCg-m,KCg-m_R,Kenyon_Cell,,cb_intrinsic,14292,KCg-m,KCg-m,,VFB_jrmc2k6c,R,,,Roughly traced,
48515,celltype_prediction_only,acetylcholine,dopamine,0.6823362478907808,dopamine,0.7466425378182228,KCg-m,KCg-m,KCg-m_R,Kenyon_Cell,,cb_intrinsic,14292,KCg-m,KCg-m,,VFB_jrmc2k6d,R,,,Roughly traced,
48596,celltype_prediction_only,acetylcholine,dopamine,0.7833940823327616,dopamine,0.7466425378182228,KCg-m,KCg-m,KCg-m_L,Kenyon_Cell,,cb_intrinsic,14292,KCg-m,KCg-m,,VFB_jrmc2des,L,,,Roughly traced,
48759,celltype_prediction_only,acetylcholine,dopamine,0.729314999406669,dopamine,0.7466425378182228,KCg-m,KCg-m,KCg-m_L,Kenyon_Cell,,cb_intrinsic,14292,KCg-m,KCg-m,,VFB_jrmc2kaj,L,,,Roughly traced,
48886,celltype_prediction_only,acetylcholine,dopamine,0.8117687082974172,dopamine,0.7466425378182228,KCg-m,KCg-m,KCg-m_R,Kenyon_Cell,,cb_intrinsic,14292,KCg-m,KCg-m,,VFB_jrmc2kmy,R,,,Roughly traced,
48904,celltype_prediction_only,acetylcholine,dopamine,0.7952636941779979,dopamine,0.7466425378182228,KCg-m,KCg-m,KCg-m_R,Kenyon_Cell,,cb_intrinsic,14292,KCg-m,KCg-m,,VFB_jrmc2kjh,R,,,Roughly traced,
48975,celltype_prediction_only,acetylcholine,dopamine,0.683224388690089,dopamine,0.7466425378182228,KCg-m,KCg-m,KCg-m_R,Kenyon_Cell,,cb_intrinsic,14292,KCg-m,KCg-m,,VFB_jrmc2d7b,R,,,Roughly traced,
49019,celltype_prediction_only,acetylcholine,dopamine,0.6994758909853249,dopamine,0.7466425378182228,KCg-m,KCg-m,KCg-m_R,Kenyon_Cell,,cb_intrinsic,14292,KCg-m,KCg-m,,VFB_jrmc2kmz,R,,,Roughly traced,
49073,celltype_prediction_only,acetylcholine,dopamine,0.7622362149440292,dopamine,0.7466425378182228,KCg-m,KCg-m,KCg-m_R,Kenyon_Cell,,cb_intrinsic,14292,KCg-m,KCg-m,,VFB_jrmc2kvp,R,,,Roughly traced,
49124,celltype_prediction_only,acetylcholine,dopamine,0.798572231528831,dopamine,0.7466425378182228,KCg-m,KCg-m,KCg-m_L,Kenyon_Cell,,cb_intrinsic,14292,KCg-m,KCg-m,,VFB_jrmc2kut,L,,,Roughly traced,
49160,celltype_prediction_only,acetylcholine,dopamine,0.7325811977846616,dopamine,0.7466425378182228,KCg-m,KCg-m,KCg-m_L,Kenyon_Cell,,cb_intrinsic,14292,KCg-m,KCg-m,,VFB_jrmc2kak,L,,,Roughly traced,
49254,celltype_prediction_only,acetylcholine,dopamine,0.6809589070202278,dopamine,0.7466425378182228,KCg-m,KCg-m,KCg-m_R,Kenyon_Cell,,cb_intrinsic,14292,KCg-m,KCg-m,,VFB_jrmc2kji,R,,,Roughly traced,
49279,celltype_prediction_only,acetylcholine,dopamine,0.7616810796645702,dopamine,0.7466425378182228,KCg-m,KCg-m,KCg-m_R,Kenyon_Cell,,cb_intrinsic,14292,KCg-m,KCg-m,,VFB_jrmc2kn0,R,,,Roughly traced,
49526,celltype_prediction_only,acetylcholine,dopamine,0.7600867587601078,dopamine,0.7466425378182228,KCg-m,KCg-m,KCg-m_L,Kenyon_Cell,,cb_intrinsic,14292,KCg-m,KCg-m,,VFB_jrmc2d8v,L,,,Roughly traced,
49544,celltype_prediction_only,acetylcholine,dopamine,0.8177270047169811,dopamine,0.7466425378182228,KCg-m,KCg-m,KCg-m_L,Kenyon_Cell,,cb_intrinsic,14292,KCg-m,KCg-m,,VFB_jrmc2kal,L,,,Roughly traced,
49545,celltype_prediction_only,acetylcholine,dopamine,0.7719608068722197,dopamine,0.7466425378182228,KCg-m,KCg-m,KCg-m_L,Kenyon_Cell,,cb_intrinsic,14292,KCg-m,KCg-m,,VFB_jrmc2kam,L,,,Roughly traced,
49569,celltype_prediction_only,acetylcholine,dopamine,0.6812321884827045,dopamine,0.7466425378182228,KCg-m,KCg-m,KCg-m_R,Kenyon_Cell,,cb_intrinsic,14292,KCg-m,KCg-m,,VFB_jrmc2dcy,R,,,Roughly traced,
49632,celltype_prediction_only,acetylcholine,dopamine,0.7818953429942294,dopamine,0.7466425378182228,KCg-m,KCg-m,KCg-m_R,Kenyon_Cell,,cb_intrinsic,14292,KCg-m,KCg-m,,VFB_jrmc2k6e,R,,,Roughly traced,
49687,celltype_prediction_only,acetylcholine,dopamine,0.7727157370092202,dopamine,0.7466425378182228,KCg-m,KCg-m,KCg-m_R,Kenyon_Cell,,cb_intrinsic,14292,KCg-m,KCg-m,,VFB_jrmc2kjj,R,,,Roughly traced,
49752,celltype_prediction_only,acetylcholine,dopamine,0.7481683866300529,dopamine,0.7466425378182228,KCg-m,KCg-m,KCg-m_R,Kenyon_Cell,,cb_intrinsic,14292,KCg-m,KCg-m,,VFB_jrmc2d9u,R,,,Roughly traced,
49805,celltype_prediction_only,acetylcholine,dopamine,0.7514644386457916,dopamine,0.7466425378182228,KCg-m,KCg-m,KCg-m_R,Kenyon_Cell,,cb_intrinsic,14292,KCg-m,KCg-m,,VFB_jrmc2kjk,R,,,Roughly traced,
49867,celltype_prediction_only,acetylcholine,dopamine,0.7775724177552008,dopamine,0.7466425378182228,KCg-m,KCg-m,KCg-m_L,Kenyon_Cell,,cb_intrinsic,14292,KCg-m,KCg-m,,VFB_jrmc2dbr,L,,,Roughly traced,
49903,celltype_prediction_only,acetylcholine,dopamine,0.7222834257420281,dopamine,0.7466425378182228,KCg-m,KCg-m,KCg-m_R,Kenyon_Cell,,cb_intrinsic,14292,KCg-m,KCg-m,,VFB_jrmc2kn1,R,,,Roughly traced,
49987,celltype_prediction_only,acetylcholine,dopamine,0.7564034018228333,dopamine,0.7466425378182228,KCg-m,KCg-m,KCg-m_R,Kenyon_Cell,,cb_intrinsic,14292,KCg-m,KCg-m,,VFB_jrmc2d5j,R,,,Roughly traced,
50035,celltype_prediction_only,acetylcholine,dopamine,0.6595706147716421,dopamine,0.7466425378182228,KCg-m,KCg-m,KCg-m_R,Kenyon_Cell,,cb_intrinsic,14292,KCg-m,KCg-m,,VFB_jrmc2kjl,R,,,Roughly traced,
50185,celltype_prediction_only,acetylcholine,dopamine,0.6627004716981132,dopamine,0.7466425378182228,KCg-m,KCg-m,KCg-m_R,Kenyon_Cell,,cb_intrinsic,14292,KCg-m,KCg-m,,VFB_jrmc2k6f,R,,,Roughly traced,
50256,celltype_prediction_only,acetylcholine,dopamine,0.7754377129192872,dopamine,0.7466425378182228,KCg-m,KCg-m,KCg-m_R,Kenyon_Cell,,cb_intrinsic,14292,KCg-m,KCg-m,,VFB_jrmc2kjm,R,,,Roughly traced,
50291,celltype_prediction_only,acetylcholine,dopamine,0.7483508433390509,dopamine,0.7466425378182228,KCg-m,KCg-m,KCg-m_R,Kenyon_Cell,,cb_intrinsic,14292,KCg-m,KCg-m,,VFB_jrmc2kjn,R,,,Roughly traced,
50304,celltype_prediction_only,acetylcholine,dopamine,0.7093860254640282,dopamine,0.7466425378182228,KCg-m,KCg-m,KCg-m_R,Kenyon_Cell,,cb_intrinsic,14292,KCg-m,KCg-m,,VFB_jrmc2kn2,R,,,Roughly traced,
50411,celltype_prediction_only,acetylcholine,dopamine,0.7319613821138212,dopamine,0.7466425378182228,KCg-m,KCg-m,KCg-m_L,Kenyon_Cell,,cb_intrinsic,14292,KCg-m,KCg-m,,VFB_jrmc2d65,L,,,Roughly traced,
50568,celltype_prediction_only,acetylcholine,dopamine,0.7297942995728016,dopamine,0.7466425378182228,KCg-m,KCg-m,KCg-m_L,Kenyon_Cell,,cb_intrinsic,14292,KCg-m,KCg-m,,VFB_jrmc2dee,L,,,Roughly traced,
50591,celltype_prediction_only,acetylcholine,dopamine,0.8136521039233303,dopamine,0.7466425378182228,KCg-m,KCg-m,KCg-m_L,Kenyon_Cell,,cb_intrinsic,14292,KCg-m,KCg-m,,VFB_jrmc2kuu,L,,,Roughly traced,
50744,celltype_prediction_only,acetylcholine,dopamine,0.7718910985746341,dopamine,0.7466425378182228,KCg-m,KCg-m,KCg-m_R,Kenyon_Cell,,cb_intrinsic,14292,KCg-m,KCg-m,,VFB_jrmc2kjo,R,,,Roughly traced,
50791,celltype_prediction_only,acetylcholine,dopamine,0.7584670929088796,dopamine,0.7466425378182228,KCg-m,KCg-m,KCg-m_L,Kenyon_Cell,,cb_intrinsic,14292,KCg-m,KCg-m,,VFB_jrmc2kan,L,,,Roughly traced,
50820,celltype_prediction_only,acetylcholine,dopamine,0.7305273343009193,dopamine,0.7466425378182228,KCg-m,KCg-m,KCg-m_L,Kenyon_Cell,,cb_intrinsic,14292,KCg-m,KCg-m,,VFB_jrmc2dc4,L,,,Roughly traced,
50839,celltype_prediction_only,acetylcholine,dopamine,0.7446642790589331,dopamine,0.7466425378182228,KCg-m,KCg-m,KCg-m_R,Kenyon_Cell,,cb_intrinsic,14292,KCg-m,KCg-m,,VFB_jrmc2dcc,R,,,Roughly traced,
51053,celltype_prediction_only,acetylcholine,dopamine,0.7549036400688661,dopamine,0.7466425378182228,KCg-m,KCg-m,KCg-m_L,Kenyon_Cell,,cb_intrinsic,14292,KCg-m,KCg-m,,VFB_jrmc2kao,L,,,Roughly traced,
51055,celltype_prediction_only,acetylcholine,dopamine,0.7817989915940977,dopamine,0.7466425378182228,KCg-m,KCg-m,KCg-m_L,Kenyon_Cell,,cb_intrinsic,14292,KCg-m,KCg-m,,VFB_jrmc2d9h,L,,,Roughly traced,
51093,celltype_prediction_only,acetylcholine,dopamine,0.747336824049833,dopamine,0.7466425378182228,KCg-m,KCg-m,KCg-m_R,Kenyon_Cell,,cb_intrinsic,14292,KCg-m,KCg-m,,VFB_jrmc2kqv,R,,,Roughly traced,
51095,celltype_prediction_only,acetylcholine,dopamine,0.755500960866527,dopamine,0.7466425378182228,KCg-m,KCg-m,KCg-m_R,Kenyon_Cell,,cb_intrinsic,14292,KCg-m,KCg-m,,VFB_jrmc2dao,R,,,Roughly traced,
51113,celltype_prediction_only,acetylcholine,dopamine,0.7295113393438052,dopamine,0.7466425378182228,KCg-m,KCg-m,KCg-m_R,Kenyon_Cell,,cb_intrinsic,14292,KCg-m,KCg-m,,VFB_jrmc2dcd,R,,,Roughly traced,
51121,celltype_prediction_only,acetylcholine,dopamine,0.7651347044701428,dopamine,0.7466425378182228,KCg-m,KCg-m,KCg-m_R,Kenyon_Cell,,cb_intrinsic,14292,KCg-m,KCg-m,,VFB_jrmc2k6g,R,,,Roughly traced,
51195,celltype_prediction_only,acetylcholine,dopamine,0.6656331492560208,dopamine,0.7466425378182228,KCg-m,KCg-m,KCg-m_R,Kenyon_Cell,,cb_intrinsic,14292,KCg-m,KCg-m,,VFB_jrmc2dap,R,,,Roughly traced,
51330,celltype_prediction_only,acetylcholine,dopamine,0.7102917937233976,dopamine,0.7466425378182228,KCg-m,KCg-m,KCg-m_L,Kenyon_Cell,,cb_intrinsic,14292,KCg-m,KCg-m,,VFB_jrmc2kap,L,,,Roughly traced,
51354,celltype_prediction_only,acetylcholine,dopamine,0.7726229992346345,dopamine,0.7466425378182228,KCg-m,KCg-m,KCg-m_R,Kenyon_Cell,,cb_intrinsic,14292,KCg-m,KCg-m,,VFB_jrmc2kn3,R,,,Roughly traced,
51391,celltype_prediction_only,acetylcholine,dopamine,0.6989735752791683,dopamine,0.7466425378182228,KCg-m,KCg-m,KCg-m_R,Kenyon_Cell,,cb_intrinsic,14292,KCg-m,KCg-m,,VFB_jrmc2kn4,R,,,Roughly traced,
51408,celltype_prediction_only,acetylcholine,dopamine,0.7259528775955248,dopamine,0.7466425378182228,KCg-m,KCg-m,KCg-m_R,Kenyon_Cell,,cb_intrinsic,14292,KCg-m,KCg-m,,VFB_jrmc2k6h,R,,,Roughly traced,
51428,celltype_prediction_only,acetylcholine,dopamine,0.7300400796449773,dopamine,0.7466425378182228,KCg-m,KCg-m,KCg-m_R,Kenyon_Cell,,cb_intrinsic,14292,KCg-m,KCg-m,,VFB_jrmc2d6s,R,,,Roughly traced,
51430,celltype_prediction_only,acetylcholine,dopamine,0.692365790655885,dopamine,0.7466425378182228,KCg-m,KCg-m,KCg-m_R,Kenyon_Cell,,cb_intrinsic,14292,KCg-m,KCg-m,,VFB_jrmc2daq,R,,,Roughly traced,
51459,celltype_prediction_only,acetylcholine,dopamine,0.772329074024862,dopamine,0.7466425378182228,KCg-m,KCg-m,KCg-m_L,Kenyon_Cell,,cb_intrinsic,14292,KCg-m,KCg-m,,VFB_jrmc2dfa,L,,,Roughly traced,
51516,celltype_prediction_only,acetylcholine,dopamine,0.7039806216865884,dopamine,0.7466425378182228,KCg-m,KCg-m,KCg-m_R,Kenyon_Cell,,cb_intrinsic,14292,KCg-m,KCg-m,,VFB_jrmc2k6i,R,,,Roughly traced,
51535,celltype_prediction_only,acetylcholine,dopamine,0.6581442128738287,dopamine,0.7466425378182228,KCg-m,KCg-m,KCg-m_L,Kenyon_Cell,,cb_intrinsic,14292,KCg-m,KCg-m,,VFB_jrmc2kaq,L,,,Roughly traced,
51552,celltype_prediction_only,acetylcholine,dopamine,0.6936324936437843,dopamine,0.7466425378182228,KCg-m,KCg-m,KCg-m_L,Kenyon_Cell,,cb_intrinsic,14292,KCg-m,KCg-m,,VFB_jrmc2kar,L,,,Roughly traced,
51553,celltype_prediction_only,acetylcholine,dopamine,0.7010394828791056,dopamine,0.7466425378182228,KCg-m,KCg-m,KCg-m_L,Kenyon_Cell,,cb_intrinsic,14292,KCg-m,KCg-m,,VFB_jrmc2kuv,L,,,Roughly traced,
51583,celltype_prediction_only,acetylcholine,dopamine,0.7939826308433557,dopamine,0.7466425378182228,KCg-m,KCg-m,KCg-m_L,Kenyon_Cell,,cb_intrinsic,14292,KCg-m,KCg-m,,VFB_jrmc2key,L,,,Roughly traced,
51667,celltype_prediction_only,acetylcholine,dopamine,0.7470995330665142,dopamine,0.7466425378182228,KCg-m,KCg-m,KCg-m_R,Kenyon_Cell,,cb_intrinsic,14292,KCg-m,KCg-m,,VFB_jrmc2dcz,R,,,Prelim Roughly traced,
51742,celltype_prediction_only,acetylcholine,dopamine,0.7646412928378898,dopamine,0.7466425378182228,KCg-m,KCg-m,KCg-m_L,Kenyon_Cell,,cb_intrinsic,14292,KCg-m,KCg-m,,VFB_jrmc2krg,L,,,Roughly traced,
51751,celltype_prediction_only,acetylcholine,dopamine,0.6978981687014428,dopamine,0.7466425378182228,KCg-m,KCg-m,KCg-m_L,Kenyon_Cell,,cb_intrinsic,14292,KCg-m,KCg-m,,VFB_jrmc2kas,L,,,Roughly traced,
51855,celltype_prediction_only,acetylcholine,dopamine,0.673274137555265,dopamine,0.7466425378182228,KCg-m,KCg-m,KCg-m_R,Kenyon_Cell,,cb_intrinsic,14292,KCg-m,KCg-m,,VFB_jrmc2kjp,R,,,Roughly traced,
51865,celltype_prediction_only,acetylcholine,dopamine,0.6930767161066828,dopamine,0.7466425378182228,KCg-m,KCg-m,KCg-m_L,Kenyon_Cell,,cb_intrinsic,14292,KCg-m,KCg-m,,VFB_jrmc2kez,L,,,Roughly traced,
51866,celltype_prediction_only,acetylcholine,dopamine,0.7298695665644267,dopamine,0.7466425378182228,KCg-m,KCg-m,KCg-m_R,Kenyon_Cell,,cb_intrinsic,14292,KCg-m,KCg-m,,VFB_jrmc2kn5,R,,,Roughly traced,
51883,celltype_prediction_only,acetylcholine,dopamine,0.7400801960265679,dopamine,0.7466425378182228,KCg-m,KCg-m,KCg-m_R,Kenyon_Cell,,cb_intrinsic,14292,KCg-m,KCg-m,,VFB_jrmc2d5k,R,,,Roughly traced,
51937,celltype_prediction_only,acetylcholine,dopamine,0.7562745147764929,dopamine,0.7466425378182228,KCg-m,KCg-m,KCg-m_L,Kenyon_Cell,,cb_intrinsic,14292,KCg-m,KCg-m,,VFB_jrmc2ddi,L,,,Roughly traced,
52022,celltype_prediction_only,acetylcholine,dopamine,0.7234430370654152,dopamine,0.7466425378182228,KCg-m,KCg-m,KCg-m_R,Kenyon_Cell,,cb_intrinsic,14292,KCg-m,KCg-m,,VFB_jrmc2kn6,R,,,Roughly traced,
52156,celltype_prediction_only,acetylcholine,dopamine,0.7505350851196944,dopamine,0.7466425378182228,KCg-m,KCg-m,KCg-m_R,Kenyon_Cell,,cb_intrinsic,14292,KCg-m,KCg-m,,VFB_jrmc2dej,R,,,Roughly traced,
52220,celltype_prediction_only,acetylcholine,dopamine,0.7459162142518098,dopamine,0.7466425378182228,KCg-m,KCg-m,KCg-m_R,Kenyon_Cell,,cb_intrinsic,14292,KCg-m,KCg-m,,VFB_jrmc2kjq,R,,,Roughly traced,
52318,celltype_prediction_only,acetylcholine,dopamine,0.7012193639369773,dopamine,0.7466425378182228,KCg-m,KCg-m,KCg-m_L,Kenyon_Cell,,cb_intrinsic,14292,KCg-m,KCg-m,,VFB_jrmc2kat,L,,,Roughly traced,
52402,celltype_prediction_only,acetylcholine,dopamine,0.7296915076771723,dopamine,0.7466425378182228,KCg-m,KCg-m,KCg-m_R,Kenyon_Cell,,cb_intrinsic,14292,KCg-m,KCg-m,,VFB_jrmc2kn7,R,,,Roughly traced,
52518,celltype_prediction_only,acetylcholine,dopamine,0.7077810030640219,dopamine,0.7466425378182228,KCg-m,KCg-m,KCg-m_R,Kenyon_Cell,,cb_intrinsic,14292,KCg-m,KCg-m,,VFB_jrmc2d85,R,,,Roughly traced,
52564,celltype_prediction_only,acetylcholine,dopamine,0.7368194772012578,dopamine,0.7466425378182228,KCg-m,KCg-m,KCg-m_L,Kenyon_Cell,,cb_intrinsic,14292,KCg-m,KCg-m,,VFB_jrmc2ksf,L,,,Roughly traced,
52575,celltype_prediction_only,acetylcholine,dopamine,0.777241325616018,dopamine,0.7466425378182228,KCg-m,KCg-m,KCg-m_R,Kenyon_Cell,,cb_intrinsic,14292,KCg-m,KCg-m,,VFB_jrmc2kn8,R,,,Roughly traced,
52773,celltype_prediction_only,acetylcholine,dopamine,0.7254106617995638,dopamine,0.7466425378182228,KCg-m,KCg-m,KCg-m_R,Kenyon_Cell,,cb_intrinsic,14292,KCg-m,KCg-m,,VFB_jrmc2kn9,R,,,Roughly traced,
52856,celltype_prediction_only,acetylcholine,dopamine,0.7627873240491165,dopamine,0.7466425378182228,KCg-m,KCg-m,KCg-m_L,Kenyon_Cell,,cb_intrinsic,14292,KCg-m,KCg-m,,VFB_jrmc2d66,L,,,Roughly traced,
52938,celltype_prediction_only,acetylcholine,dopamine,0.7332709027007029,dopamine,0.7466425378182228,KCg-m,KCg-m,KCg-m_L,Kenyon_Cell,,cb_intrinsic,14292,KCg-m,KCg-m,,VFB_jrmc2kau,L,,,Roughly traced,
53050,celltype_prediction_only,acetylcholine,dopamine,0.7394055531732419,dopamine,0.7466425378182228,KCg-m,KCg-m,KCg-m_R,Kenyon_Cell,,cb_intrinsic,14292,KCg-m,KCg-m,,VFB_jrmc2dek,R,,,Roughly traced,
53099,celltype_prediction_only,acetylcholine,dopamine,0.7530652230586242,dopamine,0.7466425378182228,KCg-m,KCg-m,KCg-m_R,Kenyon_Cell,,cb_intrinsic,14292,KCg-m,KCg-m,,VFB_jrmc2dct,R,,,Roughly traced,
53144,celltype_prediction_only,acetylcholine,dopamine,0.7408691604868738,dopamine,0.7466425378182228,KCg-m,KCg-m,KCg-m_R,Kenyon_Cell,,cb_intrinsic,14292,KCg-m,KCg-m,,VFB_jrmc2d5l,R,,,Roughly traced,
53154,celltype_prediction_only,acetylcholine,dopamine,0.7689023890428925,dopamine,0.7466425378182228,KCg-m,KCg-m,KCg-m_R,Kenyon_Cell,,cb_intrinsic,14292,KCg-m,KCg-m,,VFB_jrmc2kjr,R,,,Roughly traced,
53173,celltype_prediction_only,acetylcholine,dopamine,0.7963745906153088,dopamine,0.7466425378182228,KCg-m,KCg-m,KCg-m_R,Kenyon_Cell,,cb_intrinsic,14292,KCg-m,KCg-m,,VFB_jrmc2d9v,R,,,Roughly traced,
53178,celltype_prediction_only,acetylcholine,dopamine,0.7453413148918027,dopamine,0.7466425378182228,KCg-m,KCg-m,KCg-m_R,Kenyon_Cell,,cb_intrinsic,14292,KCg-m,KCg-m,,VFB_jrmc2d86,R,,,Roughly traced,
53267,celltype_prediction_only,acetylcholine,dopamine,0.7466360176829824,dopamine,0.7466425378182228,KCg-m,KCg-m,KCg-m_R,Kenyon_Cell,,cb_intrinsic,14292,KCg-m,KCg-m,,VFB_jrmc2d87,R,,,Roughly traced,
53383,celltype_prediction_only,acetylcholine,dopamine,0.7261954310025898,dopamine,0.7466425378182228,KCg-m,KCg-m,KCg-m_R,Kenyon_Cell,,cb_intrinsic,14292,KCg-m,KCg-m,,VFB_jrmc2da5,R,,,Roughly traced,
53472,celltype_prediction_only,acetylcholine,dopamine,0.705698517965004,dopamine,0.7466425378182228,KCg-m,KCg-m,KCg-m_R,Kenyon_Cell,,cb_intrinsic,14292,KCg-m,KCg-m,,VFB_jrmc2d88,R,,,Roughly traced,
53633,celltype_prediction_only,acetylcholine,dopamine,0.7659544950055494,dopamine,0.7466425378182228,KCg-m,KCg-m,KCg-m_R,Kenyon_Cell,,cb_intrinsic,14292,KCg-m,KCg-m,,VFB_jrmc2kjs,R,,,Roughly traced,
53655,celltype_prediction_only,acetylcholine,dopamine,0.7707625786163521,dopamine,0.7466425378182228,KCg-m,KCg-m,KCg-m_R,Kenyon_Cell,,cb_intrinsic,14292,KCg-m,KCg-m,,VFB_jrmc2d5m,R,,,Roughly traced,
53688,celltype_prediction_only,acetylcholine,dopamine,0.7630247641509433,dopamine,0.7466425378182228,KCg-m,KCg-m,KCg-m_R,Kenyon_Cell,,cb_intrinsic,14292,KCg-m,KCg-m,,VFB_jrmc2d5n,R,,,Roughly traced,
53756,celltype_prediction_only,acetylcholine,dopamine,0.8015122728860937,dopamine,0.7466425378182228,KCg-m,KCg-m,KCg-m_L,Kenyon_Cell,,cb_intrinsic,14292,KCg-m,KCg-m,,VFB_jrmc2ku1,L,,,Roughly traced,
53836,celltype_prediction_only,acetylcholine,dopamine,0.7478928549830672,dopamine,0.7466425378182228,KCg-m,KCg-m,KCg-m_R,Kenyon_Cell,,cb_intrinsic,14292,KCg-m,KCg-m,,VFB_jrmc2kjt,R,,,Roughly traced,
53947,celltype_prediction_only,acetylcholine,dopamine,0.7415552316957399,dopamine,0.7466425378182228,KCg-m,KCg-m,KCg-m_R,Kenyon_Cell,,cb_intrinsic,14292,KCg-m,KCg-m,,VFB_jrmc2k6j,R,,,Roughly traced,
53987,celltype_prediction_only,acetylcholine,dopamine,0.776135569531796,dopamine,0.7466425378182228,KCg-m,KCg-m,KCg-m_L,Kenyon_Cell,,cb_intrinsic,14292,KCg-m,KCg-m,,VFB_jrmc2d9i,L,,,Roughly traced,
53994,celltype_prediction_only,acetylcholine,dopamine,0.7300619233646414,dopamine,0.7466425378182228,KCg-m,KCg-m,KCg-m_R,Kenyon_Cell,,cb_intrinsic,14292,KCg-m,KCg-m,,VFB_jrmc2d7c,R,,,Roughly traced,
54202,celltype_prediction_only,acetylcholine,dopamine,0.7425199468085106,dopamine,0.7466425378182228,KCg-m,KCg-m,KCg-m_L,Kenyon_Cell,,cb_intrinsic,14292,KCg-m,KCg-m,,VFB_jrmc2kav,L,,,Roughly traced,
54255,celltype_prediction_only,acetylcholine,dopamine,0.7407337029419655,dopamine,0.7466425378182228,KCg-m,KCg-m,KCg-m_L,Kenyon_Cell,,cb_intrinsic,14292,KCg-m,KCg-m,,VFB_jrmc2kf0,L,,,Roughly traced,
54345,celltype_prediction_only,acetylcholine,dopamine,0.7944152760658638,dopamine,0.7466425378182228,KCg-m,KCg-m,KCg-m_R,Kenyon_Cell,,cb_intrinsic,14292,KCg-m,KCg-m,,VFB_jrmc2kqs,R,,,Roughly traced,
54455,celltype_prediction_only,acetylcholine,dopamine,0.7289568331662261,dopamine,0.7466425378182228,KCg-m,KCg-m,KCg-m_R,Kenyon_Cell,,cb_intrinsic,14292,KCg-m,KCg-m,,VFB_jrmc2k6k,R,,,Roughly traced,
54746,celltype_prediction_only,acetylcholine,dopamine,0.6878513912712025,dopamine,0.7466425378182228,KCg-m,KCg-m,KCg-m_R,Kenyon_Cell,,cb_intrinsic,14292,KCg-m,KCg-m,,VFB_jrmc2dar,R,,,Roughly traced,
54936,celltype_prediction_only,acetylcholine,dopamine,0.7570260895673335,dopamine,0.7466425378182228,KCg-m,KCg-m,KCg-m_R,Kenyon_Cell,,cb_intrinsic,14292,KCg-m,KCg-m,,VFB_jrmc2kju,R,,,Prelim Roughly traced,
55062,celltype_prediction_only,acetylcholine,dopamine,0.758335349137236,dopamine,0.7466425378182228,KCg-m,KCg-m,KCg-m_R,Kenyon_Cell,,cb_intrinsic,14292,KCg-m,KCg-m,,VFB_jrmc2kjv,R,,,Roughly traced,
55278,celltype_prediction_only,acetylcholine,dopamine,0.7525590019693793,dopamine,0.7466425378182228,KCg-m,KCg-m,KCg-m_R,Kenyon_Cell,,cb_intrinsic,14292,KCg-m,KCg-m,,VFB_jrmc2kna,R,,,Roughly traced,
55542,celltype_prediction_only,acetylcholine,dopamine,0.7647221705858661,dopamine,0.7466425378182228,KCg-m,KCg-m,KCg-m_L,Kenyon_Cell,,cb_intrinsic,14292,KCg-m,KCg-m,,VFB_jrmc2kf1,L,,,Roughly traced,
55670,celltype_prediction_only,acetylcholine,dopamine,0.7191357637494983,dopamine,0.7466425378182228,KCg-m,KCg-m,KCg-m_R,Kenyon_Cell,,cb_intrinsic,14292,KCg-m,KCg-m,,VFB_jrmc2k6l,R,,,Roughly traced,
55850,celltype_prediction_only,acetylcholine,dopamine,0.77437106918239,dopamine,0.7466425378182228,KCg-m,KCg-m,KCg-m_R,Kenyon_Cell,,cb_intrinsic,14292,KCg-m,KCg-m,,VFB_jrmc2knb,R,,,Roughly traced,
55853,celltype_prediction_only,acetylcholine,dopamine,0.7436283034750016,dopamine,0.7466425378182228,KCg-m,KCg-m,KCg-m_L,Kenyon_Cell,,cb_intrinsic,14292,KCg-m,KCg-m,,VFB_jrmc2kf2,L,,,Roughly traced,
55857,celltype_prediction_only,acetylcholine,dopamine,0.7243075273249069,dopamine,0.7466425378182228,KCg-m,KCg-m,KCg-m_R,Kenyon_Cell,,cb_intrinsic,14292,KCg-m,KCg-m,,VFB_jrmc2k6m,R,,,Roughly traced,
55998,celltype_prediction_only,acetylcholine,dopamine,0.7488967370161447,dopamine,0.7466425378182228,KCg-m,KCg-m,KCg-m_R,Kenyon_Cell,,cb_intrinsic,14292,KCg-m,KCg-m,,VFB_jrmc2das,R,,,Roughly traced,
56223,celltype_prediction_only,acetylcholine,dopamine,0.667413708307252,dopamine,0.7466425378182228,KCg-m,KCg-m,KCg-m_R,Kenyon_Cell,,cb_intrinsic,14292,KCg-m,KCg-m,,VFB_jrmc2k6n,R,,,Prelim Roughly traced,
56251,celltype_prediction_only,acetylcholine,dopamine,0.7634291183687283,dopamine,0.7466425378182228,KCg-m,KCg-m,KCg-m_L,Kenyon_Cell,,cb_intrinsic,14292,KCg-m,KCg-m,,VFB_jrmc2d97,L,,,Roughly traced,
56297,celltype_prediction_only,acetylcholine,dopamine,0.739866352201258,dopamine,0.7466425378182228,KCg-m,KCg-m,KCg-m_R,Kenyon_Cell,,cb_intrinsic,14292,KCg-m,KCg-m,,VFB_jrmc2df1,R,,,Roughly traced,
56315,celltype_prediction_only,acetylcholine,dopamine,0.7056786342364899,dopamine,0.7466425378182228,KCg-m,KCg-m,KCg-m_R,Kenyon_Cell,,cb_intrinsic,14292,KCg-m,KCg-m,,VFB_jrmc2knc,R,,,Roughly traced,
56424,celltype_prediction_only,acetylcholine,dopamine,0.7339561153859668,dopamine,0.7466425378182228,KCg-m,KCg-m,KCg-m_R,Kenyon_Cell,,cb_intrinsic,14292,KCg-m,KCg-m,,VFB_jrmc2k6o,R,,,Roughly traced,
56430,celltype_prediction_only,acetylcholine,dopamine,0.7322422074780566,dopamine,0.7466425378182228,KCg-m,KCg-m,KCg-m_R,Kenyon_Cell,,cb_intrinsic,14292,KCg-m,KCg-m,,VFB_jrmc2knd,R,,,Roughly traced,
56650,celltype_prediction_only,acetylcholine,dopamine,0.7256929966294868,dopamine,0.7466425378182228,KCg-m,KCg-m,KCg-m_L,Kenyon_Cell,,cb_intrinsic,14292,KCg-m,KCg-m,,VFB_jrmc2kf3,L,,,Roughly traced,
56666,celltype_prediction_only,acetylcholine,dopamine,0.7400139365351629,dopamine,0.7466425378182228,KCg-m,KCg-m,KCg-m_R,Kenyon_Cell,,cb_intrinsic,14292,KCg-m,KCg-m,,VFB_jrmc2kjw,R,,,Roughly traced,
56866,celltype_prediction_only,acetylcholine,dopamine,0.7345922868623341,dopamine,0.7466425378182228,KCg-m,KCg-m,KCg-m_L,Kenyon_Cell,,cb_intrinsic,14292,KCg-m,KCg-m,,VFB_jrmc2d8w,L,,,Roughly traced,
57075,celltype_prediction_only,acetylcholine,dopamine,0.7773782369268019,dopamine,0.7466425378182228,KCg-m,KCg-m,KCg-m_R,Kenyon_Cell,,cb_intrinsic,14292,KCg-m,KCg-m,,VFB_jrmc2kjx,R,,,Roughly traced,
57152,celltype_prediction_only,acetylcholine,dopamine,0.7752585878669938,dopamine,0.7466425378182228,KCg-m,KCg-m,KCg-m_L,Kenyon_Cell,,cb_intrinsic,14292,KCg-m,KCg-m,,VFB_jrmc2dfv,L,,,Roughly traced,
57171,celltype_prediction_only,acetylcholine,dopamine,0.657690644654088,dopamine,0.7466425378182228,KCg-m,KCg-m,KCg-m_R,Kenyon_Cell,,cb_intrinsic,14292,KCg-m,KCg-m,,VFB_jrmc2df3,R,,,Roughly traced,
57179,celltype_prediction_only,acetylcholine,dopamine,0.7755408736370877,dopamine,0.7466425378182228,KCg-m,KCg-m,KCg-m_R,Kenyon_Cell,,cb_intrinsic,14292,KCg-m,KCg-m,,VFB_jrmc2d5o,R,,,Roughly traced,
57314,celltype_prediction_only,acetylcholine,dopamine,0.7544920836071216,dopamine,0.7466425378182228,KCg-m,KCg-m,KCg-m_R,Kenyon_Cell,,cb_intrinsic,14292,KCg-m,KCg-m,,VFB_jrmc2d5p,R,,,Roughly traced,
57355,celltype_prediction_only,acetylcholine,dopamine,0.7040240699852803,dopamine,0.7466425378182228,KCg-m,KCg-m,KCg-m_R,Kenyon_Cell,,cb_intrinsic,14292,KCg-m,KCg-m,,VFB_jrmc2d5q,R,,,Roughly traced,
57356,celltype_prediction_only,acetylcholine,dopamine,0.7533838308209376,dopamine,0.7466425378182228,KCg-m,KCg-m,KCg-m_R,Kenyon_Cell,,cb_intrinsic,14292,KCg-m,KCg-m,,VFB_jrmc2d9w,R,,,Roughly traced,
57532,celltype_prediction_only,acetylcholine,dopamine,0.7004238099798871,dopamine,0.7466425378182228,KCg-m,KCg-m,KCg-m_R,Kenyon_Cell,,cb_intrinsic,14292,KCg-m,KCg-m,,VFB_jrmc2dfu,R,,,Roughly traced,
57568,celltype_prediction_only,acetylcholine,dopamine,0.7861929018349217,dopamine,0.7466425378182228,KCg-m,KCg-m,KCg-m_R,Kenyon_Cell,,cb_intrinsic,14292,KCg-m,KCg-m,,VFB_jrmc2kne,R,,,Roughly traced,
57669,celltype_prediction_only,acetylcholine,dopamine,0.746046395041473,dopamine,0.7466425378182228,KCg-m,KCg-m,KCg-m_R,Kenyon_Cell,,cb_intrinsic,14292,KCg-m,KCg-m,,VFB_jrmc2df8,R,,,Roughly traced,
57684,celltype_prediction_only,acetylcholine,dopamine,0.746643686502177,dopamine,0.7466425378182228,KCg-m,KCg-m,KCg-m_R,Kenyon_Cell,,cb_intrinsic,14292,KCg-m,KCg-m,,VFB_jrmc2kjy,R,,,Roughly traced,
57770,celltype_prediction_only,acetylcholine,dopamine,0.777096505754048,dopamine,0.7466425378182228,KCg-m,KCg-m,KCg-m_L,Kenyon_Cell,,cb_intrinsic,14292,KCg-m,KCg-m,,VFB_jrmc2kf4,L,,,Roughly traced,
57806,celltype_prediction_only,acetylcholine,dopamine,0.7224804229868047,dopamine,0.7466425378182228,KCg-m,KCg-m,KCg-m_L,Kenyon_Cell,,cb_intrinsic,14292,KCg-m,KCg-m,,VFB_jrmc2kt6,L,,,Roughly traced,
57978,celltype_prediction_only,acetylcholine,dopamine,0.7914096516690856,dopamine,0.7466425378182228,KCg-m,KCg-m,KCg-m_R,Kenyon_Cell,,cb_intrinsic,14292,KCg-m,KCg-m,,VFB_jrmc2k6p,R,,,Roughly traced,
58013,celltype_prediction_only,acetylcholine,dopamine,0.7070509040880504,dopamine,0.7466425378182228,KCg-m,KCg-m,KCg-m_R,Kenyon_Cell,,cb_intrinsic,14292,KCg-m,KCg-m,,VFB_jrmc2d7d,R,,,Roughly traced,
58014,celltype_prediction_only,acetylcholine,dopamine,0.7075680582140795,dopamine,0.7466425378182228,KCg-m,KCg-m,KCg-m_R,Kenyon_Cell,,cb_intrinsic,14292,KCg-m,KCg-m,,VFB_jrmc2d8i,R,,,Roughly traced,
58058,celltype_prediction_only,acetylcholine,dopamine,0.7637726949092204,dopamine,0.7466425378182228,KCg-m,KCg-m,KCg-m_L,Kenyon_Cell,,cb_intrinsic,14292,KCg-m,KCg-m,,VFB_jrmc2d7o,L,,,Roughly traced,
58183,celltype_prediction_only,acetylcholine,dopamine,0.7542711436610394,dopamine,0.7466425378182228,KCg-m,KCg-m,KCg-m_R,Kenyon_Cell,,cb_intrinsic,14292,KCg-m,KCg-m,,VFB_jrmc2knf,R,,,Roughly traced,
58471,celltype_prediction_only,acetylcholine,dopamine,0.7697816506410257,dopamine,0.7466425378182228,KCg-m,KCg-m,KCg-m_L,Kenyon_Cell,,cb_intrinsic,14292,KCg-m,KCg-m,,VFB_jrmc2kp9,L,,,Roughly traced,
58487,celltype_prediction_only,acetylcholine,dopamine,0.7182218650082569,dopamine,0.7466425378182228,KCg-m,KCg-m,KCg-m_R,Kenyon_Cell,,cb_intrinsic,14292,KCg-m,KCg-m,,VFB_jrmc2k6q,R,,,Roughly traced,
58586,celltype_prediction_only,acetylcholine,dopamine,0.7021912104803,dopamine,0.7466425378182228,KCg-m,KCg-m,KCg-m_R,Kenyon_Cell,,cb_intrinsic,14292,KCg-m,KCg-m,,VFB_jrmc2kng,R,,,Roughly traced,
58950,celltype_prediction_only,acetylcholine,dopamine,0.7551664954231272,dopamine,0.7466425378182228,KCg-m,KCg-m,KCg-m_R,Kenyon_Cell,,cb_intrinsic,14292,KCg-m,KCg-m,,VFB_jrmc2dco,R,,,Roughly traced,
58961,celltype_prediction_only,acetylcholine,dopamine,0.738362616121401,dopamine,0.7466425378182228,KCg-m,KCg-m,KCg-m_R,Kenyon_Cell,,cb_intrinsic,14292,KCg-m,KCg-m,,VFB_jrmc2knh,R,,,Roughly traced,
59174,celltype_prediction_only,acetylcholine,dopamine,0.7027445451670706,dopamine,0.7466425378182228,KCg-m,KCg-m,KCg-m_R,Kenyon_Cell,,cb_intrinsic,14292,KCg-m,KCg-m,,VFB_jrmc2da6,R,,,Roughly traced,
59261,celltype_prediction_only,acetylcholine,dopamine,0.7213079943743876,dopamine,0.7466425378182228,KCg-m,KCg-m,KCg-m_R,Kenyon_Cell,,cb_intrinsic,14292,KCg-m,KCg-m,,VFB_jrmc2kmc,R,,,Roughly traced,
59286,celltype_prediction_only,acetylcholine,dopamine,0.7780642094485886,dopamine,0.7466425378182228,KCg-m,KCg-m,KCg-m_R,Kenyon_Cell,,cb_intrinsic,14292,KCg-m,KCg-m,,VFB_jrmc2kjz,R,,,Roughly traced,
59384,celltype_prediction_only,acetylcholine,dopamine,0.7243941916389197,dopamine,0.7466425378182228,KCg-m,KCg-m,KCg-m_R,Kenyon_Cell,,cb_intrinsic,14292,KCg-m,KCg-m,,VFB_jrmc2k6r,R,,,Roughly traced,
59442,celltype_prediction_only,acetylcholine,dopamine,0.7563418592136684,dopamine,0.7466425378182228,KCg-m,KCg-m,KCg-m_R,Kenyon_Cell,,cb_intrinsic,14292,KCg-m,KCg-m,,VFB_jrmc2dba,R,,,Prelim Roughly traced,
59494,celltype_prediction_only,acetylcholine,dopamine,0.7294687393500016,dopamine,0.7466425378182228,KCg-m,KCg-m,KCg-m_R,Kenyon_Cell,,cb_intrinsic,14292,KCg-m,KCg-m,,VFB_jrmc2kni,R,,,Prelim Roughly traced,
59923,celltype_prediction_only,acetylcholine,dopamine,0.7529750894068319,dopamine,0.7466425378182228,KCg-m,KCg-m,KCg-m_R,Kenyon_Cell,,cb_intrinsic,14292,KCg-m,KCg-m,,VFB_jrmc2knj,R,,,Prelim Roughly traced,
59932,celltype_prediction_only,acetylcholine,dopamine,0.6499626474545512,dopamine,0.7466425378182228,KCg-m,KCg-m,KCg-m_R,Kenyon_Cell,,cb_intrinsic,14292,KCg-m,KCg-m,,VFB_jrmc2kk0,R,,,Prelim Roughly traced,
59978,celltype_prediction_only,acetylcholine,dopamine,0.7539046121593291,dopamine,0.7466425378182228,KCg-m,KCg-m,KCg-m_R,Kenyon_Cell,,cb_intrinsic,14292,KCg-m,KCg-m,,VFB_jrmc2d89,R,,,Prelim Roughly traced,
60011,celltype_prediction_only,acetylcholine,dopamine,0.7176727687930519,dopamine,0.7466425378182228,KCg-m,KCg-m,KCg-m_L,Kenyon_Cell,,cb_intrinsic,14292,KCg-m,KCg-m,,VFB_jrmc2kt7,L,,,Roughly traced,
60172,celltype_prediction_only,acetylcholine,dopamine,0.7559511733279232,dopamine,0.7466425378182228,KCg-m,KCg-m,KCg-m_R,Kenyon_Cell,,cb_intrinsic,14292,KCg-m,KCg-m,,VFB_jrmc2knk,R,,,Prelim Roughly traced,
60200,celltype_prediction_only,acetylcholine,dopamine,0.7459857452236858,dopamine,0.7466425378182228,KCg-m,KCg-m,KCg-m_R,Kenyon_Cell,,cb_intrinsic,14292,KCg-m,KCg-m,,VFB_jrmc2knl,R,,,Prelim Roughly traced,
60227,celltype_prediction_only,acetylcholine,dopamine,0.7652042796776729,dopamine,0.7466425378182228,KCg-m,KCg-m,KCg-m_R,Kenyon_Cell,,cb_intrinsic,14292,KCg-m,KCg-m,,VFB_jrmc2knm,R,,,Prelim Roughly traced,
60329,celltype_prediction_only,acetylcholine,dopamine,0.6876695435068076,dopamine,0.7466425378182228,KCg-m,KCg-m,KCg-m_R,Kenyon_Cell,,cb_intrinsic,14292,KCg-m,KCg-m,,VFB_jrmc2dd0,R,,,Prelim Roughly traced,
60388,celltype_prediction_only,acetylcholine,dopamine,0.7709136870634837,dopamine,0.7466425378182228,KCg-m,KCg-m,KCg-m_L,Kenyon_Cell,,cb_intrinsic,14292,KCg-m,KCg-m,,VFB_jrmc2kpa,L,,,Roughly traced,
60471,celltype_prediction_only,acetylcholine,dopamine,0.7915532776971457,dopamine,0.7466425378182228,KCg-m,KCg-m,KCg-m_L,Kenyon_Cell,,cb_intrinsic,14292,KCg-m,KCg-m,,VFB_jrmc2kf5,L,,,Roughly traced,
60516,celltype_prediction_only,acetylcholine,dopamine,0.7176420007861635,dopamine,0.7466425378182228,KCg-m,KCg-m,KCg-m_R,Kenyon_Cell,,cb_intrinsic,14292,KCg-m,KCg-m,,VFB_jrmc2knn,R,,,Prelim Roughly traced,
60545,celltype_prediction_only,acetylcholine,dopamine,0.7026734754661569,dopamine,0.7466425378182228,KCg-m,KCg-m,KCg-m_L,Kenyon_Cell,,cb_intrinsic,14292,KCg-m,KCg-m,,VFB_jrmc2dfd,L,,,Roughly traced,
60739,celltype_prediction_only,acetylcholine,dopamine,0.7395640646195585,dopamine,0.7466425378182228,KCg-m,KCg-m,KCg-m_R,Kenyon_Cell,,cb_intrinsic,14292,KCg-m,KCg-m,,VFB_jrmc2dbb,R,,,Prelim Roughly traced,
60763,celltype_prediction_only,acetylcholine,dopamine,0.7119406144170295,dopamine,0.7466425378182228,KCg-m,KCg-m,KCg-m_R,Kenyon_Cell,,cb_intrinsic,14292,KCg-m,KCg-m,,VFB_jrmc2k6s,R,,,Prelim Roughly traced,
60768,celltype_prediction_only,acetylcholine,dopamine,0.7629815251572327,dopamine,0.7466425378182228,KCg-m,KCg-m,KCg-m_R,Kenyon_Cell,,cb_intrinsic,14292,KCg-m,KCg-m,,VFB_jrmc2d8j,R,,,Prelim Roughly traced,
60834,celltype_prediction_only,acetylcholine,dopamine,0.7630604585108541,dopamine,0.7466425378182228,KCg-m,KCg-m,KCg-m_L,Kenyon_Cell,,cb_intrinsic,14292,KCg-m,KCg-m,,VFB_jrmc2kuw,L,,,Roughly traced,
60957,celltype_prediction_only,acetylcholine,dopamine,0.7808922955974843,dopamine,0.7466425378182228,KCg-m,KCg-m,KCg-m_R,Kenyon_Cell,,cb_intrinsic,14292,KCg-m,KCg-m,,VFB_jrmc2kno,R,,,Prelim Roughly traced,
61113,celltype_prediction_only,acetylcholine,dopamine,0.7115871767994411,dopamine,0.7466425378182228,KCg-m,KCg-m,KCg-m_R,Kenyon_Cell,,cb_intrinsic,14292,KCg-m,KCg-m,,VFB_jrmc2knp,R,,,Prelim Roughly traced,
61126,celltype_prediction_only,acetylcholine,dopamine,0.714759535655058,dopamine,0.7466425378182228,KCg-m,KCg-m,KCg-m_R,Kenyon_Cell,,cb_intrinsic,14292,KCg-m,KCg-m,,VFB_jrmc2kk1,R,,,Prelim Roughly traced,
61178,celltype_prediction_only,acetylcholine,dopamine,0.7678076856499912,dopamine,0.7466425378182228,KCg-m,KCg-m,KCg-m_R,Kenyon_Cell,,cb_intrinsic,14292,KCg-m,KCg-m,,VFB_jrmc2kk2,R,,,Prelim Roughly traced,
61237,celltype_prediction_only,acetylcholine,dopamine,0.639615400529626,dopamine,0.7466425378182228,KCg-m,KCg-m,KCg-m_R,Kenyon_Cell,,cb_intrinsic,14292,KCg-m,KCg-m,,VFB_jrmc2kk3,R,,,Prelim Roughly traced,
61279,celltype_prediction_only,acetylcholine,dopamine,0.7674301230384075,dopamine,0.7466425378182228,KCg-m,KCg-m,KCg-m_R,Kenyon_Cell,,cb_intrinsic,14292,KCg-m,KCg-m,,VFB_jrmc2k6t,R,,,Prelim Roughly traced,
61312,celltype_prediction_only,acetylcholine,dopamine,0.7575720510504482,dopamine,0.7466425378182228,KCg-m,KCg-m,KCg-m_L,Kenyon_Cell,,cb_intrinsic,14292,KCg-m,KCg-m,,VFB_jrmc2ddt,L,,,Roughly traced,
61382,celltype_prediction_only,acetylcholine,dopamine,0.7943466025980134,dopamine,0.7466425378182228,KCg-m,KCg-m,KCg-m_R,Kenyon_Cell,,cb_intrinsic,14292,KCg-m,KCg-m,,VFB_jrmc2k6u,R,,,Prelim Roughly traced,
61456,celltype_prediction_only,acetylcholine,dopamine,0.7502653301886792,dopamine,0.7466425378182228,KCg-m,KCg-m,KCg-m_R,Kenyon_Cell,,cb_intrinsic,14292,KCg-m,KCg-m,,VFB_jrmc2dat,R,,,Prelim Roughly traced,
61579,celltype_prediction_only,acetylcholine,dopamine,0.7820380003526715,dopamine,0.7466425378182228,KCg-m,KCg-m,KCg-m_L,Kenyon_Cell,,cb_intrinsic,14292,KCg-m,KCg-m,,VFB_jrmc2dg1,L,,,Roughly traced,
61605,celltype_prediction_only,acetylcholine,dopamine,0.7179233998375012,dopamine,0.7466425378182228,KCg-m,KCg-m,KCg-m_R,Kenyon_Cell,,cb_intrinsic,14292,KCg-m,KCg-m,,VFB_jrmc2dbc,R,,,Prelim Roughly traced,
61802,celltype_prediction_only,acetylcholine,dopamine,0.8028226576735438,dopamine,0.7466425378182228,KCg-m,KCg-m,KCg-m_L,Kenyon_Cell,,cb_intrinsic,14292,KCg-m,KCg-m,,VFB_jrmc2kf6,L,,,Roughly traced,
61962,celltype_prediction_only,acetylcholine,dopamine,0.7804827693151002,dopamine,0.7466425378182228,KCg-m,KCg-m,KCg-m_R,Kenyon_Cell,,cb_intrinsic,14292,KCg-m,KCg-m,,VFB_jrmc2de5,R,,,Prelim Roughly traced,
61967,celltype_prediction_only,acetylcholine,dopamine,0.7405952380952381,dopamine,0.7466425378182228,KCg-m,KCg-m,KCg-m_R,Kenyon_Cell,,cb_intrinsic,14292,KCg-m,KCg-m,,VFB_jrmc2k6v,R,,,Prelim Roughly traced,
61981,celltype_prediction_only,acetylcholine,dopamine,0.7485340481748038,dopamine,0.7466425378182228,KCg-m,KCg-m,KCg-m_R,Kenyon_Cell,,cb_intrinsic,14292,KCg-m,KCg-m,,VFB_jrmc2kqw,R,,,Prelim Roughly traced,
62003,celltype_prediction_only,acetylcholine,dopamine,0.7316372273517998,dopamine,0.7466425378182228,KCg-m,KCg-m,KCg-m_R,Kenyon_Cell,,cb_intrinsic,14292,KCg-m,KCg-m,,VFB_jrmc2kk4,R,,,Prelim Roughly traced,
62062,celltype_prediction_only,acetylcholine,dopamine,0.6556450908455626,dopamine,0.7466425378182228,KCg-m,KCg-m,KCg-m_R,Kenyon_Cell,,cb_intrinsic,14292,KCg-m,KCg-m,,VFB_jrmc2d8a,R,,,Prelim Roughly traced,
62159,celltype_prediction_only,acetylcholine,dopamine,0.787523817269263,dopamine,0.7466425378182228,KCg-m,KCg-m,KCg-m_R,Kenyon_Cell,,cb_intrinsic,14292,KCg-m,KCg-m,,VFB_jrmc2dd1,R,,,Prelim Roughly traced,
62174,celltype_prediction_only,acetylcholine,dopamine,0.7690084420737083,dopamine,0.7466425378182228,KCg-m,KCg-m,KCg-m_R,Kenyon_Cell,,cb_intrinsic,14292,KCg-m,KCg-m,,VFB_jrmc2kk5,R,,,Prelim Roughly traced,
62241,celltype_prediction_only,acetylcholine,dopamine,0.7234915487421384,dopamine,0.7466425378182228,KCg-m,KCg-m,KCg-m_R,Kenyon_Cell,,cb_intrinsic,14292,KCg-m,KCg-m,,VFB_jrmc2knq,R,,,Prelim Roughly traced,
62344,celltype_prediction_only,acetylcholine,dopamine,0.7249497728860936,dopamine,0.7466425378182228,KCg-m,KCg-m,KCg-m_R,Kenyon_Cell,,cb_intrinsic,14292,KCg-m,KCg-m,,VFB_jrmc2k6w,R,,,Prelim Roughly traced,
62559,celltype_prediction_only,acetylcholine,dopamine,0.738437319600158,dopamine,0.7466425378182228,KCg-m,KCg-m,KCg-m_R,Kenyon_Cell,,cb_intrinsic,14292,KCg-m,KCg-m,,VFB_jrmc2kk6,R,,,Prelim Roughly traced,
62643,celltype_prediction_only,acetylcholine,dopamine,0.7560801809337919,dopamine,0.7466425378182228,KCg-m,KCg-m,KCg-m_R,Kenyon_Cell,,cb_intrinsic,14292,KCg-m,KCg-m,,VFB_jrmc2kqx,R,,,Prelim Roughly traced,
62645,celltype_prediction_only,acetylcholine,dopamine,0.7129793680012272,dopamine,0.7466425378182228,KCg-m,KCg-m,KCg-m_R,Kenyon_Cell,,cb_intrinsic,14292,KCg-m,KCg-m,,VFB_jrmc2d8b,R,,,Prelim Roughly traced,
62660,celltype_prediction_only,acetylcholine,dopamine,0.7531423687289748,dopamine,0.7466425378182228,KCg-m,KCg-m,KCg-m_R,Kenyon_Cell,,cb_intrinsic,14292,KCg-m,KCg-m,,VFB_jrmc2kk7,R,,,Prelim Roughly traced,
62891,celltype_prediction_only,acetylcholine,dopamine,0.6813369018991244,dopamine,0.7466425378182228,KCg-m,KCg-m,KCg-m_R,Kenyon_Cell,,cb_intrinsic,14292,KCg-m,KCg-m,,VFB_jrmc2kqr,R,,,Prelim Roughly traced,
62917,celltype_prediction_only,acetylcholine,dopamine,0.7802347033911697,dopamine,0.7466425378182228,KCg-m,KCg-m,KCg-m_R,Kenyon_Cell,,cb_intrinsic,14292,KCg-m,KCg-m,,VFB_jrmc2k6x,R,,,Prelim Roughly traced,
63097,celltype_prediction_only,acetylcholine,dopamine,0.7653087273187306,dopamine,0.7466425378182228,KCg-m,KCg-m,KCg-m_R,Kenyon_Cell,,cb_intrinsic,14292,KCg-m,KCg-m,,VFB_jrmc2dg5,R,,,Prelim Roughly traced,
63100,celltype_prediction_only,acetylcholine,dopamine,0.7611344262547786,dopamine,0.7466425378182228,KCg-m,KCg-m,KCg-m_R,Kenyon_Cell,,cb_intrinsic,14292,KCg-m,KCg-m,,VFB_jrmc2k6y,R,,,Prelim Roughly traced,
63153,celltype_prediction_only,acetylcholine,dopamine,0.72783763051841,dopamine,0.7466425378182228,KCg-m,KCg-m,KCg-m_R,Kenyon_Cell,,cb_intrinsic,14292,KCg-m,KCg-m,,VFB_jrmc2knr,R,,,Prelim Roughly traced,
63189,celltype_prediction_only,acetylcholine,dopamine,0.7599953686406377,dopamine,0.7466425378182228,KCg-m,KCg-m,KCg-m_R,Kenyon_Cell,,cb_intrinsic,14292,KCg-m,KCg-m,,VFB_jrmc2dbl,R,,,Prelim Roughly traced,
63199,celltype_prediction_only,acetylcholine,dopamine,0.7782158474370394,dopamine,0.7466425378182228,KCg-m,KCg-m,KCg-m_L,Kenyon_Cell,,cb_intrinsic,14292,KCg-m,KCg-m,,VFB_jrmc2kaw,L,,,Roughly traced,
63269,celltype_prediction_only,acetylcholine,dopamine,0.6953987373251187,dopamine,0.7466425378182228,KCg-m,KCg-m,KCg-m_R,Kenyon_Cell,,cb_intrinsic,14292,KCg-m,KCg-m,,VFB_jrmc2kk8,R,,,Prelim Roughly traced,
63327,celltype_prediction_only,acetylcholine,dopamine,0.7406990941726499,dopamine,0.7466425378182228,KCg-m,KCg-m,KCg-m_L,Kenyon_Cell,,cb_intrinsic,14292,KCg-m,KCg-m,,VFB_jrmc2kf7,L,,,Roughly traced,
63394,celltype_prediction_only,acetylcholine,dopamine,0.7492399259753993,dopamine,0.7466425378182228,KCg-m,KCg-m,KCg-m_R,Kenyon_Cell,,cb_intrinsic,14292,KCg-m,KCg-m,,VFB_jrmc2kvq,R,,,Prelim Roughly traced,
63398,celltype_prediction_only,acetylcholine,dopamine,0.6914135949555859,dopamine,0.7466425378182228,KCg-m,KCg-m,KCg-m_R,Kenyon_Cell,,cb_intrinsic,14292,KCg-m,KCg-m,,VFB_jrmc2k6z,R,,,Prelim Roughly traced,
63482,celltype_prediction_only,acetylcholine,dopamine,0.6620940202437107,dopamine,0.7466425378182228,KCg-m,KCg-m,KCg-m_R,Kenyon_Cell,,cb_intrinsic,14292,KCg-m,KCg-m,,VFB_jrmc2kk9,R,,,Prelim Roughly traced,
63506,celltype_prediction_only,acetylcholine,dopamine,0.7595192535896523,dopamine,0.7466425378182228,KCg-m,KCg-m,KCg-m_R,Kenyon_Cell,,cb_intrinsic,14292,KCg-m,KCg-m,,VFB_jrmc2kqy,R,,,Prelim Roughly traced,
63508,celltype_prediction_only,acetylcholine,dopamine,0.7288933377212228,dopamine,0.7466425378182228,KCg-m,KCg-m,KCg-m_R,Kenyon_Cell,,cb_intrinsic,14292,KCg-m,KCg-m,,VFB_jrmc2d6p,R,,,Prelim Roughly traced,
63578,celltype_prediction_only,acetylcholine,dopamine,0.7715317553908356,dopamine,0.7466425378182228,KCg-m,KCg-m,KCg-m_R,Kenyon_Cell,,cb_intrinsic,14292,KCg-m,KCg-m,,VFB_jrmc2dau,R,,,Prelim Roughly traced,
63629,celltype_prediction_only,acetylcholine,dopamine,0.7184367317945279,dopamine,0.7466425378182228,KCg-m,KCg-m,KCg-m_R,Kenyon_Cell,,cb_intrinsic,14292,KCg-m,KCg-m,,VFB_jrmc2kvr,R,,,Prelim Roughly traced,
63634,celltype_prediction_only,acetylcholine,dopamine,0.7499122244611345,dopamine,0.7466425378182228,KCg-m,KCg-m,KCg-m_L,Kenyon_Cell,,cb_intrinsic,14292,KCg-m,KCg-m,,VFB_jrmc2kpb,L,,,Roughly traced,
63740,celltype_prediction_only,acetylcholine,dopamine,0.7464100303133322,dopamine,0.7466425378182228,KCg-m,KCg-m,KCg-m_L,Kenyon_Cell,,cb_intrinsic,14292,KCg-m,KCg-m,,VFB_jrmc2kf8,L,,,Roughly traced,
63930,celltype_prediction_only,acetylcholine,dopamine,0.7092249042549453,dopamine,0.7466425378182228,KCg-m,KCg-m,KCg-m_R,Kenyon_Cell,,cb_intrinsic,14292,KCg-m,KCg-m,,VFB_jrmc2kns,R,,,Prelim Roughly traced,
63942,celltype_prediction_only,acetylcholine,dopamine,0.7497080195149728,dopamine,0.7466425378182228,KCg-m,KCg-m,KCg-m_L,Kenyon_Cell,,cb_intrinsic,14292,KCg-m,KCg-m,,VFB_jrmc2kax,L,,,Roughly traced,
64115,celltype_prediction_only,acetylcholine,dopamine,0.7230866109703057,dopamine,0.7466425378182228,KCg-m,KCg-m,KCg-m_R,Kenyon_Cell,,cb_intrinsic,14292,KCg-m,KCg-m,,VFB_jrmc2k70,R,,,Prelim Roughly traced,
64133,celltype_prediction_only,acetylcholine,dopamine,0.7688820981494919,dopamine,0.7466425378182228,KCg-m,KCg-m,KCg-m_R,Kenyon_Cell,,cb_intrinsic,14292,KCg-m,KCg-m,,VFB_jrmc2knt,R,,,Prelim Roughly traced,
64376,celltype_prediction_only,acetylcholine,dopamine,0.763565956152842,dopamine,0.7466425378182228,KCg-m,KCg-m,KCg-m_R,Kenyon_Cell,,cb_intrinsic,14292,KCg-m,KCg-m,,VFB_jrmc2knu,R,,,Prelim Roughly traced,
64404,celltype_prediction_only,acetylcholine,dopamine,0.772062164618314,dopamine,0.7466425378182228,KCg-m,KCg-m,KCg-m_R,Kenyon_Cell,,cb_intrinsic,14292,KCg-m,KCg-m,,VFB_jrmc2k71,R,,,Prelim Roughly traced,
64434,celltype_prediction_only,acetylcholine,dopamine,0.7840808060851526,dopamine,0.7466425378182228,KCg-m,KCg-m,KCg-m_L,Kenyon_Cell,,cb_intrinsic,14292,KCg-m,KCg-m,,VFB_jrmc2kpc,L,,,Roughly traced,
64437,celltype_prediction_only,acetylcholine,dopamine,0.7348866141477015,dopamine,0.7466425378182228,KCg-m,KCg-m,KCg-m_R,Kenyon_Cell,,cb_intrinsic,14292,KCg-m,KCg-m,,VFB_jrmc2knv,R,,,Prelim Roughly traced,
64440,celltype_prediction_only,acetylcholine,dopamine,0.7400596441406752,dopamine,0.7466425378182228,KCg-m,KCg-m,KCg-m_R,Kenyon_Cell,,cb_intrinsic,14292,KCg-m,KCg-m,,VFB_jrmc2kka,R,,,Prelim Roughly traced,
64471,celltype_prediction_only,acetylcholine,dopamine,0.747006382253617,dopamine,0.7466425378182228,KCg-m,KCg-m,KCg-m_R,Kenyon_Cell,,cb_intrinsic,14292,KCg-m,KCg-m,,VFB_jrmc2k72,R,,,Prelim Roughly traced,
64525,celltype_prediction_only,acetylcholine,dopamine,0.7644099443023132,dopamine,0.7466425378182228,KCg-m,KCg-m,KCg-m_R,Kenyon_Cell,,cb_intrinsic,14292,KCg-m,KCg-m,,VFB_jrmc2knw,R,,,Prelim Roughly traced,
64596,celltype_prediction_only,acetylcholine,dopamine,0.7416553240088863,dopamine,0.7466425378182228,KCg-m,KCg-m,KCg-m_R,Kenyon_Cell,,cb_intrinsic,14292,KCg-m,KCg-m,,VFB_jrmc2knx,R,,,Prelim Roughly traced,
64697,celltype_prediction_only,acetylcholine,dopamine,0.7668066421230251,dopamine,0.7466425378182228,KCg-m,KCg-m,KCg-m_L,Kenyon_Cell,,cb_intrinsic,14292,KCg-m,KCg-m,,VFB_jrmc2kf9,L,,,Roughly traced,
64701,celltype_prediction_only,acetylcholine,dopamine,0.7124636399371069,dopamine,0.7466425378182228,KCg-m,KCg-m,KCg-m_R,Kenyon_Cell,,cb_intrinsic,14292,KCg-m,KCg-m,,VFB_jrmc2kkb,R,,,Prelim Roughly traced,
64809,celltype_prediction_only,acetylcholine,dopamine,0.6596859735657503,dopamine,0.7466425378182228,KCg-m,KCg-m,KCg-m_R,Kenyon_Cell,,cb_intrinsic,14292,KCg-m,KCg-m,,VFB_jrmc2da7,R,,,Prelim Roughly traced,
64860,celltype_prediction_only,acetylcholine,dopamine,0.7526083782569631,dopamine,0.7466425378182228,KCg-m,KCg-m,KCg-m_L,Kenyon_Cell,,cb_intrinsic,14292,KCg-m,KCg-m,,VFB_jrmc2kfa,L,,,Roughly traced,
65121,celltype_prediction_only,acetylcholine,dopamine,0.7496286411784178,dopamine,0.7466425378182228,KCg-m,KCg-m,KCg-m_R,Kenyon_Cell,,cb_intrinsic,14292,KCg-m,KCg-m,,VFB_jrmc2kvs,R,,,Prelim Roughly traced,
65122,celltype_prediction_only,acetylcholine,dopamine,0.7188783532280837,dopamine,0.7466425378182228,KCg-m,KCg-m,KCg-m_R,Kenyon_Cell,,cb_intrinsic,14292,KCg-m,KCg-m,,VFB_jrmc2k73,R,,,Prelim Roughly traced,
65161,celltype_prediction_only,acetylcholine,dopamine,0.6963132484099065,dopamine,0.7466425378182228,KCg-m,KCg-m,KCg-m_R,Kenyon_Cell,,cb_intrinsic,14292,KCg-m,KCg-m,,VFB_jrmc2kkc,R,,,Prelim Roughly traced,
65370,celltype_prediction_only,acetylcholine,dopamine,0.7521679357021998,dopamine,0.7466425378182228,KCg-m,KCg-m,KCg-m_L,Kenyon_Cell,,cb_intrinsic,14292,KCg-m,KCg-m,,VFB_jrmc2kay,L,,,Roughly traced,
65379,celltype_prediction_only,acetylcholine,dopamine,0.7485693652186631,dopamine,0.7466425378182228,KCg-m,KCg-m,KCg-m_R,Kenyon_Cell,,cb_intrinsic,14292,KCg-m,KCg-m,,VFB_jrmc2d8c,R,,,Prelim Roughly traced,
65427,celltype_prediction_only,acetylcholine,dopamine,0.7387094434097228,dopamine,0.7466425378182228,KCg-m,KCg-m,KCg-m_R,Kenyon_Cell,,cb_intrinsic,14292,KCg-m,KCg-m,,VFB_jrmc2dez,R,,,Prelim Roughly traced,
65606,celltype_prediction_only,acetylcholine,dopamine,0.7607293850454229,dopamine,0.7466425378182228,KCg-m,KCg-m,KCg-m_R,Kenyon_Cell,,cb_intrinsic,14292,KCg-m,KCg-m,,VFB_jrmc2k74,R,,,Prelim Roughly traced,
65737,celltype_prediction_only,acetylcholine,dopamine,0.7279529568690571,dopamine,0.7466425378182228,KCg-m,KCg-m,KCg-m_R,Kenyon_Cell,,cb_intrinsic,14292,KCg-m,KCg-m,,VFB_jrmc2kny,R,,,Prelim Roughly traced,
65864,celltype_prediction_only,acetylcholine,dopamine,0.7182632783430472,dopamine,0.7466425378182228,KCg-m,KCg-m,KCg-m_R,Kenyon_Cell,,cb_intrinsic,14292,KCg-m,KCg-m,,VFB_jrmc2k75,R,,,Prelim Roughly traced,
65965,celltype_prediction_only,acetylcholine,dopamine,0.728432419603655,dopamine,0.7466425378182228,KCg-m,KCg-m,KCg-m_R,Kenyon_Cell,,cb_intrinsic,14292,KCg-m,KCg-m,,VFB_jrmc2day,R,,,Prelim Roughly traced,
65997,celltype_prediction_only,acetylcholine,dopamine,0.7609096124426313,dopamine,0.7466425378182228,KCg-m,KCg-m,KCg-m_R,Kenyon_Cell,,cb_intrinsic,14292,KCg-m,KCg-m,,VFB_jrmc2kkd,R,,,Roughly traced,
66038,celltype_prediction_only,acetylcholine,dopamine,0.7608252888693872,dopamine,0.7466425378182228,KCg-m,KCg-m,KCg-m_R,Kenyon_Cell,,cb_intrinsic,14292,KCg-m,KCg-m,,VFB_jrmc2k76,R,,,Prelim Roughly traced,
66047,celltype_prediction_only,acetylcholine,dopamine,0.7952646042268684,dopamine,0.7466425378182228,KCg-m,KCg-m,KCg-m_L,Kenyon_Cell,,cb_intrinsic,14292,KCg-m,KCg-m,,VFB_jrmc2kfb,L,,,Roughly traced,
66099,celltype_prediction_only,acetylcholine,dopamine,0.7147076991173829,dopamine,0.7466425378182228,KCg-m,KCg-m,KCg-m_R,Kenyon_Cell,,cb_intrinsic,14292,KCg-m,KCg-m,,VFB_jrmc2k77,R,,,Prelim Roughly traced,
66105,celltype_prediction_only,acetylcholine,dopamine,0.7426605055740007,dopamine,0.7466425378182228,KCg-m,KCg-m,KCg-m_L,Kenyon_Cell,,cb_intrinsic,14292,KCg-m,KCg-m,,VFB_jrmc2kpd,L,,,Roughly traced,
66113,celltype_prediction_only,acetylcholine,dopamine,0.776588426669343,dopamine,0.7466425378182228,KCg-m,KCg-m,KCg-m_L,Kenyon_Cell,,cb_intrinsic,14292,KCg-m,KCg-m,,VFB_jrmc2kfc,L,,,Roughly traced,
66219,celltype_prediction_only,acetylcholine,dopamine,0.7271392476373053,dopamine,0.7466425378182228,KCg-m,KCg-m,KCg-m_R,Kenyon_Cell,,cb_intrinsic,14292,KCg-m,KCg-m,,VFB_jrmc2dd2,R,,,Prelim Roughly traced,
66519,celltype_prediction_only,acetylcholine,dopamine,0.7642681119980649,dopamine,0.7466425378182228,KCg-m,KCg-m,KCg-m_R,Kenyon_Cell,,cb_intrinsic,14292,KCg-m,KCg-m,,VFB_jrmc2k78,R,,,Prelim Roughly traced,
66583,celltype_prediction_only,acetylcholine,dopamine,0.7587178619263918,dopamine,0.7466425378182228,KCg-m,KCg-m,KCg-m_R,Kenyon_Cell,,cb_intrinsic,14292,KCg-m,KCg-m,,VFB_jrmc2d5r,R,,,Prelim Roughly traced,
66594,celltype_prediction_only,acetylcholine,dopamine,0.746688735114772,dopamine,0.7466425378182228,KCg-m,KCg-m,KCg-m_R,Kenyon_Cell,,cb_intrinsic,14292,KCg-m,KCg-m,,VFB_jrmc2k79,R,,,Prelim Roughly traced,
66595,celltype_prediction_only,acetylcholine,dopamine,0.7415165500975928,dopamine,0.7466425378182228,KCg-m,KCg-m,KCg-m_R,Kenyon_Cell,,cb_intrinsic,14292,KCg-m,KCg-m,,VFB_jrmc2kke,R,,,Prelim Roughly traced,
66601,celltype_prediction_only,acetylcholine,dopamine,0.7643595363118547,dopamine,0.7466425378182228,KCg-m,KCg-m,KCg-m_R,Kenyon_Cell,,cb_intrinsic,14292,KCg-m,KCg-m,,VFB_jrmc2dfw,R,,,Prelim Roughly traced,
66611,celltype_prediction_only,acetylcholine,dopamine,0.7660137249434582,dopamine,0.7466425378182228,KCg-m,KCg-m,KCg-m_R,Kenyon_Cell,,cb_intrinsic,14292,KCg-m,KCg-m,,VFB_jrmc2knz,R,,,Prelim Roughly traced,
66617,celltype_prediction_only,acetylcholine,dopamine,0.781323838562841,dopamine,0.7466425378182228,KCg-m,KCg-m,KCg-m_L,Kenyon_Cell,,cb_intrinsic,14292,KCg-m,KCg-m,,VFB_jrmc2d8x,L,,,Roughly traced,
66812,celltype_prediction_only,acetylcholine,dopamine,0.6659557101142344,dopamine,0.7466425378182228,KCg-m,KCg-m,KCg-m_R,Kenyon_Cell,,cb_intrinsic,14292,KCg-m,KCg-m,,VFB_jrmc2ko0,R,,,Prelim Roughly traced,
66911,celltype_prediction_only,acetylcholine,dopamine,0.743647321166167,dopamine,0.7466425378182228,KCg-m,KCg-m,KCg-m_R,Kenyon_Cell,,cb_intrinsic,14292,KCg-m,KCg-m,,VFB_jrmc2kkf,R,,,Prelim Roughly traced,
66945,celltype_prediction_only,acetylcholine,dopamine,0.7136839248277927,dopamine,0.7466425378182228,KCg-m,KCg-m,KCg-m_R,Kenyon_Cell,,cb_intrinsic,14292,KCg-m,KCg-m,,VFB_jrmc2dd5,R,,,Prelim Roughly traced,
67000,celltype_prediction_only,acetylcholine,dopamine,0.7362020669231238,dopamine,0.7466425378182228,KCg-m,KCg-m,KCg-m_L,Kenyon_Cell,,cb_intrinsic,14292,KCg-m,KCg-m,,VFB_jrmc2kaz,L,,,Roughly traced,
67058,celltype_prediction_only,acetylcholine,dopamine,0.7627497971190912,dopamine,0.7466425378182228,KCg-m,KCg-m,KCg-m_L,Kenyon_Cell,,cb_intrinsic,14292,KCg-m,KCg-m,,VFB_jrmc2d9j,L,,,Roughly traced,
67106,celltype_prediction_only,acetylcholine,dopamine,0.756571261682243,dopamine,0.7466425378182228,KCg-m,KCg-m,KCg-m_L,Kenyon_Cell,,cb_intrinsic,14292,KCg-m,KCg-m,,VFB_jrmc2kfd,L,,,Roughly traced,
67120,celltype_prediction_only,acetylcholine,dopamine,0.7336929447661747,dopamine,0.7466425378182228,KCg-m,KCg-m,KCg-m_R,Kenyon_Cell,,cb_intrinsic,14292,KCg-m,KCg-m,,VFB_jrmc2d8k,R,,,Prelim Roughly traced,
67249,celltype_prediction_only,acetylcholine,dopamine,0.7887741782366204,dopamine,0.7466425378182228,KCg-m,KCg-m,KCg-m_R,Kenyon_Cell,,cb_intrinsic,14292,KCg-m,KCg-m,,VFB_jrmc2kkg,R,,,Prelim Roughly traced,
67257,celltype_prediction_only,acetylcholine,dopamine,0.7402559179545527,dopamine,0.7466425378182228,KCg-m,KCg-m,KCg-m_L,Kenyon_Cell,,cb_intrinsic,14292,KCg-m,KCg-m,,VFB_jrmc2dfp,L,,,Roughly traced,
67320,celltype_prediction_only,acetylcholine,dopamine,0.7754745643343816,dopamine,0.7466425378182228,KCg-m,KCg-m,KCg-m_R,Kenyon_Cell,,cb_intrinsic,14292,KCg-m,KCg-m,,VFB_jrmc2k7a,R,,,Prelim Roughly traced,
67337,celltype_prediction_only,acetylcholine,dopamine,0.7452661121255156,dopamine,0.7466425378182228,KCg-m,KCg-m,KCg-m_R,Kenyon_Cell,,cb_intrinsic,14292,KCg-m,KCg-m,,VFB_jrmc2d5s,R,,,Prelim Roughly traced,
67356,celltype_prediction_only,acetylcholine,dopamine,0.7792895543485167,dopamine,0.7466425378182228,KCg-m,KCg-m,KCg-m_L,Kenyon_Cell,,cb_intrinsic,14292,KCg-m,KCg-m,,VFB_jrmc2d67,L,,,Roughly traced,
67425,celltype_prediction_only,acetylcholine,dopamine,0.7187206655402234,dopamine,0.7466425378182228,KCg-m,KCg-m,KCg-m_R,Kenyon_Cell,,cb_intrinsic,14292,KCg-m,KCg-m,,VFB_jrmc2ko1,R,,,Prelim Roughly traced,
67432,celltype_prediction_only,acetylcholine,dopamine,0.7614129256126653,dopamine,0.7466425378182228,KCg-m,KCg-m,KCg-m_R,Kenyon_Cell,,cb_intrinsic,14292,KCg-m,KCg-m,,VFB_jrmc2kkh,R,,,Prelim Roughly traced,
67451,celltype_prediction_only,acetylcholine,dopamine,0.7417084316037736,dopamine,0.7466425378182228,KCg-m,KCg-m,KCg-m_R,Kenyon_Cell,,cb_intrinsic,14292,KCg-m,KCg-m,,VFB_jrmc2ko2,R,,,Prelim Roughly traced,
67468,celltype_prediction_only,acetylcholine,dopamine,0.6972900799146039,dopamine,0.7466425378182228,KCg-m,KCg-m,KCg-m_L,Kenyon_Cell,,cb_intrinsic,14292,KCg-m,KCg-m,,VFB_jrmc2kfe,L,,,Roughly traced,
67479,celltype_prediction_only,acetylcholine,dopamine,0.771211432157261,dopamine,0.7466425378182228,KCg-m,KCg-m,KCg-m_L,Kenyon_Cell,,cb_intrinsic,14292,KCg-m,KCg-m,,VFB_jrmc2kb0,L,,,Roughly traced,
67712,celltype_prediction_only,acetylcholine,dopamine,0.7314538967964985,dopamine,0.7466425378182228,KCg-m,KCg-m,KCg-m_R,Kenyon_Cell,,cb_intrinsic,14292,KCg-m,KCg-m,,VFB_jrmc2kki,R,,,Prelim Roughly traced,
67721,celltype_prediction_only,acetylcholine,dopamine,0.7570427148846961,dopamine,0.7466425378182228,KCg-m,KCg-m,KCg-m_R,Kenyon_Cell,,cb_intrinsic,14292,KCg-m,KCg-m,,VFB_jrmc2d7e,R,,,Prelim Roughly traced,
67722,celltype_prediction_only,acetylcholine,dopamine,0.7181628971133688,dopamine,0.7466425378182228,KCg-m,KCg-m,KCg-m_R,Kenyon_Cell,,cb_intrinsic,14292,KCg-m,KCg-m,,VFB_jrmc2ko3,R,,,Prelim Roughly traced,
67774,celltype_prediction_only,acetylcholine,dopamine,0.7219157462801042,dopamine,0.7466425378182228,KCg-m,KCg-m,KCg-m_R,Kenyon_Cell,,cb_intrinsic,14292,KCg-m,KCg-m,,VFB_jrmc2ko4,R,,,Prelim Roughly traced,
67828,celltype_prediction_only,acetylcholine,dopamine,0.7240527874458081,dopamine,0.7466425378182228,KCg-m,KCg-m,KCg-m_R,Kenyon_Cell,,cb_intrinsic,14292,KCg-m,KCg-m,,VFB_jrmc2k7b,R,,,Prelim Roughly traced,
68137,celltype_prediction_only,acetylcholine,dopamine,0.7499800741964467,dopamine,0.7466425378182228,KCg-m,KCg-m,KCg-m_R,Kenyon_Cell,,cb_intrinsic,14292,KCg-m,KCg-m,,VFB_jrmc2d7f,R,,,Prelim Roughly traced,
68176,celltype_prediction_only,acetylcholine,dopamine,0.7345466206253197,dopamine,0.7466425378182228,KCg-m,KCg-m,KCg-m_R,Kenyon_Cell,,cb_intrinsic,14292,KCg-m,KCg-m,,VFB_jrmc2d8l,R,,,Prelim Roughly traced,
68226,celltype_prediction_only,acetylcholine,dopamine,0.7507324012183771,dopamine,0.7466425378182228,KCg-m,KCg-m,KCg-m_R,Kenyon_Cell,,cb_intrinsic,14292,KCg-m,KCg-m,,VFB_jrmc2ko5,R,,,Prelim Roughly traced,
68239,celltype_prediction_only,acetylcholine,dopamine,0.7767769607843138,dopamine,0.7466425378182228,KCg-m,KCg-m,KCg-m_L,Kenyon_Cell,,cb_intrinsic,14292,KCg-m,KCg-m,,VFB_jrmc2kff,L,,,Roughly traced,
68254,celltype_prediction_only,acetylcholine,dopamine,0.7618666373782217,dopamine,0.7466425378182228,KCg-m,KCg-m,KCg-m_L,Kenyon_Cell,,cb_intrinsic,14292,KCg-m,KCg-m,,VFB_jrmc2kpe,L,,,Roughly traced,
68487,celltype_prediction_only,acetylcholine,dopamine,0.7531336124655501,dopamine,0.7466425378182228,KCg-m,KCg-m,KCg-m_R,Kenyon_Cell,,cb_intrinsic,14292,KCg-m,KCg-m,,VFB_jrmc2kkj,R,,,Prelim Roughly traced,
68531,celltype_prediction_only,acetylcholine,dopamine,0.7766215702536458,dopamine,0.7466425378182228,KCg-m,KCg-m,KCg-m_R,Kenyon_Cell,,cb_intrinsic,14292,KCg-m,KCg-m,,VFB_jrmc2k7c,R,,,Prelim Roughly traced,
68635,celltype_prediction_only,acetylcholine,dopamine,0.7489183992308617,dopamine,0.7466425378182228,KCg-m,KCg-m,KCg-m_R,Kenyon_Cell,,cb_intrinsic,14292,KCg-m,KCg-m,,VFB_jrmc2d5t,R,,,Prelim Roughly traced,
68708,celltype_prediction_only,acetylcholine,dopamine,0.7733175186485302,dopamine,0.7466425378182228,KCg-m,KCg-m,KCg-m_L,Kenyon_Cell,,cb_intrinsic,14292,KCg-m,KCg-m,,VFB_jrmc2krh,L,,,Roughly traced,
68759,celltype_prediction_only,acetylcholine,dopamine,0.7460553414828593,dopamine,0.7466425378182228,KCg-m,KCg-m,KCg-m_L,Kenyon_Cell,,cb_intrinsic,14292,KCg-m,KCg-m,,VFB_jrmc2dda,L,,,Roughly traced,
68790,celltype_prediction_only,acetylcholine,dopamine,0.6768550923108135,dopamine,0.7466425378182228,KCg-m,KCg-m,KCg-m_R,Kenyon_Cell,,cb_intrinsic,14292,KCg-m,KCg-m,,VFB_jrmc2k7d,R,,,Prelim Roughly traced,
68803,celltype_prediction_only,acetylcholine,dopamine,0.7333528876544393,dopamine,0.7466425378182228,KCg-m,KCg-m,KCg-m_R,Kenyon_Cell,,cb_intrinsic,14292,KCg-m,KCg-m,,VFB_jrmc2da8,R,,,Prelim Roughly traced,
68979,celltype_prediction_only,acetylcholine,dopamine,0.7398749451513822,dopamine,0.7466425378182228,KCg-m,KCg-m,KCg-m_L,Kenyon_Cell,,cb_intrinsic,14292,KCg-m,KCg-m,,VFB_jrmc2dc5,L,,,Roughly traced,
69042,celltype_prediction_only,acetylcholine,dopamine,0.7856711871069183,dopamine,0.7466425378182228,KCg-m,KCg-m,KCg-m_R,Kenyon_Cell,,cb_intrinsic,14292,KCg-m,KCg-m,,VFB_jrmc2d6t,R,,,Roughly traced,
69077,celltype_prediction_only,acetylcholine,dopamine,0.7696664361684612,dopamine,0.7466425378182228,KCg-m,KCg-m,KCg-m_R,Kenyon_Cell,,cb_intrinsic,14292,KCg-m,KCg-m,,VFB_jrmc2k7e,R,,,Prelim Roughly traced,
69101,celltype_prediction_only,acetylcholine,dopamine,0.7271896344762292,dopamine,0.7466425378182228,KCg-m,KCg-m,KCg-m_R,Kenyon_Cell,,cb_intrinsic,14292,KCg-m,KCg-m,,VFB_jrmc2ko6,R,,,Prelim Roughly traced,
69114,celltype_prediction_only,acetylcholine,dopamine,0.7015970531547981,dopamine,0.7466425378182228,KCg-m,KCg-m,KCg-m_L,Kenyon_Cell,,cb_intrinsic,14292,KCg-m,KCg-m,,VFB_jrmc2dae,L,,,Roughly traced,
69175,celltype_prediction_only,acetylcholine,dopamine,0.6222939232471466,dopamine,0.7466425378182228,KCg-m,KCg-m,KCg-m_R,Kenyon_Cell,,cb_intrinsic,14292,KCg-m,KCg-m,,VFB_jrmc2k7f,R,,,Prelim Roughly traced,
69237,celltype_prediction_only,acetylcholine,dopamine,0.7944389794886381,dopamine,0.7466425378182228,KCg-m,KCg-m,KCg-m_L,Kenyon_Cell,,cb_intrinsic,14292,KCg-m,KCg-m,,VFB_jrmc2db0,L,,,Roughly traced,
69264,celltype_prediction_only,acetylcholine,dopamine,0.7413219641993227,dopamine,0.7466425378182228,KCg-m,KCg-m,KCg-m_L,Kenyon_Cell,,cb_intrinsic,14292,KCg-m,KCg-m,,VFB_jrmc2d98,L,,,Roughly traced,
69347,celltype_prediction_only,acetylcholine,dopamine,0.7328778209396967,dopamine,0.7466425378182228,KCg-m,KCg-m,KCg-m_R,Kenyon_Cell,,cb_intrinsic,14292,KCg-m,KCg-m,,VFB_jrmc2k7g,R,,,Prelim Roughly traced,
69417,celltype_prediction_only,acetylcholine,dopamine,0.7272227545204403,dopamine,0.7466425378182228,KCg-m,KCg-m,KCg-m_L,Kenyon_Cell,,cb_intrinsic,14292,KCg-m,KCg-m,,VFB_jrmc2ksg,L,,,Roughly traced,
69426,celltype_prediction_only,acetylcholine,dopamine,0.7560561068204776,dopamine,0.7466425378182228,KCg-m,KCg-m,KCg-m_L,Kenyon_Cell,,cb_intrinsic,14292,KCg-m,KCg-m,,VFB_jrmc2kb1,L,,,Roughly traced,
69431,celltype_prediction_only,acetylcholine,dopamine,0.7557768612730086,dopamine,0.7466425378182228,KCg-m,KCg-m,KCg-m_R,Kenyon_Cell,,cb_intrinsic,14292,KCg-m,KCg-m,,VFB_jrmc2k7h,R,,,Prelim Roughly traced,
69539,celltype_prediction_only,acetylcholine,dopamine,0.7262213087051078,dopamine,0.7466425378182228,KCg-m,KCg-m,KCg-m_L,Kenyon_Cell,,cb_intrinsic,14292,KCg-m,KCg-m,,VFB_jrmc2kpf,L,,,Roughly traced,
69620,celltype_prediction_only,acetylcholine,dopamine,0.7719232418524872,dopamine,0.7466425378182228,KCg-m,KCg-m,KCg-m_R,Kenyon_Cell,,cb_intrinsic,14292,KCg-m,KCg-m,,VFB_jrmc2da9,R,,,Prelim Roughly traced,
69650,celltype_prediction_only,acetylcholine,dopamine,0.7578140196459832,dopamine,0.7466425378182228,KCg-m,KCg-m,KCg-m_R,Kenyon_Cell,,cb_intrinsic,14292,KCg-m,KCg-m,,VFB_jrmc2kvt,R,,,Prelim Roughly traced,
69716,celltype_prediction_only,acetylcholine,dopamine,0.7324879735699311,dopamine,0.7466425378182228,KCg-m,KCg-m,KCg-m_R,Kenyon_Cell,,cb_intrinsic,14292,KCg-m,KCg-m,,VFB_jrmc2d5u,R,,,Prelim Roughly traced,
69854,celltype_prediction_only,acetylcholine,dopamine,0.7670885617023875,dopamine,0.7466425378182228,KCg-m,KCg-m,KCg-m_L,Kenyon_Cell,,cb_intrinsic,14292,KCg-m,KCg-m,,VFB_jrmc2kfg,L,,,Roughly traced,
69855,celltype_prediction_only,acetylcholine,dopamine,0.7447995841902889,dopamine,0.7466425378182228,KCg-m,KCg-m,KCg-m_L,Kenyon_Cell,,cb_intrinsic,14292,KCg-m,KCg-m,,VFB_jrmc2kfh,L,,,Roughly traced,
69859,celltype_prediction_only,acetylcholine,dopamine,0.7634464878807151,dopamine,0.7466425378182228,KCg-m,KCg-m,KCg-m_R,Kenyon_Cell,,cb_intrinsic,14292,KCg-m,KCg-m,,VFB_jrmc2d6u,R,,,Prelim Roughly traced,
69967,celltype_prediction_only,acetylcholine,dopamine,0.7657001479837219,dopamine,0.7466425378182228,KCg-m,KCg-m,KCg-m_R,Kenyon_Cell,,cb_intrinsic,14292,KCg-m,KCg-m,,VFB_jrmc2daa,R,,,Prelim Roughly traced,
70022,celltype_prediction_only,acetylcholine,dopamine,0.72475870462984,dopamine,0.7466425378182228,KCg-m,KCg-m,KCg-m_R,Kenyon_Cell,,cb_intrinsic,14292,KCg-m,KCg-m,,VFB_jrmc2d7g,R,,,Prelim Roughly traced,
70029,celltype_prediction_only,acetylcholine,dopamine,0.6826748743642984,dopamine,0.7466425378182228,KCg-m,KCg-m,KCg-m_R,Kenyon_Cell,,cb_intrinsic,14292,KCg-m,KCg-m,,VFB_jrmc2dab,R,,,Prelim Roughly traced,
70030,celltype_prediction_only,acetylcholine,dopamine,0.724431199016128,dopamine,0.7466425378182228,KCg-m,KCg-m,KCg-m_R,Kenyon_Cell,,cb_intrinsic,14292,KCg-m,KCg-m,,VFB_jrmc2kkl,R,,,Prelim Roughly traced,
70143,celltype_prediction_only,acetylcholine,dopamine,0.7603796223122262,dopamine,0.7466425378182228,KCg-m,KCg-m,KCg-m_L,Kenyon_Cell,,cb_intrinsic,14292,KCg-m,KCg-m,,VFB_jrmc2dad,L,,,Roughly traced,
70223,celltype_prediction_only,acetylcholine,dopamine,0.7702764675052411,dopamine,0.7466425378182228,KCg-m,KCg-m,KCg-m_L,Kenyon_Cell,,cb_intrinsic,14292,KCg-m,KCg-m,,VFB_jrmc2ku2,L,,,Roughly traced,
70235,celltype_prediction_only,acetylcholine,dopamine,0.729666123646502,dopamine,0.7466425378182228,KCg-m,KCg-m,KCg-m_R,Kenyon_Cell,,cb_intrinsic,14292,KCg-m,KCg-m,,VFB_jrmc2d9x,R,,,Prelim Roughly traced,
70271,celltype_prediction_only,acetylcholine,dopamine,0.7680755216132575,dopamine,0.7466425378182228,KCg-m,KCg-m,KCg-m_L,Kenyon_Cell,,cb_intrinsic,14292,KCg-m,KCg-m,,VFB_jrmc2kb2,L,,,Roughly traced,
70283,celltype_prediction_only,acetylcholine,dopamine,0.7349405367492909,dopamine,0.7466425378182228,KCg-m,KCg-m,KCg-m_R,Kenyon_Cell,,cb_intrinsic,14292,KCg-m,KCg-m,,VFB_jrmc2k7i,R,,,Prelim Roughly traced,
70312,celltype_prediction_only,acetylcholine,dopamine,0.768386674895668,dopamine,0.7466425378182228,KCg-m,KCg-m,KCg-m_R,Kenyon_Cell,,cb_intrinsic,14292,KCg-m,KCg-m,,VFB_jrmc2k7j,R,,,Prelim Roughly traced,
70322,celltype_prediction_only,acetylcholine,dopamine,0.8036122041022723,dopamine,0.7466425378182228,KCg-m,KCg-m,KCg-m_L,Kenyon_Cell,,cb_intrinsic,14292,KCg-m,KCg-m,,VFB_jrmc2kfi,L,,,Roughly traced,
70324,celltype_prediction_only,acetylcholine,dopamine,0.7037731025967512,dopamine,0.7466425378182228,KCg-m,KCg-m,KCg-m_R,Kenyon_Cell,,cb_intrinsic,14292,KCg-m,KCg-m,,VFB_jrmc2k7k,R,,,Prelim Roughly traced,
70445,celltype_prediction_only,acetylcholine,dopamine,0.6990544842150698,dopamine,0.7466425378182228,KCg-m,KCg-m,KCg-m_R,Kenyon_Cell,,cb_intrinsic,14292,KCg-m,KCg-m,,VFB_jrmc2kmd,R,,,Prelim Roughly traced,
70489,celltype_prediction_only,acetylcholine,dopamine,0.7450706429401771,dopamine,0.7466425378182228,KCg-m,KCg-m,KCg-m_R,Kenyon_Cell,,cb_intrinsic,14292,KCg-m,KCg-m,,VFB_jrmc2d8d,R,,,Prelim Roughly traced,
70509,celltype_prediction_only,acetylcholine,dopamine,0.768694061441703,dopamine,0.7466425378182228,KCg-m,KCg-m,KCg-m_R,Kenyon_Cell,,cb_intrinsic,14292,KCg-m,KCg-m,,VFB_jrmc2kvu,R,,,Prelim Roughly traced,
70526,celltype_prediction_only,acetylcholine,dopamine,0.6958715290138839,dopamine,0.7466425378182228,KCg-m,KCg-m,KCg-m_R,Kenyon_Cell,,cb_intrinsic,14292,KCg-m,KCg-m,,VFB_jrmc2k7l,R,,,Roughly traced,
70553,celltype_prediction_only,acetylcholine,dopamine,0.7776322563588801,dopamine,0.7466425378182228,KCg-m,KCg-m,KCg-m_R,Kenyon_Cell,,cb_intrinsic,14292,KCg-m,KCg-m,,VFB_jrmc2kkm,R,,,Prelim Roughly traced,
70614,celltype_prediction_only,acetylcholine,dopamine,0.768551707765116,dopamine,0.7466425378182228,KCg-m,KCg-m,KCg-m_L,Kenyon_Cell,,cb_intrinsic,14292,KCg-m,KCg-m,,VFB_jrmc2kfj,L,,,Roughly traced,
70740,celltype_prediction_only,acetylcholine,dopamine,0.7709991355927152,dopamine,0.7466425378182228,KCg-m,KCg-m,KCg-m_L,Kenyon_Cell,,cb_intrinsic,14292,KCg-m,KCg-m,,VFB_jrmc2ddj,L,,,Roughly traced,
70928,celltype_prediction_only,acetylcholine,dopamine,0.7238875582494216,dopamine,0.7466425378182228,KCg-m,KCg-m,KCg-m_R,Kenyon_Cell,,cb_intrinsic,14292,KCg-m,KCg-m,,VFB_jrmc2ko7,R,,,Prelim Roughly traced,
70952,celltype_prediction_only,acetylcholine,dopamine,0.7200498038643584,dopamine,0.7466425378182228,KCg-m,KCg-m,KCg-m_R,Kenyon_Cell,,cb_intrinsic,14292,KCg-m,KCg-m,,VFB_jrmc2kqz,R,,,Prelim Roughly traced,
71028,celltype_prediction_only,acetylcholine,dopamine,0.7199469432769978,dopamine,0.7466425378182228,KCg-m,KCg-m,KCg-m_R,Kenyon_Cell,,cb_intrinsic,14292,KCg-m,KCg-m,,VFB_jrmc2d8m,R,,,Prelim Roughly traced,
71033,celltype_prediction_only,acetylcholine,dopamine,0.7002966538915095,dopamine,0.7466425378182228,KCg-m,KCg-m,KCg-m_R,Kenyon_Cell,,cb_intrinsic,14292,KCg-m,KCg-m,,VFB_jrmc2dbd,R,,,Prelim Roughly traced,
71121,celltype_prediction_only,acetylcholine,dopamine,0.7578545435388705,dopamine,0.7466425378182228,KCg-m,KCg-m,KCg-m_R,Kenyon_Cell,,cb_intrinsic,14292,KCg-m,KCg-m,,VFB_jrmc2k7m,R,,,Prelim Roughly traced,
71166,celltype_prediction_only,acetylcholine,dopamine,0.6986782625786163,dopamine,0.7466425378182228,KCg-m,KCg-m,KCg-m_L,Kenyon_Cell,,cb_intrinsic,14292,KCg-m,KCg-m,,VFB_jrmc2kt8,L,,,Roughly traced,
71317,celltype_prediction_only,acetylcholine,dopamine,0.6947970437284917,dopamine,0.7466425378182228,KCg-m,KCg-m,KCg-m_L,Kenyon_Cell,,cb_intrinsic,14292,KCg-m,KCg-m,,VFB_jrmc2d7p,L,,,Roughly traced,
71406,celltype_prediction_only,acetylcholine,dopamine,0.799522132442113,dopamine,0.7466425378182228,KCg-m,KCg-m,KCg-m_L,Kenyon_Cell,,cb_intrinsic,14292,KCg-m,KCg-m,,VFB_jrmc2kb3,L,,,Roughly traced,
71474,celltype_prediction_only,acetylcholine,dopamine,0.789010755830133,dopamine,0.7466425378182228,KCg-m,KCg-m,KCg-m_L,Kenyon_Cell,,cb_intrinsic,14292,KCg-m,KCg-m,,VFB_jrmc2d8y,L,,,Roughly traced,
71618,celltype_prediction_only,acetylcholine,dopamine,0.7464808426421352,dopamine,0.7466425378182228,KCg-m,KCg-m,KCg-m_L,Kenyon_Cell,,cb_intrinsic,14292,KCg-m,KCg-m,,VFB_jrmc2kb4,L,,,Roughly traced,
71770,celltype_prediction_only,acetylcholine,dopamine,0.7676274919900321,dopamine,0.7466425378182228,KCg-m,KCg-m,KCg-m_R,Kenyon_Cell,,cb_intrinsic,14292,KCg-m,KCg-m,,VFB_jrmc2kkn,R,,,Prelim Roughly traced,
71902,celltype_prediction_only,acetylcholine,dopamine,0.7126726476754224,dopamine,0.7466425378182228,KCg-m,KCg-m,KCg-m_R,Kenyon_Cell,,cb_intrinsic,14292,KCg-m,KCg-m,,VFB_jrmc2k7n,R,,,Prelim Roughly traced,
72002,celltype_prediction_only,acetylcholine,dopamine,0.7578924067721237,dopamine,0.7466425378182228,KCg-m,KCg-m,KCg-m_L,Kenyon_Cell,,cb_intrinsic,14292,KCg-m,KCg-m,,VFB_jrmc2kfk,L,,,Roughly traced,
72032,celltype_prediction_only,acetylcholine,dopamine,0.7446694785531264,dopamine,0.7466425378182228,KCg-m,KCg-m,KCg-m_R,Kenyon_Cell,,cb_intrinsic,14292,KCg-m,KCg-m,,VFB_jrmc2ko8,R,,,Prelim Roughly traced,
72049,celltype_prediction_only,acetylcholine,dopamine,0.7388272621949385,dopamine,0.7466425378182228,KCg-m,KCg-m,KCg-m_R,Kenyon_Cell,,cb_intrinsic,14292,KCg-m,KCg-m,,VFB_jrmc2k7o,R,,,Prelim Roughly traced,
72097,celltype_prediction_only,acetylcholine,dopamine,0.7332274375365158,dopamine,0.7466425378182228,KCg-m,KCg-m,KCg-m_L,Kenyon_Cell,,cb_intrinsic,14292,KCg-m,KCg-m,,VFB_jrmc2kfl,L,,,Roughly traced,
72111,celltype_prediction_only,acetylcholine,dopamine,0.7477652923923561,dopamine,0.7466425378182228,KCg-m,KCg-m,KCg-m_R,Kenyon_Cell,,cb_intrinsic,14292,KCg-m,KCg-m,,VFB_jrmc2kko,R,,,Prelim Roughly traced,
72116,celltype_prediction_only,acetylcholine,dopamine,0.7638384433962264,dopamine,0.7466425378182228,KCg-m,KCg-m,KCg-m_L,Kenyon_Cell,,cb_intrinsic,14292,KCg-m,KCg-m,,VFB_jrmc2daf,L,,,Roughly traced,
72141,celltype_prediction_only,acetylcholine,dopamine,0.7495045100959946,dopamine,0.7466425378182228,KCg-m,KCg-m,KCg-m_R,Kenyon_Cell,,cb_intrinsic,14292,KCg-m,KCg-m,,VFB_jrmc2kvv,R,,,Prelim Roughly traced,
72350,celltype_prediction_only,acetylcholine,dopamine,0.7367587879070926,dopamine,0.7466425378182228,KCg-m,KCg-m,KCg-m_L,Kenyon_Cell,,cb_intrinsic,14292,KCg-m,KCg-m,,VFB_jrmc2ksh,L,,,Roughly traced,
72387,celltype_prediction_only,acetylcholine,dopamine,0.7455506888289908,dopamine,0.7466425378182228,KCg-m,KCg-m,KCg-m_R,Kenyon_Cell,,cb_intrinsic,14292,KCg-m,KCg-m,,VFB_jrmc2d5v,R,,,Prelim Roughly traced,
72523,celltype_prediction_only,acetylcholine,dopamine,0.7402843291404613,dopamine,0.7466425378182228,KCg-m,KCg-m,KCg-m_R,Kenyon_Cell,,cb_intrinsic,14292,KCg-m,KCg-m,,VFB_jrmc2k7p,R,,,Prelim Roughly traced,
72604,celltype_prediction_only,acetylcholine,dopamine,0.7368249501836975,dopamine,0.7466425378182228,KCg-m,KCg-m,KCg-m_L,Kenyon_Cell,,cb_intrinsic,14292,KCg-m,KCg-m,,VFB_jrmc2kb5,L,,,Roughly traced,
72606,celltype_prediction_only,acetylcholine,dopamine,0.7229698483166851,dopamine,0.7466425378182228,KCg-m,KCg-m,KCg-m_L,Kenyon_Cell,,cb_intrinsic,14292,KCg-m,KCg-m,,VFB_jrmc2kt9,L,,,Roughly traced,
72643,celltype_prediction_only,acetylcholine,dopamine,0.7637928887228345,dopamine,0.7466425378182228,KCg-m,KCg-m,KCg-m_R,Kenyon_Cell,,cb_intrinsic,14292,KCg-m,KCg-m,,VFB_jrmc2d7h,R,,,Prelim Roughly traced,
72678,celltype_prediction_only,acetylcholine,dopamine,0.7607335199553282,dopamine,0.7466425378182228,KCg-m,KCg-m,KCg-m_L,Kenyon_Cell,,cb_intrinsic,14292,KCg-m,KCg-m,,VFB_jrmc2d99,L,,,Roughly traced,
72684,celltype_prediction_only,acetylcholine,dopamine,0.7351530587434351,dopamine,0.7466425378182228,KCg-m,KCg-m,KCg-m_L,Kenyon_Cell,,cb_intrinsic,14292,KCg-m,KCg-m,,VFB_jrmc2d7q,L,,,Roughly traced,
72695,celltype_prediction_only,acetylcholine,dopamine,0.7168424513607241,dopamine,0.7466425378182228,KCg-m,KCg-m,KCg-m_R,Kenyon_Cell,,cb_intrinsic,14292,KCg-m,KCg-m,,VFB_jrmc2dg8,R,,,Prelim Roughly traced,
72854,celltype_prediction_only,acetylcholine,dopamine,0.7404569575471698,dopamine,0.7466425378182228,KCg-m,KCg-m,KCg-m_L,Kenyon_Cell,,cb_intrinsic,14292,KCg-m,KCg-m,,VFB_jrmc2kb6,L,,,Roughly traced,
72916,celltype_prediction_only,acetylcholine,dopamine,0.729301254443533,dopamine,0.7466425378182228,KCg-m,KCg-m,KCg-m_R,Kenyon_Cell,,cb_intrinsic,14292,KCg-m,KCg-m,,VFB_jrmc2kkp,R,,,Prelim Roughly traced,
72939,celltype_prediction_only,acetylcholine,dopamine,0.7555845083519308,dopamine,0.7466425378182228,KCg-m,KCg-m,KCg-m_R,Kenyon_Cell,,cb_intrinsic,14292,KCg-m,KCg-m,,VFB_jrmc2d5w,R,,,Prelim Roughly traced,
73013,celltype_prediction_only,acetylcholine,dopamine,0.7341680651306242,dopamine,0.7466425378182228,KCg-m,KCg-m,KCg-m_L,Kenyon_Cell,,cb_intrinsic,14292,KCg-m,KCg-m,,VFB_jrmc2d8z,L,,,Roughly traced,
73125,celltype_prediction_only,acetylcholine,dopamine,0.814125129071623,dopamine,0.7466425378182228,KCg-m,KCg-m,KCg-m_L,Kenyon_Cell,,cb_intrinsic,14292,KCg-m,KCg-m,,VFB_jrmc2kfm,L,,,Roughly traced,
73161,celltype_prediction_only,acetylcholine,dopamine,0.7583942610062893,dopamine,0.7466425378182228,KCg-m,KCg-m,KCg-m_R,Kenyon_Cell,,cb_intrinsic,14292,KCg-m,KCg-m,,VFB_jrmc2ko9,R,,,Prelim Roughly traced,
73195,celltype_prediction_only,acetylcholine,dopamine,0.7412280701754386,dopamine,0.7466425378182228,KCg-m,KCg-m,KCg-m_R,Kenyon_Cell,,cb_intrinsic,14292,KCg-m,KCg-m,,VFB_jrmc2d8n,R,,,Prelim Roughly traced,
73196,celltype_prediction_only,acetylcholine,dopamine,0.7388214841470532,dopamine,0.7466425378182228,KCg-m,KCg-m,KCg-m_L,Kenyon_Cell,,cb_intrinsic,14292,KCg-m,KCg-m,,VFB_jrmc2ksi,L,,,Roughly traced,
73197,celltype_prediction_only,acetylcholine,dopamine,0.7275943396226415,dopamine,0.7466425378182228,KCg-m,KCg-m,KCg-m_L,Kenyon_Cell,,cb_intrinsic,14292,KCg-m,KCg-m,,VFB_jrmc2dag,L,,,Roughly traced,
73296,celltype_prediction_only,acetylcholine,dopamine,0.7636876684636118,dopamine,0.7466425378182228,KCg-m,KCg-m,KCg-m_R,Kenyon_Cell,,cb_intrinsic,14292,KCg-m,KCg-m,,VFB_jrmc2kqt,R,,,Prelim Roughly traced,
73335,celltype_prediction_only,acetylcholine,dopamine,0.780876572327044,dopamine,0.7466425378182228,KCg-m,KCg-m,KCg-m_L,Kenyon_Cell,,cb_intrinsic,14292,KCg-m,KCg-m,,VFB_jrmc2kux,L,,,Roughly traced,
73354,celltype_prediction_only,acetylcholine,dopamine,0.7333016578127861,dopamine,0.7466425378182228,KCg-m,KCg-m,KCg-m_L,Kenyon_Cell,,cb_intrinsic,14292,KCg-m,KCg-m,,VFB_jrmc2ku3,L,,,Roughly traced,
73457,celltype_prediction_only,acetylcholine,dopamine,0.6685824337029113,dopamine,0.7466425378182228,KCg-m,KCg-m,KCg-m_R,Kenyon_Cell,,cb_intrinsic,14292,KCg-m,KCg-m,,VFB_jrmc2koa,R,,,Prelim Roughly traced,
73744,celltype_prediction_only,acetylcholine,dopamine,0.7822022248007264,dopamine,0.7466425378182228,KCg-m,KCg-m,KCg-m_L,Kenyon_Cell,,cb_intrinsic,14292,KCg-m,KCg-m,,VFB_jrmc2kb7,L,,,Roughly traced,
73750,celltype_prediction_only,acetylcholine,dopamine,0.7693994562691701,dopamine,0.7466425378182228,KCg-m,KCg-m,KCg-m_R,Kenyon_Cell,,cb_intrinsic,14292,KCg-m,KCg-m,,VFB_jrmc2d6v,R,,,Prelim Roughly traced,
73783,celltype_prediction_only,acetylcholine,dopamine,0.7565786323149124,dopamine,0.7466425378182228,KCg-m,KCg-m,KCg-m_L,Kenyon_Cell,,cb_intrinsic,14292,KCg-m,KCg-m,,VFB_jrmc2ku4,L,,,Roughly traced,
73814,celltype_prediction_only,acetylcholine,dopamine,0.7457056771692008,dopamine,0.7466425378182228,KCg-m,KCg-m,KCg-m_R,Kenyon_Cell,,cb_intrinsic,14292,KCg-m,KCg-m,,VFB_jrmc2dep,R,,,Prelim Roughly traced,
73850,celltype_prediction_only,acetylcholine,dopamine,0.7182559628140358,dopamine,0.7466425378182228,KCg-m,KCg-m,KCg-m_R,Kenyon_Cell,,cb_intrinsic,14292,KCg-m,KCg-m,,VFB_jrmc2dbf,R,,,Prelim Roughly traced,
73970,celltype_prediction_only,acetylcholine,dopamine,0.7344262510908489,dopamine,0.7466425378182228,KCg-m,KCg-m,KCg-m_L,Kenyon_Cell,,cb_intrinsic,14292,KCg-m,KCg-m,,VFB_jrmc2ksj,L,,,Roughly traced,
74110,celltype_prediction_only,acetylcholine,dopamine,0.7703844764575897,dopamine,0.7466425378182228,KCg-m,KCg-m,KCg-m_L,Kenyon_Cell,,cb_intrinsic,14292,KCg-m,KCg-m,,VFB_jrmc2kb8,L,,,Roughly traced,
74190,celltype_prediction_only,acetylcholine,dopamine,0.7177222778539053,dopamine,0.7466425378182228,KCg-m,KCg-m,KCg-m_R,Kenyon_Cell,,cb_intrinsic,14292,KCg-m,KCg-m,,VFB_jrmc2k7q,R,,,Prelim Roughly traced,
74203,celltype_prediction_only,acetylcholine,dopamine,0.7548968991520386,dopamine,0.7466425378182228,KCg-m,KCg-m,KCg-m_L,Kenyon_Cell,,cb_intrinsic,14292,KCg-m,KCg-m,,VFB_jrmc2ku5,L,,,Roughly traced,
74222,celltype_prediction_only,acetylcholine,dopamine,0.7454981972457169,dopamine,0.7466425378182228,KCg-m,KCg-m,KCg-m_L,Kenyon_Cell,,cb_intrinsic,14292,KCg-m,KCg-m,,VFB_jrmc2d9k,L,,,Roughly traced,
74260,celltype_prediction_only,acetylcholine,dopamine,0.7709531753336402,dopamine,0.7466425378182228,KCg-m,KCg-m,KCg-m_R,Kenyon_Cell,,cb_intrinsic,14292,KCg-m,KCg-m,,VFB_jrmc2kob,R,,,Prelim Roughly traced,
74368,celltype_prediction_only,acetylcholine,dopamine,0.6603721863621318,dopamine,0.7466425378182228,KCg-m,KCg-m,KCg-m_R,Kenyon_Cell,,cb_intrinsic,14292,KCg-m,KCg-m,,VFB_jrmc2dcu,R,,,Prelim Roughly traced,
74403,celltype_prediction_only,acetylcholine,dopamine,0.7205722006257704,dopamine,0.7466425378182228,KCg-m,KCg-m,KCg-m_R,Kenyon_Cell,,cb_intrinsic,14292,KCg-m,KCg-m,,VFB_jrmc2d6w,R,,,Prelim Roughly traced,
74434,celltype_prediction_only,acetylcholine,dopamine,0.7572550856128314,dopamine,0.7466425378182228,KCg-m,KCg-m,KCg-m_L,Kenyon_Cell,,cb_intrinsic,14292,KCg-m,KCg-m,,VFB_jrmc2kb9,L,,,Roughly traced,
74698,celltype_prediction_only,acetylcholine,dopamine,0.7366686129938328,dopamine,0.7466425378182228,KCg-m,KCg-m,KCg-m_L,Kenyon_Cell,,cb_intrinsic,14292,KCg-m,KCg-m,,VFB_jrmc2kp8,L,,,Roughly traced,
74708,celltype_prediction_only,acetylcholine,dopamine,0.7650167576961271,dopamine,0.7466425378182228,KCg-m,KCg-m,KCg-m_L,Kenyon_Cell,,cb_intrinsic,14292,KCg-m,KCg-m,,VFB_jrmc2kpg,L,,,Roughly traced,
74926,celltype_prediction_only,acetylcholine,dopamine,0.6966446717546463,dopamine,0.7466425378182228,KCg-m,KCg-m,KCg-m_L,Kenyon_Cell,,cb_intrinsic,14292,KCg-m,KCg-m,,VFB_jrmc2kba,L,,,Roughly traced,
74992,celltype_prediction_only,acetylcholine,dopamine,0.7582183569182389,dopamine,0.7466425378182228,KCg-m,KCg-m,KCg-m_L,Kenyon_Cell,,cb_intrinsic,14292,KCg-m,KCg-m,,VFB_jrmc2kbb,L,,,Roughly traced,
75029,celltype_prediction_only,acetylcholine,dopamine,0.5300320310490754,dopamine,0.7466425378182228,KCg-m,KCg-m,KCg-m_R,Kenyon_Cell,,cb_intrinsic,14292,KCg-m,KCg-m,,VFB_jrmc2dfy,R,,,Prelim Roughly traced,
75045,celltype_prediction_only,acetylcholine,dopamine,0.7238236309249885,dopamine,0.7466425378182228,KCg-m,KCg-m,KCg-m_R,Kenyon_Cell,,cb_intrinsic,14292,KCg-m,KCg-m,,VFB_jrmc2d8o,R,,,Prelim Roughly traced,
75070,celltype_prediction_only,acetylcholine,dopamine,0.7354258824591495,dopamine,0.7466425378182228,KCg-m,KCg-m,KCg-m_L,Kenyon_Cell,,cb_intrinsic,14292,KCg-m,KCg-m,,VFB_jrmc2kph,L,,,Roughly traced,
75072,celltype_prediction_only,acetylcholine,dopamine,0.7697333060582723,dopamine,0.7466425378182228,KCg-m,KCg-m,KCg-m_R,Kenyon_Cell,,cb_intrinsic,14292,KCg-m,KCg-m,,VFB_jrmc2kkq,R,,,Prelim Roughly traced,
75288,celltype_prediction_only,acetylcholine,dopamine,0.7508904505198306,dopamine,0.7466425378182228,KCg-m,KCg-m,KCg-m_R,Kenyon_Cell,,cb_intrinsic,14292,KCg-m,KCg-m,,VFB_jrmc2dcv,R,,,Prelim Roughly traced,
75310,celltype_prediction_only,acetylcholine,dopamine,0.7418296618262044,dopamine,0.7466425378182228,KCg-m,KCg-m,KCg-m_L,Kenyon_Cell,,cb_intrinsic,14292,KCg-m,KCg-m,,VFB_jrmc2db2,L,,,Roughly traced,
75312,celltype_prediction_only,acetylcholine,dopamine,0.7446953616352201,dopamine,0.7466425378182228,KCg-m,KCg-m,KCg-m_L,Kenyon_Cell,,cb_intrinsic,14292,KCg-m,KCg-m,,VFB_jrmc2kfn,L,,,Roughly traced,
75347,celltype_prediction_only,acetylcholine,dopamine,0.8010719491456798,dopamine,0.7466425378182228,KCg-m,KCg-m,KCg-m_L,Kenyon_Cell,,cb_intrinsic,14292,KCg-m,KCg-m,,VFB_jrmc2kfo,L,,,Roughly traced,
75368,celltype_prediction_only,acetylcholine,dopamine,0.7519324952604495,dopamine,0.7466425378182228,KCg-m,KCg-m,KCg-m_L,Kenyon_Cell,,cb_intrinsic,14292,KCg-m,KCg-m,,VFB_jrmc2kbc,L,,,Roughly traced,
75513,celltype_prediction_only,acetylcholine,dopamine,0.7427515313810272,dopamine,0.7466425378182228,KCg-m,KCg-m,KCg-m_L,Kenyon_Cell,,cb_intrinsic,14292,KCg-m,KCg-m,,VFB_jrmc2kbd,L,,,Roughly traced,
75597,celltype_prediction_only,acetylcholine,dopamine,0.7662623539982031,dopamine,0.7466425378182228,KCg-m,KCg-m,KCg-m_L,Kenyon_Cell,,cb_intrinsic,14292,KCg-m,KCg-m,,VFB_jrmc2kbe,L,,,Roughly traced,
75652,celltype_prediction_only,acetylcholine,dopamine,0.770887928022362,dopamine,0.7466425378182228,KCg-m,KCg-m,KCg-m_R,Kenyon_Cell,,cb_intrinsic,14292,KCg-m,KCg-m,,VFB_jrmc2kkr,R,,,Prelim Roughly traced,
75758,celltype_prediction_only,acetylcholine,dopamine,0.7827278362360909,dopamine,0.7466425378182228,KCg-m,KCg-m,KCg-m_L,Kenyon_Cell,,cb_intrinsic,14292,KCg-m,KCg-m,,VFB_jrmc2ku6,L,,,Roughly traced,
75774,celltype_prediction_only,acetylcholine,dopamine,0.6931433732598403,dopamine,0.7466425378182228,KCg-m,KCg-m,KCg-m_R,Kenyon_Cell,,cb_intrinsic,14292,KCg-m,KCg-m,,VFB_jrmc2d8p,R,,,Prelim Roughly traced,
75830,celltype_prediction_only,acetylcholine,dopamine,0.7884002531063047,dopamine,0.7466425378182228,KCg-m,KCg-m,KCg-m_L,Kenyon_Cell,,cb_intrinsic,14292,KCg-m,KCg-m,,VFB_jrmc2kfp,L,,,Roughly traced,
75880,celltype_prediction_only,acetylcholine,dopamine,0.741865391334731,dopamine,0.7466425378182228,KCg-m,KCg-m,KCg-m_R,Kenyon_Cell,,cb_intrinsic,14292,KCg-m,KCg-m,,VFB_jrmc2d8e,R,,,Prelim Roughly traced,
75907,celltype_prediction_only,acetylcholine,dopamine,0.7283164717265717,dopamine,0.7466425378182228,KCg-m,KCg-m,KCg-m_L,Kenyon_Cell,,cb_intrinsic,14292,KCg-m,KCg-m,,VFB_jrmc2dfs,L,,,Roughly traced,
76063,celltype_prediction_only,acetylcholine,dopamine,0.6911436438882914,dopamine,0.7466425378182228,KCg-m,KCg-m,KCg-m_R,Kenyon_Cell,,cb_intrinsic,14292,KCg-m,KCg-m,,VFB_jrmc2k7r,R,,,Prelim Roughly traced,
76085,celltype_prediction_only,acetylcholine,dopamine,0.8080102692610063,dopamine,0.7466425378182228,KCg-m,KCg-m,KCg-m_L,Kenyon_Cell,,cb_intrinsic,14292,KCg-m,KCg-m,,VFB_jrmc2kbf,L,,,Roughly traced,
76122,celltype_prediction_only,acetylcholine,dopamine,0.7668856993912487,dopamine,0.7466425378182228,KCg-m,KCg-m,KCg-m_L,Kenyon_Cell,,cb_intrinsic,14292,KCg-m,KCg-m,,VFB_jrmc2kbg,L,,,Roughly traced,
76309,celltype_prediction_only,acetylcholine,dopamine,0.7303469978109038,dopamine,0.7466425378182228,KCg-m,KCg-m,KCg-m_L,Kenyon_Cell,,cb_intrinsic,14292,KCg-m,KCg-m,,VFB_jrmc2kpi,L,,,Roughly traced,
76317,celltype_prediction_only,acetylcholine,dopamine,0.7119355901785147,dopamine,0.7466425378182228,KCg-m,KCg-m,KCg-m_R,Kenyon_Cell,,cb_intrinsic,14292,KCg-m,KCg-m,,VFB_jrmc2koc,R,,,Prelim Roughly traced,
76431,celltype_prediction_only,acetylcholine,dopamine,0.7396287561146052,dopamine,0.7466425378182228,KCg-m,KCg-m,KCg-m_L,Kenyon_Cell,,cb_intrinsic,14292,KCg-m,KCg-m,,VFB_jrmc2k5t,L,,,Roughly traced,
76443,celltype_prediction_only,acetylcholine,dopamine,0.7311985525342212,dopamine,0.7466425378182228,KCg-m,KCg-m,KCg-m_R,Kenyon_Cell,,cb_intrinsic,14292,KCg-m,KCg-m,,VFB_jrmc2dbm,R,,,Prelim Roughly traced,
76476,celltype_prediction_only,acetylcholine,dopamine,0.7924679487179488,dopamine,0.7466425378182228,KCg-m,KCg-m,KCg-m_L,Kenyon_Cell,,cb_intrinsic,14292,KCg-m,KCg-m,,VFB_jrmc2kri,L,,,Roughly traced,
76488,celltype_prediction_only,acetylcholine,dopamine,0.7544017740595704,dopamine,0.7466425378182228,KCg-m,KCg-m,KCg-m_L,Kenyon_Cell,,cb_intrinsic,14292,KCg-m,KCg-m,,VFB_jrmc2kfq,L,,,Roughly traced,
76493,celltype_prediction_only,acetylcholine,dopamine,0.7323966959788268,dopamine,0.7466425378182228,KCg-m,KCg-m,KCg-m_R,Kenyon_Cell,,cb_intrinsic,14292,KCg-m,KCg-m,,VFB_jrmc2kod,R,,,Prelim Roughly traced,
76508,celltype_prediction_only,acetylcholine,dopamine,0.7554144204851753,dopamine,0.7466425378182228,KCg-m,KCg-m,KCg-m_L,Kenyon_Cell,,cb_intrinsic,14292,KCg-m,KCg-m,,VFB_jrmc2dfc,L,,,Roughly traced,
76564,celltype_prediction_only,acetylcholine,dopamine,0.7129151926100629,dopamine,0.7466425378182228,KCg-m,KCg-m,KCg-m_L,Kenyon_Cell,,cb_intrinsic,14292,KCg-m,KCg-m,,VFB_jrmc2kbh,L,,,Roughly traced,
76587,celltype_prediction_only,acetylcholine,dopamine,0.7174849410930995,dopamine,0.7466425378182228,KCg-m,KCg-m,KCg-m_R,Kenyon_Cell,,cb_intrinsic,14292,KCg-m,KCg-m,,VFB_jrmc2d9y,R,,,Prelim Roughly traced,
76837,celltype_prediction_only,acetylcholine,dopamine,0.7407968952780274,dopamine,0.7466425378182228,KCg-m,KCg-m,KCg-m_R,Kenyon_Cell,,cb_intrinsic,14292,KCg-m,KCg-m,,VFB_jrmc2df5,R,,,Prelim Roughly traced,
76949,celltype_prediction_only,acetylcholine,dopamine,0.805086346228172,dopamine,0.7466425378182228,KCg-m,KCg-m,KCg-m_L,Kenyon_Cell,,cb_intrinsic,14292,KCg-m,KCg-m,,VFB_jrmc2kbi,L,,,Roughly traced,
76973,celltype_prediction_only,acetylcholine,dopamine,0.7473098466981132,dopamine,0.7466425378182228,KCg-m,KCg-m,KCg-m_R,Kenyon_Cell,,cb_intrinsic,14292,KCg-m,KCg-m,,VFB_jrmc2d9z,R,,,Prelim Roughly traced,
77054,celltype_prediction_only,acetylcholine,dopamine,0.725078824331969,dopamine,0.7466425378182228,KCg-m,KCg-m,KCg-m_R,Kenyon_Cell,,cb_intrinsic,14292,KCg-m,KCg-m,,VFB_jrmc2kr0,R,,,Prelim Roughly traced,
77093,celltype_prediction_only,acetylcholine,dopamine,0.8062327427519559,dopamine,0.7466425378182228,KCg-m,KCg-m,KCg-m_L,Kenyon_Cell,,cb_intrinsic,14292,KCg-m,KCg-m,,VFB_jrmc2kfr,L,,,Roughly traced,
77108,celltype_prediction_only,acetylcholine,dopamine,0.7429889679348386,dopamine,0.7466425378182228,KCg-m,KCg-m,KCg-m_L,Kenyon_Cell,,cb_intrinsic,14292,KCg-m,KCg-m,,VFB_jrmc2kfs,L,,,Roughly traced,
77126,celltype_prediction_only,acetylcholine,dopamine,0.7594551849883366,dopamine,0.7466425378182228,KCg-m,KCg-m,KCg-m_R,Kenyon_Cell,,cb_intrinsic,14292,KCg-m,KCg-m,,VFB_jrmc2d6x,R,,,Prelim Roughly traced,
77132,celltype_prediction_only,acetylcholine,dopamine,0.7201466947678308,dopamine,0.7466425378182228,KCg-m,KCg-m,KCg-m_R,Kenyon_Cell,,cb_intrinsic,14292,KCg-m,KCg-m,,VFB_jrmc2k7s,R,,,Prelim Roughly traced,
77158,celltype_prediction_only,acetylcholine,dopamine,0.7806508365390487,dopamine,0.7466425378182228,KCg-m,KCg-m,KCg-m_R,Kenyon_Cell,,cb_intrinsic,14292,KCg-m,KCg-m,,VFB_jrmc2dbn,R,,,Prelim Roughly traced,
77281,celltype_prediction_only,acetylcholine,dopamine,0.7127467565609668,dopamine,0.7466425378182228,KCg-m,KCg-m,KCg-m_R,Kenyon_Cell,,cb_intrinsic,14292,KCg-m,KCg-m,,VFB_jrmc2dbg,R,,,Prelim Roughly traced,
77367,celltype_prediction_only,acetylcholine,dopamine,0.7903753512645524,dopamine,0.7466425378182228,KCg-m,KCg-m,KCg-m_L,Kenyon_Cell,,cb_intrinsic,14292,KCg-m,KCg-m,,VFB_jrmc2kbj,L,,,Roughly traced,
77442,celltype_prediction_only,acetylcholine,dopamine,0.7705036806746712,dopamine,0.7466425378182228,KCg-m,KCg-m,KCg-m_R,Kenyon_Cell,,cb_intrinsic,14292,KCg-m,KCg-m,,VFB_jrmc2kks,R,,,Prelim Roughly traced,
77449,celltype_prediction_only,acetylcholine,dopamine,0.7399080937406408,dopamine,0.7466425378182228,KCg-m,KCg-m,KCg-m_R,Kenyon_Cell,,cb_intrinsic,14292,KCg-m,KCg-m,,VFB_jrmc2dd3,R,,,Prelim Roughly traced,
77451,celltype_prediction_only,acetylcholine,dopamine,0.7609291775751557,dopamine,0.7466425378182228,KCg-m,KCg-m,KCg-m_R,Kenyon_Cell,,cb_intrinsic,14292,KCg-m,KCg-m,,VFB_jrmc2k7t,R,,,Prelim Roughly traced,
77454,celltype_prediction_only,acetylcholine,dopamine,0.7655156992042099,dopamine,0.7466425378182228,KCg-m,KCg-m,KCg-m_L,Kenyon_Cell,,cb_intrinsic,14292,KCg-m,KCg-m,,VFB_jrmc2dcj,L,,,Roughly traced,
77479,celltype_prediction_only,acetylcholine,dopamine,0.7626349119812901,dopamine,0.7466425378182228,KCg-m,KCg-m,KCg-m_R,Kenyon_Cell,,cb_intrinsic,14292,KCg-m,KCg-m,,VFB_jrmc2d5x,R,,,Prelim Roughly traced,
77523,celltype_prediction_only,acetylcholine,dopamine,0.7196662129603555,dopamine,0.7466425378182228,KCg-m,KCg-m,KCg-m_R,Kenyon_Cell,,cb_intrinsic,14292,KCg-m,KCg-m,,VFB_jrmc2kkt,R,,,Prelim Roughly traced,
77628,celltype_prediction_only,acetylcholine,dopamine,0.7581103649220055,dopamine,0.7466425378182228,KCg-m,KCg-m,KCg-m_L,Kenyon_Cell,,cb_intrinsic,14292,KCg-m,KCg-m,,VFB_jrmc2krj,L,,,Roughly traced,
77631,celltype_prediction_only,acetylcholine,dopamine,0.7038194444444444,dopamine,0.7466425378182228,KCg-m,KCg-m,KCg-m_L,Kenyon_Cell,,cb_intrinsic,14292,KCg-m,KCg-m,,VFB_jrmc2kft,L,,,Roughly traced,
77637,celltype_prediction_only,acetylcholine,dopamine,0.7973900726523531,dopamine,0.7466425378182228,KCg-m,KCg-m,KCg-m_R,Kenyon_Cell,,cb_intrinsic,14292,KCg-m,KCg-m,,VFB_jrmc2kvw,R,,,Prelim Roughly traced,
77719,celltype_prediction_only,acetylcholine,dopamine,0.6984701899627775,dopamine,0.7466425378182228,KCg-m,KCg-m,KCg-m_L,Kenyon_Cell,,cb_intrinsic,14292,KCg-m,KCg-m,,VFB_jrmc2krk,L,,,Roughly traced,
77975,celltype_prediction_only,acetylcholine,dopamine,0.6752479281315513,dopamine,0.7466425378182228,KCg-m,KCg-m,KCg-m_R,Kenyon_Cell,,cb_intrinsic,14292,KCg-m,KCg-m,,VFB_jrmc2k7u,R,,,Prelim Roughly traced,
78066,celltype_prediction_only,acetylcholine,dopamine,0.7403542947982904,dopamine,0.7466425378182228,KCg-m,KCg-m,KCg-m_L,Kenyon_Cell,,cb_intrinsic,14292,KCg-m,KCg-m,,VFB_jrmc2kbk,L,,,Roughly traced,
78251,celltype_prediction_only,acetylcholine,dopamine,0.7411290107664428,dopamine,0.7466425378182228,KCg-m,KCg-m,KCg-m_R,Kenyon_Cell,,cb_intrinsic,14292,KCg-m,KCg-m,,VFB_jrmc2kku,R,,,Prelim Roughly traced,
78361,celltype_prediction_only,acetylcholine,dopamine,0.7377220821377851,dopamine,0.7466425378182228,KCg-m,KCg-m,KCg-m_R,Kenyon_Cell,,cb_intrinsic,14292,KCg-m,KCg-m,,VFB_jrmc2d6y,R,,,Prelim Roughly traced,
78458,celltype_prediction_only,acetylcholine,dopamine,0.7680547236364846,dopamine,0.7466425378182228,KCg-m,KCg-m,KCg-m_R,Kenyon_Cell,,cb_intrinsic,14292,KCg-m,KCg-m,,VFB_jrmc2kkv,R,,,Prelim Roughly traced,
78483,celltype_prediction_only,acetylcholine,dopamine,0.7444219826295299,dopamine,0.7466425378182228,KCg-m,KCg-m,KCg-m_L,Kenyon_Cell,,cb_intrinsic,14292,KCg-m,KCg-m,,VFB_jrmc2dfo,L,,,Roughly traced,
78514,celltype_prediction_only,acetylcholine,dopamine,0.7885432081637687,dopamine,0.7466425378182228,KCg-m,KCg-m,KCg-m_L,Kenyon_Cell,,cb_intrinsic,14292,KCg-m,KCg-m,,VFB_jrmc2d90,L,,,Roughly traced,
78811,celltype_prediction_only,acetylcholine,dopamine,0.7498955230056273,dopamine,0.7466425378182228,KCg-m,KCg-m,KCg-m_R,Kenyon_Cell,,cb_intrinsic,14292,KCg-m,KCg-m,,VFB_jrmc2k7v,R,,,Prelim Roughly traced,
78858,celltype_prediction_only,acetylcholine,dopamine,0.7501006441223833,dopamine,0.7466425378182228,KCg-m,KCg-m,KCg-m_R,Kenyon_Cell,,cb_intrinsic,14292,KCg-m,KCg-m,,VFB_jrmc2d8f,R,,,Prelim Roughly traced,
78862,celltype_prediction_only,acetylcholine,dopamine,0.7684807389937107,dopamine,0.7466425378182228,KCg-m,KCg-m,KCg-m_L,Kenyon_Cell,,cb_intrinsic,14292,KCg-m,KCg-m,,VFB_jrmc2kbl,L,,,Roughly traced,
78872,celltype_prediction_only,acetylcholine,dopamine,0.7357672531021587,dopamine,0.7466425378182228,KCg-m,KCg-m,KCg-m_L,Kenyon_Cell,,cb_intrinsic,14292,KCg-m,KCg-m,,VFB_jrmc2kuy,L,,,Roughly traced,
78880,celltype_prediction_only,acetylcholine,dopamine,0.7665923959419739,dopamine,0.7466425378182228,KCg-m,KCg-m,KCg-m_L,Kenyon_Cell,,cb_intrinsic,14292,KCg-m,KCg-m,,VFB_jrmc2kbm,L,,,Roughly traced,
78920,celltype_prediction_only,acetylcholine,dopamine,0.7584670929088796,dopamine,0.7466425378182228,KCg-m,KCg-m,KCg-m_R,Kenyon_Cell,,cb_intrinsic,14292,KCg-m,KCg-m,,VFB_jrmc2koe,R,,,Prelim Roughly traced,
78992,celltype_prediction_only,acetylcholine,dopamine,0.7656932568082535,dopamine,0.7466425378182228,KCg-m,KCg-m,KCg-m_L,Kenyon_Cell,,cb_intrinsic,14292,KCg-m,KCg-m,,VFB_jrmc2kbn,L,,,Roughly traced,
79275,celltype_prediction_only,acetylcholine,dopamine,0.7918912848158131,dopamine,0.7466425378182228,KCg-m,KCg-m,KCg-m_L,Kenyon_Cell,,cb_intrinsic,14292,KCg-m,KCg-m,,VFB_jrmc2kbo,L,,,Roughly traced,
79372,celltype_prediction_only,acetylcholine,dopamine,0.7825755082638584,dopamine,0.7466425378182228,KCg-m,KCg-m,KCg-m_R,Kenyon_Cell,,cb_intrinsic,14292,KCg-m,KCg-m,,VFB_jrmc2dbo,R,,,Prelim Roughly traced,
79444,celltype_prediction_only,acetylcholine,dopamine,0.7193787445229366,dopamine,0.7466425378182228,KCg-m,KCg-m,KCg-m_R,Kenyon_Cell,,cb_intrinsic,14292,KCg-m,KCg-m,,VFB_jrmc2k7w,R,,,Prelim Roughly traced,
79622,celltype_prediction_only,acetylcholine,dopamine,0.7390274309409298,dopamine,0.7466425378182228,KCg-m,KCg-m,KCg-m_L,Kenyon_Cell,,cb_intrinsic,14292,KCg-m,KCg-m,,VFB_jrmc2kfu,L,,,Roughly traced,
79653,celltype_prediction_only,acetylcholine,dopamine,0.7097686226992095,dopamine,0.7466425378182228,KCg-m,KCg-m,KCg-m_R,Kenyon_Cell,,cb_intrinsic,14292,KCg-m,KCg-m,,VFB_jrmc2kkw,R,,,Prelim Roughly traced,
79690,celltype_prediction_only,acetylcholine,dopamine,0.7743293454200484,dopamine,0.7466425378182228,KCg-m,KCg-m,KCg-m_L,Kenyon_Cell,,cb_intrinsic,14292,KCg-m,KCg-m,,VFB_jrmc2kta,L,,,Roughly traced,
79761,celltype_prediction_only,acetylcholine,dopamine,0.7003365163368616,dopamine,0.7466425378182228,KCg-m,KCg-m,KCg-m_L,Kenyon_Cell,,cb_intrinsic,14292,KCg-m,KCg-m,,VFB_jrmc2d7r,L,,,Roughly traced,
79776,celltype_prediction_only,acetylcholine,dopamine,0.7859816652208487,dopamine,0.7466425378182228,KCg-m,KCg-m,KCg-m_L,Kenyon_Cell,,cb_intrinsic,14292,KCg-m,KCg-m,,VFB_jrmc2ku7,L,,,Roughly traced,
79783,celltype_prediction_only,acetylcholine,dopamine,0.7635569336814915,dopamine,0.7466425378182228,KCg-m,KCg-m,KCg-m_L,Kenyon_Cell,,cb_intrinsic,14292,KCg-m,KCg-m,,VFB_jrmc2kpj,L,,,Roughly traced,
79832,celltype_prediction_only,acetylcholine,dopamine,0.7457848659705685,dopamine,0.7466425378182228,KCg-m,KCg-m,KCg-m_R,Kenyon_Cell,,cb_intrinsic,14292,KCg-m,KCg-m,,VFB_jrmc2kkx,R,,,Prelim Roughly traced,
79931,celltype_prediction_only,acetylcholine,dopamine,0.7704200194228635,dopamine,0.7466425378182228,KCg-m,KCg-m,KCg-m_R,Kenyon_Cell,,cb_intrinsic,14292,KCg-m,KCg-m,,VFB_jrmc2kky,R,,,Prelim Roughly traced,
79950,celltype_prediction_only,acetylcholine,dopamine,0.7875151185292695,dopamine,0.7466425378182228,KCg-m,KCg-m,KCg-m_L,Kenyon_Cell,,cb_intrinsic,14292,KCg-m,KCg-m,,VFB_jrmc2kpk,L,,,Roughly traced,
80027,celltype_prediction_only,acetylcholine,dopamine,0.7264317503464449,dopamine,0.7466425378182228,KCg-m,KCg-m,KCg-m_R,Kenyon_Cell,,cb_intrinsic,14292,KCg-m,KCg-m,,VFB_jrmc2k7x,R,,,Prelim Roughly traced,
80079,celltype_prediction_only,acetylcholine,dopamine,0.7896414410719169,dopamine,0.7466425378182228,KCg-m,KCg-m,KCg-m_R,Kenyon_Cell,,cb_intrinsic,14292,KCg-m,KCg-m,,VFB_jrmc2kr1,R,,,Prelim Roughly traced,
80083,celltype_prediction_only,acetylcholine,dopamine,0.7553660832505793,dopamine,0.7466425378182228,KCg-m,KCg-m,KCg-m_R,Kenyon_Cell,,cb_intrinsic,14292,KCg-m,KCg-m,,VFB_jrmc2kkz,R,,,Prelim Roughly traced,
80094,celltype_prediction_only,acetylcholine,dopamine,0.7473703208151912,dopamine,0.7466425378182228,KCg-m,KCg-m,KCg-m_L,Kenyon_Cell,,cb_intrinsic,14292,KCg-m,KCg-m,,VFB_jrmc2d68,L,,,Roughly traced,
80123,celltype_prediction_only,acetylcholine,dopamine,0.7459236308888098,dopamine,0.7466425378182228,KCg-m,KCg-m,KCg-m_R,Kenyon_Cell,,cb_intrinsic,14292,KCg-m,KCg-m,,VFB_jrmc2kof,R,,,Prelim Roughly traced,
80143,celltype_prediction_only,acetylcholine,dopamine,0.7828660027952481,dopamine,0.7466425378182228,KCg-m,KCg-m,KCg-m_L,Kenyon_Cell,,cb_intrinsic,14292,KCg-m,KCg-m,,VFB_jrmc2kfv,L,,,Roughly traced,
80325,celltype_prediction_only,acetylcholine,dopamine,0.7851973409584238,dopamine,0.7466425378182228,KCg-m,KCg-m,KCg-m_L,Kenyon_Cell,,cb_intrinsic,14292,KCg-m,KCg-m,,VFB_jrmc2kbp,L,,,Roughly traced,
80380,celltype_prediction_only,acetylcholine,dopamine,0.7516168268660259,dopamine,0.7466425378182228,KCg-m,KCg-m,KCg-m_L,Kenyon_Cell,,cb_intrinsic,14292,KCg-m,KCg-m,,VFB_jrmc2deb,L,,,Roughly traced,
80397,celltype_prediction_only,acetylcholine,dopamine,0.758191779732881,dopamine,0.7466425378182228,KCg-m,KCg-m,KCg-m_R,Kenyon_Cell,,cb_intrinsic,14292,KCg-m,KCg-m,,VFB_jrmc2kog,R,,,Prelim Roughly traced,
80532,celltype_prediction_only,acetylcholine,dopamine,0.7135478085691824,dopamine,0.7466425378182228,KCg-m,KCg-m,KCg-m_L,Kenyon_Cell,,cb_intrinsic,14292,KCg-m,KCg-m,,VFB_jrmc2krl,L,,,Roughly traced,
80614,celltype_prediction_only,acetylcholine,dopamine,0.7235634648370497,dopamine,0.7466425378182228,KCg-m,KCg-m,KCg-m_R,Kenyon_Cell,,cb_intrinsic,14292,KCg-m,KCg-m,,VFB_jrmc2k7y,R,,,Prelim Roughly traced,
80663,celltype_prediction_only,acetylcholine,dopamine,0.7673072347732539,dopamine,0.7466425378182228,KCg-m,KCg-m,KCg-m_L,Kenyon_Cell,,cb_intrinsic,14292,KCg-m,KCg-m,,VFB_jrmc2kbq,L,,,Roughly traced,
80704,celltype_prediction_only,acetylcholine,dopamine,0.8080496229326811,dopamine,0.7466425378182228,KCg-m,KCg-m,KCg-m_L,Kenyon_Cell,,cb_intrinsic,14292,KCg-m,KCg-m,,VFB_jrmc2kuz,L,,,Roughly traced,
80708,celltype_prediction_only,acetylcholine,dopamine,0.706935463924811,dopamine,0.7466425378182228,KCg-m,KCg-m,KCg-m_L,Kenyon_Cell,,cb_intrinsic,14292,KCg-m,KCg-m,,VFB_jrmc2d69,L,,,Prelim Roughly traced,
80779,celltype_prediction_only,acetylcholine,dopamine,0.7367712868892115,dopamine,0.7466425378182228,KCg-m,KCg-m,KCg-m_L,Kenyon_Cell,,cb_intrinsic,14292,KCg-m,KCg-m,,VFB_jrmc2dbz,L,,,Prelim Roughly traced,
80970,celltype_prediction_only,acetylcholine,dopamine,0.7329130891809766,dopamine,0.7466425378182228,KCg-m,KCg-m,KCg-m_L,Kenyon_Cell,,cb_intrinsic,14292,KCg-m,KCg-m,,VFB_jrmc2kbr,L,,,Prelim Roughly traced,
81000,celltype_prediction_only,acetylcholine,dopamine,0.7762984728447827,dopamine,0.7466425378182228,KCg-m,KCg-m,KCg-m_R,Kenyon_Cell,,cb_intrinsic,14292,KCg-m,KCg-m,,VFB_jrmc2kl0,R,,,Prelim Roughly traced,
81001,celltype_prediction_only,acetylcholine,dopamine,0.7942798150402379,dopamine,0.7466425378182228,KCg-m,KCg-m,KCg-m_L,Kenyon_Cell,,cb_intrinsic,14292,KCg-m,KCg-m,,VFB_jrmc2kbs,L,,,Prelim Roughly traced,
81004,celltype_prediction_only,acetylcholine,dopamine,0.7481427879423163,dopamine,0.7466425378182228,KCg-m,KCg-m,KCg-m_R,Kenyon_Cell,,cb_intrinsic,14292,KCg-m,KCg-m,,VFB_jrmc2de7,R,,,Prelim Roughly traced,
81005,celltype_prediction_only,acetylcholine,dopamine,0.7336143781342643,dopamine,0.7466425378182228,KCg-m,KCg-m,KCg-m_R,Kenyon_Cell,,cb_intrinsic,14292,KCg-m,KCg-m,,VFB_jrmc2k7z,R,,,Prelim Roughly traced,
81093,celltype_prediction_only,acetylcholine,dopamine,0.7179364398704021,dopamine,0.7466425378182228,KCg-m,KCg-m,KCg-m_L,Kenyon_Cell,,cb_intrinsic,14292,KCg-m,KCg-m,,VFB_jrmc2kfw,L,,,Prelim Roughly traced,
81143,celltype_prediction_only,acetylcholine,dopamine,0.7583221024258759,dopamine,0.7466425378182228,KCg-m,KCg-m,KCg-m_L,Kenyon_Cell,,cb_intrinsic,14292,KCg-m,KCg-m,,VFB_jrmc2kbt,L,,,Prelim Roughly traced,
81233,celltype_prediction_only,acetylcholine,dopamine,0.7197148370497427,dopamine,0.7466425378182228,KCg-m,KCg-m,KCg-m_R,Kenyon_Cell,,cb_intrinsic,14292,KCg-m,KCg-m,,VFB_jrmc2d8q,R,,,Prelim Roughly traced,
81251,celltype_prediction_only,acetylcholine,dopamine,0.7458857442348008,dopamine,0.7466425378182228,KCg-m,KCg-m,KCg-m_L,Kenyon_Cell,,cb_intrinsic,14292,KCg-m,KCg-m,,VFB_jrmc2ksk,L,,,Prelim Roughly traced,
81338,celltype_prediction_only,acetylcholine,dopamine,0.7937720040333608,dopamine,0.7466425378182228,KCg-m,KCg-m,KCg-m_L,Kenyon_Cell,,cb_intrinsic,14292,KCg-m,KCg-m,,VFB_jrmc2ksl,L,,,Prelim Roughly traced,
81349,celltype_prediction_only,acetylcholine,dopamine,0.7367352559032877,dopamine,0.7466425378182228,KCg-m,KCg-m,KCg-m_L,Kenyon_Cell,,cb_intrinsic,14292,KCg-m,KCg-m,,VFB_jrmc2db3,L,,,Prelim Roughly traced,
81369,celltype_prediction_only,acetylcholine,dopamine,0.7579406675318625,dopamine,0.7466425378182228,KCg-m,KCg-m,KCg-m_L,Kenyon_Cell,,cb_intrinsic,14292,KCg-m,KCg-m,,VFB_jrmc2ddg,L,,,Prelim Roughly traced,
81374,celltype_prediction_only,acetylcholine,dopamine,0.6789164175851548,dopamine,0.7466425378182228,KCg-m,KCg-m,KCg-m_L,Kenyon_Cell,,cb_intrinsic,14292,KCg-m,KCg-m,,VFB_jrmc2ktb,L,,,Prelim Roughly traced,
81385,celltype_prediction_only,acetylcholine,dopamine,0.7587076155318566,dopamine,0.7466425378182228,KCg-m,KCg-m,KCg-m_L,Kenyon_Cell,,cb_intrinsic,14292,KCg-m,KCg-m,,VFB_jrmc2kfx,L,,,Prelim Roughly traced,
81427,celltype_prediction_only,acetylcholine,dopamine,0.7325612902240948,dopamine,0.7466425378182228,KCg-m,KCg-m,KCg-m_R,Kenyon_Cell,,cb_intrinsic,14292,KCg-m,KCg-m,,VFB_jrmc2kvx,R,,,Prelim Roughly traced,
81502,celltype_prediction_only,acetylcholine,dopamine,0.7002292644382722,dopamine,0.7466425378182228,KCg-m,KCg-m,KCg-m_L,Kenyon_Cell,,cb_intrinsic,14292,KCg-m,KCg-m,,VFB_jrmc2dcl,L,,,Prelim Roughly traced,
81506,celltype_prediction_only,acetylcholine,dopamine,0.7906664919636618,dopamine,0.7466425378182228,KCg-m,KCg-m,KCg-m_R,Kenyon_Cell,,cb_intrinsic,14292,KCg-m,KCg-m,,VFB_jrmc2dcw,R,,,Prelim Roughly traced,
81563,celltype_prediction_only,acetylcholine,dopamine,0.702534873407515,dopamine,0.7466425378182228,KCg-m,KCg-m,KCg-m_R,Kenyon_Cell,,cb_intrinsic,14292,KCg-m,KCg-m,,VFB_jrmc2dd6,R,,,Prelim Roughly traced,
81601,celltype_prediction_only,acetylcholine,dopamine,0.710599272902732,dopamine,0.7466425378182228,KCg-m,KCg-m,KCg-m_R,Kenyon_Cell,,cb_intrinsic,14292,KCg-m,KCg-m,,VFB_jrmc2kl1,R,,,Prelim Roughly traced,
81606,celltype_prediction_only,acetylcholine,dopamine,0.7354451107739957,dopamine,0.7466425378182228,KCg-m,KCg-m,KCg-m_R,Kenyon_Cell,,cb_intrinsic,14292,KCg-m,KCg-m,,VFB_jrmc2k80,R,,,Prelim Roughly traced,
81628,celltype_prediction_only,acetylcholine,dopamine,0.6843074329609812,dopamine,0.7466425378182228,KCg-m,KCg-m,KCg-m_R,Kenyon_Cell,,cb_intrinsic,14292,KCg-m,KCg-m,,VFB_jrmc2koh,R,,,Prelim Roughly traced,
81630,celltype_prediction_only,acetylcholine,dopamine,0.7882320055904961,dopamine,0.7466425378182228,KCg-m,KCg-m,KCg-m_L,Kenyon_Cell,,cb_intrinsic,14292,KCg-m,KCg-m,,VFB_jrmc2kbu,L,,,Prelim Roughly traced,
81651,celltype_prediction_only,acetylcholine,dopamine,0.7486364339948512,dopamine,0.7466425378182228,KCg-m,KCg-m,KCg-m_R,Kenyon_Cell,,cb_intrinsic,14292,KCg-m,KCg-m,,VFB_jrmc2da0,R,,,Prelim Roughly traced,
81671,celltype_prediction_only,acetylcholine,dopamine,0.7585687771510082,dopamine,0.7466425378182228,KCg-m,KCg-m,KCg-m_L,Kenyon_Cell,,cb_intrinsic,14292,KCg-m,KCg-m,,VFB_jrmc2kbv,L,,,Prelim Roughly traced,
81740,celltype_prediction_only,acetylcholine,dopamine,0.7845423253442122,dopamine,0.7466425378182228,KCg-m,KCg-m,KCg-m_L,Kenyon_Cell,,cb_intrinsic,14292,KCg-m,KCg-m,,VFB_jrmc2kbw,L,,,Prelim Roughly traced,
81820,celltype_prediction_only,acetylcholine,dopamine,0.7527162391350435,dopamine,0.7466425378182228,KCg-m,KCg-m,KCg-m_R,Kenyon_Cell,,cb_intrinsic,14292,KCg-m,KCg-m,,VFB_jrmc2k81,R,,,Prelim Roughly traced,
81967,celltype_prediction_only,acetylcholine,dopamine,0.7022143605870022,dopamine,0.7466425378182228,KCg-m,KCg-m,KCg-m_R,Kenyon_Cell,,cb_intrinsic,14292,KCg-m,KCg-m,,VFB_jrmc2kl2,R,,,Prelim Roughly traced,
82118,celltype_prediction_only,acetylcholine,dopamine,0.7415645074496351,dopamine,0.7466425378182228,KCg-m,KCg-m,KCg-m_R,Kenyon_Cell,,cb_intrinsic,14292,KCg-m,KCg-m,,VFB_jrmc2k82,R,,,Prelim Roughly traced,
82132,celltype_prediction_only,acetylcholine,dopamine,0.7270881940217759,dopamine,0.7466425378182228,KCg-m,KCg-m,KCg-m_R,Kenyon_Cell,,cb_intrinsic,14292,KCg-m,KCg-m,,VFB_jrmc2kl3,R,,,Prelim Roughly traced,
82161,celltype_prediction_only,acetylcholine,dopamine,0.7783286878216124,dopamine,0.7466425378182228,KCg-m,KCg-m,KCg-m_R,Kenyon_Cell,,cb_intrinsic,14292,KCg-m,KCg-m,,VFB_jrmc2kl4,R,,,Prelim Roughly traced,
82188,celltype_prediction_only,acetylcholine,dopamine,0.7484134161045394,dopamine,0.7466425378182228,KCg-m,KCg-m,KCg-m_R,Kenyon_Cell,,cb_intrinsic,14292,KCg-m,KCg-m,,VFB_jrmc2koi,R,,,Prelim Roughly traced,
82192,celltype_prediction_only,acetylcholine,dopamine,0.7434286098347834,dopamine,0.7466425378182228,KCg-m,KCg-m,KCg-m_L,Kenyon_Cell,,cb_intrinsic,14292,KCg-m,KCg-m,,VFB_jrmc2d9l,L,,,Prelim Roughly traced,
82284,celltype_prediction_only,acetylcholine,dopamine,0.7236686137452341,dopamine,0.7466425378182228,KCg-m,KCg-m,KCg-m_R,Kenyon_Cell,,cb_intrinsic,14292,KCg-m,KCg-m,,VFB_jrmc2k83,R,,,Prelim Roughly traced,
82292,celltype_prediction_only,acetylcholine,dopamine,0.7685173636308661,dopamine,0.7466425378182228,KCg-m,KCg-m,KCg-m_L,Kenyon_Cell,,cb_intrinsic,14292,KCg-m,KCg-m,,VFB_jrmc2d9m,L,,,Prelim Roughly traced,
82386,celltype_prediction_only,acetylcholine,dopamine,0.7255130220932108,dopamine,0.7466425378182228,KCg-m,KCg-m,KCg-m_R,Kenyon_Cell,,cb_intrinsic,14292,KCg-m,KCg-m,,VFB_jrmc2koj,R,,,Prelim Roughly traced,
82399,celltype_prediction_only,acetylcholine,dopamine,0.707520964360587,dopamine,0.7466425378182228,KCg-m,KCg-m,KCg-m_L,Kenyon_Cell,,cb_intrinsic,14292,KCg-m,KCg-m,,VFB_jrmc2dg7,L,,,Prelim Roughly traced,
82440,celltype_prediction_only,acetylcholine,dopamine,0.7227093896323387,dopamine,0.7466425378182228,KCg-m,KCg-m,KCg-m_R,Kenyon_Cell,,cb_intrinsic,14292,KCg-m,KCg-m,,VFB_jrmc2kok,R,,,Prelim Roughly traced,
82543,celltype_prediction_only,acetylcholine,dopamine,0.7834549094408358,dopamine,0.7466425378182228,KCg-m,KCg-m,KCg-m_L,Kenyon_Cell,,cb_intrinsic,14292,KCg-m,KCg-m,,VFB_jrmc2kbx,L,,,Prelim Roughly traced,
82582,celltype_prediction_only,acetylcholine,dopamine,0.6812834497460087,dopamine,0.7466425378182228,KCg-m,KCg-m,KCg-m_R,Kenyon_Cell,,cb_intrinsic,14292,KCg-m,KCg-m,,VFB_jrmc2kol,R,,,Prelim Roughly traced,
82646,celltype_prediction_only,acetylcholine,dopamine,0.7852460020226921,dopamine,0.7466425378182228,KCg-m,KCg-m,KCg-m_L,Kenyon_Cell,,cb_intrinsic,14292,KCg-m,KCg-m,,VFB_jrmc2d9a,L,,,Prelim Roughly traced,
82672,celltype_prediction_only,acetylcholine,dopamine,0.7571392429412552,dopamine,0.7466425378182228,KCg-m,KCg-m,KCg-m_L,Kenyon_Cell,,cb_intrinsic,14292,KCg-m,KCg-m,,VFB_jrmc2kby,L,,,Prelim Roughly traced,
82693,celltype_prediction_only,acetylcholine,dopamine,0.763314717574463,dopamine,0.7466425378182228,KCg-m,KCg-m,KCg-m_L,Kenyon_Cell,,cb_intrinsic,14292,KCg-m,KCg-m,,VFB_jrmc2kbz,L,,,Prelim Roughly traced,
82761,celltype_prediction_only,acetylcholine,dopamine,0.7346147798742139,dopamine,0.7466425378182228,KCg-m,KCg-m,KCg-m_L,Kenyon_Cell,,cb_intrinsic,14292,KCg-m,KCg-m,,VFB_jrmc2dff,L,,,Prelim Roughly traced,
82895,celltype_prediction_only,acetylcholine,dopamine,0.7771507187780773,dopamine,0.7466425378182228,KCg-m,KCg-m,KCg-m_R,Kenyon_Cell,,cb_intrinsic,14292,KCg-m,KCg-m,,VFB_jrmc2kom,R,,,Prelim Roughly traced,
82904,celltype_prediction_only,acetylcholine,dopamine,0.7607619411864696,dopamine,0.7466425378182228,KCg-m,KCg-m,KCg-m_L,Kenyon_Cell,,cb_intrinsic,14292,KCg-m,KCg-m,,VFB_jrmc2d6a,L,,,Prelim Roughly traced,
82939,celltype_prediction_only,acetylcholine,dopamine,0.772895225843339,dopamine,0.7466425378182228,KCg-m,KCg-m,KCg-m_R,Kenyon_Cell,,cb_intrinsic,14292,KCg-m,KCg-m,,VFB_jrmc2k84,R,,,Prelim Roughly traced,
82996,celltype_prediction_only,acetylcholine,dopamine,0.7125909829694014,dopamine,0.7466425378182228,KCg-m,KCg-m,KCg-m_L,Kenyon_Cell,,cb_intrinsic,14292,KCg-m,KCg-m,,VFB_jrmc2ksm,L,,,Prelim Roughly traced,
83058,celltype_prediction_only,acetylcholine,dopamine,0.7609847926493711,dopamine,0.7466425378182228,KCg-m,KCg-m,KCg-m_L,Kenyon_Cell,,cb_intrinsic,14292,KCg-m,KCg-m,,VFB_jrmc2dbs,L,,,Prelim Roughly traced,
83162,celltype_prediction_only,acetylcholine,dopamine,0.7492473480566908,dopamine,0.7466425378182228,KCg-m,KCg-m,KCg-m_R,Kenyon_Cell,,cb_intrinsic,14292,KCg-m,KCg-m,,VFB_jrmc2d6z,R,,,Prelim Roughly traced,
83270,celltype_prediction_only,acetylcholine,dopamine,0.7161970818962602,dopamine,0.7466425378182228,KCg-m,KCg-m,KCg-m_L,Kenyon_Cell,,cb_intrinsic,14292,KCg-m,KCg-m,,VFB_jrmc2ku8,L,,,Prelim Roughly traced,
83341,celltype_prediction_only,acetylcholine,dopamine,0.7006761800393876,dopamine,0.7466425378182228,KCg-m,KCg-m,KCg-m_R,Kenyon_Cell,,cb_intrinsic,14292,KCg-m,KCg-m,,VFB_jrmc2kl5,R,,,Prelim Roughly traced,
83360,celltype_prediction_only,acetylcholine,dopamine,0.7736316084438633,dopamine,0.7466425378182228,KCg-m,KCg-m,KCg-m_R,Kenyon_Cell,,cb_intrinsic,14292,KCg-m,KCg-m,,VFB_jrmc2dbh,R,,,Prelim Roughly traced,
83371,celltype_prediction_only,acetylcholine,dopamine,0.7503875192832562,dopamine,0.7466425378182228,KCg-m,KCg-m,KCg-m_L,Kenyon_Cell,,cb_intrinsic,14292,KCg-m,KCg-m,,VFB_jrmc2kpl,L,,,Prelim Roughly traced,
83494,celltype_prediction_only,acetylcholine,dopamine,0.738249581924601,dopamine,0.7466425378182228,KCg-m,KCg-m,KCg-m_R,Kenyon_Cell,,cb_intrinsic,14292,KCg-m,KCg-m,,VFB_jrmc2kon,R,,,Prelim Roughly traced,
83576,celltype_prediction_only,acetylcholine,dopamine,0.769495343492985,dopamine,0.7466425378182228,KCg-m,KCg-m,KCg-m_R,Kenyon_Cell,,cb_intrinsic,14292,KCg-m,KCg-m,,VFB_jrmc2k85,R,,,Prelim Roughly traced,
83608,celltype_prediction_only,acetylcholine,dopamine,0.7762346978885893,dopamine,0.7466425378182228,KCg-m,KCg-m,KCg-m_R,Kenyon_Cell,,cb_intrinsic,14292,KCg-m,KCg-m,,VFB_jrmc2d70,R,,,Prelim Roughly traced,
83691,celltype_prediction_only,acetylcholine,dopamine,0.7904361023759608,dopamine,0.7466425378182228,KCg-m,KCg-m,KCg-m_L,Kenyon_Cell,,cb_intrinsic,14292,KCg-m,KCg-m,,VFB_jrmc2d91,L,,,Prelim Roughly traced,
83783,celltype_prediction_only,acetylcholine,dopamine,0.7363544474393531,dopamine,0.7466425378182228,KCg-m,KCg-m,KCg-m_L,Kenyon_Cell,,cb_intrinsic,14292,KCg-m,KCg-m,,VFB_jrmc2kc0,L,,,Prelim Roughly traced,
83820,celltype_prediction_only,acetylcholine,dopamine,0.7275141188550893,dopamine,0.7466425378182228,KCg-m,KCg-m,KCg-m_R,Kenyon_Cell,,cb_intrinsic,14292,KCg-m,KCg-m,,VFB_jrmc2kl6,R,,,Prelim Roughly traced,
83833,celltype_prediction_only,acetylcholine,dopamine,0.7567921055290343,dopamine,0.7466425378182228,KCg-m,KCg-m,KCg-m_R,Kenyon_Cell,,cb_intrinsic,14292,KCg-m,KCg-m,,VFB_jrmc2kvy,R,,,Prelim Roughly traced,
83921,celltype_prediction_only,acetylcholine,dopamine,0.7484419298074102,dopamine,0.7466425378182228,KCg-m,KCg-m,KCg-m_R,Kenyon_Cell,,cb_intrinsic,14292,KCg-m,KCg-m,,VFB_jrmc2d5y,R,,,Prelim Roughly traced,
83965,celltype_prediction_only,acetylcholine,dopamine,0.7618262022743155,dopamine,0.7466425378182228,KCg-m,KCg-m,KCg-m_L,Kenyon_Cell,,cb_intrinsic,14292,KCg-m,KCg-m,,VFB_jrmc2kfy,L,,,Prelim Roughly traced,
84007,celltype_prediction_only,acetylcholine,dopamine,0.6940613672274375,dopamine,0.7466425378182228,KCg-m,KCg-m,KCg-m_R,Kenyon_Cell,,cb_intrinsic,14292,KCg-m,KCg-m,,VFB_jrmc2koo,R,,,Prelim Roughly traced,
84319,celltype_prediction_only,acetylcholine,dopamine,0.8004458430027243,dopamine,0.7466425378182228,KCg-m,KCg-m,KCg-m_L,Kenyon_Cell,,cb_intrinsic,14292,KCg-m,KCg-m,,VFB_jrmc2ddw,L,,,Prelim Roughly traced,
84400,celltype_prediction_only,acetylcholine,dopamine,0.7975561545372866,dopamine,0.7466425378182228,KCg-m,KCg-m,KCg-m_L,Kenyon_Cell,,cb_intrinsic,14292,KCg-m,KCg-m,,VFB_jrmc2kfz,L,,,Prelim Roughly traced,
84446,celltype_prediction_only,acetylcholine,dopamine,0.7410271170526692,dopamine,0.7466425378182228,KCg-m,KCg-m,KCg-m_L,Kenyon_Cell,,cb_intrinsic,14292,KCg-m,KCg-m,,VFB_jrmc2dg6,L,,,Prelim Roughly traced,
84664,celltype_prediction_only,acetylcholine,dopamine,0.6793271750524109,dopamine,0.7466425378182228,KCg-m,KCg-m,KCg-m_R,Kenyon_Cell,,cb_intrinsic,14292,KCg-m,KCg-m,,VFB_jrmc2kl7,R,,,Prelim Roughly traced,
84884,celltype_prediction_only,acetylcholine,dopamine,0.6698357661378642,dopamine,0.7466425378182228,KCg-m,KCg-m,KCg-m_L,Kenyon_Cell,,cb_intrinsic,14292,KCg-m,KCg-m,,VFB_jrmc2dc0,L,,,Prelim Roughly traced,
84926,celltype_prediction_only,acetylcholine,dopamine,0.7475737367165474,dopamine,0.7466425378182228,KCg-m,KCg-m,KCg-m_L,Kenyon_Cell,,cb_intrinsic,14292,KCg-m,KCg-m,,VFB_jrmc2ddz,L,,,Prelim Roughly traced,
84932,celltype_prediction_only,acetylcholine,dopamine,0.7802471103178651,dopamine,0.7466425378182228,KCg-m,KCg-m,KCg-m_L,Kenyon_Cell,,cb_intrinsic,14292,KCg-m,KCg-m,,VFB_jrmc2kc1,L,,,Prelim Roughly traced,
84972,celltype_prediction_only,acetylcholine,dopamine,0.7545368186582809,dopamine,0.7466425378182228,KCg-m,KCg-m,KCg-m_R,Kenyon_Cell,,cb_intrinsic,14292,KCg-m,KCg-m,,VFB_jrmc2k86,R,,,Prelim Roughly traced,
84987,celltype_prediction_only,acetylcholine,dopamine,0.7423084482341558,dopamine,0.7466425378182228,KCg-m,KCg-m,KCg-m_L,Kenyon_Cell,,cb_intrinsic,14292,KCg-m,KCg-m,,VFB_jrmc2kc2,L,,,Prelim Roughly traced,
84989,celltype_prediction_only,acetylcholine,dopamine,0.8032465562619634,dopamine,0.7466425378182228,KCg-m,KCg-m,KCg-m_L,Kenyon_Cell,,cb_intrinsic,14292,KCg-m,KCg-m,,VFB_jrmc2kc3,L,,,Prelim Roughly traced,
85091,celltype_prediction_only,acetylcholine,dopamine,0.7580403985335482,dopamine,0.7466425378182228,KCg-m,KCg-m,KCg-m_L,Kenyon_Cell,,cb_intrinsic,14292,KCg-m,KCg-m,,VFB_jrmc2krm,L,,,Prelim Roughly traced,
85121,celltype_prediction_only,acetylcholine,dopamine,0.7621646259868861,dopamine,0.7466425378182228,KCg-m,KCg-m,KCg-m_L,Kenyon_Cell,,cb_intrinsic,14292,KCg-m,KCg-m,,VFB_jrmc2kc4,L,,,Prelim Roughly traced,
85137,celltype_prediction_only,acetylcholine,dopamine,0.7868176183820837,dopamine,0.7466425378182228,KCg-m,KCg-m,KCg-m_R,Kenyon_Cell,,cb_intrinsic,14292,KCg-m,KCg-m,,VFB_jrmc2k87,R,,,Prelim Roughly traced,
85141,celltype_prediction_only,acetylcholine,dopamine,0.716260192296989,dopamine,0.7466425378182228,KCg-m,KCg-m,KCg-m_R,Kenyon_Cell,,cb_intrinsic,14292,KCg-m,KCg-m,,VFB_jrmc2kl8,R,,,Prelim Roughly traced,
85216,celltype_prediction_only,acetylcholine,dopamine,0.7627123451987291,dopamine,0.7466425378182228,KCg-m,KCg-m,KCg-m_L,Kenyon_Cell,,cb_intrinsic,14292,KCg-m,KCg-m,,VFB_jrmc2kg0,L,,,Prelim Roughly traced,
85325,celltype_prediction_only,acetylcholine,dopamine,0.7356065412482989,dopamine,0.7466425378182228,KCg-m,KCg-m,KCg-m_L,Kenyon_Cell,,cb_intrinsic,14292,KCg-m,KCg-m,,VFB_jrmc2kc5,L,,,Prelim Roughly traced,
85340,celltype_prediction_only,acetylcholine,dopamine,0.7400157232704402,dopamine,0.7466425378182228,KCg-m,KCg-m,KCg-m_L,Kenyon_Cell,,cb_intrinsic,14292,KCg-m,KCg-m,,VFB_jrmc2ksn,L,,,Prelim Roughly traced,
85512,celltype_prediction_only,acetylcholine,dopamine,0.7485536848123739,dopamine,0.7466425378182228,KCg-m,KCg-m,KCg-m_L,Kenyon_Cell,,cb_intrinsic,14292,KCg-m,KCg-m,,VFB_jrmc2kg1,L,,,Prelim Roughly traced,
85516,celltype_prediction_only,acetylcholine,dopamine,0.7489033018867924,dopamine,0.7466425378182228,KCg-m,KCg-m,KCg-m_R,Kenyon_Cell,,cb_intrinsic,14292,KCg-m,KCg-m,,VFB_jrmc2k88,R,,,Prelim Roughly traced,
85547,celltype_prediction_only,acetylcholine,dopamine,0.7550835033146354,dopamine,0.7466425378182228,KCg-m,KCg-m,KCg-m_L,Kenyon_Cell,,cb_intrinsic,14292,KCg-m,KCg-m,,VFB_jrmc2d9b,L,,,Prelim Roughly traced,
85665,celltype_prediction_only,acetylcholine,dopamine,0.7813659591194968,dopamine,0.7466425378182228,KCg-m,KCg-m,KCg-m_L,Kenyon_Cell,,cb_intrinsic,14292,KCg-m,KCg-m,,VFB_jrmc2dck,L,,,Prelim Roughly traced,
85805,celltype_prediction_only,acetylcholine,dopamine,0.785790184084317,dopamine,0.7466425378182228,KCg-m,KCg-m,KCg-m_L,Kenyon_Cell,,cb_intrinsic,14292,KCg-m,KCg-m,,VFB_jrmc2kc6,L,,,Prelim Roughly traced,
86020,celltype_prediction_only,acetylcholine,dopamine,0.7553598537658395,dopamine,0.7466425378182228,KCg-m,KCg-m,KCg-m_L,Kenyon_Cell,,cb_intrinsic,14292,KCg-m,KCg-m,,VFB_jrmc2kc7,L,,,Prelim Roughly traced,
86024,celltype_prediction_only,acetylcholine,dopamine,0.7447097746331236,dopamine,0.7466425378182228,KCg-m,KCg-m,KCg-m_L,Kenyon_Cell,,cb_intrinsic,14292,KCg-m,KCg-m,,VFB_jrmc2kv0,L,,,Prelim Roughly traced,
86028,celltype_prediction_only,acetylcholine,dopamine,0.758058176100629,dopamine,0.7466425378182228,KCg-m,KCg-m,KCg-m_L,Kenyon_Cell,,cb_intrinsic,14292,KCg-m,KCg-m,,VFB_jrmc2ktc,L,,,Prelim Roughly traced,
86137,celltype_prediction_only,acetylcholine,dopamine,0.7451516573610576,dopamine,0.7466425378182228,KCg-m,KCg-m,KCg-m_R,Kenyon_Cell,,cb_intrinsic,14292,KCg-m,KCg-m,,VFB_jrmc2k89,R,,,Prelim Roughly traced,
86209,celltype_prediction_only,acetylcholine,dopamine,0.7655425796307567,dopamine,0.7466425378182228,KCg-m,KCg-m,KCg-m_L,Kenyon_Cell,,cb_intrinsic,14292,KCg-m,KCg-m,,VFB_jrmc2kg2,L,,,Prelim Roughly traced,
86395,celltype_prediction_only,acetylcholine,dopamine,0.8305112842259068,dopamine,0.7466425378182228,KCg-m,KCg-m,KCg-m_L,Kenyon_Cell,,cb_intrinsic,14292,KCg-m,KCg-m,,VFB_jrmc2kc8,L,,,Prelim Roughly traced,
86553,celltype_prediction_only,acetylcholine,dopamine,0.7388672136357554,dopamine,0.7466425378182228,KCg-m,KCg-m,KCg-m_R,Kenyon_Cell,,cb_intrinsic,14292,KCg-m,KCg-m,,VFB_jrmc2kop,R,,,Prelim Roughly traced,
86555,celltype_prediction_only,acetylcholine,dopamine,0.749919893290411,dopamine,0.7466425378182228,KCg-m,KCg-m,KCg-m_L,Kenyon_Cell,,cb_intrinsic,14292,KCg-m,KCg-m,,VFB_jrmc2kv1,L,,,Prelim Roughly traced,
86583,celltype_prediction_only,acetylcholine,dopamine,0.767000786163522,dopamine,0.7466425378182228,KCg-m,KCg-m,KCg-m_L,Kenyon_Cell,,cb_intrinsic,14292,KCg-m,KCg-m,,VFB_jrmc2kpm,L,,,Prelim Roughly traced,
86608,celltype_prediction_only,acetylcholine,dopamine,0.6795720893666813,dopamine,0.7466425378182228,KCg-m,KCg-m,KCg-m_L,Kenyon_Cell,,cb_intrinsic,14292,KCg-m,KCg-m,,VFB_jrmc2dah,L,,,Prelim Roughly traced,
86610,celltype_prediction_only,acetylcholine,dopamine,0.7800615418632075,dopamine,0.7466425378182228,KCg-m,KCg-m,KCg-m_L,Kenyon_Cell,,cb_intrinsic,14292,KCg-m,KCg-m,,VFB_jrmc2ktd,L,,,Prelim Roughly traced,
86751,celltype_prediction_only,acetylcholine,dopamine,0.7447193936973812,dopamine,0.7466425378182228,KCg-m,KCg-m,KCg-m_R,Kenyon_Cell,,cb_intrinsic,14292,KCg-m,KCg-m,,VFB_jrmc2kr2,R,,,Prelim Roughly traced,
86814,celltype_prediction_only,acetylcholine,dopamine,0.7681767082915565,dopamine,0.7466425378182228,KCg-m,KCg-m,KCg-m_R,Kenyon_Cell,,cb_intrinsic,14292,KCg-m,KCg-m,,VFB_jrmc2k8a,R,,,Prelim Roughly traced,
86876,celltype_prediction_only,acetylcholine,dopamine,0.7019457547169811,dopamine,0.7466425378182228,KCg-m,KCg-m,KCg-m_R,Kenyon_Cell,,cb_intrinsic,14292,KCg-m,KCg-m,,VFB_jrmc2dav,R,,,Prelim Roughly traced,
86967,celltype_prediction_only,acetylcholine,dopamine,0.734333424044509,dopamine,0.7466425378182228,KCg-m,KCg-m,KCg-m_L,Kenyon_Cell,,cb_intrinsic,14292,KCg-m,KCg-m,,VFB_jrmc2kc9,L,,,Prelim Roughly traced,
86985,celltype_prediction_only,acetylcholine,dopamine,0.7691286817360982,dopamine,0.7466425378182228,KCg-m,KCg-m,KCg-m_R,Kenyon_Cell,,cb_intrinsic,14292,KCg-m,KCg-m,,VFB_jrmc2k8b,R,,,Prelim Roughly traced,
87052,celltype_prediction_only,acetylcholine,dopamine,0.7739801237353021,dopamine,0.7466425378182228,KCg-m,KCg-m,KCg-m_L,Kenyon_Cell,,cb_intrinsic,14292,KCg-m,KCg-m,,VFB_jrmc2kca,L,,,Prelim Roughly traced,
87103,celltype_prediction_only,acetylcholine,dopamine,0.7249054479007309,dopamine,0.7466425378182228,KCg-m,KCg-m,KCg-m_L,Kenyon_Cell,,cb_intrinsic,14292,KCg-m,KCg-m,,VFB_jrmc2ddb,L,,,Prelim Roughly traced,
87155,celltype_prediction_only,acetylcholine,dopamine,0.7076064283682564,dopamine,0.7466425378182228,KCg-m,KCg-m,KCg-m_R,Kenyon_Cell,,cb_intrinsic,14292,KCg-m,KCg-m,,VFB_jrmc2d5z,R,,,Prelim Roughly traced,
87276,celltype_prediction_only,acetylcholine,dopamine,0.780167714884696,dopamine,0.7466425378182228,KCg-m,KCg-m,KCg-m_L,Kenyon_Cell,,cb_intrinsic,14292,KCg-m,KCg-m,,VFB_jrmc2kg3,L,,,Prelim Roughly traced,
87304,celltype_prediction_only,acetylcholine,dopamine,0.7446823093049508,dopamine,0.7466425378182228,KCg-m,KCg-m,KCg-m_L,Kenyon_Cell,,cb_intrinsic,14292,KCg-m,KCg-m,,VFB_jrmc2ddm,L,,,Prelim Roughly traced,
87308,celltype_prediction_only,acetylcholine,dopamine,0.7694783268223756,dopamine,0.7466425378182228,KCg-m,KCg-m,KCg-m_L,Kenyon_Cell,,cb_intrinsic,14292,KCg-m,KCg-m,,VFB_jrmc2ddu,L,,,Prelim Roughly traced,
87382,celltype_prediction_only,acetylcholine,dopamine,0.7622524421249833,dopamine,0.7466425378182228,KCg-m,KCg-m,KCg-m_R,Kenyon_Cell,,cb_intrinsic,14292,KCg-m,KCg-m,,VFB_jrmc2k8c,R,,,Prelim Roughly traced,
87437,celltype_prediction_only,acetylcholine,dopamine,0.6779690893194573,dopamine,0.7466425378182228,KCg-m,KCg-m,KCg-m_R,Kenyon_Cell,,cb_intrinsic,14292,KCg-m,KCg-m,,VFB_jrmc2k8d,R,,,Prelim Roughly traced,
87642,celltype_prediction_only,acetylcholine,dopamine,0.730135847614102,dopamine,0.7466425378182228,KCg-m,KCg-m,KCg-m_R,Kenyon_Cell,,cb_intrinsic,14292,KCg-m,KCg-m,,VFB_jrmc2kl9,R,,,Prelim Roughly traced,
87660,celltype_prediction_only,acetylcholine,dopamine,0.7303580067731011,dopamine,0.7466425378182228,KCg-m,KCg-m,KCg-m_R,Kenyon_Cell,,cb_intrinsic,14292,KCg-m,KCg-m,,VFB_jrmc2kr3,R,,,Prelim Roughly traced,
87697,celltype_prediction_only,acetylcholine,dopamine,0.7718879857367476,dopamine,0.7466425378182228,KCg-m,KCg-m,KCg-m_L,Kenyon_Cell,,cb_intrinsic,14292,KCg-m,KCg-m,,VFB_jrmc2kg4,L,,,Prelim Roughly traced,
87759,celltype_prediction_only,acetylcholine,dopamine,0.7837966933485803,dopamine,0.7466425378182228,KCg-m,KCg-m,KCg-m_R,Kenyon_Cell,,cb_intrinsic,14292,KCg-m,KCg-m,,VFB_jrmc2k8e,R,,,Prelim Roughly traced,
87844,celltype_prediction_only,acetylcholine,dopamine,0.7395371462264151,dopamine,0.7466425378182228,KCg-m,KCg-m,KCg-m_R,Kenyon_Cell,,cb_intrinsic,14292,KCg-m,KCg-m,,VFB_jrmc2k8f,R,,,Prelim Roughly traced,
88000,celltype_prediction_only,acetylcholine,dopamine,0.7403474459272894,dopamine,0.7466425378182228,KCg-m,KCg-m,KCg-m_L,Kenyon_Cell,,cb_intrinsic,14292,KCg-m,KCg-m,,VFB_jrmc2kg5,L,,,Prelim Roughly traced,
88028,celltype_prediction_only,acetylcholine,dopamine,0.7923559183259427,dopamine,0.7466425378182228,KCg-m,KCg-m,KCg-m_L,Kenyon_Cell,,cb_intrinsic,14292,KCg-m,KCg-m,,VFB_jrmc2kg6,L,,,Prelim Roughly traced,
88108,celltype_prediction_only,acetylcholine,dopamine,0.7839243965886266,dopamine,0.7466425378182228,KCg-m,KCg-m,KCg-m_L,Kenyon_Cell,,cb_intrinsic,14292,KCg-m,KCg-m,,VFB_jrmc2kpn,L,,,Prelim Roughly traced,
88132,celltype_prediction_only,acetylcholine,dopamine,0.7482630820708245,dopamine,0.7466425378182228,KCg-m,KCg-m,KCg-m_L,Kenyon_Cell,,cb_intrinsic,14292,KCg-m,KCg-m,,VFB_jrmc2kg7,L,,,Prelim Roughly traced,
88290,celltype_prediction_only,acetylcholine,dopamine,0.6935714922518317,dopamine,0.7466425378182228,KCg-m,KCg-m,KCg-m_R,Kenyon_Cell,,cb_intrinsic,14292,KCg-m,KCg-m,,VFB_jrmc2df4,R,,,Prelim Roughly traced,
88428,celltype_prediction_only,acetylcholine,dopamine,0.7315917275309394,dopamine,0.7466425378182228,KCg-m,KCg-m,KCg-m_L,Kenyon_Cell,,cb_intrinsic,14292,KCg-m,KCg-m,,VFB_jrmc2db1,L,,,Prelim Roughly traced,
88584,celltype_prediction_only,acetylcholine,dopamine,0.7951174709724238,dopamine,0.7466425378182228,KCg-m,KCg-m,KCg-m_R,Kenyon_Cell,,cb_intrinsic,14292,KCg-m,KCg-m,,VFB_jrmc2kla,R,,,Prelim Roughly traced,
88655,celltype_prediction_only,acetylcholine,dopamine,0.7060521234047751,dopamine,0.7466425378182228,KCg-m,KCg-m,KCg-m_R,Kenyon_Cell,,cb_intrinsic,14292,KCg-m,KCg-m,,VFB_jrmc2k8g,R,,,Prelim Roughly traced,
88703,celltype_prediction_only,acetylcholine,dopamine,0.7639142398140553,dopamine,0.7466425378182228,KCg-m,KCg-m,KCg-m_R,Kenyon_Cell,,cb_intrinsic,14292,KCg-m,KCg-m,,VFB_jrmc2klb,R,,,Prelim Roughly traced,
88845,celltype_prediction_only,acetylcholine,dopamine,0.7699077246056005,dopamine,0.7466425378182228,KCg-m,KCg-m,KCg-m_L,Kenyon_Cell,,cb_intrinsic,14292,KCg-m,KCg-m,,VFB_jrmc2de2,L,,,Prelim Roughly traced,
88869,celltype_prediction_only,acetylcholine,dopamine,0.7562290779062689,dopamine,0.7466425378182228,KCg-m,KCg-m,KCg-m_L,Kenyon_Cell,,cb_intrinsic,14292,KCg-m,KCg-m,,VFB_jrmc2ddk,L,,,Prelim Roughly traced,
88884,celltype_prediction_only,acetylcholine,dopamine,0.8083890199161425,dopamine,0.7466425378182228,KCg-m,KCg-m,KCg-m_R,Kenyon_Cell,,cb_intrinsic,14292,KCg-m,KCg-m,,VFB_jrmc2df2,R,,,Prelim Roughly traced,
89041,celltype_prediction_only,acetylcholine,dopamine,0.7462578616352201,dopamine,0.7466425378182228,KCg-m,KCg-m,KCg-m_L,Kenyon_Cell,,cb_intrinsic,14292,KCg-m,KCg-m,,VFB_jrmc2kg8,L,,,Prelim Roughly traced,
89158,celltype_prediction_only,acetylcholine,dopamine,0.7521322400175516,dopamine,0.7466425378182228,KCg-m,KCg-m,KCg-m_L,Kenyon_Cell,,cb_intrinsic,14292,KCg-m,KCg-m,,VFB_jrmc2krn,L,,,Prelim Roughly traced,
89269,celltype_prediction_only,acetylcholine,dopamine,0.7385541562103046,dopamine,0.7466425378182228,KCg-m,KCg-m,KCg-m_L,Kenyon_Cell,,cb_intrinsic,14292,KCg-m,KCg-m,,VFB_jrmc2kcb,L,,,Prelim Roughly traced,
89442,celltype_prediction_only,acetylcholine,dopamine,0.7794811320754718,dopamine,0.7466425378182228,KCg-m,KCg-m,KCg-m_L,Kenyon_Cell,,cb_intrinsic,14292,KCg-m,KCg-m,,VFB_jrmc2kpo,L,,,Prelim Roughly traced,
89471,celltype_prediction_only,acetylcholine,dopamine,0.7128840106434445,dopamine,0.7466425378182228,KCg-m,KCg-m,KCg-m_R,Kenyon_Cell,,cb_intrinsic,14292,KCg-m,KCg-m,,VFB_jrmc2klc,R,,,Prelim Roughly traced,
89536,celltype_prediction_only,acetylcholine,dopamine,0.7338770598362672,dopamine,0.7466425378182228,KCg-m,KCg-m,KCg-m_L,Kenyon_Cell,,cb_intrinsic,14292,KCg-m,KCg-m,,VFB_jrmc2kg9,L,,,Prelim Roughly traced,
89761,celltype_prediction_only,acetylcholine,dopamine,0.7387597334531297,dopamine,0.7466425378182228,KCg-m,KCg-m,KCg-m_R,Kenyon_Cell,,cb_intrinsic,14292,KCg-m,KCg-m,,VFB_jrmc2kvz,R,,,Prelim Roughly traced,
89782,celltype_prediction_only,acetylcholine,dopamine,0.775066369583768,dopamine,0.7466425378182228,KCg-m,KCg-m,KCg-m_L,Kenyon_Cell,,cb_intrinsic,14292,KCg-m,KCg-m,,VFB_jrmc2kro,L,,,Prelim Roughly traced,
89839,celltype_prediction_only,acetylcholine,dopamine,0.7424087331992466,dopamine,0.7466425378182228,KCg-m,KCg-m,KCg-m_R,Kenyon_Cell,,cb_intrinsic,14292,KCg-m,KCg-m,,VFB_jrmc2dfb,R,,,Prelim Roughly traced,
89841,celltype_prediction_only,acetylcholine,dopamine,0.7548483426389424,dopamine,0.7466425378182228,KCg-m,KCg-m,KCg-m_R,Kenyon_Cell,,cb_intrinsic,14292,KCg-m,KCg-m,,VFB_jrmc2kr4,R,,,Prelim Roughly traced,
89858,celltype_prediction_only,acetylcholine,dopamine,0.7802855115815309,dopamine,0.7466425378182228,KCg-m,KCg-m,KCg-m_L,Kenyon_Cell,,cb_intrinsic,14292,KCg-m,KCg-m,,VFB_jrmc2kga,L,,,Prelim Roughly traced,
90189,celltype_prediction_only,acetylcholine,dopamine,0.7117279471053055,dopamine,0.7466425378182228,KCg-m,KCg-m,KCg-m_L,Kenyon_Cell,,cb_intrinsic,14292,KCg-m,KCg-m,,VFB_jrmc2kte,L,,,Prelim Roughly traced,
90296,celltype_prediction_only,acetylcholine,dopamine,0.740307325760493,dopamine,0.7466425378182228,KCg-m,KCg-m,KCg-m_L,Kenyon_Cell,,cb_intrinsic,14292,KCg-m,KCg-m,,VFB_jrmc2kcc,L,,,Prelim Roughly traced,
90363,celltype_prediction_only,acetylcholine,dopamine,0.7721700068838199,dopamine,0.7466425378182228,KCg-m,KCg-m,KCg-m_L,Kenyon_Cell,,cb_intrinsic,14292,KCg-m,KCg-m,,VFB_jrmc2ktf,L,,,Prelim Roughly traced,
90367,celltype_prediction_only,acetylcholine,dopamine,0.7304123890122086,dopamine,0.7466425378182228,KCg-m,KCg-m,KCg-m_R,Kenyon_Cell,,cb_intrinsic,14292,KCg-m,KCg-m,,VFB_jrmc2koq,R,,,Prelim Roughly traced,
90393,celltype_prediction_only,acetylcholine,dopamine,0.7664509510661144,dopamine,0.7466425378182228,KCg-m,KCg-m,KCg-m_L,Kenyon_Cell,,cb_intrinsic,14292,KCg-m,KCg-m,,VFB_jrmc2ktg,L,,,Prelim Roughly traced,
90569,celltype_prediction_only,acetylcholine,dopamine,0.7383487244220037,dopamine,0.7466425378182228,KCg-m,KCg-m,KCg-m_L,Kenyon_Cell,,cb_intrinsic,14292,KCg-m,KCg-m,,VFB_jrmc2kv2,L,,,Prelim Roughly traced,
90640,celltype_prediction_only,acetylcholine,dopamine,0.7756846174004193,dopamine,0.7466425378182228,KCg-m,KCg-m,KCg-m_L,Kenyon_Cell,,cb_intrinsic,14292,KCg-m,KCg-m,,VFB_jrmc2kth,L,,,Prelim Roughly traced,
90870,celltype_prediction_only,acetylcholine,dopamine,0.6815369297321457,dopamine,0.7466425378182228,KCg-m,KCg-m,KCg-m_L,Kenyon_Cell,,cb_intrinsic,14292,KCg-m,KCg-m,,VFB_jrmc2kgb,L,,,Prelim Roughly traced,
91041,celltype_prediction_only,acetylcholine,dopamine,0.7164573830257793,dopamine,0.7466425378182228,KCg-m,KCg-m,KCg-m_R,Kenyon_Cell,,cb_intrinsic,14292,KCg-m,KCg-m,,VFB_jrmc2k8h,R,,,Prelim Roughly traced,
91344,celltype_prediction_only,acetylcholine,dopamine,0.7435871518418689,dopamine,0.7466425378182228,KCg-m,KCg-m,KCg-m_L,Kenyon_Cell,,cb_intrinsic,14292,KCg-m,KCg-m,,VFB_jrmc2kpp,L,,,Prelim Roughly traced,
91608,celltype_prediction_only,acetylcholine,dopamine,0.7863692280118616,dopamine,0.7466425378182228,KCg-m,KCg-m,KCg-m_L,Kenyon_Cell,,cb_intrinsic,14292,KCg-m,KCg-m,,VFB_jrmc2dfx,L,,,Prelim Roughly traced,
91910,celltype_prediction_only,acetylcholine,dopamine,0.7453463487071977,dopamine,0.7466425378182228,KCg-m,KCg-m,KCg-m_L,Kenyon_Cell,,cb_intrinsic,14292,KCg-m,KCg-m,,VFB_jrmc2d7s,L,,,Prelim Roughly traced,
91928,celltype_prediction_only,acetylcholine,dopamine,0.7984049358737205,dopamine,0.7466425378182228,KCg-m,KCg-m,KCg-m_L,Kenyon_Cell,,cb_intrinsic,14292,KCg-m,KCg-m,,VFB_jrmc2kcd,L,,,Prelim Roughly traced,
92030,celltype_prediction_only,acetylcholine,dopamine,0.7730086835334476,dopamine,0.7466425378182228,KCg-m,KCg-m,KCg-m_L,Kenyon_Cell,,cb_intrinsic,14292,KCg-m,KCg-m,,VFB_jrmc2d7t,L,,,Prelim Roughly traced,
92130,celltype_prediction_only,acetylcholine,dopamine,0.7692421760253079,dopamine,0.7466425378182228,KCg-m,KCg-m,KCg-m_L,Kenyon_Cell,,cb_intrinsic,14292,KCg-m,KCg-m,,VFB_jrmc2ku9,L,,,Prelim Roughly traced,
92278,celltype_prediction_only,acetylcholine,dopamine,0.7556635645079041,dopamine,0.7466425378182228,KCg-m,KCg-m,KCg-m_R,Kenyon_Cell,,cb_intrinsic,14292,KCg-m,KCg-m,,VFB_jrmc2kld,R,,,Prelim Roughly traced,
92424,celltype_prediction_only,acetylcholine,dopamine,0.7948057843918859,dopamine,0.7466425378182228,KCg-m,KCg-m,KCg-m_L,Kenyon_Cell,,cb_intrinsic,14292,KCg-m,KCg-m,,VFB_jrmc2kso,L,,,Prelim Roughly traced,
92679,celltype_prediction_only,acetylcholine,dopamine,0.7369423152515724,dopamine,0.7466425378182228,KCg-m,KCg-m,KCg-m_L,Kenyon_Cell,,cb_intrinsic,14292,KCg-m,KCg-m,,VFB_jrmc2kce,L,,,Prelim Roughly traced,
92784,celltype_prediction_only,acetylcholine,dopamine,0.6781860410619255,dopamine,0.7466425378182228,KCg-m,KCg-m,KCg-m_R,Kenyon_Cell,,cb_intrinsic,14292,KCg-m,KCg-m,,VFB_jrmc2k8i,R,,,Prelim Roughly traced,
92924,celltype_prediction_only,acetylcholine,dopamine,0.7713323841405095,dopamine,0.7466425378182228,KCg-m,KCg-m,KCg-m_R,Kenyon_Cell,,cb_intrinsic,14292,KCg-m,KCg-m,,VFB_jrmc2kle,R,,,Prelim Roughly traced,
92927,celltype_prediction_only,acetylcholine,dopamine,0.8206684053775248,dopamine,0.7466425378182228,KCg-m,KCg-m,KCg-m_R,Kenyon_Cell,,cb_intrinsic,14292,KCg-m,KCg-m,,VFB_jrmc2klf,R,,,Prelim Roughly traced,
93044,celltype_prediction_only,acetylcholine,dopamine,0.8060853744734868,dopamine,0.7466425378182228,KCg-m,KCg-m,KCg-m_L,Kenyon_Cell,,cb_intrinsic,14292,KCg-m,KCg-m,,VFB_jrmc2kcf,L,,,Prelim Roughly traced,
93065,celltype_prediction_only,acetylcholine,dopamine,0.7268586250966939,dopamine,0.7466425378182228,KCg-m,KCg-m,KCg-m_L,Kenyon_Cell,,cb_intrinsic,14292,KCg-m,KCg-m,,VFB_jrmc2d6b,L,,,Prelim Roughly traced,
93216,celltype_prediction_only,acetylcholine,dopamine,0.766292526151139,dopamine,0.7466425378182228,KCg-m,KCg-m,KCg-m_L,Kenyon_Cell,,cb_intrinsic,14292,KCg-m,KCg-m,,VFB_jrmc2d6c,L,,,Prelim Roughly traced,
93327,celltype_prediction_only,acetylcholine,dopamine,0.7490616432833415,dopamine,0.7466425378182228,KCg-m,KCg-m,KCg-m_L,Kenyon_Cell,,cb_intrinsic,14292,KCg-m,KCg-m,,VFB_jrmc2krp,L,,,Prelim Roughly traced,
93462,celltype_prediction_only,acetylcholine,dopamine,0.6833511616317833,dopamine,0.7466425378182228,KCg-m,KCg-m,KCg-m_R,Kenyon_Cell,,cb_intrinsic,14292,KCg-m,KCg-m,,VFB_jrmc2kor,R,,,Prelim Roughly traced,
93485,celltype_prediction_only,acetylcholine,dopamine,0.7714353590401173,dopamine,0.7466425378182228,KCg-m,KCg-m,KCg-m_R,Kenyon_Cell,,cb_intrinsic,14292,KCg-m,KCg-m,,VFB_jrmc2kos,R,,,Prelim Roughly traced,
93616,celltype_prediction_only,acetylcholine,dopamine,0.769434869375907,dopamine,0.7466425378182228,KCg-m,KCg-m,KCg-m_L,Kenyon_Cell,,cb_intrinsic,14292,KCg-m,KCg-m,,VFB_jrmc2kpq,L,,,Prelim Roughly traced,
93772,celltype_prediction_only,acetylcholine,dopamine,0.79585240363659,dopamine,0.7466425378182228,KCg-m,KCg-m,KCg-m_R,Kenyon_Cell,,cb_intrinsic,14292,KCg-m,KCg-m,,VFB_jrmc2dfk,R,,,Prelim Roughly traced,
93803,celltype_prediction_only,acetylcholine,dopamine,0.7710979444700107,dopamine,0.7466425378182228,KCg-m,KCg-m,KCg-m_L,Kenyon_Cell,,cb_intrinsic,14292,KCg-m,KCg-m,,VFB_jrmc2d6d,L,,,Prelim Roughly traced,
93859,celltype_prediction_only,acetylcholine,dopamine,0.755704550407871,dopamine,0.7466425378182228,KCg-m,KCg-m,KCg-m_R,Kenyon_Cell,,cb_intrinsic,14292,KCg-m,KCg-m,,VFB_jrmc2k8j,R,,,Prelim Roughly traced,
94001,celltype_prediction_only,acetylcholine,dopamine,0.7715549191374663,dopamine,0.7466425378182228,KCg-m,KCg-m,KCg-m_R,Kenyon_Cell,,cb_intrinsic,14292,KCg-m,KCg-m,,VFB_jrmc2k8k,R,,,Prelim Roughly traced,
94310,celltype_prediction_only,acetylcholine,dopamine,0.7344031478145444,dopamine,0.7466425378182228,KCg-m,KCg-m,KCg-m_L,Kenyon_Cell,,cb_intrinsic,14292,KCg-m,KCg-m,,VFB_jrmc2kcg,L,,,Prelim Roughly traced,
94530,celltype_prediction_only,acetylcholine,dopamine,0.7316958065002072,dopamine,0.7466425378182228,KCg-m,KCg-m,KCg-m_L,Kenyon_Cell,,cb_intrinsic,14292,KCg-m,KCg-m,,VFB_jrmc2dc6,L,,,Prelim Roughly traced,
94606,celltype_prediction_only,acetylcholine,dopamine,0.768369812984593,dopamine,0.7466425378182228,KCg-m,KCg-m,KCg-m_L,Kenyon_Cell,,cb_intrinsic,14292,KCg-m,KCg-m,,VFB_jrmc2kch,L,,,Prelim Roughly traced,
94663,celltype_prediction_only,acetylcholine,dopamine,0.7434572091929701,dopamine,0.7466425378182228,KCg-m,KCg-m,KCg-m_L,Kenyon_Cell,,cb_intrinsic,14292,KCg-m,KCg-m,,VFB_jrmc2kgc,L,,,Prelim Roughly traced,
94674,celltype_prediction_only,acetylcholine,dopamine,0.7406960570875665,dopamine,0.7466425378182228,KCg-m,KCg-m,KCg-m_R,Kenyon_Cell,,cb_intrinsic,14292,KCg-m,KCg-m,,VFB_jrmc2kot,R,,,Prelim Roughly traced,
94914,celltype_prediction_only,acetylcholine,dopamine,0.7183852748834444,dopamine,0.7466425378182228,KCg-m,KCg-m,KCg-m_L,Kenyon_Cell,,cb_intrinsic,14292,KCg-m,KCg-m,,VFB_jrmc2kti,L,,,Prelim Roughly traced,
94974,celltype_prediction_only,acetylcholine,dopamine,0.7534328404353049,dopamine,0.7466425378182228,KCg-m,KCg-m,KCg-m_R,Kenyon_Cell,,cb_intrinsic,14292,KCg-m,KCg-m,,VFB_jrmc2dbi,R,,,Prelim Roughly traced,
95042,celltype_prediction_only,acetylcholine,dopamine,0.7455153995560488,dopamine,0.7466425378182228,KCg-m,KCg-m,KCg-m_L,Kenyon_Cell,,cb_intrinsic,14292,KCg-m,KCg-m,,VFB_jrmc2kua,L,,,Prelim Roughly traced,
95072,celltype_prediction_only,acetylcholine,dopamine,0.7412491948927786,dopamine,0.7466425378182228,KCg-m,KCg-m,KCg-m_L,Kenyon_Cell,,cb_intrinsic,14292,KCg-m,KCg-m,,VFB_jrmc2kgd,L,,,Prelim Roughly traced,
95081,celltype_prediction_only,acetylcholine,dopamine,0.74909429099397,dopamine,0.7466425378182228,KCg-m,KCg-m,KCg-m_L,Kenyon_Cell,,cb_intrinsic,14292,KCg-m,KCg-m,,VFB_jrmc2kci,L,,,Prelim Roughly traced,
95158,celltype_prediction_only,acetylcholine,dopamine,0.7198607672386806,dopamine,0.7466425378182228,KCg-m,KCg-m,KCg-m_R,Kenyon_Cell,,cb_intrinsic,14292,KCg-m,KCg-m,,VFB_jrmc2k8l,R,,,Prelim Roughly traced,
95167,celltype_prediction_only,acetylcholine,dopamine,0.7315691449535789,dopamine,0.7466425378182228,KCg-m,KCg-m,KCg-m_R,Kenyon_Cell,,cb_intrinsic,14292,KCg-m,KCg-m,,VFB_jrmc2klg,R,,,Prelim Roughly traced,
95189,celltype_prediction_only,acetylcholine,dopamine,0.7219054398680779,dopamine,0.7466425378182228,KCg-m,KCg-m,KCg-m_L,Kenyon_Cell,,cb_intrinsic,14292,KCg-m,KCg-m,,VFB_jrmc2kge,L,,,Prelim Roughly traced,
95213,celltype_prediction_only,acetylcholine,dopamine,0.7946764845692554,dopamine,0.7466425378182228,KCg-m,KCg-m,KCg-m_R,Kenyon_Cell,,cb_intrinsic,14292,KCg-m,KCg-m,,VFB_jrmc2kw0,R,,,Roughly traced,
95368,celltype_prediction_only,acetylcholine,dopamine,0.7814532794249774,dopamine,0.7466425378182228,KCg-m,KCg-m,KCg-m_L,Kenyon_Cell,,cb_intrinsic,14292,KCg-m,KCg-m,,VFB_jrmc2ktj,L,,,Prelim Roughly traced,
95404,celltype_prediction_only,acetylcholine,dopamine,0.7636419529108208,dopamine,0.7466425378182228,KCg-m,KCg-m,KCg-m_L,Kenyon_Cell,,cb_intrinsic,14292,KCg-m,KCg-m,,VFB_jrmc2kcj,L,,,Prelim Roughly traced,
95861,celltype_prediction_only,acetylcholine,dopamine,0.785298945807671,dopamine,0.7466425378182228,KCg-m,KCg-m,KCg-m_L,Kenyon_Cell,,cb_intrinsic,14292,KCg-m,KCg-m,,VFB_jrmc2kck,L,,,Prelim Roughly traced,
95941,celltype_prediction_only,acetylcholine,dopamine,0.7761788248747183,dopamine,0.7466425378182228,KCg-m,KCg-m,KCg-m_L,Kenyon_Cell,,cb_intrinsic,14292,KCg-m,KCg-m,,VFB_jrmc2krq,L,,,Prelim Roughly traced,
96231,celltype_prediction_only,acetylcholine,dopamine,0.7454439041019647,dopamine,0.7466425378182228,KCg-m,KCg-m,KCg-m_L,Kenyon_Cell,,cb_intrinsic,14292,KCg-m,KCg-m,,VFB_jrmc2kcl,L,,,Prelim Roughly traced,
96324,celltype_prediction_only,acetylcholine,dopamine,0.7572469632507091,dopamine,0.7466425378182228,KCg-m,KCg-m,KCg-m_R,Kenyon_Cell,,cb_intrinsic,14292,KCg-m,KCg-m,,VFB_jrmc2kw1,R,,,Prelim Roughly traced,
96624,celltype_prediction_only,acetylcholine,dopamine,0.7838020384382084,dopamine,0.7466425378182228,KCg-m,KCg-m,KCg-m_L,Kenyon_Cell,,cb_intrinsic,14292,KCg-m,KCg-m,,VFB_jrmc2kpr,L,,,Prelim Roughly traced,
96688,celltype_prediction_only,acetylcholine,dopamine,0.7783857761926676,dopamine,0.7466425378182228,KCg-m,KCg-m,KCg-m_L,Kenyon_Cell,,cb_intrinsic,14292,KCg-m,KCg-m,,VFB_jrmc2kcm,L,,,Prelim Roughly traced,
96721,celltype_prediction_only,acetylcholine,dopamine,0.7280046052857683,dopamine,0.7466425378182228,KCg-m,KCg-m,KCg-m_L,Kenyon_Cell,,cb_intrinsic,14292,KCg-m,KCg-m,,VFB_jrmc2kcn,L,,,Prelim Roughly traced,
97181,celltype_prediction_only,acetylcholine,dopamine,0.7329525110529921,dopamine,0.7466425378182228,KCg-m,KCg-m,KCg-m_L,Kenyon_Cell,,cb_intrinsic,14292,KCg-m,KCg-m,,VFB_jrmc2kps,L,,,Prelim Roughly traced,
97239,celltype_prediction_only,acetylcholine,dopamine,0.742464642005143,dopamine,0.7466425378182228,KCg-m,KCg-m,KCg-m_L,Kenyon_Cell,,cb_intrinsic,14292,KCg-m,KCg-m,,VFB_jrmc2kgf,L,,,Prelim Roughly traced,
97305,celltype_prediction_only,acetylcholine,dopamine,0.6961375622379454,dopamine,0.7466425378182228,KCg-m,KCg-m,KCg-m_R,Kenyon_Cell,,cb_intrinsic,14292,KCg-m,KCg-m,,VFB_jrmc2d7i,R,,,Prelim Roughly traced,
97348,celltype_prediction_only,acetylcholine,dopamine,0.7339129198447745,dopamine,0.7466425378182228,KCg-m,KCg-m,KCg-m_L,Kenyon_Cell,,cb_intrinsic,14292,KCg-m,KCg-m,,VFB_jrmc2kco,L,,,Prelim Roughly traced,
97624,celltype_prediction_only,acetylcholine,dopamine,0.793625161973389,dopamine,0.7466425378182228,KCg-m,KCg-m,KCg-m_L,Kenyon_Cell,,cb_intrinsic,14292,KCg-m,KCg-m,,VFB_jrmc2kgg,L,,,Prelim Roughly traced,
97772,celltype_prediction_only,acetylcholine,dopamine,0.7427903513546202,dopamine,0.7466425378182228,KCg-m,KCg-m,KCg-m_R,Kenyon_Cell,,cb_intrinsic,14292,KCg-m,KCg-m,,VFB_jrmc2k8m,R,,,Prelim Roughly traced,
97999,celltype_prediction_only,acetylcholine,dopamine,0.6899076257861636,dopamine,0.7466425378182228,KCg-m,KCg-m,KCg-m_R,Kenyon_Cell,,cb_intrinsic,14292,KCg-m,KCg-m,,VFB_jrmc2k8n,R,,,Prelim Roughly traced,
98017,celltype_prediction_only,acetylcholine,dopamine,0.7540615071646243,dopamine,0.7466425378182228,KCg-m,KCg-m,KCg-m_R,Kenyon_Cell,,cb_intrinsic,14292,KCg-m,KCg-m,,VFB_jrmc2klh,R,,,Prelim Roughly traced,
98104,celltype_prediction_only,acetylcholine,dopamine,0.7793887047424783,dopamine,0.7466425378182228,KCg-m,KCg-m,KCg-m_L,Kenyon_Cell,,cb_intrinsic,14292,KCg-m,KCg-m,,VFB_jrmc2krr,L,,,Prelim Roughly traced,
98275,celltype_prediction_only,acetylcholine,dopamine,0.7974515778928035,dopamine,0.7466425378182228,KCg-m,KCg-m,KCg-m_L,Kenyon_Cell,,cb_intrinsic,14292,KCg-m,KCg-m,,VFB_jrmc2kpt,L,,,Roughly traced,
98665,celltype_prediction_only,acetylcholine,dopamine,0.790449742561997,dopamine,0.7466425378182228,KCg-m,KCg-m,KCg-m_L,Kenyon_Cell,,cb_intrinsic,14292,KCg-m,KCg-m,,VFB_jrmc2kcp,L,,,Roughly traced,
98782,celltype_prediction_only,acetylcholine,dopamine,0.7952523154666917,dopamine,0.7466425378182228,KCg-m,KCg-m,KCg-m_L,Kenyon_Cell,,cb_intrinsic,14292,KCg-m,KCg-m,,VFB_jrmc2ddv,L,,,Roughly traced,
98946,celltype_prediction_only,acetylcholine,dopamine,0.7495402188451578,dopamine,0.7466425378182228,KCg-m,KCg-m,KCg-m_L,Kenyon_Cell,,cb_intrinsic,14292,KCg-m,KCg-m,,VFB_jrmc2dbt,L,,,Roughly traced,
99139,celltype_prediction_only,acetylcholine,dopamine,0.7467343976777939,dopamine,0.7466425378182228,KCg-m,KCg-m,KCg-m_R,Kenyon_Cell,,cb_intrinsic,14292,KCg-m,KCg-m,,VFB_jrmc2k8o,R,,,Prelim Roughly traced,
99195,celltype_prediction_only,acetylcholine,dopamine,0.7272727272727273,dopamine,0.7466425378182228,KCg-m,KCg-m,KCg-m_L,Kenyon_Cell,,cb_intrinsic,14292,KCg-m,KCg-m,,VFB_jrmc2dcm,L,,,Roughly traced,
99225,celltype_prediction_only,acetylcholine,dopamine,0.7202406723786953,dopamine,0.7466425378182228,KCg-m,KCg-m,KCg-m_L,Kenyon_Cell,,cb_intrinsic,14292,KCg-m,KCg-m,,VFB_jrmc2kv3,L,,,Roughly traced,
99436,celltype_prediction_only,acetylcholine,dopamine,0.7634862377217159,dopamine,0.7466425378182228,KCg-m,KCg-m,KCg-m_L,Kenyon_Cell,,cb_intrinsic,14292,KCg-m,KCg-m,,VFB_jrmc2kpu,L,,,Roughly traced,
99608,celltype_prediction_only,acetylcholine,dopamine,0.7336673430308142,dopamine,0.7466425378182228,KCg-m,KCg-m,KCg-m_R,Kenyon_Cell,,cb_intrinsic,14292,KCg-m,KCg-m,,VFB_jrmc2k8p,R,,,Prelim Roughly traced,
99847,celltype_prediction_only,acetylcholine,dopamine,0.7771702570835765,dopamine,0.7466425378182228,KCg-m,KCg-m,KCg-m_L,Kenyon_Cell,,cb_intrinsic,14292,KCg-m,KCg-m,,VFB_jrmc2kgh,L,,,Roughly traced,
99858,celltype_prediction_only,acetylcholine,dopamine,0.7711517467248908,dopamine,0.7466425378182228,KCg-m,KCg-m,KCg-m_L,Kenyon_Cell,,cb_intrinsic,14292,KCg-m,KCg-m,,VFB_jrmc2kgi,L,,,Roughly traced,
99875,celltype_prediction_only,acetylcholine,dopamine,0.7454547335319431,dopamine,0.7466425378182228,KCg-m,KCg-m,KCg-m_L,Kenyon_Cell,,cb_intrinsic,14292,KCg-m,KCg-m,,VFB_jrmc2kgj,L,,,Roughly traced,
100251,celltype_prediction_only,acetylcholine,dopamine,0.8003519500097257,dopamine,0.7466425378182228,KCg-m,KCg-m,KCg-m_L,Kenyon_Cell,,cb_intrinsic,14292,KCg-m,KCg-m,,VFB_jrmc2kpv,L,,,Roughly traced,
100272,celltype_prediction_only,acetylcholine,dopamine,0.7604096829805574,dopamine,0.7466425378182228,KCg-m,KCg-m,KCg-m_L,Kenyon_Cell,,cb_intrinsic,14292,KCg-m,KCg-m,,VFB_jrmc2dc1,L,,,Roughly traced,
100615,celltype_prediction_only,acetylcholine,dopamine,0.7619795345239295,dopamine,0.7466425378182228,KCg-m,KCg-m,KCg-m_L,Kenyon_Cell,,cb_intrinsic,14292,KCg-m,KCg-m,,VFB_jrmc2kpw,L,,,Roughly traced,
100773,celltype_prediction_only,acetylcholine,dopamine,0.7311554731955676,dopamine,0.7466425378182228,KCg-m,KCg-m,KCg-m_L,Kenyon_Cell,,cb_intrinsic,14292,KCg-m,KCg-m,,VFB_jrmc2d9n,L,,,Roughly traced,
101010,celltype_prediction_only,acetylcholine,dopamine,0.7401844049581731,dopamine,0.7466425378182228,KCg-m,KCg-m,KCg-m_L,Kenyon_Cell,,cb_intrinsic,14292,KCg-m,KCg-m,,VFB_jrmc2krs,L,,,Roughly traced,
101133,celltype_prediction_only,acetylcholine,dopamine,0.7752194706498952,dopamine,0.7466425378182228,KCg-m,KCg-m,KCg-m_L,Kenyon_Cell,,cb_intrinsic,14292,KCg-m,KCg-m,,VFB_jrmc2kcq,L,,,Roughly traced,
101312,celltype_prediction_only,acetylcholine,dopamine,0.7947285666997683,dopamine,0.7466425378182228,KCg-m,KCg-m,KCg-m_L,Kenyon_Cell,,cb_intrinsic,14292,KCg-m,KCg-m,,VFB_jrmc2kcr,L,,,Roughly traced,
101792,celltype_prediction_only,acetylcholine,dopamine,0.7290611642026736,dopamine,0.7466425378182228,KCg-m,KCg-m,KCg-m_L,Kenyon_Cell,,cb_intrinsic,14292,KCg-m,KCg-m,,VFB_jrmc2kcs,L,,,Roughly traced,
102095,celltype_prediction_only,acetylcholine,dopamine,0.7462236824403861,dopamine,0.7466425378182228,KCg-m,KCg-m,KCg-m_L,Kenyon_Cell,,cb_intrinsic,14292,KCg-m,KCg-m,,VFB_jrmc2krt,L,,,Roughly traced,
102136,celltype_prediction_only,acetylcholine,dopamine,0.79204771531254,dopamine,0.7466425378182228,KCg-m,KCg-m,KCg-m_L,Kenyon_Cell,,cb_intrinsic,14292,KCg-m,KCg-m,,VFB_jrmc2kct,L,,,Roughly traced,
102199,celltype_prediction_only,acetylcholine,dopamine,0.8031401109320185,dopamine,0.7466425378182228,KCg-m,KCg-m,KCg-m_L,Kenyon_Cell,,cb_intrinsic,14292,KCg-m,KCg-m,,VFB_jrmc2kcu,L,,,Roughly traced,
102621,celltype_prediction_only,acetylcholine,dopamine,0.794924308024185,dopamine,0.7466425378182228,KCg-m,KCg-m,KCg-m_L,Kenyon_Cell,,cb_intrinsic,14292,KCg-m,KCg-m,,VFB_jrmc2ktk,L,,,Roughly traced,
102887,celltype_prediction_only,acetylcholine,dopamine,0.7163221420643728,dopamine,0.7466425378182228,KCg-m,KCg-m,KCg-m_R,Kenyon_Cell,,cb_intrinsic,14292,KCg-m,KCg-m,,VFB_jrmc2k8q,R,,,Prelim Roughly traced,
102954,celltype_prediction_only,acetylcholine,dopamine,0.7052864405122691,dopamine,0.7466425378182228,KCg-m,KCg-m,KCg-m_L,Kenyon_Cell,,cb_intrinsic,14292,KCg-m,KCg-m,,VFB_jrmc2kub,L,,,Roughly traced,
103144,celltype_prediction_only,acetylcholine,dopamine,0.6991032299611937,dopamine,0.7466425378182228,KCg-m,KCg-m,KCg-m_R,Kenyon_Cell,,cb_intrinsic,14292,KCg-m,KCg-m,,VFB_jrmc2k8r,R,,,Prelim Roughly traced,
103416,celltype_prediction_only,acetylcholine,dopamine,0.7874095347717492,dopamine,0.7466425378182228,KCg-m,KCg-m,KCg-m_L,Kenyon_Cell,,cb_intrinsic,14292,KCg-m,KCg-m,,VFB_jrmc2kv4,L,,,Roughly traced,
103609,celltype_prediction_only,acetylcholine,dopamine,0.7902010634340976,dopamine,0.7466425378182228,KCg-m,KCg-m,KCg-m_L,Kenyon_Cell,,cb_intrinsic,14292,KCg-m,KCg-m,,VFB_jrmc2kuc,L,,,Roughly traced,
103720,celltype_prediction_only,acetylcholine,dopamine,0.753819482313593,dopamine,0.7466425378182228,KCg-m,KCg-m,KCg-m_L,Kenyon_Cell,,cb_intrinsic,14292,KCg-m,KCg-m,,VFB_jrmc2kgk,L,,,Roughly traced,
103750,celltype_prediction_only,acetylcholine,dopamine,0.7196638652108674,dopamine,0.7466425378182228,KCg-m,KCg-m,KCg-m_L,Kenyon_Cell,,cb_intrinsic,14292,KCg-m,KCg-m,,VFB_jrmc2kcv,L,,,Roughly traced,
104068,celltype_prediction_only,acetylcholine,dopamine,0.7871059103370425,dopamine,0.7466425378182228,KCg-m,KCg-m,KCg-m_L,Kenyon_Cell,,cb_intrinsic,14292,KCg-m,KCg-m,,VFB_jrmc2kgl,L,,,Roughly traced,
104166,celltype_prediction_only,acetylcholine,dopamine,0.7412270408961481,dopamine,0.7466425378182228,KCg-m,KCg-m,KCg-m_R,Kenyon_Cell,,cb_intrinsic,14292,KCg-m,KCg-m,,VFB_jrmc2da1,R,,,Prelim Roughly traced,
104385,celltype_prediction_only,acetylcholine,dopamine,0.6985280174457191,dopamine,0.7466425378182228,KCg-m,KCg-m,KCg-m_L,Kenyon_Cell,,cb_intrinsic,14292,KCg-m,KCg-m,,VFB_jrmc2kgm,L,,,Roughly traced,
104526,celltype_prediction_only,acetylcholine,dopamine,0.7390821070687009,dopamine,0.7466425378182228,KCg-m,KCg-m,KCg-m_R,Kenyon_Cell,,cb_intrinsic,14292,KCg-m,KCg-m,,VFB_jrmc2kr5,R,,,Prelim Roughly traced,
104983,celltype_prediction_only,acetylcholine,dopamine,0.787418563330231,dopamine,0.7466425378182228,KCg-m,KCg-m,KCg-m_L,Kenyon_Cell,,cb_intrinsic,14292,KCg-m,KCg-m,,VFB_jrmc2d9o,L,,,Roughly traced,
105128,celltype_prediction_only,acetylcholine,dopamine,0.7308806187569368,dopamine,0.7466425378182228,KCg-m,KCg-m,KCg-m_R,Kenyon_Cell,,cb_intrinsic,14292,KCg-m,KCg-m,,VFB_jrmc2k8s,R,,,Prelim Roughly traced,
105407,celltype_prediction_only,acetylcholine,dopamine,0.7763534211667751,dopamine,0.7466425378182228,KCg-m,KCg-m,KCg-m_L,Kenyon_Cell,,cb_intrinsic,14292,KCg-m,KCg-m,,VFB_jrmc2kgn,L,,,Roughly traced,
106115,celltype_prediction_only,acetylcholine,dopamine,0.7304575829045169,dopamine,0.7466425378182228,KCg-m,KCg-m,KCg-m_R,Kenyon_Cell,,cb_intrinsic,14292,KCg-m,KCg-m,,VFB_jrmc2dey,R,,,Prelim Roughly traced,
106691,celltype_prediction_only,acetylcholine,dopamine,0.6969694206704272,dopamine,0.7466425378182228,KCg-m,KCg-m,KCg-m_R,Kenyon_Cell,,cb_intrinsic,14292,KCg-m,KCg-m,,VFB_jrmc2kou,R,,,Prelim Roughly traced,
106885,celltype_prediction_only,acetylcholine,dopamine,0.7657962713387242,dopamine,0.7466425378182228,KCg-m,KCg-m,KCg-m_L,Kenyon_Cell,,cb_intrinsic,14292,KCg-m,KCg-m,,VFB_jrmc2kcw,L,,,Roughly traced,
106905,celltype_prediction_only,acetylcholine,dopamine,0.7446678459119497,dopamine,0.7466425378182228,KCg-m,KCg-m,KCg-m_L,Kenyon_Cell,,cb_intrinsic,14292,KCg-m,KCg-m,,VFB_jrmc2d92,L,,,Roughly traced,
107019,celltype_prediction_only,acetylcholine,dopamine,0.7620965131335553,dopamine,0.7466425378182228,KCg-m,KCg-m,KCg-m_L,Kenyon_Cell,,cb_intrinsic,14292,KCg-m,KCg-m,,VFB_jrmc2dfq,L,,,Roughly traced,
107164,celltype_prediction_only,acetylcholine,dopamine,0.7121498363496342,dopamine,0.7466425378182228,KCg-m,KCg-m,KCg-m_L,Kenyon_Cell,,cb_intrinsic,14292,KCg-m,KCg-m,,VFB_jrmc2kru,L,,,Roughly traced,
107197,celltype_prediction_only,acetylcholine,dopamine,0.7469903327804271,dopamine,0.7466425378182228,KCg-m,KCg-m,KCg-m_R,Kenyon_Cell,,cb_intrinsic,14292,KCg-m,KCg-m,,VFB_jrmc2kw2,R,,,Prelim Roughly traced,
107232,celltype_prediction_only,acetylcholine,dopamine,0.759104500672556,dopamine,0.7466425378182228,KCg-m,KCg-m,KCg-m_L,Kenyon_Cell,,cb_intrinsic,14292,KCg-m,KCg-m,,VFB_jrmc2ddl,L,,,Roughly traced,
107452,celltype_prediction_only,acetylcholine,dopamine,0.7384239311199807,dopamine,0.7466425378182228,KCg-m,KCg-m,KCg-m_R,Kenyon_Cell,,cb_intrinsic,14292,KCg-m,KCg-m,,VFB_jrmc2kov,R,,,Prelim Roughly traced,
107516,celltype_prediction_only,acetylcholine,dopamine,0.7266266097634022,dopamine,0.7466425378182228,KCg-m,KCg-m,KCg-m_L,Kenyon_Cell,,cb_intrinsic,14292,KCg-m,KCg-m,,VFB_jrmc2dai,L,,,Roughly traced,
107852,celltype_prediction_only,acetylcholine,dopamine,0.8013093366277328,dopamine,0.7466425378182228,KCg-m,KCg-m,KCg-m_R,Kenyon_Cell,,cb_intrinsic,14292,KCg-m,KCg-m,,VFB_jrmc2kli,R,,,Prelim Roughly traced,
108002,celltype_prediction_only,acetylcholine,dopamine,0.7571909533454145,dopamine,0.7466425378182228,KCg-m,KCg-m,KCg-m_R,Kenyon_Cell,,cb_intrinsic,14292,KCg-m,KCg-m,,VFB_jrmc2d8r,R,,,Prelim Roughly traced,
108379,celltype_prediction_only,acetylcholine,dopamine,0.7203441649196366,dopamine,0.7466425378182228,KCg-m,KCg-m,KCg-m_L,Kenyon_Cell,,cb_intrinsic,14292,KCg-m,KCg-m,,VFB_jrmc2kud,L,,,Roughly traced,
108389,celltype_prediction_only,acetylcholine,dopamine,0.8037186816379547,dopamine,0.7466425378182228,KCg-m,KCg-m,KCg-m_L,Kenyon_Cell,,cb_intrinsic,14292,KCg-m,KCg-m,,VFB_jrmc2kue,L,,,Roughly traced,
108536,celltype_prediction_only,acetylcholine,dopamine,0.7335424824967367,dopamine,0.7466425378182228,KCg-m,KCg-m,KCg-m_L,Kenyon_Cell,,cb_intrinsic,14292,KCg-m,KCg-m,,VFB_jrmc2d9p,L,,,Roughly traced,
108833,celltype_prediction_only,acetylcholine,dopamine,0.7575398377162968,dopamine,0.7466425378182228,KCg-m,KCg-m,KCg-m_R,Kenyon_Cell,,cb_intrinsic,14292,KCg-m,KCg-m,,VFB_jrmc2d71,R,,,Prelim Roughly traced,
109161,celltype_prediction_only,acetylcholine,dopamine,0.7142754904976757,dopamine,0.7466425378182228,KCg-m,KCg-m,KCg-m_L,Kenyon_Cell,,cb_intrinsic,14292,KCg-m,KCg-m,,VFB_jrmc2ksp,L,,,Roughly traced,
109268,celltype_prediction_only,acetylcholine,dopamine,0.7320881001166795,dopamine,0.7466425378182228,KCg-m,KCg-m,KCg-m_R,Kenyon_Cell,,cb_intrinsic,14292,KCg-m,KCg-m,,VFB_jrmc2k8t,R,,,Prelim Roughly traced,
109275,celltype_prediction_only,acetylcholine,dopamine,0.7176501092508932,dopamine,0.7466425378182228,KCg-m,KCg-m,KCg-m_L,Kenyon_Cell,,cb_intrinsic,14292,KCg-m,KCg-m,,VFB_jrmc2d6e,L,,,Roughly traced,
109449,celltype_prediction_only,acetylcholine,dopamine,0.7737991131368809,dopamine,0.7466425378182228,KCg-m,KCg-m,KCg-m_L,Kenyon_Cell,,cb_intrinsic,14292,KCg-m,KCg-m,,VFB_jrmc2kgo,L,,,Roughly traced,
109492,celltype_prediction_only,acetylcholine,dopamine,0.7822043571601355,dopamine,0.7466425378182228,KCg-m,KCg-m,KCg-m_L,Kenyon_Cell,,cb_intrinsic,14292,KCg-m,KCg-m,,VFB_jrmc2kcx,L,,,Roughly traced,
109512,celltype_prediction_only,acetylcholine,dopamine,0.7527778539564136,dopamine,0.7466425378182228,KCg-m,KCg-m,KCg-m_L,Kenyon_Cell,,cb_intrinsic,14292,KCg-m,KCg-m,,VFB_jrmc2krv,L,,,Roughly traced,
109583,celltype_prediction_only,acetylcholine,dopamine,0.7613552871333686,dopamine,0.7466425378182228,KCg-m,KCg-m,KCg-m_R,Kenyon_Cell,,cb_intrinsic,14292,KCg-m,KCg-m,,VFB_jrmc2k8u,R,,,Prelim Roughly traced,
109676,celltype_prediction_only,acetylcholine,dopamine,0.732799602004717,dopamine,0.7466425378182228,KCg-m,KCg-m,KCg-m_L,Kenyon_Cell,,cb_intrinsic,14292,KCg-m,KCg-m,,VFB_jrmc2d7u,L,,,Roughly traced,
109697,celltype_prediction_only,acetylcholine,dopamine,0.7603338601027999,dopamine,0.7466425378182228,KCg-m,KCg-m,KCg-m_R,Kenyon_Cell,,cb_intrinsic,14292,KCg-m,KCg-m,,VFB_jrmc2k8v,R,,,Prelim Roughly traced,
109708,celltype_prediction_only,acetylcholine,dopamine,0.7430970782767886,dopamine,0.7466425378182228,KCg-m,KCg-m,KCg-m_L,Kenyon_Cell,,cb_intrinsic,14292,KCg-m,KCg-m,,VFB_jrmc2kcy,L,,,Roughly traced,
109853,celltype_prediction_only,acetylcholine,dopamine,0.7400349406009784,dopamine,0.7466425378182228,KCg-m,KCg-m,KCg-m_L,Kenyon_Cell,,cb_intrinsic,14292,KCg-m,KCg-m,,VFB_jrmc2daj,L,,,Roughly traced,
109873,celltype_prediction_only,acetylcholine,dopamine,0.792820821624515,dopamine,0.7466425378182228,KCg-m,KCg-m,KCg-m_R,Kenyon_Cell,,cb_intrinsic,14292,KCg-m,KCg-m,,VFB_jrmc2d60,R,,,Prelim Roughly traced,
110090,celltype_prediction_only,acetylcholine,dopamine,0.7461407301666115,dopamine,0.7466425378182228,KCg-m,KCg-m,KCg-m_L,Kenyon_Cell,,cb_intrinsic,14292,KCg-m,KCg-m,,VFB_jrmc2kpx,L,,,Roughly traced,
110282,celltype_prediction_only,acetylcholine,dopamine,0.7423710050057759,dopamine,0.7466425378182228,KCg-m,KCg-m,KCg-m_L,Kenyon_Cell,,cb_intrinsic,14292,KCg-m,KCg-m,,VFB_jrmc2krw,L,,,Roughly traced,
110375,celltype_prediction_only,acetylcholine,dopamine,0.6769955384222457,dopamine,0.7466425378182228,KCg-m,KCg-m,KCg-m_R,Kenyon_Cell,,cb_intrinsic,14292,KCg-m,KCg-m,,VFB_jrmc2kow,R,,,Prelim Roughly traced,
110574,celltype_prediction_only,acetylcholine,dopamine,0.7697075965622839,dopamine,0.7466425378182228,KCg-m,KCg-m,KCg-m_L,Kenyon_Cell,,cb_intrinsic,14292,KCg-m,KCg-m,,VFB_jrmc2kgp,L,,,Roughly traced,
110950,celltype_prediction_only,acetylcholine,dopamine,0.8081418814577718,dopamine,0.7466425378182228,KCg-m,KCg-m,KCg-m_L,Kenyon_Cell,,cb_intrinsic,14292,KCg-m,KCg-m,,VFB_jrmc2kgq,L,,,Roughly traced,
111109,celltype_prediction_only,acetylcholine,dopamine,0.7735376602564104,dopamine,0.7466425378182228,KCg-m,KCg-m,KCg-m_L,Kenyon_Cell,,cb_intrinsic,14292,KCg-m,KCg-m,,VFB_jrmc2dg2,L,,,Roughly traced,
111127,celltype_prediction_only,acetylcholine,dopamine,0.768559306616768,dopamine,0.7466425378182228,KCg-m,KCg-m,KCg-m_L,Kenyon_Cell,,cb_intrinsic,14292,KCg-m,KCg-m,,VFB_jrmc2kgr,L,,,Roughly traced,
111165,celltype_prediction_only,acetylcholine,dopamine,0.775563063063063,dopamine,0.7466425378182228,KCg-m,KCg-m,KCg-m_R,Kenyon_Cell,,cb_intrinsic,14292,KCg-m,KCg-m,,VFB_jrmc2d72,R,,,Prelim Roughly traced,
111576,celltype_prediction_only,acetylcholine,dopamine,0.7624266517538741,dopamine,0.7466425378182228,KCg-m,KCg-m,KCg-m_L,Kenyon_Cell,,cb_intrinsic,14292,KCg-m,KCg-m,,VFB_jrmc2kcz,L,,,Roughly traced,
111655,celltype_prediction_only,acetylcholine,dopamine,0.7543166200791988,dopamine,0.7466425378182228,KCg-m,KCg-m,KCg-m_L,Kenyon_Cell,,cb_intrinsic,14292,KCg-m,KCg-m,,VFB_jrmc2kd0,L,,,Roughly traced,
111695,celltype_prediction_only,acetylcholine,dopamine,0.7122798742138364,dopamine,0.7466425378182228,KCg-m,KCg-m,KCg-m_L,Kenyon_Cell,,cb_intrinsic,14292,KCg-m,KCg-m,,VFB_jrmc2kd1,L,,,Roughly traced,
111795,celltype_prediction_only,acetylcholine,dopamine,0.7718275425678786,dopamine,0.7466425378182228,KCg-m,KCg-m,KCg-m_L,Kenyon_Cell,,cb_intrinsic,14292,KCg-m,KCg-m,,VFB_jrmc2dec,L,,,Roughly traced,
111803,celltype_prediction_only,acetylcholine,dopamine,0.735769335202445,dopamine,0.7466425378182228,KCg-m,KCg-m,KCg-m_L,Kenyon_Cell,,cb_intrinsic,14292,KCg-m,KCg-m,,VFB_jrmc2kgs,L,,,Roughly traced,
112009,celltype_prediction_only,acetylcholine,dopamine,0.8030724816991441,dopamine,0.7466425378182228,KCg-m,KCg-m,KCg-m_L,Kenyon_Cell,,cb_intrinsic,14292,KCg-m,KCg-m,,VFB_jrmc2kd2,L,,,Roughly traced,
112040,celltype_prediction_only,acetylcholine,dopamine,0.7234214064351472,dopamine,0.7466425378182228,KCg-m,KCg-m,KCg-m_R,Kenyon_Cell,,cb_intrinsic,14292,KCg-m,KCg-m,,VFB_jrmc2klj,R,,,Prelim Roughly traced,
112189,celltype_prediction_only,acetylcholine,dopamine,0.7473623795664391,dopamine,0.7466425378182228,KCg-m,KCg-m,KCg-m_L,Kenyon_Cell,,cb_intrinsic,14292,KCg-m,KCg-m,,VFB_jrmc2kgt,L,,,Roughly traced,
112359,celltype_prediction_only,acetylcholine,dopamine,0.7470320341782606,dopamine,0.7466425378182228,KCg-m,KCg-m,KCg-m_L,Kenyon_Cell,,cb_intrinsic,14292,KCg-m,KCg-m,,VFB_jrmc2kd3,L,,,Roughly traced,
112442,celltype_prediction_only,acetylcholine,dopamine,0.7228245249205384,dopamine,0.7466425378182228,KCg-m,KCg-m,KCg-m_L,Kenyon_Cell,,cb_intrinsic,14292,KCg-m,KCg-m,,VFB_jrmc2dcn,L,,,Roughly traced,
112593,celltype_prediction_only,acetylcholine,dopamine,0.7474041967750569,dopamine,0.7466425378182228,KCg-m,KCg-m,KCg-m_L,Kenyon_Cell,,cb_intrinsic,14292,KCg-m,KCg-m,,VFB_jrmc2kgu,L,,,Roughly traced,
112697,celltype_prediction_only,acetylcholine,dopamine,0.6924567178104915,dopamine,0.7466425378182228,KCg-m,KCg-m,KCg-m_L,Kenyon_Cell,,cb_intrinsic,14292,KCg-m,KCg-m,,VFB_jrmc2kgv,L,,,Roughly traced,
112749,celltype_prediction_only,acetylcholine,dopamine,0.7676644895984518,dopamine,0.7466425378182228,KCg-m,KCg-m,KCg-m_R,Kenyon_Cell,,cb_intrinsic,14292,KCg-m,KCg-m,,VFB_jrmc2k8w,R,,,Prelim Roughly traced,
112835,celltype_prediction_only,acetylcholine,dopamine,0.8068520357497517,dopamine,0.7466425378182228,KCg-m,KCg-m,KCg-m_L,Kenyon_Cell,,cb_intrinsic,14292,KCg-m,KCg-m,,VFB_jrmc2del,L,,,Roughly traced,
112879,celltype_prediction_only,acetylcholine,dopamine,0.7166828110961366,dopamine,0.7466425378182228,KCg-m,KCg-m,KCg-m_L,Kenyon_Cell,,cb_intrinsic,14292,KCg-m,KCg-m,,VFB_jrmc2kgw,L,,,Roughly traced,
113286,celltype_prediction_only,acetylcholine,dopamine,0.7092819439096393,dopamine,0.7466425378182228,KCg-m,KCg-m,KCg-m_L,Kenyon_Cell,,cb_intrinsic,14292,KCg-m,KCg-m,,VFB_jrmc2de0,L,,,Roughly traced,
113528,celltype_prediction_only,acetylcholine,dopamine,0.7583306992802956,dopamine,0.7466425378182228,KCg-m,KCg-m,KCg-m_L,Kenyon_Cell,,cb_intrinsic,14292,KCg-m,KCg-m,,VFB_jrmc2kd4,L,,,Roughly traced,
113972,celltype_prediction_only,acetylcholine,dopamine,0.7975565821360568,dopamine,0.7466425378182228,KCg-m,KCg-m,KCg-m_L,Kenyon_Cell,,cb_intrinsic,14292,KCg-m,KCg-m,,VFB_jrmc2de1,L,,,Roughly traced,
114029,celltype_prediction_only,acetylcholine,dopamine,0.7611598368710691,dopamine,0.7466425378182228,KCg-m,KCg-m,KCg-m_L,Kenyon_Cell,,cb_intrinsic,14292,KCg-m,KCg-m,,VFB_jrmc2kgx,L,,,Roughly traced,
114090,celltype_prediction_only,acetylcholine,dopamine,0.7336278152559643,dopamine,0.7466425378182228,KCg-m,KCg-m,KCg-m_L,Kenyon_Cell,,cb_intrinsic,14292,KCg-m,KCg-m,,VFB_jrmc2kuf,L,,,Roughly traced,
114235,celltype_prediction_only,acetylcholine,dopamine,0.7427361341936324,dopamine,0.7466425378182228,KCg-m,KCg-m,KCg-m_R,Kenyon_Cell,,cb_intrinsic,14292,KCg-m,KCg-m,,VFB_jrmc2klk,R,,,Prelim Roughly traced,
114594,celltype_prediction_only,acetylcholine,dopamine,0.766796686018384,dopamine,0.7466425378182228,KCg-m,KCg-m,KCg-m_R,Kenyon_Cell,,cb_intrinsic,14292,KCg-m,KCg-m,,VFB_jrmc2kr6,R,,,Prelim Roughly traced,
114956,celltype_prediction_only,acetylcholine,dopamine,0.7846280463836478,dopamine,0.7466425378182228,KCg-m,KCg-m,KCg-m_L,Kenyon_Cell,,cb_intrinsic,14292,KCg-m,KCg-m,,VFB_jrmc2kv5,L,,,Roughly traced,
115234,celltype_prediction_only,acetylcholine,dopamine,0.7700215737896737,dopamine,0.7466425378182228,KCg-m,KCg-m,KCg-m_L,Kenyon_Cell,,cb_intrinsic,14292,KCg-m,KCg-m,,VFB_jrmc2kd5,L,,,Roughly traced,
115240,celltype_prediction_only,acetylcholine,dopamine,0.735281071490393,dopamine,0.7466425378182228,KCg-m,KCg-m,KCg-m_R,Kenyon_Cell,,cb_intrinsic,14292,KCg-m,KCg-m,,VFB_jrmc2kll,R,,,Prelim Roughly traced,
115287,celltype_prediction_only,acetylcholine,dopamine,0.7575122292103423,dopamine,0.7466425378182228,KCg-m,KCg-m,KCg-m_L,Kenyon_Cell,,cb_intrinsic,14292,KCg-m,KCg-m,,VFB_jrmc2ddh,L,,,Roughly traced,
115664,celltype_prediction_only,acetylcholine,dopamine,0.7680302092999278,dopamine,0.7466425378182228,KCg-m,KCg-m,KCg-m_L,Kenyon_Cell,,cb_intrinsic,14292,KCg-m,KCg-m,,VFB_jrmc2kgy,L,,,Roughly traced,
115711,celltype_prediction_only,acetylcholine,dopamine,0.7760736995726051,dopamine,0.7466425378182228,KCg-m,KCg-m,KCg-m_L,Kenyon_Cell,,cb_intrinsic,14292,KCg-m,KCg-m,,VFB_jrmc2kgz,L,,,Roughly traced,
116084,celltype_prediction_only,acetylcholine,dopamine,0.769091574495771,dopamine,0.7466425378182228,KCg-m,KCg-m,KCg-m_L,Kenyon_Cell,,cb_intrinsic,14292,KCg-m,KCg-m,,VFB_jrmc2ddx,L,,,Roughly traced,
116218,celltype_prediction_only,acetylcholine,dopamine,0.7709276332507464,dopamine,0.7466425378182228,KCg-m,KCg-m,KCg-m_L,Kenyon_Cell,,cb_intrinsic,14292,KCg-m,KCg-m,,VFB_jrmc2kd6,L,,,Roughly traced,
116436,celltype_prediction_only,acetylcholine,dopamine,0.7429746084300919,dopamine,0.7466425378182228,KCg-m,KCg-m,KCg-m_L,Kenyon_Cell,,cb_intrinsic,14292,KCg-m,KCg-m,,VFB_jrmc2kh0,L,,,Roughly traced,
116518,celltype_prediction_only,acetylcholine,dopamine,0.7865690543271009,dopamine,0.7466425378182228,KCg-m,KCg-m,KCg-m_L,Kenyon_Cell,,cb_intrinsic,14292,KCg-m,KCg-m,,VFB_jrmc2ktl,L,,,Roughly traced,
116550,celltype_prediction_only,acetylcholine,dopamine,0.8216298411122145,dopamine,0.7466425378182228,KCg-m,KCg-m,KCg-m_L,Kenyon_Cell,,cb_intrinsic,14292,KCg-m,KCg-m,,VFB_jrmc2kd7,L,,,Roughly traced,
116553,celltype_prediction_only,acetylcholine,dopamine,0.7217567497133326,dopamine,0.7466425378182228,KCg-m,KCg-m,KCg-m_L,Kenyon_Cell,,cb_intrinsic,14292,KCg-m,KCg-m,,VFB_jrmc2dg3,L,,,Roughly traced,
116973,celltype_prediction_only,acetylcholine,dopamine,0.7686950632719557,dopamine,0.7466425378182228,KCg-m,KCg-m,KCg-m_L,Kenyon_Cell,,cb_intrinsic,14292,KCg-m,KCg-m,,VFB_jrmc2ksq,L,,,Roughly traced,
117051,celltype_prediction_only,acetylcholine,dopamine,0.7518665954341707,dopamine,0.7466425378182228,KCg-m,KCg-m,KCg-m_L,Kenyon_Cell,,cb_intrinsic,14292,KCg-m,KCg-m,,VFB_jrmc2kug,L,,,Roughly traced,
117135,celltype_prediction_only,acetylcholine,dopamine,0.6775962834335475,dopamine,0.7466425378182228,KCg-m,KCg-m,KCg-m_L,Kenyon_Cell,,cb_intrinsic,14292,KCg-m,KCg-m,,VFB_jrmc2kd8,L,,,Roughly traced,
117286,celltype_prediction_only,acetylcholine,dopamine,0.7483922145496985,dopamine,0.7466425378182228,KCg-m,KCg-m,KCg-m_L,Kenyon_Cell,,cb_intrinsic,14292,KCg-m,KCg-m,,VFB_jrmc2ksr,L,,,Roughly traced,
117513,celltype_prediction_only,acetylcholine,dopamine,0.8138389908388617,dopamine,0.7466425378182228,KCg-m,KCg-m,KCg-m_L,Kenyon_Cell,,cb_intrinsic,14292,KCg-m,KCg-m,,VFB_jrmc2kpy,L,,,Roughly traced,
117952,celltype_prediction_only,acetylcholine,dopamine,0.6970254218818108,dopamine,0.7466425378182228,KCg-m,KCg-m,KCg-m_R,Kenyon_Cell,,cb_intrinsic,14292,KCg-m,KCg-m,,VFB_jrmc2kox,R,,,Prelim Roughly traced,
118000,celltype_prediction_only,acetylcholine,dopamine,0.7373488632159554,dopamine,0.7466425378182228,KCg-m,KCg-m,KCg-m_L,Kenyon_Cell,,cb_intrinsic,14292,KCg-m,KCg-m,,VFB_jrmc2d6f,L,,,Roughly traced,
118100,celltype_prediction_only,acetylcholine,dopamine,0.7770854266681553,dopamine,0.7466425378182228,KCg-m,KCg-m,KCg-m_L,Kenyon_Cell,,cb_intrinsic,14292,KCg-m,KCg-m,,VFB_jrmc2kss,L,,,Roughly traced,
118508,celltype_prediction_only,acetylcholine,dopamine,0.7305109628548594,dopamine,0.7466425378182228,KCg-m,KCg-m,KCg-m_L,Kenyon_Cell,,cb_intrinsic,14292,KCg-m,KCg-m,,VFB_jrmc2kst,L,,,Roughly traced,
118629,celltype_prediction_only,acetylcholine,dopamine,0.8013168238993711,dopamine,0.7466425378182228,KCg-m,KCg-m,KCg-m_R,Kenyon_Cell,,cb_intrinsic,14292,KCg-m,KCg-m,,VFB_jrmc2kw3,R,,,Prelim Roughly traced,
118732,celltype_prediction_only,acetylcholine,dopamine,0.6807092469828319,dopamine,0.7466425378182228,KCg-m,KCg-m,KCg-m_L,Kenyon_Cell,,cb_intrinsic,14292,KCg-m,KCg-m,,VFB_jrmc2kh1,L,,,Roughly traced,
118769,celltype_prediction_only,acetylcholine,dopamine,0.7493815016841039,dopamine,0.7466425378182228,KCg-m,KCg-m,KCg-m_R,Kenyon_Cell,,cb_intrinsic,14292,KCg-m,KCg-m,,VFB_jrmc2kr7,R,,,Prelim Roughly traced,
119101,celltype_prediction_only,acetylcholine,dopamine,0.7320316279632317,dopamine,0.7466425378182228,KCg-m,KCg-m,KCg-m_R,Kenyon_Cell,,cb_intrinsic,14292,KCg-m,KCg-m,,VFB_jrmc2k8x,R,,,Prelim Roughly traced,
119144,celltype_prediction_only,acetylcholine,dopamine,0.7216210904300526,dopamine,0.7466425378182228,KCg-m,KCg-m,KCg-m_L,Kenyon_Cell,,cb_intrinsic,14292,KCg-m,KCg-m,,VFB_jrmc2kh2,L,,,Roughly traced,
119152,celltype_prediction_only,acetylcholine,dopamine,0.7579406369466025,dopamine,0.7466425378182228,KCg-m,KCg-m,KCg-m_L,Kenyon_Cell,,cb_intrinsic,14292,KCg-m,KCg-m,,VFB_jrmc2kh3,L,,,Roughly traced,
119278,celltype_prediction_only,acetylcholine,dopamine,0.7178647922547418,dopamine,0.7466425378182228,KCg-m,KCg-m,KCg-m_R,Kenyon_Cell,,cb_intrinsic,14292,KCg-m,KCg-m,,VFB_jrmc2kme,R,,,Prelim Roughly traced,
119280,celltype_prediction_only,acetylcholine,dopamine,0.7364800562727574,dopamine,0.7466425378182228,KCg-m,KCg-m,KCg-m_R,Kenyon_Cell,,cb_intrinsic,14292,KCg-m,KCg-m,,VFB_jrmc2klm,R,,,Prelim Roughly traced,
119475,celltype_prediction_only,acetylcholine,dopamine,0.7691178732567678,dopamine,0.7466425378182228,KCg-m,KCg-m,KCg-m_L,Kenyon_Cell,,cb_intrinsic,14292,KCg-m,KCg-m,,VFB_jrmc2kh4,L,,,Roughly traced,
119536,celltype_prediction_only,acetylcholine,dopamine,0.7383725333217933,dopamine,0.7466425378182228,KCg-m,KCg-m,KCg-m_L,Kenyon_Cell,,cb_intrinsic,14292,KCg-m,KCg-m,,VFB_jrmc2kd9,L,,,Roughly traced,
119591,celltype_prediction_only,acetylcholine,dopamine,0.6964475013517745,dopamine,0.7466425378182228,KCg-m,KCg-m,KCg-m_R,Kenyon_Cell,,cb_intrinsic,14292,KCg-m,KCg-m,,VFB_jrmc2kln,R,,,Prelim Roughly traced,
119612,celltype_prediction_only,acetylcholine,dopamine,0.7799298011562162,dopamine,0.7466425378182228,KCg-m,KCg-m,KCg-m_L,Kenyon_Cell,,cb_intrinsic,14292,KCg-m,KCg-m,,VFB_jrmc2kda,L,,,Roughly traced,
119632,celltype_prediction_only,acetylcholine,dopamine,0.7846440462977644,dopamine,0.7466425378182228,KCg-m,KCg-m,KCg-m_R,Kenyon_Cell,,cb_intrinsic,14292,KCg-m,KCg-m,,VFB_jrmc2klo,R,,,Prelim Roughly traced,
119936,celltype_prediction_only,acetylcholine,dopamine,0.7492958973610842,dopamine,0.7466425378182228,KCg-m,KCg-m,KCg-m_R,Kenyon_Cell,,cb_intrinsic,14292,KCg-m,KCg-m,,VFB_jrmc2klp,R,,,Prelim Roughly traced,
120313,celltype_prediction_only,acetylcholine,dopamine,0.7060970168281488,dopamine,0.7466425378182228,KCg-m,KCg-m,KCg-m_L,Kenyon_Cell,,cb_intrinsic,14292,KCg-m,KCg-m,,VFB_jrmc2kh5,L,,,Roughly traced,
120642,celltype_prediction_only,acetylcholine,dopamine,0.7553924492156437,dopamine,0.7466425378182228,KCg-m,KCg-m,KCg-m_L,Kenyon_Cell,,cb_intrinsic,14292,KCg-m,KCg-m,,VFB_jrmc2kh6,L,,,Roughly traced,
120818,celltype_prediction_only,acetylcholine,dopamine,0.707998399761825,dopamine,0.7466425378182228,KCg-m,KCg-m,KCg-m_L,Kenyon_Cell,,cb_intrinsic,14292,KCg-m,KCg-m,,VFB_jrmc2kuh,L,,,Roughly traced,
120853,celltype_prediction_only,acetylcholine,dopamine,0.7722920814765653,dopamine,0.7466425378182228,KCg-m,KCg-m,KCg-m_L,Kenyon_Cell,,cb_intrinsic,14292,KCg-m,KCg-m,,VFB_jrmc2kh7,L,,,Roughly traced,
121103,celltype_prediction_only,acetylcholine,dopamine,0.6228445744930713,dopamine,0.7466425378182228,KCg-m,KCg-m,KCg-m_R,Kenyon_Cell,,cb_intrinsic,14292,KCg-m,KCg-m,,VFB_jrmc2k8y,R,,,Prelim Roughly traced,
121501,celltype_prediction_only,acetylcholine,dopamine,0.7495258704532193,dopamine,0.7466425378182228,KCg-m,KCg-m,KCg-m_L,Kenyon_Cell,,cb_intrinsic,14292,KCg-m,KCg-m,,VFB_jrmc2krx,L,,,Roughly traced,
121712,celltype_prediction_only,acetylcholine,dopamine,0.6254405607377571,dopamine,0.7466425378182228,KCg-m,KCg-m,KCg-m_L,Kenyon_Cell,,cb_intrinsic,14292,KCg-m,KCg-m,,VFB_jrmc2kh8,L,,,Roughly traced,
122077,celltype_prediction_only,acetylcholine,dopamine,0.8033628144654088,dopamine,0.7466425378182228,KCg-m,KCg-m,KCg-m_L,Kenyon_Cell,,cb_intrinsic,14292,KCg-m,KCg-m,,VFB_jrmc2d9c,L,,,Roughly traced,
122285,celltype_prediction_only,acetylcholine,dopamine,0.7377077147782779,dopamine,0.7466425378182228,KCg-m,KCg-m,KCg-m_L,Kenyon_Cell,,cb_intrinsic,14292,KCg-m,KCg-m,,VFB_jrmc2d6g,L,,,Roughly traced,
122293,celltype_prediction_only,acetylcholine,dopamine,0.7377999481846769,dopamine,0.7466425378182228,KCg-m,KCg-m,KCg-m_R,Kenyon_Cell,,cb_intrinsic,14292,KCg-m,KCg-m,,VFB_jrmc2dd7,R,,,Prelim Roughly traced,
122326,celltype_prediction_only,acetylcholine,dopamine,0.756745918302522,dopamine,0.7466425378182228,KCg-m,KCg-m,KCg-m_L,Kenyon_Cell,,cb_intrinsic,14292,KCg-m,KCg-m,,VFB_jrmc2kh9,L,,,Roughly traced,
122354,celltype_prediction_only,acetylcholine,dopamine,0.6742590522412477,dopamine,0.7466425378182228,KCg-m,KCg-m,KCg-m_R,Kenyon_Cell,,cb_intrinsic,14292,KCg-m,KCg-m,,VFB_jrmc2de9,R,,,Prelim Roughly traced,
122378,celltype_prediction_only,acetylcholine,dopamine,0.7865123820754717,dopamine,0.7466425378182228,KCg-m,KCg-m,KCg-m_L,Kenyon_Cell,,cb_intrinsic,14292,KCg-m,KCg-m,,VFB_jrmc2kv6,L,,,Roughly traced,
122481,celltype_prediction_only,acetylcholine,dopamine,0.7253807219736756,dopamine,0.7466425378182228,KCg-m,KCg-m,KCg-m_L,Kenyon_Cell,,cb_intrinsic,14292,KCg-m,KCg-m,,VFB_jrmc2d93,L,,,Roughly traced,
122595,celltype_prediction_only,acetylcholine,dopamine,0.7580353225098727,dopamine,0.7466425378182228,KCg-m,KCg-m,KCg-m_L,Kenyon_Cell,,cb_intrinsic,14292,KCg-m,KCg-m,,VFB_jrmc2kpz,L,,,Roughly traced,
122703,celltype_prediction_only,acetylcholine,dopamine,0.7825587835906233,dopamine,0.7466425378182228,KCg-m,KCg-m,KCg-m_L,Kenyon_Cell,,cb_intrinsic,14292,KCg-m,KCg-m,,VFB_jrmc2d94,L,,,Roughly traced,
122892,celltype_prediction_only,acetylcholine,dopamine,0.7294261006289308,dopamine,0.7466425378182228,KCg-m,KCg-m,KCg-m_R,Kenyon_Cell,,cb_intrinsic,14292,KCg-m,KCg-m,,VFB_jrmc2k8z,R,,,Prelim Roughly traced,
122979,celltype_prediction_only,acetylcholine,dopamine,0.7122313941299789,dopamine,0.7466425378182228,KCg-m,KCg-m,KCg-m_L,Kenyon_Cell,,cb_intrinsic,14292,KCg-m,KCg-m,,VFB_jrmc2kdb,L,,,Roughly traced,
123263,celltype_prediction_only,acetylcholine,dopamine,0.7567783481317055,dopamine,0.7466425378182228,KCg-m,KCg-m,KCg-m_L,Kenyon_Cell,,cb_intrinsic,14292,KCg-m,KCg-m,,VFB_jrmc2db4,L,,,Roughly traced,
123280,celltype_prediction_only,acetylcholine,dopamine,0.7278959871479355,dopamine,0.7466425378182228,KCg-m,KCg-m,KCg-m_R,Kenyon_Cell,,cb_intrinsic,14292,KCg-m,KCg-m,,VFB_jrmc2klq,R,,,Prelim Roughly traced,
123404,celltype_prediction_only,acetylcholine,dopamine,0.7867813562637297,dopamine,0.7466425378182228,KCg-m,KCg-m,KCg-m_L,Kenyon_Cell,,cb_intrinsic,14292,KCg-m,KCg-m,,VFB_jrmc2kq0,L,,,Roughly traced,
123421,celltype_prediction_only,acetylcholine,dopamine,0.750124131082423,dopamine,0.7466425378182228,KCg-m,KCg-m,KCg-m_R,Kenyon_Cell,,cb_intrinsic,14292,KCg-m,KCg-m,,VFB_jrmc2kr8,R,,,Prelim Roughly traced,
123477,celltype_prediction_only,acetylcholine,dopamine,0.7588219786841411,dopamine,0.7466425378182228,KCg-m,KCg-m,KCg-m_L,Kenyon_Cell,,cb_intrinsic,14292,KCg-m,KCg-m,,VFB_jrmc2kq1,L,,,Roughly traced,
123494,celltype_prediction_only,acetylcholine,dopamine,0.7574536639984752,dopamine,0.7466425378182228,KCg-m,KCg-m,KCg-m_L,Kenyon_Cell,,cb_intrinsic,14292,KCg-m,KCg-m,,VFB_jrmc2kdc,L,,,Roughly traced,
123585,celltype_prediction_only,acetylcholine,dopamine,0.7752523331304524,dopamine,0.7466425378182228,KCg-m,KCg-m,KCg-m_R,Kenyon_Cell,,cb_intrinsic,14292,KCg-m,KCg-m,,VFB_jrmc2klr,R,,,Prelim Roughly traced,
123684,celltype_prediction_only,acetylcholine,dopamine,0.71190995695019,dopamine,0.7466425378182228,KCg-m,KCg-m,KCg-m_L,Kenyon_Cell,,cb_intrinsic,14292,KCg-m,KCg-m,,VFB_jrmc2kq2,L,,,Roughly traced,
123841,celltype_prediction_only,acetylcholine,dopamine,0.7317926997925516,dopamine,0.7466425378182228,KCg-m,KCg-m,KCg-m_L,Kenyon_Cell,,cb_intrinsic,14292,KCg-m,KCg-m,,VFB_jrmc2kha,L,,,Roughly traced,
123894,celltype_prediction_only,acetylcholine,dopamine,0.7030813826388188,dopamine,0.7466425378182228,KCg-m,KCg-m,KCg-m_R,Kenyon_Cell,,cb_intrinsic,14292,KCg-m,KCg-m,,VFB_jrmc2daw,R,,,Prelim Roughly traced,
124021,celltype_prediction_only,acetylcholine,dopamine,0.7461518852356934,dopamine,0.7466425378182228,KCg-m,KCg-m,KCg-m_L,Kenyon_Cell,,cb_intrinsic,14292,KCg-m,KCg-m,,VFB_jrmc2kq3,L,,,Roughly traced,
124046,celltype_prediction_only,acetylcholine,dopamine,0.7731408688562776,dopamine,0.7466425378182228,KCg-m,KCg-m,KCg-m_L,Kenyon_Cell,,cb_intrinsic,14292,KCg-m,KCg-m,,VFB_jrmc2khb,L,,,Roughly traced,
124055,celltype_prediction_only,acetylcholine,dopamine,0.6985442182500275,dopamine,0.7466425378182228,KCg-m,KCg-m,KCg-m_R,Kenyon_Cell,,cb_intrinsic,14292,KCg-m,KCg-m,,VFB_jrmc2kls,R,,,Prelim Roughly traced,
124242,celltype_prediction_only,acetylcholine,dopamine,0.7546147446202442,dopamine,0.7466425378182228,KCg-m,KCg-m,KCg-m_R,Kenyon_Cell,,cb_intrinsic,14292,KCg-m,KCg-m,,VFB_jrmc2klt,R,,,Prelim Roughly traced,
124370,celltype_prediction_only,acetylcholine,dopamine,0.7524260514937108,dopamine,0.7466425378182228,KCg-m,KCg-m,KCg-m_L,Kenyon_Cell,,cb_intrinsic,14292,KCg-m,KCg-m,,VFB_jrmc2d7v,L,,,Roughly traced,
124632,celltype_prediction_only,acetylcholine,dopamine,0.7650715822575307,dopamine,0.7466425378182228,KCg-m,KCg-m,KCg-m_R,Kenyon_Cell,,cb_intrinsic,14292,KCg-m,KCg-m,,VFB_jrmc2koy,R,,,Prelim Roughly traced,
124690,celltype_prediction_only,acetylcholine,dopamine,0.7512364797152533,dopamine,0.7466425378182228,KCg-m,KCg-m,KCg-m_L,Kenyon_Cell,,cb_intrinsic,14292,KCg-m,KCg-m,,VFB_jrmc2kry,L,,,Roughly traced,
125552,celltype_prediction_only,acetylcholine,dopamine,0.7843752047300838,dopamine,0.7466425378182228,KCg-m,KCg-m,KCg-m_L,Kenyon_Cell,,cb_intrinsic,14292,KCg-m,KCg-m,,VFB_jrmc2khc,L,,,Roughly traced,
125860,celltype_prediction_only,acetylcholine,dopamine,0.791867239154975,dopamine,0.7466425378182228,KCg-m,KCg-m,KCg-m_R,Kenyon_Cell,,cb_intrinsic,14292,KCg-m,KCg-m,,VFB_jrmc2k90,R,,,Prelim Roughly traced,
126002,celltype_prediction_only,acetylcholine,dopamine,0.7452628335883053,dopamine,0.7466425378182228,KCg-m,KCg-m,KCg-m_R,Kenyon_Cell,,cb_intrinsic,14292,KCg-m,KCg-m,,VFB_jrmc2k91,R,,,Prelim Roughly traced,
126602,celltype_prediction_only,acetylcholine,dopamine,0.6819324910809519,dopamine,0.7466425378182228,KCg-m,KCg-m,KCg-m_R,Kenyon_Cell,,cb_intrinsic,14292,KCg-m,KCg-m,,VFB_jrmc2d7j,R,,,Prelim Roughly traced,
126766,celltype_prediction_only,acetylcholine,dopamine,0.773270867514356,dopamine,0.7466425378182228,KCg-m,KCg-m,KCg-m_L,Kenyon_Cell,,cb_intrinsic,14292,KCg-m,KCg-m,,VFB_jrmc2dbu,L,,,Roughly traced,
126779,celltype_prediction_only,acetylcholine,dopamine,0.7891864166283172,dopamine,0.7466425378182228,KCg-m,KCg-m,KCg-m_L,Kenyon_Cell,,cb_intrinsic,14292,KCg-m,KCg-m,,VFB_jrmc2khd,L,,,Roughly traced,
126815,celltype_prediction_only,acetylcholine,dopamine,0.7126065124771759,dopamine,0.7466425378182228,KCg-m,KCg-m,KCg-m_L,Kenyon_Cell,,cb_intrinsic,14292,KCg-m,KCg-m,,VFB_jrmc2kdd,L,,,Roughly traced,
126973,celltype_prediction_only,acetylcholine,dopamine,0.7348247978436658,dopamine,0.7466425378182228,KCg-m,KCg-m,KCg-m_L,Kenyon_Cell,,cb_intrinsic,14292,KCg-m,KCg-m,,VFB_jrmc2kv7,L,,,Roughly traced,
127130,celltype_prediction_only,acetylcholine,dopamine,0.7685853970125786,dopamine,0.7466425378182228,KCg-m,KCg-m,KCg-m_L,Kenyon_Cell,,cb_intrinsic,14292,KCg-m,KCg-m,,VFB_jrmc2kq4,L,,,Roughly traced,
127203,celltype_prediction_only,acetylcholine,dopamine,0.7145851616205938,dopamine,0.7466425378182228,KCg-m,KCg-m,KCg-m_L,Kenyon_Cell,,cb_intrinsic,14292,KCg-m,KCg-m,,VFB_jrmc2kde,L,,,Roughly traced,
127225,celltype_prediction_only,acetylcholine,dopamine,0.7165164776238775,dopamine,0.7466425378182228,KCg-m,KCg-m,KCg-m_L,Kenyon_Cell,,cb_intrinsic,14292,KCg-m,KCg-m,,VFB_jrmc2khe,L,,,Roughly traced,
127372,celltype_prediction_only,acetylcholine,dopamine,0.764159247940473,dopamine,0.7466425378182228,KCg-m,KCg-m,KCg-m_L,Kenyon_Cell,,cb_intrinsic,14292,KCg-m,KCg-m,,VFB_jrmc2ktm,L,,,Prelim Roughly traced,
127397,celltype_prediction_only,acetylcholine,dopamine,0.7272092566183999,dopamine,0.7466425378182228,KCg-m,KCg-m,KCg-m_R,Kenyon_Cell,,cb_intrinsic,14292,KCg-m,KCg-m,,VFB_jrmc2k92,R,,,Prelim Roughly traced,
127593,celltype_prediction_only,acetylcholine,dopamine,0.7960168415565197,dopamine,0.7466425378182228,KCg-m,KCg-m,KCg-m_L,Kenyon_Cell,,cb_intrinsic,14292,KCg-m,KCg-m,,VFB_jrmc2kdf,L,,,Prelim Roughly traced,
127944,celltype_prediction_only,acetylcholine,dopamine,0.7926102491877551,dopamine,0.7466425378182228,KCg-m,KCg-m,KCg-m_L,Kenyon_Cell,,cb_intrinsic,14292,KCg-m,KCg-m,,VFB_jrmc2khf,L,,,Prelim Roughly traced,
127980,celltype_prediction_only,acetylcholine,dopamine,0.7464242852368365,dopamine,0.7466425378182228,KCg-m,KCg-m,KCg-m_L,Kenyon_Cell,,cb_intrinsic,14292,KCg-m,KCg-m,,VFB_jrmc2kv8,L,,,Prelim Roughly traced,
128097,celltype_prediction_only,acetylcholine,dopamine,0.7652505557362828,dopamine,0.7466425378182228,KCg-m,KCg-m,KCg-m_L,Kenyon_Cell,,cb_intrinsic,14292,KCg-m,KCg-m,,VFB_jrmc2khg,L,,,Prelim Roughly traced,
128352,celltype_prediction_only,acetylcholine,dopamine,0.7450311700009481,dopamine,0.7466425378182228,KCg-m,KCg-m,KCg-m_L,Kenyon_Cell,,cb_intrinsic,14292,KCg-m,KCg-m,,VFB_jrmc2kv9,L,,,Prelim Roughly traced,
128471,celltype_prediction_only,acetylcholine,dopamine,0.7467608551040155,dopamine,0.7466425378182228,KCg-m,KCg-m,KCg-m_L,Kenyon_Cell,,cb_intrinsic,14292,KCg-m,KCg-m,,VFB_jrmc2dfl,L,,,Prelim Roughly traced,
128901,celltype_prediction_only,acetylcholine,dopamine,0.8006720025424863,dopamine,0.7466425378182228,KCg-m,KCg-m,KCg-m_L,Kenyon_Cell,,cb_intrinsic,14292,KCg-m,KCg-m,,VFB_jrmc2krz,L,,,Prelim Roughly traced,
128929,celltype_prediction_only,acetylcholine,dopamine,0.7569744866048159,dopamine,0.7466425378182228,KCg-m,KCg-m,KCg-m_L,Kenyon_Cell,,cb_intrinsic,14292,KCg-m,KCg-m,,VFB_jrmc2ktn,L,,,Prelim Roughly traced,
129189,celltype_prediction_only,acetylcholine,dopamine,0.7851818412604822,dopamine,0.7466425378182228,KCg-m,KCg-m,KCg-m_R,Kenyon_Cell,,cb_intrinsic,14292,KCg-m,KCg-m,,VFB_jrmc2klu,R,,,Prelim Roughly traced,
129287,celltype_prediction_only,acetylcholine,dopamine,0.7313618771165941,dopamine,0.7466425378182228,KCg-m,KCg-m,KCg-m_R,Kenyon_Cell,,cb_intrinsic,14292,KCg-m,KCg-m,,VFB_jrmc2d8g,R,,,Prelim Roughly traced,
129321,celltype_prediction_only,acetylcholine,dopamine,0.7602943745632424,dopamine,0.7466425378182228,KCg-m,KCg-m,KCg-m_R,Kenyon_Cell,,cb_intrinsic,14292,KCg-m,KCg-m,,VFB_jrmc2d7k,R,,,Prelim Roughly traced,
129627,celltype_prediction_only,acetylcholine,dopamine,0.736033653010876,dopamine,0.7466425378182228,KCg-m,KCg-m,KCg-m_L,Kenyon_Cell,,cb_intrinsic,14292,KCg-m,KCg-m,,VFB_jrmc2kui,L,,,Prelim Roughly traced,
129866,celltype_prediction_only,acetylcholine,dopamine,0.732055617058144,dopamine,0.7466425378182228,KCg-m,KCg-m,KCg-m_L,Kenyon_Cell,,cb_intrinsic,14292,KCg-m,KCg-m,,VFB_jrmc2kdg,L,,,Prelim Roughly traced,
129903,celltype_prediction_only,acetylcholine,dopamine,0.7288976637443619,dopamine,0.7466425378182228,KCg-m,KCg-m,KCg-m_R,Kenyon_Cell,,cb_intrinsic,14292,KCg-m,KCg-m,,VFB_jrmc2klv,R,,,Prelim Roughly traced,
129965,celltype_prediction_only,acetylcholine,dopamine,0.7426943906896738,dopamine,0.7466425378182228,KCg-m,KCg-m,KCg-m_R,Kenyon_Cell,,cb_intrinsic,14292,KCg-m,KCg-m,,VFB_jrmc2klw,R,,,Prelim Roughly traced,
130317,celltype_prediction_only,acetylcholine,dopamine,0.7440484655984325,dopamine,0.7466425378182228,KCg-m,KCg-m,KCg-m_R,Kenyon_Cell,,cb_intrinsic,14292,KCg-m,KCg-m,,VFB_jrmc2k93,R,,,Prelim Roughly traced,
130324,celltype_prediction_only,acetylcholine,dopamine,0.7339457669371395,dopamine,0.7466425378182228,KCg-m,KCg-m,KCg-m_L,Kenyon_Cell,,cb_intrinsic,14292,KCg-m,KCg-m,,VFB_jrmc2ks0,L,,,Prelim Roughly traced,
130403,celltype_prediction_only,acetylcholine,dopamine,0.7602590348944865,dopamine,0.7466425378182228,KCg-m,KCg-m,KCg-m_R,Kenyon_Cell,,cb_intrinsic,14292,KCg-m,KCg-m,,VFB_jrmc2dac,R,,,Prelim Roughly traced,
130439,celltype_prediction_only,acetylcholine,dopamine,0.7403166632853182,dopamine,0.7466425378182228,KCg-m,KCg-m,KCg-m_L,Kenyon_Cell,,cb_intrinsic,14292,KCg-m,KCg-m,,VFB_jrmc2kdh,L,,,Prelim Roughly traced,
130556,celltype_prediction_only,acetylcholine,dopamine,0.72079639549951,dopamine,0.7466425378182228,KCg-m,KCg-m,KCg-m_L,Kenyon_Cell,,cb_intrinsic,14292,KCg-m,KCg-m,,VFB_jrmc2khh,L,,,Prelim Roughly traced,
130580,celltype_prediction_only,acetylcholine,dopamine,0.7605894870960745,dopamine,0.7466425378182228,KCg-m,KCg-m,KCg-m_L,Kenyon_Cell,,cb_intrinsic,14292,KCg-m,KCg-m,,VFB_jrmc2dch,L,,,Prelim Roughly traced,
130603,celltype_prediction_only,acetylcholine,dopamine,0.6776240604387176,dopamine,0.7466425378182228,KCg-m,KCg-m,KCg-m_R,Kenyon_Cell,,cb_intrinsic,14292,KCg-m,KCg-m,,VFB_jrmc2k94,R,,,Prelim Roughly traced,
130806,celltype_prediction_only,acetylcholine,dopamine,0.7398483827493262,dopamine,0.7466425378182228,KCg-m,KCg-m,KCg-m_R,Kenyon_Cell,,cb_intrinsic,14292,KCg-m,KCg-m,,VFB_jrmc2dea,R,,,Prelim Roughly traced,
130907,celltype_prediction_only,acetylcholine,dopamine,0.7685947972953022,dopamine,0.7466425378182228,KCg-m,KCg-m,KCg-m_R,Kenyon_Cell,,cb_intrinsic,14292,KCg-m,KCg-m,,VFB_jrmc2koz,R,,,Prelim Roughly traced,
130920,celltype_prediction_only,acetylcholine,dopamine,0.7368106275782782,dopamine,0.7466425378182228,KCg-m,KCg-m,KCg-m_L,Kenyon_Cell,,cb_intrinsic,14292,KCg-m,KCg-m,,VFB_jrmc2ksu,L,,,Prelim Roughly traced,
130972,celltype_prediction_only,acetylcholine,dopamine,0.7718975575328759,dopamine,0.7466425378182228,KCg-m,KCg-m,KCg-m_L,Kenyon_Cell,,cb_intrinsic,14292,KCg-m,KCg-m,,VFB_jrmc2d6h,L,,,Prelim Roughly traced,
131100,celltype_prediction_only,acetylcholine,dopamine,0.7048467519600241,dopamine,0.7466425378182228,KCg-m,KCg-m,KCg-m_R,Kenyon_Cell,,cb_intrinsic,14292,KCg-m,KCg-m,,VFB_jrmc2klx,R,,,Prelim Roughly traced,
131198,celltype_prediction_only,acetylcholine,dopamine,0.7443464302027335,dopamine,0.7466425378182228,KCg-m,KCg-m,KCg-m_L,Kenyon_Cell,,cb_intrinsic,14292,KCg-m,KCg-m,,VFB_jrmc2kuj,L,,,Prelim Roughly traced,
131268,celltype_prediction_only,acetylcholine,dopamine,0.7602425042032506,dopamine,0.7466425378182228,KCg-m,KCg-m,KCg-m_L,Kenyon_Cell,,cb_intrinsic,14292,KCg-m,KCg-m,,VFB_jrmc2def,L,,,Prelim Roughly traced,
131293,celltype_prediction_only,acetylcholine,dopamine,0.728337640505821,dopamine,0.7466425378182228,KCg-m,KCg-m,KCg-m_R,Kenyon_Cell,,cb_intrinsic,14292,KCg-m,KCg-m,,VFB_jrmc2k95,R,,,Prelim Roughly traced,
131332,celltype_prediction_only,acetylcholine,dopamine,0.746330180225874,dopamine,0.7466425378182228,KCg-m,KCg-m,KCg-m_L,Kenyon_Cell,,cb_intrinsic,14292,KCg-m,KCg-m,,VFB_jrmc2kq5,L,,,Roughly traced,
131373,celltype_prediction_only,acetylcholine,dopamine,0.7500243336328242,dopamine,0.7466425378182228,KCg-m,KCg-m,KCg-m_L,Kenyon_Cell,,cb_intrinsic,14292,KCg-m,KCg-m,,VFB_jrmc2kdi,L,,,Prelim Roughly traced,
131423,celltype_prediction_only,acetylcholine,dopamine,0.7631256031413265,dopamine,0.7466425378182228,KCg-m,KCg-m,KCg-m_L,Kenyon_Cell,,cb_intrinsic,14292,KCg-m,KCg-m,,VFB_jrmc2kdj,L,,,Prelim Roughly traced,
131597,celltype_prediction_only,acetylcholine,dopamine,0.7247933447350031,dopamine,0.7466425378182228,KCg-m,KCg-m,KCg-m_L,Kenyon_Cell,,cb_intrinsic,14292,KCg-m,KCg-m,,VFB_jrmc2deo,L,,,Prelim Roughly traced,
131620,celltype_prediction_only,acetylcholine,dopamine,0.7848090586804319,dopamine,0.7466425378182228,KCg-m,KCg-m,KCg-m_L,Kenyon_Cell,,cb_intrinsic,14292,KCg-m,KCg-m,,VFB_jrmc2khi,L,,,Prelim Roughly traced,
131946,celltype_prediction_only,acetylcholine,dopamine,0.6961358267088081,dopamine,0.7466425378182228,KCg-m,KCg-m,KCg-m_R,Kenyon_Cell,,cb_intrinsic,14292,KCg-m,KCg-m,,VFB_jrmc2dbp,R,,,Prelim Roughly traced,
131954,celltype_prediction_only,acetylcholine,dopamine,0.7779975004031607,dopamine,0.7466425378182228,KCg-m,KCg-m,KCg-m_L,Kenyon_Cell,,cb_intrinsic,14292,KCg-m,KCg-m,,VFB_jrmc2ddy,L,,,Prelim Roughly traced,
132051,celltype_prediction_only,acetylcholine,dopamine,0.7860699761127238,dopamine,0.7466425378182228,KCg-m,KCg-m,KCg-m_L,Kenyon_Cell,,cb_intrinsic,14292,KCg-m,KCg-m,,VFB_jrmc2kdk,L,,,Prelim Roughly traced,
132230,celltype_prediction_only,acetylcholine,dopamine,0.7789940899812424,dopamine,0.7466425378182228,KCg-m,KCg-m,KCg-m_R,Kenyon_Cell,,cb_intrinsic,14292,KCg-m,KCg-m,,VFB_jrmc2kr9,R,,,Prelim Roughly traced,
132312,celltype_prediction_only,acetylcholine,dopamine,0.7932551036189298,dopamine,0.7466425378182228,KCg-m,KCg-m,KCg-m_R,Kenyon_Cell,,cb_intrinsic,14292,KCg-m,KCg-m,,VFB_jrmc2k96,R,,,Prelim Roughly traced,
132467,celltype_prediction_only,acetylcholine,dopamine,0.7574135627464398,dopamine,0.7466425378182228,KCg-m,KCg-m,KCg-m_L,Kenyon_Cell,,cb_intrinsic,14292,KCg-m,KCg-m,,VFB_jrmc2d7w,L,,,Prelim Roughly traced,
132598,celltype_prediction_only,acetylcholine,dopamine,0.7803430357416782,dopamine,0.7466425378182228,KCg-m,KCg-m,KCg-m_L,Kenyon_Cell,,cb_intrinsic,14292,KCg-m,KCg-m,,VFB_jrmc2kq6,L,,,Prelim Roughly traced,
132747,celltype_prediction_only,acetylcholine,dopamine,0.763187009751961,dopamine,0.7466425378182228,KCg-m,KCg-m,KCg-m_L,Kenyon_Cell,,cb_intrinsic,14292,KCg-m,KCg-m,,VFB_jrmc2kq7,L,,,Prelim Roughly traced,
132978,celltype_prediction_only,acetylcholine,dopamine,0.7904782562648679,dopamine,0.7466425378182228,KCg-m,KCg-m,KCg-m_L,Kenyon_Cell,,cb_intrinsic,14292,KCg-m,KCg-m,,VFB_jrmc2kdl,L,,,Prelim Roughly traced,
133053,celltype_prediction_only,acetylcholine,dopamine,0.7236615266736902,dopamine,0.7466425378182228,KCg-m,KCg-m,KCg-m_R,Kenyon_Cell,,cb_intrinsic,14292,KCg-m,KCg-m,,VFB_jrmc2dft,R,,,Prelim Roughly traced,
133066,celltype_prediction_only,acetylcholine,dopamine,0.7779491211094984,dopamine,0.7466425378182228,KCg-m,KCg-m,KCg-m_L,Kenyon_Cell,,cb_intrinsic,14292,KCg-m,KCg-m,,VFB_jrmc2kva,L,,,Prelim Roughly traced,
133214,celltype_prediction_only,acetylcholine,dopamine,0.7177873723540947,dopamine,0.7466425378182228,KCg-m,KCg-m,KCg-m_R,Kenyon_Cell,,cb_intrinsic,14292,KCg-m,KCg-m,,VFB_jrmc2kw4,R,,,Roughly traced,
133249,celltype_prediction_only,acetylcholine,dopamine,0.7492045266468056,dopamine,0.7466425378182228,KCg-m,KCg-m,KCg-m_L,Kenyon_Cell,,cb_intrinsic,14292,KCg-m,KCg-m,,VFB_jrmc2kdm,L,,,Prelim Roughly traced,
133316,celltype_prediction_only,acetylcholine,dopamine,0.7257703570596652,dopamine,0.7466425378182228,KCg-m,KCg-m,KCg-m_L,Kenyon_Cell,,cb_intrinsic,14292,KCg-m,KCg-m,,VFB_jrmc2khj,L,,,Prelim Roughly traced,
133435,celltype_prediction_only,acetylcholine,dopamine,0.7606441352999394,dopamine,0.7466425378182228,KCg-m,KCg-m,KCg-m_L,Kenyon_Cell,,cb_intrinsic,14292,KCg-m,KCg-m,,VFB_jrmc2kvb,L,,,Prelim Roughly traced,
133479,celltype_prediction_only,acetylcholine,dopamine,0.7833064616423268,dopamine,0.7466425378182228,KCg-m,KCg-m,KCg-m_L,Kenyon_Cell,,cb_intrinsic,14292,KCg-m,KCg-m,,VFB_jrmc2kq8,L,,,Prelim Roughly traced,
133500,celltype_prediction_only,acetylcholine,dopamine,0.7269059425899048,dopamine,0.7466425378182228,KCg-m,KCg-m,KCg-m_L,Kenyon_Cell,,cb_intrinsic,14292,KCg-m,KCg-m,,VFB_jrmc2dbv,L,,,Prelim Roughly traced,
133550,celltype_prediction_only,acetylcholine,dopamine,0.7788432841253203,dopamine,0.7466425378182228,KCg-m,KCg-m,KCg-m_L,Kenyon_Cell,,cb_intrinsic,14292,KCg-m,KCg-m,,VFB_jrmc2kq9,L,,,Prelim Roughly traced,
133564,celltype_prediction_only,acetylcholine,dopamine,0.7155722647736471,dopamine,0.7466425378182228,KCg-m,KCg-m,KCg-m_L,Kenyon_Cell,,cb_intrinsic,14292,KCg-m,KCg-m,,VFB_jrmc2kdn,L,,,Prelim Roughly traced,
133607,celltype_prediction_only,acetylcholine,dopamine,0.7490331306447287,dopamine,0.7466425378182228,KCg-m,KCg-m,KCg-m_L,Kenyon_Cell,,cb_intrinsic,14292,KCg-m,KCg-m,,VFB_jrmc2ksv,L,,,Prelim Roughly traced,
133630,celltype_prediction_only,acetylcholine,dopamine,0.7774259570029027,dopamine,0.7466425378182228,KCg-m,KCg-m,KCg-m_L,Kenyon_Cell,,cb_intrinsic,14292,KCg-m,KCg-m,,VFB_jrmc2dbw,L,,,Prelim Roughly traced,
133642,celltype_prediction_only,acetylcholine,dopamine,0.7557456652818649,dopamine,0.7466425378182228,KCg-m,KCg-m,KCg-m_R,Kenyon_Cell,,cb_intrinsic,14292,KCg-m,KCg-m,,VFB_jrmc2d73,R,,,Prelim Roughly traced,
133671,celltype_prediction_only,acetylcholine,dopamine,0.716776359116204,dopamine,0.7466425378182228,KCg-m,KCg-m,KCg-m_R,Kenyon_Cell,,cb_intrinsic,14292,KCg-m,KCg-m,,VFB_jrmc2k97,R,,,Prelim Roughly traced,
133806,celltype_prediction_only,acetylcholine,dopamine,0.7375780021619497,dopamine,0.7466425378182228,KCg-m,KCg-m,KCg-m_R,Kenyon_Cell,,cb_intrinsic,14292,KCg-m,KCg-m,,VFB_jrmc2dax,R,,,Prelim Roughly traced,
134059,celltype_prediction_only,acetylcholine,dopamine,0.7495072505886912,dopamine,0.7466425378182228,KCg-m,KCg-m,KCg-m_L,Kenyon_Cell,,cb_intrinsic,14292,KCg-m,KCg-m,,VFB_jrmc2kqa,L,,,Prelim Roughly traced,
134161,celltype_prediction_only,acetylcholine,dopamine,0.7538571147798743,dopamine,0.7466425378182228,KCg-m,KCg-m,KCg-m_L,Kenyon_Cell,,cb_intrinsic,14292,KCg-m,KCg-m,,VFB_jrmc2khk,L,,,Prelim Roughly traced,
134216,celltype_prediction_only,acetylcholine,dopamine,0.7014696777136898,dopamine,0.7466425378182228,KCg-m,KCg-m,KCg-m_R,Kenyon_Cell,,cb_intrinsic,14292,KCg-m,KCg-m,,VFB_jrmc2der,R,,,Prelim Roughly traced,
134256,celltype_prediction_only,acetylcholine,dopamine,0.7735878102054093,dopamine,0.7466425378182228,KCg-m,KCg-m,KCg-m_L,Kenyon_Cell,,cb_intrinsic,14292,KCg-m,KCg-m,,VFB_jrmc2khl,L,,,Prelim Roughly traced,
134359,celltype_prediction_only,acetylcholine,dopamine,0.719295833740672,dopamine,0.7466425378182228,KCg-m,KCg-m,KCg-m_R,Kenyon_Cell,,cb_intrinsic,14292,KCg-m,KCg-m,,VFB_jrmc2k98,R,,,Prelim Roughly traced,
134430,celltype_prediction_only,acetylcholine,dopamine,0.7400539690634029,dopamine,0.7466425378182228,KCg-m,KCg-m,KCg-m_L,Kenyon_Cell,,cb_intrinsic,14292,KCg-m,KCg-m,,VFB_jrmc2kuk,L,,,Prelim Roughly traced,
134660,celltype_prediction_only,acetylcholine,dopamine,0.7734302026900803,dopamine,0.7466425378182228,KCg-m,KCg-m,KCg-m_R,Kenyon_Cell,,cb_intrinsic,14292,KCg-m,KCg-m,,VFB_jrmc2d6q,R,,,Prelim Roughly traced,
134742,celltype_prediction_only,acetylcholine,dopamine,0.7152122641509434,dopamine,0.7466425378182228,KCg-m,KCg-m,KCg-m_L,Kenyon_Cell,,cb_intrinsic,14292,KCg-m,KCg-m,,VFB_jrmc2ksw,L,,,Prelim Roughly traced,
134865,celltype_prediction_only,acetylcholine,dopamine,0.786767703237829,dopamine,0.7466425378182228,KCg-m,KCg-m,KCg-m_L,Kenyon_Cell,,cb_intrinsic,14292,KCg-m,KCg-m,,VFB_jrmc2ks1,L,,,Prelim Roughly traced,
134883,celltype_prediction_only,acetylcholine,dopamine,0.7255541010328312,dopamine,0.7466425378182228,KCg-m,KCg-m,KCg-m_R,Kenyon_Cell,,cb_intrinsic,14292,KCg-m,KCg-m,,VFB_jrmc2kw5,R,,,Prelim Roughly traced,
134965,celltype_prediction_only,acetylcholine,dopamine,0.7254048491767816,dopamine,0.7466425378182228,KCg-m,KCg-m,KCg-m_L,Kenyon_Cell,,cb_intrinsic,14292,KCg-m,KCg-m,,VFB_jrmc2ksx,L,,,Prelim Roughly traced,
135158,celltype_prediction_only,acetylcholine,dopamine,0.7435141509433962,dopamine,0.7466425378182228,KCg-m,KCg-m,KCg-m_L,Kenyon_Cell,,cb_intrinsic,14292,KCg-m,KCg-m,,VFB_jrmc2kdo,L,,,Prelim Roughly traced,
135238,celltype_prediction_only,acetylcholine,dopamine,0.761442270855282,dopamine,0.7466425378182228,KCg-m,KCg-m,KCg-m_R,Kenyon_Cell,,cb_intrinsic,14292,KCg-m,KCg-m,,VFB_jrmc2k99,R,,,Prelim Roughly traced,
135362,celltype_prediction_only,acetylcholine,dopamine,0.7407955017080101,dopamine,0.7466425378182228,KCg-m,KCg-m,KCg-m_R,Kenyon_Cell,,cb_intrinsic,14292,KCg-m,KCg-m,,VFB_jrmc2dem,R,,,Prelim Roughly traced,
135363,celltype_prediction_only,acetylcholine,dopamine,0.7512735046848927,dopamine,0.7466425378182228,KCg-m,KCg-m,KCg-m_L,Kenyon_Cell,,cb_intrinsic,14292,KCg-m,KCg-m,,VFB_jrmc2dak,L,,,Prelim Roughly traced,
135480,celltype_prediction_only,acetylcholine,dopamine,0.7241861670355925,dopamine,0.7466425378182228,KCg-m,KCg-m,KCg-m_L,Kenyon_Cell,,cb_intrinsic,14292,KCg-m,KCg-m,,VFB_jrmc2ksy,L,,,Prelim Roughly traced,
135506,celltype_prediction_only,acetylcholine,dopamine,0.7559075821104123,dopamine,0.7466425378182228,KCg-m,KCg-m,KCg-m_L,Kenyon_Cell,,cb_intrinsic,14292,KCg-m,KCg-m,,VFB_jrmc2kdp,L,,,Prelim Roughly traced,
135739,celltype_prediction_only,acetylcholine,dopamine,0.7348069105691056,dopamine,0.7466425378182228,KCg-m,KCg-m,KCg-m_R,Kenyon_Cell,,cb_intrinsic,14292,KCg-m,KCg-m,,VFB_jrmc2dd4,R,,,Prelim Roughly traced,
135773,celltype_prediction_only,acetylcholine,dopamine,0.7616411058419937,dopamine,0.7466425378182228,KCg-m,KCg-m,KCg-m_L,Kenyon_Cell,,cb_intrinsic,14292,KCg-m,KCg-m,,VFB_jrmc2dc7,L,,,Prelim Roughly traced,
135783,celltype_prediction_only,acetylcholine,dopamine,0.7526181073570279,dopamine,0.7466425378182228,KCg-m,KCg-m,KCg-m_L,Kenyon_Cell,,cb_intrinsic,14292,KCg-m,KCg-m,,VFB_jrmc2khm,L,,,Prelim Roughly traced,
135825,celltype_prediction_only,acetylcholine,dopamine,0.7506952633647799,dopamine,0.7466425378182228,KCg-m,KCg-m,KCg-m_L,Kenyon_Cell,,cb_intrinsic,14292,KCg-m,KCg-m,,VFB_jrmc2kvc,L,,,Prelim Roughly traced,
135847,celltype_prediction_only,acetylcholine,dopamine,0.7618447978888152,dopamine,0.7466425378182228,KCg-m,KCg-m,KCg-m_L,Kenyon_Cell,,cb_intrinsic,14292,KCg-m,KCg-m,,VFB_jrmc2kul,L,,,Prelim Roughly traced,
135883,celltype_prediction_only,acetylcholine,dopamine,0.7467972289849192,dopamine,0.7466425378182228,KCg-m,KCg-m,KCg-m_L,Kenyon_Cell,,cb_intrinsic,14292,KCg-m,KCg-m,,VFB_jrmc2khn,L,,,Prelim Roughly traced,
136101,celltype_prediction_only,acetylcholine,dopamine,0.762959603289792,dopamine,0.7466425378182228,KCg-m,KCg-m,KCg-m_L,Kenyon_Cell,,cb_intrinsic,14292,KCg-m,KCg-m,,VFB_jrmc2d6i,L,,,Prelim Roughly traced,
136127,celltype_prediction_only,acetylcholine,dopamine,0.7911185359888191,dopamine,0.7466425378182228,KCg-m,KCg-m,KCg-m_L,Kenyon_Cell,,cb_intrinsic,14292,KCg-m,KCg-m,,VFB_jrmc2kho,L,,,Prelim Roughly traced,
136208,celltype_prediction_only,acetylcholine,dopamine,0.8120104026280324,dopamine,0.7466425378182228,KCg-m,KCg-m,KCg-m_R,Kenyon_Cell,,cb_intrinsic,14292,KCg-m,KCg-m,,VFB_jrmc2kw6,R,,,Prelim Roughly traced,
136240,celltype_prediction_only,acetylcholine,dopamine,0.7275491457303332,dopamine,0.7466425378182228,KCg-m,KCg-m,KCg-m_R,Kenyon_Cell,,cb_intrinsic,14292,KCg-m,KCg-m,,VFB_jrmc2k9a,R,,,Prelim Roughly traced,
136310,celltype_prediction_only,acetylcholine,dopamine,0.7490497147117942,dopamine,0.7466425378182228,KCg-m,KCg-m,KCg-m_R,Kenyon_Cell,,cb_intrinsic,14292,KCg-m,KCg-m,,VFB_jrmc2dcp,R,,,Prelim Roughly traced,
136459,celltype_prediction_only,acetylcholine,dopamine,0.6993699772886094,dopamine,0.7466425378182228,KCg-m,KCg-m,KCg-m_R,Kenyon_Cell,,cb_intrinsic,14292,KCg-m,KCg-m,,VFB_jrmc2k9b,R,,,Prelim Roughly traced,
136525,celltype_prediction_only,acetylcholine,dopamine,0.7682551248961671,dopamine,0.7466425378182228,KCg-m,KCg-m,KCg-m_L,Kenyon_Cell,,cb_intrinsic,14292,KCg-m,KCg-m,,VFB_jrmc2kto,L,,,Prelim Roughly traced,
136531,celltype_prediction_only,acetylcholine,dopamine,0.6985053918612332,dopamine,0.7466425378182228,KCg-m,KCg-m,KCg-m_R,Kenyon_Cell,,cb_intrinsic,14292,KCg-m,KCg-m,,VFB_jrmc2dev,R,,,Prelim Roughly traced,
136570,celltype_prediction_only,acetylcholine,dopamine,0.7961805555555556,dopamine,0.7466425378182228,KCg-m,KCg-m,KCg-m_R,Kenyon_Cell,,cb_intrinsic,14292,KCg-m,KCg-m,,VFB_jrmc2kp0,R,,,Prelim Roughly traced,
136581,celltype_prediction_only,acetylcholine,dopamine,0.7330132524707996,dopamine,0.7466425378182228,KCg-m,KCg-m,KCg-m_L,Kenyon_Cell,,cb_intrinsic,14292,KCg-m,KCg-m,,VFB_jrmc2ktp,L,,,Prelim Roughly traced,
136705,celltype_prediction_only,acetylcholine,dopamine,0.76883595703569,dopamine,0.7466425378182228,KCg-m,KCg-m,KCg-m_L,Kenyon_Cell,,cb_intrinsic,14292,KCg-m,KCg-m,,VFB_jrmc2ddn,L,,,Prelim Roughly traced,
136896,celltype_prediction_only,acetylcholine,dopamine,0.6997221451473671,dopamine,0.7466425378182228,KCg-m,KCg-m,KCg-m_L,Kenyon_Cell,,cb_intrinsic,14292,KCg-m,KCg-m,,VFB_jrmc2khp,L,,,Prelim Roughly traced,
136943,celltype_prediction_only,acetylcholine,dopamine,0.7562544380198822,dopamine,0.7466425378182228,KCg-m,KCg-m,KCg-m_L,Kenyon_Cell,,cb_intrinsic,14292,KCg-m,KCg-m,,VFB_jrmc2d7x,L,,,Prelim Roughly traced,
136988,celltype_prediction_only,acetylcholine,dopamine,0.6560130278526505,dopamine,0.7466425378182228,KCg-m,KCg-m,KCg-m_L,Kenyon_Cell,,cb_intrinsic,14292,KCg-m,KCg-m,,VFB_jrmc2ksz,L,,,Prelim Roughly traced,
137061,celltype_prediction_only,acetylcholine,dopamine,0.7404937956824749,dopamine,0.7466425378182228,KCg-m,KCg-m,KCg-m_L,Kenyon_Cell,,cb_intrinsic,14292,KCg-m,KCg-m,,VFB_jrmc2kqb,L,,,Prelim Roughly traced,
137072,celltype_prediction_only,acetylcholine,dopamine,0.7949731074551312,dopamine,0.7466425378182228,KCg-m,KCg-m,KCg-m_L,Kenyon_Cell,,cb_intrinsic,14292,KCg-m,KCg-m,,VFB_jrmc2ks2,L,,,Prelim Roughly traced,
137174,celltype_prediction_only,acetylcholine,dopamine,0.7711948105306407,dopamine,0.7466425378182228,KCg-m,KCg-m,KCg-m_L,Kenyon_Cell,,cb_intrinsic,14292,KCg-m,KCg-m,,VFB_jrmc2db5,L,,,Prelim Roughly traced,
137438,celltype_prediction_only,acetylcholine,dopamine,0.7593400733084966,dopamine,0.7466425378182228,KCg-m,KCg-m,KCg-m_L,Kenyon_Cell,,cb_intrinsic,14292,KCg-m,KCg-m,,VFB_jrmc2kt0,L,,,Prelim Roughly traced,
137484,celltype_prediction_only,acetylcholine,dopamine,0.7803893186086024,dopamine,0.7466425378182228,KCg-m,KCg-m,KCg-m_L,Kenyon_Cell,,cb_intrinsic,14292,KCg-m,KCg-m,,VFB_jrmc2khq,L,,,Prelim Roughly traced,
137546,celltype_prediction_only,acetylcholine,dopamine,0.7840766553600453,dopamine,0.7466425378182228,KCg-m,KCg-m,KCg-m_L,Kenyon_Cell,,cb_intrinsic,14292,KCg-m,KCg-m,,VFB_jrmc2kdq,L,,,Prelim Roughly traced,
137789,celltype_prediction_only,acetylcholine,dopamine,0.7570122567950274,dopamine,0.7466425378182228,KCg-m,KCg-m,KCg-m_L,Kenyon_Cell,,cb_intrinsic,14292,KCg-m,KCg-m,,VFB_jrmc2kdr,L,,,Prelim Roughly traced,
137890,celltype_prediction_only,acetylcholine,dopamine,0.7949473057963624,dopamine,0.7466425378182228,KCg-m,KCg-m,KCg-m_L,Kenyon_Cell,,cb_intrinsic,14292,KCg-m,KCg-m,,VFB_jrmc2kds,L,,,Prelim Roughly traced,
138053,celltype_prediction_only,acetylcholine,dopamine,0.6948375262054508,dopamine,0.7466425378182228,KCg-m,KCg-m,KCg-m_L,Kenyon_Cell,,cb_intrinsic,14292,KCg-m,KCg-m,,VFB_jrmc2kdt,L,,,Prelim Roughly traced,
138335,celltype_prediction_only,acetylcholine,dopamine,0.7269013342058386,dopamine,0.7466425378182228,KCg-m,KCg-m,KCg-m_R,Kenyon_Cell,,cb_intrinsic,14292,KCg-m,KCg-m,,VFB_jrmc2k9c,R,,,Prelim Roughly traced,
138352,celltype_prediction_only,acetylcholine,dopamine,0.7699848308536281,dopamine,0.7466425378182228,KCg-m,KCg-m,KCg-m_R,Kenyon_Cell,,cb_intrinsic,14292,KCg-m,KCg-m,,VFB_jrmc2kra,R,,,Prelim Roughly traced,
138353,celltype_prediction_only,acetylcholine,dopamine,0.7951019630264913,dopamine,0.7466425378182228,KCg-m,KCg-m,KCg-m_R,Kenyon_Cell,,cb_intrinsic,14292,KCg-m,KCg-m,,VFB_jrmc2kly,R,,,Prelim Roughly traced,
138378,celltype_prediction_only,acetylcholine,dopamine,0.7650619922693921,dopamine,0.7466425378182228,KCg-m,KCg-m,KCg-m_L,Kenyon_Cell,,cb_intrinsic,14292,KCg-m,KCg-m,,VFB_jrmc2kt1,L,,,Prelim Roughly traced,
138408,celltype_prediction_only,acetylcholine,dopamine,0.7372595264520903,dopamine,0.7466425378182228,KCg-m,KCg-m,KCg-m_R,Kenyon_Cell,,cb_intrinsic,14292,KCg-m,KCg-m,,VFB_jrmc2d7l,R,,,Prelim Roughly traced,
138439,celltype_prediction_only,acetylcholine,dopamine,0.7559320405310972,dopamine,0.7466425378182228,KCg-m,KCg-m,KCg-m_L,Kenyon_Cell,,cb_intrinsic,14292,KCg-m,KCg-m,,VFB_jrmc2d9d,L,,,Prelim Roughly traced,
138447,celltype_prediction_only,acetylcholine,dopamine,0.7137239997726756,dopamine,0.7466425378182228,KCg-m,KCg-m,KCg-m_L,Kenyon_Cell,,cb_intrinsic,14292,KCg-m,KCg-m,,VFB_jrmc2khr,L,,,Prelim Roughly traced,
138451,celltype_prediction_only,acetylcholine,dopamine,0.7580663653039833,dopamine,0.7466425378182228,KCg-m,KCg-m,KCg-m_L,Kenyon_Cell,,cb_intrinsic,14292,KCg-m,KCg-m,,VFB_jrmc2ks3,L,,,Prelim Roughly traced,
138564,celltype_prediction_only,acetylcholine,dopamine,0.752397978231527,dopamine,0.7466425378182228,KCg-m,KCg-m,KCg-m_L,Kenyon_Cell,,cb_intrinsic,14292,KCg-m,KCg-m,,VFB_jrmc2ktq,L,,,Prelim Roughly traced,
138573,celltype_prediction_only,acetylcholine,dopamine,0.7216998075254825,dopamine,0.7466425378182228,KCg-m,KCg-m,KCg-m_R,Kenyon_Cell,,cb_intrinsic,14292,KCg-m,KCg-m,,VFB_jrmc2d74,R,,,Prelim Roughly traced,
138634,celltype_prediction_only,acetylcholine,dopamine,0.7381832049506665,dopamine,0.7466425378182228,KCg-m,KCg-m,KCg-m_L,Kenyon_Cell,,cb_intrinsic,14292,KCg-m,KCg-m,,VFB_jrmc2kvd,L,,,Prelim Roughly traced,
138810,celltype_prediction_only,acetylcholine,dopamine,0.6905658382019603,dopamine,0.7466425378182228,KCg-m,KCg-m,KCg-m_L,Kenyon_Cell,,cb_intrinsic,14292,KCg-m,KCg-m,,VFB_jrmc2dc2,L,,,Roughly traced,
138935,celltype_prediction_only,acetylcholine,dopamine,0.7249476520924045,dopamine,0.7466425378182228,KCg-m,KCg-m,KCg-m_L,Kenyon_Cell,,cb_intrinsic,14292,KCg-m,KCg-m,,VFB_jrmc2ded,L,,,Prelim Roughly traced,
138968,celltype_prediction_only,acetylcholine,dopamine,0.799054514933309,dopamine,0.7466425378182228,KCg-m,KCg-m,KCg-m_L,Kenyon_Cell,,cb_intrinsic,14292,KCg-m,KCg-m,,VFB_jrmc2khs,L,,,Prelim Roughly traced,
139008,celltype_prediction_only,acetylcholine,dopamine,0.7221169105977783,dopamine,0.7466425378182228,KCg-m,KCg-m,KCg-m_R,Kenyon_Cell,,cb_intrinsic,14292,KCg-m,KCg-m,,VFB_jrmc2kmf,R,,,Prelim Roughly traced,
139039,celltype_prediction_only,acetylcholine,dopamine,0.7916850621185364,dopamine,0.7466425378182228,KCg-m,KCg-m,KCg-m_L,Kenyon_Cell,,cb_intrinsic,14292,KCg-m,KCg-m,,VFB_jrmc2ks4,L,,,Prelim Roughly traced,
139053,celltype_prediction_only,acetylcholine,dopamine,0.6321232495917162,dopamine,0.7466425378182228,KCg-m,KCg-m,KCg-m_R,Kenyon_Cell,,cb_intrinsic,14292,KCg-m,KCg-m,,VFB_jrmc2k9d,R,,,Prelim Roughly traced,
139093,celltype_prediction_only,acetylcholine,dopamine,0.7354789845068261,dopamine,0.7466425378182228,KCg-m,KCg-m,KCg-m_L,Kenyon_Cell,,cb_intrinsic,14292,KCg-m,KCg-m,,VFB_jrmc2kht,L,,,Prelim Roughly traced,
139182,celltype_prediction_only,acetylcholine,dopamine,0.7476635926789627,dopamine,0.7466425378182228,KCg-m,KCg-m,KCg-m_R,Kenyon_Cell,,cb_intrinsic,14292,KCg-m,KCg-m,,VFB_jrmc2k9e,R,,,Prelim Roughly traced,
139508,celltype_prediction_only,acetylcholine,dopamine,0.8024557265806025,dopamine,0.7466425378182228,KCg-m,KCg-m,KCg-m_L,Kenyon_Cell,,cb_intrinsic,14292,KCg-m,KCg-m,,VFB_jrmc2ks5,L,,,Prelim Roughly traced,
139510,celltype_prediction_only,acetylcholine,dopamine,0.7178294666923373,dopamine,0.7466425378182228,KCg-m,KCg-m,KCg-m_R,Kenyon_Cell,,cb_intrinsic,14292,KCg-m,KCg-m,,VFB_jrmc2k9f,R,,,Prelim Roughly traced,
139589,celltype_prediction_only,acetylcholine,dopamine,0.7893098631468135,dopamine,0.7466425378182228,KCg-m,KCg-m,KCg-m_L,Kenyon_Cell,,cb_intrinsic,14292,KCg-m,KCg-m,,VFB_jrmc2kqc,L,,,Prelim Roughly traced,
139642,celltype_prediction_only,acetylcholine,dopamine,0.6896080313908832,dopamine,0.7466425378182228,KCg-m,KCg-m,KCg-m_R,Kenyon_Cell,,cb_intrinsic,14292,KCg-m,KCg-m,,VFB_jrmc2klz,R,,,Prelim Roughly traced,
139685,celltype_prediction_only,acetylcholine,dopamine,0.7495292845911949,dopamine,0.7466425378182228,KCg-m,KCg-m,KCg-m_L,Kenyon_Cell,,cb_intrinsic,14292,KCg-m,KCg-m,,VFB_jrmc2dal,L,,,Prelim Roughly traced,
139742,celltype_prediction_only,acetylcholine,dopamine,0.7432559501788137,dopamine,0.7466425378182228,KCg-m,KCg-m,KCg-m_R,Kenyon_Cell,,cb_intrinsic,14292,KCg-m,KCg-m,,VFB_jrmc2den,R,,,Prelim Roughly traced,
139943,celltype_prediction_only,acetylcholine,dopamine,0.7541999274310596,dopamine,0.7466425378182228,KCg-m,KCg-m,KCg-m_L,Kenyon_Cell,,cb_intrinsic,14292,KCg-m,KCg-m,,VFB_jrmc2ktr,L,,,Prelim Roughly traced,
139952,celltype_prediction_only,acetylcholine,dopamine,0.7267455421936554,dopamine,0.7466425378182228,KCg-m,KCg-m,KCg-m_R,Kenyon_Cell,,cb_intrinsic,14292,KCg-m,KCg-m,,VFB_jrmc2k9g,R,,,Prelim Roughly traced,
139970,celltype_prediction_only,acetylcholine,dopamine,0.7731624894395944,dopamine,0.7466425378182228,KCg-m,KCg-m,KCg-m_L,Kenyon_Cell,,cb_intrinsic,14292,KCg-m,KCg-m,,VFB_jrmc2d6j,L,,,Prelim Roughly traced,
139988,celltype_prediction_only,acetylcholine,dopamine,0.7658711187602697,dopamine,0.7466425378182228,KCg-m,KCg-m,KCg-m_L,Kenyon_Cell,,cb_intrinsic,14292,KCg-m,KCg-m,,VFB_jrmc2kdu,L,,,Prelim Roughly traced,
140180,celltype_prediction_only,acetylcholine,dopamine,0.7225047947335683,dopamine,0.7466425378182228,KCg-m,KCg-m,KCg-m_L,Kenyon_Cell,,cb_intrinsic,14292,KCg-m,KCg-m,,VFB_jrmc2kun,L,,,Prelim Roughly traced,
140182,celltype_prediction_only,acetylcholine,dopamine,0.7145666324502231,dopamine,0.7466425378182228,KCg-m,KCg-m,KCg-m_R,Kenyon_Cell,,cb_intrinsic,14292,KCg-m,KCg-m,,VFB_jrmc2d5g,R,,,Prelim Roughly traced,
140365,celltype_prediction_only,acetylcholine,dopamine,0.7923467605071378,dopamine,0.7466425378182228,KCg-m,KCg-m,KCg-m_L,Kenyon_Cell,,cb_intrinsic,14292,KCg-m,KCg-m,,VFB_jrmc2khu,L,,,Prelim Roughly traced,
140461,celltype_prediction_only,acetylcholine,dopamine,0.8132682961692396,dopamine,0.7466425378182228,KCg-m,KCg-m,KCg-m_L,Kenyon_Cell,,cb_intrinsic,14292,KCg-m,KCg-m,,VFB_jrmc2khv,L,,,Prelim Roughly traced,
140589,celltype_prediction_only,acetylcholine,dopamine,0.7345833333333334,dopamine,0.7466425378182228,KCg-m,KCg-m,KCg-m_R,Kenyon_Cell,,cb_intrinsic,14292,KCg-m,KCg-m,,VFB_jrmc2krb,R,,,Prelim Roughly traced,
140636,celltype_prediction_only,acetylcholine,dopamine,0.7362671526586622,dopamine,0.7466425378182228,KCg-m,KCg-m,KCg-m_R,Kenyon_Cell,,cb_intrinsic,14292,KCg-m,KCg-m,,VFB_jrmc2df0,R,,,Prelim Roughly traced,
140661,celltype_prediction_only,acetylcholine,dopamine,0.707322251370531,dopamine,0.7466425378182228,KCg-m,KCg-m,KCg-m_L,Kenyon_Cell,,cb_intrinsic,14292,KCg-m,KCg-m,,VFB_jrmc2kdv,L,,,Prelim Roughly traced,
140726,celltype_prediction_only,acetylcholine,dopamine,0.7584353528192823,dopamine,0.7466425378182228,KCg-m,KCg-m,KCg-m_L,Kenyon_Cell,,cb_intrinsic,14292,KCg-m,KCg-m,,VFB_jrmc2dbx,L,,,Prelim Roughly traced,
140737,celltype_prediction_only,acetylcholine,dopamine,0.7956609820996613,dopamine,0.7466425378182228,KCg-m,KCg-m,KCg-m_L,Kenyon_Cell,,cb_intrinsic,14292,KCg-m,KCg-m,,VFB_jrmc2khw,L,,,Prelim Roughly traced,
140795,celltype_prediction_only,acetylcholine,dopamine,0.7339615450989415,dopamine,0.7466425378182228,KCg-m,KCg-m,KCg-m_L,Kenyon_Cell,,cb_intrinsic,14292,KCg-m,KCg-m,,VFB_jrmc2kqd,L,,,Prelim Roughly traced,
140867,celltype_prediction_only,acetylcholine,dopamine,0.7355813360530341,dopamine,0.7466425378182228,KCg-m,KCg-m,KCg-m_L,Kenyon_Cell,,cb_intrinsic,14292,KCg-m,KCg-m,,VFB_jrmc2dfe,L,,,Prelim Roughly traced,
140883,celltype_prediction_only,acetylcholine,dopamine,0.7595171913104865,dopamine,0.7466425378182228,KCg-m,KCg-m,KCg-m_L,Kenyon_Cell,,cb_intrinsic,14292,KCg-m,KCg-m,,VFB_jrmc2kts,L,,,Prelim Roughly traced,
140943,celltype_prediction_only,acetylcholine,dopamine,0.7556647239356555,dopamine,0.7466425378182228,KCg-m,KCg-m,KCg-m_L,Kenyon_Cell,,cb_intrinsic,14292,KCg-m,KCg-m,,VFB_jrmc2kdw,L,,,Prelim Roughly traced,
140995,celltype_prediction_only,acetylcholine,dopamine,0.7647858424709407,dopamine,0.7466425378182228,KCg-m,KCg-m,KCg-m_L,Kenyon_Cell,,cb_intrinsic,14292,KCg-m,KCg-m,,VFB_jrmc2dci,L,,,Prelim Roughly traced,
141046,celltype_prediction_only,acetylcholine,dopamine,0.7805895853825747,dopamine,0.7466425378182228,KCg-m,KCg-m,KCg-m_L,Kenyon_Cell,,cb_intrinsic,14292,KCg-m,KCg-m,,VFB_jrmc2kdx,L,,,Prelim Roughly traced,
141249,celltype_prediction_only,acetylcholine,dopamine,0.7147627498598916,dopamine,0.7466425378182228,KCg-m,KCg-m,KCg-m_L,Kenyon_Cell,,cb_intrinsic,14292,KCg-m,KCg-m,,VFB_jrmc2ktt,L,,,Prelim Roughly traced,
141299,celltype_prediction_only,acetylcholine,dopamine,0.7795986712294981,dopamine,0.7466425378182228,KCg-m,KCg-m,KCg-m_L,Kenyon_Cell,,cb_intrinsic,14292,KCg-m,KCg-m,,VFB_jrmc2deg,L,,,Prelim Roughly traced,
141343,celltype_prediction_only,acetylcholine,dopamine,0.7781214723431704,dopamine,0.7466425378182228,KCg-m,KCg-m,KCg-m_L,Kenyon_Cell,,cb_intrinsic,14292,KCg-m,KCg-m,,VFB_jrmc2ks6,L,,,Prelim Roughly traced,
141602,celltype_prediction_only,acetylcholine,dopamine,0.7381467527449099,dopamine,0.7466425378182228,KCg-m,KCg-m,KCg-m_L,Kenyon_Cell,,cb_intrinsic,14292,KCg-m,KCg-m,,VFB_jrmc2kdy,L,,,Prelim Roughly traced,
141659,celltype_prediction_only,acetylcholine,dopamine,0.7688767084782685,dopamine,0.7466425378182228,KCg-m,KCg-m,KCg-m_L,Kenyon_Cell,,cb_intrinsic,14292,KCg-m,KCg-m,,VFB_jrmc2ddo,L,,,Prelim Roughly traced,
141709,celltype_prediction_only,acetylcholine,dopamine,0.7712848979904894,dopamine,0.7466425378182228,KCg-m,KCg-m,KCg-m_L,Kenyon_Cell,,cb_intrinsic,14292,KCg-m,KCg-m,,VFB_jrmc2kqe,L,,,Prelim Roughly traced,
141772,celltype_prediction_only,acetylcholine,dopamine,0.7620327729589556,dopamine,0.7466425378182228,KCg-m,KCg-m,KCg-m_L,Kenyon_Cell,,cb_intrinsic,14292,KCg-m,KCg-m,,VFB_jrmc2kqf,L,,,Roughly traced,
141840,celltype_prediction_only,acetylcholine,dopamine,0.6778529344215957,dopamine,0.7466425378182228,KCg-m,KCg-m,KCg-m_L,Kenyon_Cell,,cb_intrinsic,14292,KCg-m,KCg-m,,VFB_jrmc2dbk,L,,,Roughly traced,
142083,celltype_prediction_only,acetylcholine,dopamine,0.7197665622852915,dopamine,0.7466425378182228,KCg-m,KCg-m,KCg-m_L,Kenyon_Cell,,cb_intrinsic,14292,KCg-m,KCg-m,,VFB_jrmc2kdz,L,,,Roughly traced,
142189,celltype_prediction_only,acetylcholine,dopamine,0.7355505016471997,dopamine,0.7466425378182228,KCg-m,KCg-m,KCg-m_R,Kenyon_Cell,,cb_intrinsic,14292,KCg-m,KCg-m,,VFB_jrmc2kp1,R,,,Prelim Roughly traced,
142209,celltype_prediction_only,acetylcholine,dopamine,0.7870717477656405,dopamine,0.7466425378182228,KCg-m,KCg-m,KCg-m_L,Kenyon_Cell,,cb_intrinsic,14292,KCg-m,KCg-m,,VFB_jrmc2ke0,L,,,Roughly traced,
142299,celltype_prediction_only,acetylcholine,dopamine,0.7197785299964153,dopamine,0.7466425378182228,KCg-m,KCg-m,KCg-m_L,Kenyon_Cell,,cb_intrinsic,14292,KCg-m,KCg-m,,VFB_jrmc2dc8,L,,,Roughly traced,
142470,celltype_prediction_only,acetylcholine,dopamine,0.7524785450940299,dopamine,0.7466425378182228,KCg-m,KCg-m,KCg-m_L,Kenyon_Cell,,cb_intrinsic,14292,KCg-m,KCg-m,,VFB_jrmc2khx,L,,,Roughly traced,
142732,celltype_prediction_only,acetylcholine,dopamine,0.7751793656864411,dopamine,0.7466425378182228,KCg-m,KCg-m,KCg-m_L,Kenyon_Cell,,cb_intrinsic,14292,KCg-m,KCg-m,,VFB_jrmc2khy,L,,,Roughly traced,
142769,celltype_prediction_only,acetylcholine,dopamine,0.7542806603773584,dopamine,0.7466425378182228,KCg-m,KCg-m,KCg-m_R,Kenyon_Cell,,cb_intrinsic,14292,KCg-m,KCg-m,,VFB_jrmc2km0,R,,,Prelim Roughly traced,
142994,celltype_prediction_only,acetylcholine,dopamine,0.7984534689465409,dopamine,0.7466425378182228,KCg-m,KCg-m,KCg-m_L,Kenyon_Cell,,cb_intrinsic,14292,KCg-m,KCg-m,,VFB_jrmc2d6k,L,,,Roughly traced,
143029,celltype_prediction_only,acetylcholine,dopamine,0.777788864699242,dopamine,0.7466425378182228,KCg-m,KCg-m,KCg-m_L,Kenyon_Cell,,cb_intrinsic,14292,KCg-m,KCg-m,,VFB_jrmc2ke1,L,,,Roughly traced,
143426,celltype_prediction_only,acetylcholine,dopamine,0.7444805738528525,dopamine,0.7466425378182228,KCg-m,KCg-m,KCg-m_L,Kenyon_Cell,,cb_intrinsic,14292,KCg-m,KCg-m,,VFB_jrmc2kqg,L,,,Roughly traced,
143487,celltype_prediction_only,acetylcholine,dopamine,0.7320273083834404,dopamine,0.7466425378182228,KCg-m,KCg-m,KCg-m_L,Kenyon_Cell,,cb_intrinsic,14292,KCg-m,KCg-m,,VFB_jrmc2ke2,L,,,Roughly traced,
143569,celltype_prediction_only,acetylcholine,dopamine,0.7366171596124427,dopamine,0.7466425378182228,KCg-m,KCg-m,KCg-m_R,Kenyon_Cell,,cb_intrinsic,14292,KCg-m,KCg-m,,VFB_jrmc2kw7,R,,,Prelim Roughly traced,
143735,celltype_prediction_only,acetylcholine,dopamine,0.6795849459764554,dopamine,0.7466425378182228,KCg-m,KCg-m,KCg-m_R,Kenyon_Cell,,cb_intrinsic,14292,KCg-m,KCg-m,,VFB_jrmc2k9h,R,,,Prelim Roughly traced,
143757,celltype_prediction_only,acetylcholine,dopamine,0.7331926184263349,dopamine,0.7466425378182228,KCg-m,KCg-m,KCg-m_L,Kenyon_Cell,,cb_intrinsic,14292,KCg-m,KCg-m,,VFB_jrmc2kt2,L,,,Roughly traced,
143875,celltype_prediction_only,acetylcholine,dopamine,0.7883439938753333,dopamine,0.7466425378182228,KCg-m,KCg-m,KCg-m_R,Kenyon_Cell,,cb_intrinsic,14292,KCg-m,KCg-m,,VFB_jrmc2dd8,R,,,Prelim Roughly traced,
143947,celltype_prediction_only,acetylcholine,dopamine,0.7591544879485221,dopamine,0.7466425378182228,KCg-m,KCg-m,KCg-m_L,Kenyon_Cell,,cb_intrinsic,14292,KCg-m,KCg-m,,VFB_jrmc2ke3,L,,,Roughly traced,
144012,celltype_prediction_only,acetylcholine,dopamine,0.7441999077112387,dopamine,0.7466425378182228,KCg-m,KCg-m,KCg-m_R,Kenyon_Cell,,cb_intrinsic,14292,KCg-m,KCg-m,,VFB_jrmc2k9i,R,,,Prelim Roughly traced,
144118,celltype_prediction_only,acetylcholine,dopamine,0.7047799990016971,dopamine,0.7466425378182228,KCg-m,KCg-m,KCg-m_R,Kenyon_Cell,,cb_intrinsic,14292,KCg-m,KCg-m,,VFB_jrmc2kw8,R,,,Roughly traced,
144122,celltype_prediction_only,acetylcholine,dopamine,0.7666160678442392,dopamine,0.7466425378182228,KCg-m,KCg-m,KCg-m_L,Kenyon_Cell,,cb_intrinsic,14292,KCg-m,KCg-m,,VFB_jrmc2khz,L,,,Roughly traced,
144230,celltype_prediction_only,acetylcholine,dopamine,0.7670084188190754,dopamine,0.7466425378182228,KCg-m,KCg-m,KCg-m_L,Kenyon_Cell,,cb_intrinsic,14292,KCg-m,KCg-m,,VFB_jrmc2kqh,L,,,Roughly traced,
144291,celltype_prediction_only,acetylcholine,dopamine,0.6955103407540514,dopamine,0.7466425378182228,KCg-m,KCg-m,KCg-m_R,Kenyon_Cell,,cb_intrinsic,14292,KCg-m,KCg-m,,VFB_jrmc2km1,R,,,Prelim Roughly traced,
144317,celltype_prediction_only,acetylcholine,dopamine,0.7879158391261172,dopamine,0.7466425378182228,KCg-m,KCg-m,KCg-m_L,Kenyon_Cell,,cb_intrinsic,14292,KCg-m,KCg-m,,VFB_jrmc2kqi,L,,,Roughly traced,
144464,celltype_prediction_only,acetylcholine,dopamine,0.747370346080113,dopamine,0.7466425378182228,KCg-m,KCg-m,KCg-m_R,Kenyon_Cell,,cb_intrinsic,14292,KCg-m,KCg-m,,VFB_jrmc2dce,R,,,Prelim Roughly traced,
144512,celltype_prediction_only,acetylcholine,dopamine,0.7339254857089482,dopamine,0.7466425378182228,KCg-m,KCg-m,KCg-m_L,Kenyon_Cell,,cb_intrinsic,14292,KCg-m,KCg-m,,VFB_jrmc2kve,L,,,Roughly traced,
144570,celltype_prediction_only,acetylcholine,dopamine,0.7678549830672472,dopamine,0.7466425378182228,KCg-m,KCg-m,KCg-m_L,Kenyon_Cell,,cb_intrinsic,14292,KCg-m,KCg-m,,VFB_jrmc2kt3,L,,,Roughly traced,
144730,celltype_prediction_only,acetylcholine,dopamine,0.769337002096436,dopamine,0.7466425378182228,KCg-m,KCg-m,KCg-m_L,Kenyon_Cell,,cb_intrinsic,14292,KCg-m,KCg-m,,VFB_jrmc2d95,L,,,Roughly traced,
145143,celltype_prediction_only,acetylcholine,dopamine,0.7643414677191632,dopamine,0.7466425378182228,KCg-m,KCg-m,KCg-m_L,Kenyon_Cell,,cb_intrinsic,14292,KCg-m,KCg-m,,VFB_jrmc2d9q,L,,,Roughly traced,
145157,celltype_prediction_only,acetylcholine,dopamine,0.7036153494416634,dopamine,0.7466425378182228,KCg-m,KCg-m,KCg-m_R,Kenyon_Cell,,cb_intrinsic,14292,KCg-m,KCg-m,,VFB_jrmc2dcf,R,,,Prelim Roughly traced,
145268,celltype_prediction_only,acetylcholine,dopamine,0.7286776881475405,dopamine,0.7466425378182228,KCg-m,KCg-m,KCg-m_L,Kenyon_Cell,,cb_intrinsic,14292,KCg-m,KCg-m,,VFB_jrmc2ktu,L,,,Roughly traced,
145352,celltype_prediction_only,acetylcholine,dopamine,0.7385476399679368,dopamine,0.7466425378182228,KCg-m,KCg-m,KCg-m_R,Kenyon_Cell,,cb_intrinsic,14292,KCg-m,KCg-m,,VFB_jrmc2dcq,R,,,Prelim Roughly traced,
145355,celltype_prediction_only,acetylcholine,dopamine,0.7912453776496622,dopamine,0.7466425378182228,KCg-m,KCg-m,KCg-m_L,Kenyon_Cell,,cb_intrinsic,14292,KCg-m,KCg-m,,VFB_jrmc2ddc,L,,,Roughly traced,
145574,celltype_prediction_only,acetylcholine,dopamine,0.6940967182712465,dopamine,0.7466425378182228,KCg-m,KCg-m,KCg-m_L,Kenyon_Cell,,cb_intrinsic,14292,KCg-m,KCg-m,,VFB_jrmc2ki0,L,,,Roughly traced,
145610,celltype_prediction_only,acetylcholine,dopamine,0.727250393081761,dopamine,0.7466425378182228,KCg-m,KCg-m,KCg-m_L,Kenyon_Cell,,cb_intrinsic,14292,KCg-m,KCg-m,,VFB_jrmc2d6l,L,,,Roughly traced,
145641,celltype_prediction_only,acetylcholine,dopamine,0.7274626154154957,dopamine,0.7466425378182228,KCg-m,KCg-m,KCg-m_L,Kenyon_Cell,,cb_intrinsic,14292,KCg-m,KCg-m,,VFB_jrmc2ke4,L,,,Roughly traced,
145792,celltype_prediction_only,acetylcholine,dopamine,0.7526202158591699,dopamine,0.7466425378182228,KCg-m,KCg-m,KCg-m_L,Kenyon_Cell,,cb_intrinsic,14292,KCg-m,KCg-m,,VFB_jrmc2ki1,L,,,Roughly traced,
145869,celltype_prediction_only,acetylcholine,dopamine,0.7677860137765798,dopamine,0.7466425378182228,KCg-m,KCg-m,KCg-m_L,Kenyon_Cell,,cb_intrinsic,14292,KCg-m,KCg-m,,VFB_jrmc2ke5,L,,,Roughly traced,
145974,celltype_prediction_only,acetylcholine,dopamine,0.7474909674829386,dopamine,0.7466425378182228,KCg-m,KCg-m,KCg-m_L,Kenyon_Cell,,cb_intrinsic,14292,KCg-m,KCg-m,,VFB_jrmc2ki2,L,,,Roughly traced,
146084,celltype_prediction_only,acetylcholine,dopamine,0.7448302545358754,dopamine,0.7466425378182228,KCg-m,KCg-m,KCg-m_L,Kenyon_Cell,,cb_intrinsic,14292,KCg-m,KCg-m,,VFB_jrmc2kqj,L,,,Roughly traced,
146122,celltype_prediction_only,acetylcholine,dopamine,0.8207005970285298,dopamine,0.7466425378182228,KCg-m,KCg-m,KCg-m_R,Kenyon_Cell,,cb_intrinsic,14292,KCg-m,KCg-m,,VFB_jrmc2d61,R,,,Prelim Roughly traced,
146128,celltype_prediction_only,acetylcholine,dopamine,0.7295940650893481,dopamine,0.7466425378182228,KCg-m,KCg-m,KCg-m_L,Kenyon_Cell,,cb_intrinsic,14292,KCg-m,KCg-m,,VFB_jrmc2dc9,L,,,Roughly traced,
146925,celltype_prediction_only,acetylcholine,dopamine,0.7735087184651261,dopamine,0.7466425378182228,KCg-m,KCg-m,KCg-m_L,Kenyon_Cell,,cb_intrinsic,14292,KCg-m,KCg-m,,VFB_jrmc2ke6,L,,,Roughly traced,
147040,celltype_prediction_only,acetylcholine,dopamine,0.7388932319270723,dopamine,0.7466425378182228,KCg-m,KCg-m,KCg-m_L,Kenyon_Cell,,cb_intrinsic,14292,KCg-m,KCg-m,,VFB_jrmc2kvf,L,,,Roughly traced,
147068,celltype_prediction_only,acetylcholine,dopamine,0.7628012929880905,dopamine,0.7466425378182228,KCg-m,KCg-m,KCg-m_L,Kenyon_Cell,,cb_intrinsic,14292,KCg-m,KCg-m,,VFB_jrmc2ke7,L,,,Roughly traced,
147185,celltype_prediction_only,acetylcholine,dopamine,0.7920791865367337,dopamine,0.7466425378182228,KCg-m,KCg-m,KCg-m_L,Kenyon_Cell,,cb_intrinsic,14292,KCg-m,KCg-m,,VFB_jrmc2db6,L,,,Roughly traced,
147589,celltype_prediction_only,acetylcholine,dopamine,0.7455557064769995,dopamine,0.7466425378182228,KCg-m,KCg-m,KCg-m_L,Kenyon_Cell,,cb_intrinsic,14292,KCg-m,KCg-m,,VFB_jrmc2ki3,L,,,Roughly traced,
147646,celltype_prediction_only,acetylcholine,dopamine,0.765914994142311,dopamine,0.7466425378182228,KCg-m,KCg-m,KCg-m_L,Kenyon_Cell,,cb_intrinsic,14292,KCg-m,KCg-m,,VFB_jrmc2dfz,L,,,Roughly traced,
147696,celltype_prediction_only,acetylcholine,dopamine,0.7922813796333468,dopamine,0.7466425378182228,KCg-m,KCg-m,KCg-m_L,Kenyon_Cell,,cb_intrinsic,14292,KCg-m,KCg-m,,VFB_jrmc2kvg,L,,,Roughly traced,
147700,celltype_prediction_only,acetylcholine,dopamine,0.7334242771017082,dopamine,0.7466425378182228,KCg-m,KCg-m,KCg-m_L,Kenyon_Cell,,cb_intrinsic,14292,KCg-m,KCg-m,,VFB_jrmc2ktv,L,,,Roughly traced,
147812,celltype_prediction_only,acetylcholine,dopamine,0.7624913713759779,dopamine,0.7466425378182228,KCg-m,KCg-m,KCg-m_L,Kenyon_Cell,,cb_intrinsic,14292,KCg-m,KCg-m,,VFB_jrmc2ki4,L,,,Roughly traced,
147885,celltype_prediction_only,acetylcholine,dopamine,0.7139454511488884,dopamine,0.7466425378182228,KCg-m,KCg-m,KCg-m_R,Kenyon_Cell,,cb_intrinsic,14292,KCg-m,KCg-m,,VFB_jrmc2dew,R,,,Prelim Roughly traced,
147953,celltype_prediction_only,acetylcholine,dopamine,0.7551162694472029,dopamine,0.7466425378182228,KCg-m,KCg-m,KCg-m_L,Kenyon_Cell,,cb_intrinsic,14292,KCg-m,KCg-m,,VFB_jrmc2ki5,L,,,Roughly traced,
148122,celltype_prediction_only,acetylcholine,dopamine,0.7103031097134871,dopamine,0.7466425378182228,KCg-m,KCg-m,KCg-m_L,Kenyon_Cell,,cb_intrinsic,14292,KCg-m,KCg-m,,VFB_jrmc2ks7,L,,,Roughly traced,
148161,celltype_prediction_only,acetylcholine,dopamine,0.7803826957475045,dopamine,0.7466425378182228,KCg-m,KCg-m,KCg-m_L,Kenyon_Cell,,cb_intrinsic,14292,KCg-m,KCg-m,,VFB_jrmc2d9r,L,,,Roughly traced,
148198,celltype_prediction_only,acetylcholine,dopamine,0.7828333573995636,dopamine,0.7466425378182228,KCg-m,KCg-m,KCg-m_L,Kenyon_Cell,,cb_intrinsic,14292,KCg-m,KCg-m,,VFB_jrmc2ke8,L,,,Roughly traced,
148344,celltype_prediction_only,acetylcholine,dopamine,0.7688530511643719,dopamine,0.7466425378182228,KCg-m,KCg-m,KCg-m_L,Kenyon_Cell,,cb_intrinsic,14292,KCg-m,KCg-m,,VFB_jrmc2ks8,L,,,Roughly traced,
148419,celltype_prediction_only,acetylcholine,dopamine,0.7135333552363966,dopamine,0.7466425378182228,KCg-m,KCg-m,KCg-m_R,Kenyon_Cell,,cb_intrinsic,14292,KCg-m,KCg-m,,VFB_jrmc2k9j,R,,,Prelim Roughly traced,
148464,celltype_prediction_only,acetylcholine,dopamine,0.768495900718778,dopamine,0.7466425378182228,KCg-m,KCg-m,KCg-m_L,Kenyon_Cell,,cb_intrinsic,14292,KCg-m,KCg-m,,VFB_jrmc2ki6,L,,,Roughly traced,
148486,celltype_prediction_only,acetylcholine,dopamine,0.7860416036054216,dopamine,0.7466425378182228,KCg-m,KCg-m,KCg-m_L,Kenyon_Cell,,cb_intrinsic,14292,KCg-m,KCg-m,,VFB_jrmc2ke9,L,,,Roughly traced,
148493,celltype_prediction_only,acetylcholine,dopamine,0.7593072451175108,dopamine,0.7466425378182228,KCg-m,KCg-m,KCg-m_R,Kenyon_Cell,,cb_intrinsic,14292,KCg-m,KCg-m,,VFB_jrmc2km2,R,,,Prelim Roughly traced,
148498,celltype_prediction_only,acetylcholine,dopamine,0.752523998675935,dopamine,0.7466425378182228,KCg-m,KCg-m,KCg-m_L,Kenyon_Cell,,cb_intrinsic,14292,KCg-m,KCg-m,,VFB_jrmc2ki7,L,,,Roughly traced,
148529,celltype_prediction_only,acetylcholine,dopamine,0.7615714716329389,dopamine,0.7466425378182228,KCg-m,KCg-m,KCg-m_L,Kenyon_Cell,,cb_intrinsic,14292,KCg-m,KCg-m,,VFB_jrmc2ki8,L,,,Roughly traced,
148548,celltype_prediction_only,acetylcholine,dopamine,0.7363805191888076,dopamine,0.7466425378182228,KCg-m,KCg-m,KCg-m_R,Kenyon_Cell,,cb_intrinsic,14292,KCg-m,KCg-m,,VFB_jrmc2k9k,R,,,Prelim Roughly traced,
148588,celltype_prediction_only,acetylcholine,dopamine,0.7490021770682148,dopamine,0.7466425378182228,KCg-m,KCg-m,KCg-m_L,Kenyon_Cell,,cb_intrinsic,14292,KCg-m,KCg-m,,VFB_jrmc2kvh,L,,,Roughly traced,
148680,celltype_prediction_only,acetylcholine,dopamine,0.7424763771154255,dopamine,0.7466425378182228,KCg-m,KCg-m,KCg-m_R,Kenyon_Cell,,cb_intrinsic,14292,KCg-m,KCg-m,,VFB_jrmc2k9l,R,,,Prelim Roughly traced,
148844,celltype_prediction_only,acetylcholine,dopamine,0.7806059142229295,dopamine,0.7466425378182228,KCg-m,KCg-m,KCg-m_L,Kenyon_Cell,,cb_intrinsic,14292,KCg-m,KCg-m,,VFB_jrmc2kqk,L,,,Roughly traced,
148860,celltype_prediction_only,acetylcholine,dopamine,0.7864948880381611,dopamine,0.7466425378182228,KCg-m,KCg-m,KCg-m_R,Kenyon_Cell,,cb_intrinsic,14292,KCg-m,KCg-m,,VFB_jrmc2kp2,R,,,Prelim Roughly traced,
148930,celltype_prediction_only,acetylcholine,dopamine,0.7388595637416393,dopamine,0.7466425378182228,KCg-m,KCg-m,KCg-m_L,Kenyon_Cell,,cb_intrinsic,14292,KCg-m,KCg-m,,VFB_jrmc2d7y,L,,,Roughly traced,
148989,celltype_prediction_only,acetylcholine,dopamine,0.7419196158902747,dopamine,0.7466425378182228,KCg-m,KCg-m,KCg-m_L,Kenyon_Cell,,cb_intrinsic,14292,KCg-m,KCg-m,,VFB_jrmc2ks9,L,,,Roughly traced,
149199,celltype_prediction_only,acetylcholine,dopamine,0.7707186844863733,dopamine,0.7466425378182228,KCg-m,KCg-m,KCg-m_L,Kenyon_Cell,,cb_intrinsic,14292,KCg-m,KCg-m,,VFB_jrmc2de3,L,,,Roughly traced,
149297,celltype_prediction_only,acetylcholine,dopamine,0.7803892456618929,dopamine,0.7466425378182228,KCg-m,KCg-m,KCg-m_L,Kenyon_Cell,,cb_intrinsic,14292,KCg-m,KCg-m,,VFB_jrmc2dca,L,,,Roughly traced,
149720,celltype_prediction_only,acetylcholine,dopamine,0.7470717394066452,dopamine,0.7466425378182228,KCg-m,KCg-m,KCg-m_L,Kenyon_Cell,,cb_intrinsic,14292,KCg-m,KCg-m,,VFB_jrmc2kea,L,,,Roughly traced,
149792,celltype_prediction_only,acetylcholine,dopamine,0.7761073554636262,dopamine,0.7466425378182228,KCg-m,KCg-m,KCg-m_R,Kenyon_Cell,,cb_intrinsic,14292,KCg-m,KCg-m,,VFB_jrmc2d75,R,,,Prelim Roughly traced,
149820,celltype_prediction_only,acetylcholine,dopamine,0.7704685817893365,dopamine,0.7466425378182228,KCg-m,KCg-m,KCg-m_L,Kenyon_Cell,,cb_intrinsic,14292,KCg-m,KCg-m,,VFB_jrmc2d96,L,,,Roughly traced,
149878,celltype_prediction_only,acetylcholine,dopamine,0.7250899630422096,dopamine,0.7466425378182228,KCg-m,KCg-m,KCg-m_L,Kenyon_Cell,,cb_intrinsic,14292,KCg-m,KCg-m,,VFB_jrmc2ki9,L,,,Roughly traced,
150633,celltype_prediction_only,acetylcholine,dopamine,0.7836136356152656,dopamine,0.7466425378182228,KCg-m,KCg-m,KCg-m_L,Kenyon_Cell,,cb_intrinsic,14292,KCg-m,KCg-m,,VFB_jrmc2dfi,L,,,Roughly traced,
150732,celltype_prediction_only,acetylcholine,dopamine,0.7317322442092344,dopamine,0.7466425378182228,KCg-m,KCg-m,KCg-m_L,Kenyon_Cell,,cb_intrinsic,14292,KCg-m,KCg-m,,VFB_jrmc2kia,L,,,Roughly traced,
150781,celltype_prediction_only,acetylcholine,dopamine,0.7419575956984238,dopamine,0.7466425378182228,KCg-m,KCg-m,KCg-m_L,Kenyon_Cell,,cb_intrinsic,14292,KCg-m,KCg-m,,VFB_jrmc2keb,L,,,Roughly traced,
150913,celltype_prediction_only,acetylcholine,dopamine,0.7427723054630658,dopamine,0.7466425378182228,KCg-m,KCg-m,KCg-m_R,Kenyon_Cell,,cb_intrinsic,14292,KCg-m,KCg-m,,VFB_jrmc2k9m,R,,,Prelim Roughly traced,
151134,celltype_prediction_only,acetylcholine,dopamine,0.7394060413019516,dopamine,0.7466425378182228,KCg-m,KCg-m,KCg-m_R,Kenyon_Cell,,cb_intrinsic,14292,KCg-m,KCg-m,,VFB_jrmc2k9n,R,,,Prelim Roughly traced,
151187,celltype_prediction_only,acetylcholine,dopamine,0.7415176069493742,dopamine,0.7466425378182228,KCg-m,KCg-m,KCg-m_L,Kenyon_Cell,,cb_intrinsic,14292,KCg-m,KCg-m,,VFB_jrmc2kib,L,,,Roughly traced,
151277,celltype_prediction_only,acetylcholine,dopamine,0.7625363372093024,dopamine,0.7466425378182228,KCg-m,KCg-m,KCg-m_L,Kenyon_Cell,,cb_intrinsic,14292,KCg-m,KCg-m,,VFB_jrmc2kic,L,,,Roughly traced,
152025,celltype_prediction_only,acetylcholine,dopamine,0.7967767295597484,dopamine,0.7466425378182228,KCg-m,KCg-m,KCg-m_L,Kenyon_Cell,,cb_intrinsic,14292,KCg-m,KCg-m,,VFB_jrmc2d6m,L,,,Roughly traced,
152118,celltype_prediction_only,acetylcholine,dopamine,0.7734972181906145,dopamine,0.7466425378182228,KCg-m,KCg-m,KCg-m_L,Kenyon_Cell,,cb_intrinsic,14292,KCg-m,KCg-m,,VFB_jrmc2kid,L,,,Roughly traced,
152391,celltype_prediction_only,acetylcholine,dopamine,0.6953543559282552,dopamine,0.7466425378182228,KCg-m,KCg-m,KCg-m_R,Kenyon_Cell,,cb_intrinsic,14292,KCg-m,KCg-m,,VFB_jrmc2k9o,R,,,Prelim Roughly traced,
152548,celltype_prediction_only,acetylcholine,dopamine,0.7676691400934202,dopamine,0.7466425378182228,KCg-m,KCg-m,KCg-m_L,Kenyon_Cell,,cb_intrinsic,14292,KCg-m,KCg-m,,VFB_jrmc2kie,L,,,Roughly traced,
152943,celltype_prediction_only,acetylcholine,dopamine,0.7658170226993422,dopamine,0.7466425378182228,KCg-m,KCg-m,KCg-m_L,Kenyon_Cell,,cb_intrinsic,14292,KCg-m,KCg-m,,VFB_jrmc2dc3,L,,,Roughly traced,
152964,celltype_prediction_only,acetylcholine,dopamine,0.7250136294680952,dopamine,0.7466425378182228,KCg-m,KCg-m,KCg-m_L,Kenyon_Cell,,cb_intrinsic,14292,KCg-m,KCg-m,,VFB_jrmc2dam,L,,,Roughly traced,
153391,celltype_prediction_only,acetylcholine,dopamine,0.7049245210893773,dopamine,0.7466425378182228,KCg-m,KCg-m,KCg-m_R,Kenyon_Cell,,cb_intrinsic,14292,KCg-m,KCg-m,,VFB_jrmc2kp3,R,,,Prelim Roughly traced,
153635,celltype_prediction_only,acetylcholine,dopamine,0.769955147780565,dopamine,0.7466425378182228,KCg-m,KCg-m,KCg-m_L,Kenyon_Cell,,cb_intrinsic,14292,KCg-m,KCg-m,,VFB_jrmc2kif,L,,,Roughly traced,
153817,celltype_prediction_only,acetylcholine,dopamine,0.8074099728277462,dopamine,0.7466425378182228,KCg-m,KCg-m,KCg-m_L,Kenyon_Cell,,cb_intrinsic,14292,KCg-m,KCg-m,,VFB_jrmc2kec,L,,,Roughly traced,
154046,celltype_prediction_only,acetylcholine,dopamine,0.7419107326866361,dopamine,0.7466425378182228,KCg-m,KCg-m,KCg-m_L,Kenyon_Cell,,cb_intrinsic,14292,KCg-m,KCg-m,,VFB_jrmc2kql,L,,,Roughly traced,
154433,celltype_prediction_only,acetylcholine,dopamine,0.7757880938342318,dopamine,0.7466425378182228,KCg-m,KCg-m,KCg-m_R,Kenyon_Cell,,cb_intrinsic,14292,KCg-m,KCg-m,,VFB_jrmc2krc,R,,,Roughly traced,
154465,celltype_prediction_only,acetylcholine,dopamine,0.7160031072177299,dopamine,0.7466425378182228,KCg-m,KCg-m,KCg-m_L,Kenyon_Cell,,cb_intrinsic,14292,KCg-m,KCg-m,,VFB_jrmc2kig,L,,,Roughly traced,
154739,celltype_prediction_only,acetylcholine,dopamine,0.7110346277607138,dopamine,0.7466425378182228,KCg-m,KCg-m,KCg-m_L,Kenyon_Cell,,cb_intrinsic,14292,KCg-m,KCg-m,,VFB_jrmc2kih,L,,,Roughly traced,
155312,celltype_prediction_only,acetylcholine,dopamine,0.7624875364319681,dopamine,0.7466425378182228,KCg-m,KCg-m,KCg-m_L,Kenyon_Cell,,cb_intrinsic,14292,KCg-m,KCg-m,,VFB_jrmc2kqm,L,,,Roughly traced,
156450,celltype_prediction_only,acetylcholine,dopamine,0.7753041420494251,dopamine,0.7466425378182228,KCg-m,KCg-m,KCg-m_L,Kenyon_Cell,,cb_intrinsic,14292,KCg-m,KCg-m,,VFB_jrmc2ked,L,,,Roughly traced,
156528,celltype_prediction_only,acetylcholine,dopamine,0.6901259779107225,dopamine,0.7466425378182228,KCg-m,KCg-m,KCg-m_L,Kenyon_Cell,,cb_intrinsic,14292,KCg-m,KCg-m,,VFB_jrmc2d7z,L,,,Roughly traced,
156664,celltype_prediction_only,acetylcholine,dopamine,0.7732329370427417,dopamine,0.7466425378182228,KCg-m,KCg-m,KCg-m_L,Kenyon_Cell,,cb_intrinsic,14292,KCg-m,KCg-m,,VFB_jrmc2d6n,L,,,Roughly traced,
157864,celltype_prediction_only,acetylcholine,dopamine,0.7568684206100966,dopamine,0.7466425378182228,KCg-m,KCg-m,KCg-m_R,Kenyon_Cell,,cb_intrinsic,14292,KCg-m,KCg-m,,VFB_jrmc2dg0,R,,,Prelim Roughly traced,
158328,celltype_prediction_only,acetylcholine,dopamine,0.7602531803887935,dopamine,0.7466425378182228,KCg-m,KCg-m,KCg-m_L,Kenyon_Cell,,cb_intrinsic,14292,KCg-m,KCg-m,,VFB_jrmc2kvi,L,,,Roughly traced,
158676,celltype_prediction_only,acetylcholine,dopamine,0.7606141524552492,dopamine,0.7466425378182228,KCg-m,KCg-m,KCg-m_L,Kenyon_Cell,,cb_intrinsic,14292,KCg-m,KCg-m,,VFB_jrmc2kii,L,,,Roughly traced,
159261,celltype_prediction_only,acetylcholine,dopamine,0.7673533440316411,dopamine,0.7466425378182228,KCg-m,KCg-m,KCg-m_L,Kenyon_Cell,,cb_intrinsic,14292,KCg-m,KCg-m,,VFB_jrmc2kee,L,,,Roughly traced,
160878,celltype_prediction_only,acetylcholine,dopamine,0.782114974469145,dopamine,0.7466425378182228,KCg-m,KCg-m,KCg-m_R,Kenyon_Cell,,cb_intrinsic,14292,KCg-m,KCg-m,,VFB_jrmc2dbj,R,,,Prelim Roughly traced,
161706,celltype_prediction_only,acetylcholine,dopamine,0.7764225373078784,dopamine,0.7466425378182228,KCg-m,KCg-m,KCg-m_L,Kenyon_Cell,,cb_intrinsic,14292,KCg-m,KCg-m,,VFB_jrmc2kij,L,,,Roughly traced,
163516,celltype_prediction_only,acetylcholine,dopamine,0.792345249917246,dopamine,0.7466425378182228,KCg-m,KCg-m,KCg-m_R,Kenyon_Cell,,cb_intrinsic,14292,KCg-m,KCg-m,,VFB_jrmc2k9p,R,,,Prelim Roughly traced,
163698,celltype_prediction_only,acetylcholine,dopamine,0.7777008252637184,dopamine,0.7466425378182228,KCg-m,KCg-m,KCg-m_L,Kenyon_Cell,,cb_intrinsic,14292,KCg-m,KCg-m,,VFB_jrmc2kqn,L,,,Roughly traced,
163735,celltype_prediction_only,acetylcholine,dopamine,0.776727326329331,dopamine,0.7466425378182228,KCg-m,KCg-m,KCg-m_L,Kenyon_Cell,,cb_intrinsic,14292,KCg-m,KCg-m,,VFB_jrmc2kik,L,,,Roughly traced,
163971,celltype_prediction_only,acetylcholine,dopamine,0.7300166553199766,dopamine,0.7466425378182228,KCg-m,KCg-m,KCg-m_R,Kenyon_Cell,,cb_intrinsic,14292,KCg-m,KCg-m,,VFB_jrmc2deq,R,,,Prelim Roughly traced,
164103,celltype_prediction_only,acetylcholine,dopamine,0.7633883285511406,dopamine,0.7466425378182228,KCg-m,KCg-m,KCg-m_R,Kenyon_Cell,,cb_intrinsic,14292,KCg-m,KCg-m,,VFB_jrmc2dbq,R,,,Prelim Roughly traced,
165036,celltype_prediction_only,acetylcholine,dopamine,0.7509239176212938,dopamine,0.7466425378182228,KCg-m,KCg-m,KCg-m_R,Kenyon_Cell,,cb_intrinsic,14292,KCg-m,KCg-m,,VFB_jrmc2d62,R,,,Prelim Roughly traced,
166386,celltype_prediction_only,acetylcholine,dopamine,0.7368808962264151,dopamine,0.7466425378182228,KCg-m,KCg-m,KCg-m_L,Kenyon_Cell,,cb_intrinsic,14292,KCg-m,KCg-m,,VFB_jrmc2d9e,L,,,Roughly traced,
166687,celltype_prediction_only,acetylcholine,dopamine,0.7328070896049749,dopamine,0.7466425378182228,KCg-m,KCg-m,KCg-m_L,Kenyon_Cell,,cb_intrinsic,14292,KCg-m,KCg-m,,VFB_jrmc2kil,L,,,Roughly traced,
167474,celltype_prediction_only,acetylcholine,dopamine,0.7435303605005511,dopamine,0.7466425378182228,KCg-m,KCg-m,KCg-m_L,Kenyon_Cell,,cb_intrinsic,14292,KCg-m,KCg-m,,VFB_jrmc2kqo,L,,,Roughly traced,
168306,celltype_prediction_only,acetylcholine,dopamine,0.7687300525673519,dopamine,0.7466425378182228,KCg-m,KCg-m,KCg-m_R,Kenyon_Cell,,cb_intrinsic,14292,KCg-m,KCg-m,,VFB_jrmc2kw9,R,,,Prelim Roughly traced,
171163,celltype_prediction_only,acetylcholine,dopamine,0.7010576470933992,dopamine,0.7466425378182228,KCg-m,KCg-m,KCg-m_R,Kenyon_Cell,,cb_intrinsic,14292,KCg-m,KCg-m,,VFB_jrmc2k9q,R,,,Prelim Roughly traced,
171283,celltype_prediction_only,acetylcholine,dopamine,0.7111705773262377,dopamine,0.7466425378182228,KCg-m,KCg-m,KCg-m_L,Kenyon_Cell,,cb_intrinsic,14292,KCg-m,KCg-m,,VFB_jrmc2db7,L,,,Roughly traced,
171985,celltype_prediction_only,acetylcholine,dopamine,0.7593838443396227,dopamine,0.7466425378182228,KCg-m,KCg-m,KCg-m_L,Kenyon_Cell,,cb_intrinsic,14292,KCg-m,KCg-m,,VFB_jrmc2d9f,L,,,Roughly traced,
172084,celltype_prediction_only,acetylcholine,dopamine,0.6911446454488908,dopamine,0.7466425378182228,KCg-m,KCg-m,KCg-m_R,Kenyon_Cell,,cb_intrinsic,14292,KCg-m,KCg-m,,VFB_jrmc2k9r,R,,,Prelim Roughly traced,
172298,celltype_prediction_only,acetylcholine,dopamine,0.81437707582503,dopamine,0.7466425378182228,KCg-m,KCg-m,KCg-m_L,Kenyon_Cell,,cb_intrinsic,14292,KCg-m,KCg-m,,VFB_jrmc2ktw,L,,,Roughly traced,
172492,celltype_prediction_only,acetylcholine,dopamine,0.7435238168883389,dopamine,0.7466425378182228,KCg-m,KCg-m,KCg-m_L,Kenyon_Cell,,cb_intrinsic,14292,KCg-m,KCg-m,,VFB_jrmc2kt4,L,,,Roughly traced,
173322,celltype_prediction_only,acetylcholine,dopamine,0.697000211999152,dopamine,0.7466425378182228,KCg-m,KCg-m,KCg-m_R,Kenyon_Cell,,cb_intrinsic,14292,KCg-m,KCg-m,,VFB_jrmc2k9s,R,,,Prelim Roughly traced,
175767,celltype_prediction_only,acetylcholine,dopamine,0.7515176082761578,dopamine,0.7466425378182228,KCg-m,KCg-m,KCg-m_L,Kenyon_Cell,,cb_intrinsic,14292,KCg-m,KCg-m,,VFB_jrmc2ktx,L,,,Roughly traced,
175918,celltype_prediction_only,acetylcholine,dopamine,0.7995006633254716,dopamine,0.7466425378182228,KCg-m,KCg-m,KCg-m_L,Kenyon_Cell,,cb_intrinsic,14292,KCg-m,KCg-m,,VFB_jrmc2kim,L,,,Roughly traced,
176770,celltype_prediction_only,acetylcholine,dopamine,0.7221178613191745,dopamine,0.7466425378182228,KCg-m,KCg-m,KCg-m_R,Kenyon_Cell,,cb_intrinsic,14292,KCg-m,KCg-m,,VFB_jrmc2d8s,R,,,Prelim Roughly traced,
179398,celltype_prediction_only,acetylcholine,dopamine,0.8168694740679974,dopamine,0.7466425378182228,KCg-m,KCg-m,KCg-m_L,Kenyon_Cell,,cb_intrinsic,14292,KCg-m,KCg-m,,VFB_jrmc2kef,L,,,Roughly traced,
180494,celltype_prediction_only,acetylcholine,dopamine,0.7781022262154337,dopamine,0.7466425378182228,KCg-m,KCg-m,KCg-m_L,Kenyon_Cell,,cb_intrinsic,14292,KCg-m,KCg-m,,VFB_jrmc2ddp,L,,,Roughly traced,
180588,celltype_prediction_only,acetylcholine,dopamine,0.7288938722205037,dopamine,0.7466425378182228,KCg-m,KCg-m,KCg-m_R,Kenyon_Cell,,cb_intrinsic,14292,KCg-m,KCg-m,,VFB_jrmc2dfj,R,,,Prelim Roughly traced,
180757,celltype_prediction_only,acetylcholine,dopamine,0.739517819706499,dopamine,0.7466425378182228,KCg-m,KCg-m,KCg-m_L,Kenyon_Cell,,cb_intrinsic,14292,KCg-m,KCg-m,,VFB_jrmc2db8,L,,,Roughly traced,
180812,celltype_prediction_only,acetylcholine,dopamine,0.7010624066159352,dopamine,0.7466425378182228,KCg-m,KCg-m,KCg-m_R,Kenyon_Cell,,cb_intrinsic,14292,KCg-m,KCg-m,,VFB_jrmc2k9t,R,,,Prelim Roughly traced,
180905,celltype_prediction_only,acetylcholine,dopamine,0.748664480748581,dopamine,0.7466425378182228,KCg-m,KCg-m,KCg-m_R,Kenyon_Cell,,cb_intrinsic,14292,KCg-m,KCg-m,,VFB_jrmc2d76,R,,,Prelim Roughly traced,
184619,celltype_prediction_only,acetylcholine,dopamine,0.750478864797248,dopamine,0.7466425378182228,KCg-m,KCg-m,KCg-m_L,Kenyon_Cell,,cb_intrinsic,14292,KCg-m,KCg-m,,VFB_jrmc2dan,L,,,Roughly traced,
185386,celltype_prediction_only,acetylcholine,dopamine,0.7478777275814215,dopamine,0.7466425378182228,KCg-m,KCg-m,KCg-m_L,Kenyon_Cell,,cb_intrinsic,14292,KCg-m,KCg-m,,VFB_jrmc2kty,L,,,Roughly traced,
185639,celltype_prediction_only,acetylcholine,dopamine,0.7270881940217759,dopamine,0.7466425378182228,KCg-m,KCg-m,KCg-m_L,Kenyon_Cell,,cb_intrinsic,14292,KCg-m,KCg-m,,VFB_jrmc2kqp,L,,,Roughly traced,
188198,celltype_prediction_only,acetylcholine,dopamine,0.7934798254938435,dopamine,0.7466425378182228,KCg-m,KCg-m,KCg-m_L,Kenyon_Cell,,cb_intrinsic,14292,KCg-m,KCg-m,,VFB_jrmc2keg,L,,,Roughly traced,
189047,celltype_prediction_only,acetylcholine,dopamine,0.7352004716981132,dopamine,0.7466425378182228,KCg-m,KCg-m,KCg-m_R,Kenyon_Cell,,cb_intrinsic,14292,KCg-m,KCg-m,,VFB_jrmc2krd,R,,,Prelim Roughly traced,
191629,celltype_prediction_only,acetylcholine,dopamine,0.7266690856313498,dopamine,0.7466425378182228,KCg-m,KCg-m,KCg-m_L,Kenyon_Cell,,cb_intrinsic,14292,KCg-m,KCg-m,,VFB_jrmc2kin,L,,,Roughly traced,
194483,celltype_prediction_only,acetylcholine,dopamine,0.820313377414645,dopamine,0.7466425378182228,KCg-m,KCg-m,KCg-m_R,Kenyon_Cell,,cb_intrinsic,14292,KCg-m,KCg-m,,VFB_jrmc2d77,R,,,Prelim Roughly traced,
195279,celltype_prediction_only,acetylcholine,dopamine,0.7657273864796339,dopamine,0.7466425378182228,KCg-m,KCg-m,KCg-m_R,Kenyon_Cell,,cb_intrinsic,14292,KCg-m,KCg-m,,VFB_jrmc2kmg,R,,,Prelim Roughly traced,
197895,celltype_prediction_only,acetylcholine,dopamine,0.7095102248333521,dopamine,0.7466425378182228,KCg-m,KCg-m,KCg-m_L,Kenyon_Cell,,cb_intrinsic,14292,KCg-m,KCg-m,,VFB_jrmc2keh,L,,,Roughly traced,
200482,celltype_prediction_only,acetylcholine,dopamine,0.753872297010812,dopamine,0.7466425378182228,KCg-m,KCg-m,KCg-m_R,Kenyon_Cell,,cb_intrinsic,14292,KCg-m,KCg-m,,VFB_jrmc2k9u,R,,,Prelim Roughly traced,
202242,celltype_prediction_only,acetylcholine,dopamine,0.7063001901005578,dopamine,0.7466425378182228,KCg-m,KCg-m,KCg-m_L,Kenyon_Cell,,cb_intrinsic,14292,KCg-m,KCg-m,,VFB_jrmc2kio,L,,,Roughly traced,
205908,celltype_prediction_only,acetylcholine,dopamine,0.7246080916173847,dopamine,0.7466425378182228,KCg-m,KCg-m,KCg-m_R,Kenyon_Cell,,cb_intrinsic,14292,KCg-m,KCg-m,,VFB_jrmc2kp4,R,,,Prelim Roughly traced,
212154,celltype_prediction_only,acetylcholine,dopamine,0.7633906162340921,dopamine,0.7466425378182228,KCg-m,KCg-m,KCg-m_R,Kenyon_Cell,,cb_intrinsic,14292,KCg-m,KCg-m,,VFB_jrmc2k9v,R,,,Prelim Roughly traced,
212767,celltype_prediction_only,acetylcholine,dopamine,0.7246990699537201,dopamine,0.7466425378182228,KCg-m,KCg-m,KCg-m_R,Kenyon_Cell,,cb_intrinsic,14292,KCg-m,KCg-m,,VFB_jrmc2km3,R,,,Prelim Roughly traced,
218942,celltype_prediction_only,acetylcholine,dopamine,0.8004071349431354,dopamine,0.7466425378182228,KCg-m,KCg-m,KCg-m_R,Kenyon_Cell,,cb_intrinsic,14292,KCg-m,KCg-m,,VFB_jrmc2k9w,R,,,Prelim Roughly traced,
221876,celltype_prediction_only,acetylcholine,dopamine,0.7468516722506319,dopamine,0.7466425378182228,KCg-m,KCg-m,KCg-m_R,Kenyon_Cell,,cb_intrinsic,14292,KCg-m,KCg-m,,VFB_jrmc2ddq,R,,,Prelim Roughly traced,
236035,celltype_prediction_only,acetylcholine,dopamine,0.7616445508544565,dopamine,0.7466425378182228,KCg-m,KCg-m,KCg-m_L,Kenyon_Cell,,cb_intrinsic,14292,KCg-m,KCg-m,,VFB_jrmc2kei,L,,,Roughly traced,
243735,celltype_prediction_only,acetylcholine,dopamine,0.7996707388170446,dopamine,0.7466425378182228,KCg-m,KCg-m,KCg-m_R,Kenyon_Cell,,cb_intrinsic,14292,KCg-m,KCg-m,,VFB_jrmc2de8,R,,,Prelim Roughly traced,
513175,celltype_prediction_only,acetylcholine,dopamine,0.7067145127476838,dopamine,0.7466425378182228,KCg-m,KCg-m,KCg-m_L,Kenyon_Cell,,cb_intrinsic,14292,KCg-m,KCg-m,,VFB_jrmc2kej,L,,,Roughly traced,
514004,celltype_prediction_only,acetylcholine,dopamine,0.7113905159306102,dopamine,0.7466425378182228,KCg-m,KCg-m,KCg-m_L,Kenyon_Cell,,cb_intrinsic,14292,KCg-m,KCg-m,,VFB_jrmc2kuo,L,,,Roughly traced,
518555,celltype_prediction_only,acetylcholine,dopamine,0.7735520117891634,dopamine,0.7466425378182228,KCg-m,KCg-m,KCg-m_R,Kenyon_Cell,,cb_intrinsic,14292,KCg-m,KCg-m,,VFB_jrmc2km4,R,,,Prelim Roughly traced,
519854,celltype_prediction_only,acetylcholine,dopamine,0.7381715731693621,dopamine,0.7466425378182228,KCg-m,KCg-m,KCg-m_R,Kenyon_Cell,,cb_intrinsic,14292,KCg-m,KCg-m,,VFB_jrmc2k9x,R,,,Prelim Roughly traced,
519857,celltype_prediction_only,acetylcholine,dopamine,0.7263151951075437,dopamine,0.7466425378182228,KCg-m,KCg-m,KCg-m_R,Kenyon_Cell,,cb_intrinsic,14292,KCg-m,KCg-m,,VFB_jrmc2dfm,R,,,Prelim Roughly traced,
521384,celltype_prediction_only,acetylcholine,dopamine,0.738844168717528,dopamine,0.7466425378182228,KCg-m,KCg-m,KCg-m_R,Kenyon_Cell,,cb_intrinsic,14292,KCg-m,KCg-m,,VFB_jrmc2d8t,R,,,Prelim Roughly traced,
522981,celltype_prediction_only,acetylcholine,dopamine,0.7373679881484713,dopamine,0.7466425378182228,KCg-m,KCg-m,KCg-m_L,Kenyon_Cell,,cb_intrinsic,14292,KCg-m,KCg-m,,VFB_jrmc2kip,L,,,Roughly traced,
523057,celltype_prediction_only,acetylcholine,dopamine,0.6868737022659565,dopamine,0.7466425378182228,KCg-m,KCg-m,KCg-m_R,Kenyon_Cell,,cb_intrinsic,14292,KCg-m,KCg-m,,VFB_jrmc2k9y,R,,,Prelim Roughly traced,
523358,celltype_prediction_only,acetylcholine,dopamine,0.7354569827447186,dopamine,0.7466425378182228,KCg-m,KCg-m,KCg-m_R,Kenyon_Cell,,cb_intrinsic,14292,KCg-m,KCg-m,,VFB_jrmc2km5,R,,,Prelim Roughly traced,
523630,celltype_prediction_only,acetylcholine,dopamine,0.755526811880536,dopamine,0.7466425378182228,KCg-m,KCg-m,KCg-m_R,Kenyon_Cell,,cb_intrinsic,14292,KCg-m,KCg-m,,VFB_jrmc2d8u,R,,,Prelim Roughly traced,
524809,celltype_prediction_only,acetylcholine,dopamine,0.722733089120835,dopamine,0.7466425378182228,KCg-m,KCg-m,KCg-m_R,Kenyon_Cell,,cb_intrinsic,14292,KCg-m,KCg-m,,VFB_jrmc2kre,R,,,Prelim Roughly traced,
524851,celltype_prediction_only,acetylcholine,dopamine,0.7739213269873647,dopamine,0.7466425378182228,KCg-m,KCg-m,KCg-m_R,Kenyon_Cell,,cb_intrinsic,14292,KCg-m,KCg-m,,VFB_jrmc2k9z,R,,,Prelim Roughly traced,
525305,celltype_prediction_only,acetylcholine,dopamine,0.8112704768173176,dopamine,0.7466425378182228,KCg-m,KCg-m,KCg-m_R,Kenyon_Cell,,cb_intrinsic,14292,KCg-m,KCg-m,,VFB_jrmc2ka0,R,,,Prelim Roughly traced,
526670,celltype_prediction_only,acetylcholine,dopamine,0.7082511070465922,dopamine,0.7466425378182228,KCg-m,KCg-m,KCg-m_R,Kenyon_Cell,,cb_intrinsic,14292,KCg-m,KCg-m,,VFB_jrmc2dcx,R,,,Prelim Roughly traced,
527209,celltype_prediction_only,acetylcholine,dopamine,0.7616574659617112,dopamine,0.7466425378182228,KCg-m,KCg-m,KCg-m_R,Kenyon_Cell,,cb_intrinsic,14292,KCg-m,KCg-m,,VFB_jrmc2d78,R,,,Prelim Roughly traced,
527211,celltype_prediction_only,acetylcholine,dopamine,0.8087627898244626,dopamine,0.7466425378182228,KCg-m,KCg-m,KCg-m_R,Kenyon_Cell,,cb_intrinsic,14292,KCg-m,KCg-m,,VFB_jrmc2kwa,R,,,Prelim Roughly traced,
529371,celltype_prediction_only,acetylcholine,dopamine,0.7231806500015963,dopamine,0.7466425378182228,KCg-m,KCg-m,KCg-m_L,Kenyon_Cell,,cb_intrinsic,14292,KCg-m,KCg-m,,VFB_jrmc2dby,L,,,Roughly traced,
531346,celltype_prediction_only,acetylcholine,dopamine,0.7765773990667478,dopamine,0.7466425378182228,KCg-m,KCg-m,KCg-m_L,Kenyon_Cell,,cb_intrinsic,14292,KCg-m,KCg-m,,VFB_jrmc2dfr,L,,,Roughly traced,
532284,celltype_prediction_only,acetylcholine,dopamine,0.7538856132075472,dopamine,0.7466425378182228,KCg-m,KCg-m,KCg-m_L,Kenyon_Cell,,cb_intrinsic,14292,KCg-m,KCg-m,,VFB_jrmc2ktz,L,,,Roughly traced,
532544,celltype_prediction_only,acetylcholine,dopamine,0.7444295468251917,dopamine,0.7466425378182228,KCg-m,KCg-m,KCg-m_R,Kenyon_Cell,,cb_intrinsic,14292,KCg-m,KCg-m,,VFB_jrmc2km6,R,,,Prelim Roughly traced,
533201,celltype_prediction_only,acetylcholine,dopamine,0.7403082373601241,dopamine,0.7466425378182228,KCg-m,KCg-m,KCg-m_R,Kenyon_Cell,,cb_intrinsic,14292,KCg-m,KCg-m,,VFB_jrmc2d63,R,,,Prelim Roughly traced,
533346,celltype_prediction_only,acetylcholine,dopamine,0.6987492853058891,dopamine,0.7466425378182228,KCg-m,KCg-m,KCg-m_R,Kenyon_Cell,,cb_intrinsic,14292,KCg-m,KCg-m,,VFB_jrmc2daz,R,,,Prelim Roughly traced,
533371,celltype_prediction_only,acetylcholine,dopamine,0.7393219057506545,dopamine,0.7466425378182228,KCg-m,KCg-m,KCg-m_R,Kenyon_Cell,,cb_intrinsic,14292,KCg-m,KCg-m,,VFB_jrmc2ka1,R,,,Prelim Roughly traced,
533585,celltype_prediction_only,acetylcholine,dopamine,0.7006494312539495,dopamine,0.7466425378182228,KCg-m,KCg-m,KCg-m_R,Kenyon_Cell,,cb_intrinsic,14292,KCg-m,KCg-m,,VFB_jrmc2ka2,R,,,Prelim Roughly traced,
534428,celltype_prediction_only,acetylcholine,dopamine,0.7365110375793986,dopamine,0.7466425378182228,KCg-m,KCg-m,KCg-m_R,Kenyon_Cell,,cb_intrinsic,14292,KCg-m,KCg-m,,VFB_jrmc2ddr,R,,,Prelim Roughly traced,
534582,celltype_prediction_only,acetylcholine,dopamine,0.7447612921669525,dopamine,0.7466425378182228,KCg-m,KCg-m,KCg-m_L,Kenyon_Cell,,cb_intrinsic,14292,KCg-m,KCg-m,,VFB_jrmc2kek,L,,,Roughly traced,
535357,celltype_prediction_only,acetylcholine,dopamine,0.7055897135274657,dopamine,0.7466425378182228,KCg-m,KCg-m,KCg-m_R,Kenyon_Cell,,cb_intrinsic,14292,KCg-m,KCg-m,,VFB_jrmc2ka3,R,,,Prelim Roughly traced,
536046,celltype_prediction_only,acetylcholine,dopamine,0.7464295073375262,dopamine,0.7466425378182228,KCg-m,KCg-m,KCg-m_L,Kenyon_Cell,,cb_intrinsic,14292,KCg-m,KCg-m,,VFB_jrmc2kel,L,,,Roughly traced,
536292,celltype_prediction_only,acetylcholine,dopamine,0.7501462188193115,dopamine,0.7466425378182228,KCg-m,KCg-m,KCg-m_R,Kenyon_Cell,,cb_intrinsic,14292,KCg-m,KCg-m,,VFB_jrmc2dcg,R,,,Prelim Roughly traced,
537082,celltype_prediction_only,acetylcholine,dopamine,0.708898028838779,dopamine,0.7466425378182228,KCg-m,KCg-m,KCg-m_R,Kenyon_Cell,,cb_intrinsic,14292,KCg-m,KCg-m,,VFB_jrmc2dcr,R,,,Prelim Roughly traced,
537099,celltype_prediction_only,acetylcholine,dopamine,0.8080316430817609,dopamine,0.7466425378182228,KCg-m,KCg-m,KCg-m_L,Kenyon_Cell,,cb_intrinsic,14292,KCg-m,KCg-m,,VFB_jrmc2kvj,L,,,Roughly traced,
537458,celltype_prediction_only,acetylcholine,dopamine,0.7034954848148521,dopamine,0.7466425378182228,KCg-m,KCg-m,KCg-m_L,Kenyon_Cell,,cb_intrinsic,14292,KCg-m,KCg-m,,VFB_jrmc2d80,L,,,Roughly traced,
537652,celltype_prediction_only,acetylcholine,dopamine,0.7676516498040288,dopamine,0.7466425378182228,KCg-m,KCg-m,KCg-m_R,Kenyon_Cell,,cb_intrinsic,14292,KCg-m,KCg-m,,VFB_jrmc2kwb,R,,,Prelim Roughly traced,
537759,celltype_prediction_only,acetylcholine,dopamine,0.7460602487135506,dopamine,0.7466425378182228,KCg-m,KCg-m,KCg-m_R,Kenyon_Cell,,cb_intrinsic,14292,KCg-m,KCg-m,,VFB_jrmc2df6,R,,,Prelim Roughly traced,
538096,celltype_prediction_only,acetylcholine,dopamine,0.7028650432196301,dopamine,0.7466425378182228,KCg-m,KCg-m,KCg-m_L,Kenyon_Cell,,cb_intrinsic,14292,KCg-m,KCg-m,,VFB_jrmc2kiq,L,,,Roughly traced,
539245,celltype_prediction_only,acetylcholine,dopamine,0.774809833418324,dopamine,0.7466425378182228,KCg-m,KCg-m,KCg-m_L,Kenyon_Cell,,cb_intrinsic,14292,KCg-m,KCg-m,,VFB_jrmc2kup,L,,,Roughly traced,
539249,celltype_prediction_only,acetylcholine,dopamine,0.7851817446896879,dopamine,0.7466425378182228,KCg-m,KCg-m,KCg-m_R,Kenyon_Cell,,cb_intrinsic,14292,KCg-m,KCg-m,,VFB_jrmc2kwc,R,,,Prelim Roughly traced,
539948,celltype_prediction_only,acetylcholine,dopamine,0.7555725120236774,dopamine,0.7466425378182228,KCg-m,KCg-m,KCg-m_L,Kenyon_Cell,,cb_intrinsic,14292,KCg-m,KCg-m,,VFB_jrmc2kuq,L,,,Roughly traced,
540535,celltype_prediction_only,acetylcholine,dopamine,0.7408698738929534,dopamine,0.7466425378182228,KCg-m,KCg-m,KCg-m_L,Kenyon_Cell,,cb_intrinsic,14292,KCg-m,KCg-m,,VFB_jrmc2ddd,L,,,Roughly traced,
541683,celltype_prediction_only,acetylcholine,dopamine,0.7219313291805844,dopamine,0.7466425378182228,KCg-m,KCg-m,KCg-m_R,Kenyon_Cell,,cb_intrinsic,14292,KCg-m,KCg-m,,VFB_jrmc2km7,R,,,Prelim Roughly traced,
541716,celltype_prediction_only,acetylcholine,dopamine,0.7580377702168608,dopamine,0.7466425378182228,KCg-m,KCg-m,KCg-m_R,Kenyon_Cell,,cb_intrinsic,14292,KCg-m,KCg-m,,VFB_jrmc2km8,R,,,Prelim Roughly traced,
543037,celltype_prediction_only,acetylcholine,dopamine,0.7217777919428862,dopamine,0.7466425378182228,KCg-m,KCg-m,KCg-m_L,Kenyon_Cell,,cb_intrinsic,14292,KCg-m,KCg-m,,VFB_jrmc2kur,L,,,Roughly traced,
543571,celltype_prediction_only,acetylcholine,dopamine,0.7219551282051282,dopamine,0.7466425378182228,KCg-m,KCg-m,KCg-m_L,Kenyon_Cell,,cb_intrinsic,14292,KCg-m,KCg-m,,VFB_jrmc2dfg,L,,,Roughly traced,
543605,celltype_prediction_only,acetylcholine,dopamine,0.753188075910487,dopamine,0.7466425378182228,KCg-m,KCg-m,KCg-m_R,Kenyon_Cell,,cb_intrinsic,14292,KCg-m,KCg-m,,VFB_jrmc2kp5,R,,,Prelim Roughly traced,
543682,celltype_prediction_only,acetylcholine,dopamine,0.7557123342051185,dopamine,0.7466425378182228,KCg-m,KCg-m,KCg-m_R,Kenyon_Cell,,cb_intrinsic,14292,KCg-m,KCg-m,,VFB_jrmc2dcs,R,,,Prelim Roughly traced,
543948,celltype_prediction_only,acetylcholine,dopamine,0.7236979865271692,dopamine,0.7466425378182228,KCg-m,KCg-m,KCg-m_R,Kenyon_Cell,,cb_intrinsic,14292,KCg-m,KCg-m,,VFB_jrmc2km9,R,,,Prelim Roughly traced,
544634,celltype_prediction_only,acetylcholine,dopamine,0.7332228146932823,dopamine,0.7466425378182228,KCg-m,KCg-m,KCg-m_L,Kenyon_Cell,,cb_intrinsic,14292,KCg-m,KCg-m,,VFB_jrmc2d81,L,,,Roughly traced,
544736,celltype_prediction_only,acetylcholine,dopamine,0.720990942192531,dopamine,0.7466425378182228,KCg-m,KCg-m,KCg-m_R,Kenyon_Cell,,cb_intrinsic,14292,KCg-m,KCg-m,,VFB_jrmc2kp6,R,,,Prelim Roughly traced,
545674,celltype_prediction_only,acetylcholine,dopamine,0.7322425314465408,dopamine,0.7466425378182228,KCg-m,KCg-m,KCg-m_L,Kenyon_Cell,,cb_intrinsic,14292,KCg-m,KCg-m,,VFB_jrmc2d82,L,,,Roughly traced,
546981,celltype_prediction_only,acetylcholine,dopamine,0.787222118438259,dopamine,0.7466425378182228,KCg-m,KCg-m,KCg-m_L,Kenyon_Cell,,cb_intrinsic,14292,KCg-m,KCg-m,,VFB_jrmc2kqq,L,,,Roughly traced,
547275,celltype_prediction_only,acetylcholine,dopamine,0.771919435329505,dopamine,0.7466425378182228,KCg-m,KCg-m,KCg-m_R,Kenyon_Cell,,cb_intrinsic,14292,KCg-m,KCg-m,,VFB_jrmc2deh,R,,,Prelim Roughly traced,
547276,celltype_prediction_only,acetylcholine,dopamine,0.7357180293501048,dopamine,0.7466425378182228,KCg-m,KCg-m,KCg-m_R,Kenyon_Cell,,cb_intrinsic,14292,KCg-m,KCg-m,,VFB_jrmc2ka4,R,,,Prelim Roughly traced,
548595,celltype_prediction_only,acetylcholine,dopamine,0.8286204255873824,dopamine,0.7466425378182228,KCg-m,KCg-m,KCg-m_L,Kenyon_Cell,,cb_intrinsic,14292,KCg-m,KCg-m,,VFB_jrmc2kt5,L,,,Roughly traced,
550868,celltype_prediction_only,acetylcholine,dopamine,0.7602740160275918,dopamine,0.7466425378182228,KCg-m,KCg-m,KCg-m_R,Kenyon_Cell,,cb_intrinsic,14292,KCg-m,KCg-m,,VFB_jrmc2kmh,R,,,Prelim Roughly traced,
552118,celltype_prediction_only,acetylcholine,dopamine,0.7599479922593131,dopamine,0.7466425378182228,KCg-m,KCg-m,KCg-m_L,Kenyon_Cell,,cb_intrinsic,14292,KCg-m,KCg-m,,VFB_jrmc2kem,L,,,Roughly traced,
552693,celltype_prediction_only,acetylcholine,dopamine,0.7124330378306628,dopamine,0.7466425378182228,KCg-m,KCg-m,KCg-m_R,Kenyon_Cell,,cb_intrinsic,14292,KCg-m,KCg-m,,VFB_jrmc2d7m,R,,,Prelim Roughly traced,
552867,celltype_prediction_only,acetylcholine,dopamine,0.7682309304950814,dopamine,0.7466425378182228,KCg-m,KCg-m,KCg-m_R,Kenyon_Cell,,cb_intrinsic,14292,KCg-m,KCg-m,,VFB_jrmc2dds,R,,,Prelim Roughly traced,
566092,celltype_prediction_only,acetylcholine,dopamine,0.8012217726631966,dopamine,0.7466425378182228,KCg-m,KCg-m,KCg-m_R,Kenyon_Cell,,cb_intrinsic,14292,KCg-m,KCg-m,,VFB_jrmc2dei,R,,,Prelim Roughly traced,
566095,celltype_prediction_only,acetylcholine,dopamine,0.7202001529831719,dopamine,0.7466425378182228,KCg-m,KCg-m,KCg-m_R,Kenyon_Cell,,cb_intrinsic,14292,KCg-m,KCg-m,,VFB_jrmc2ka5,R,,,Prelim Roughly traced,
566096,celltype_prediction_only,acetylcholine,dopamine,0.7585151336477988,dopamine,0.7466425378182228,KCg-m,KCg-m,KCg-m_R,Kenyon_Cell,,cb_intrinsic,14292,KCg-m,KCg-m,,VFB_jrmc2ka6,R,,,Prelim Roughly traced,
567978,celltype_prediction_only,acetylcholine,dopamine,0.7772712694389687,dopamine,0.7466425378182228,KCg-m,KCg-m,KCg-m_L,Kenyon_Cell,,cb_intrinsic,14292,KCg-m,KCg-m,,VFB_jrmc2d83,L,,,Roughly traced,
569213,celltype_prediction_only,acetylcholine,dopamine,0.7159965287272506,dopamine,0.7466425378182228,KCg-m,KCg-m,KCg-m_R,Kenyon_Cell,,cb_intrinsic,14292,KCg-m,KCg-m,,VFB_jrmc2d7n,R,,,Roughly traced,
569775,celltype_prediction_only,acetylcholine,dopamine,0.7551353602341366,dopamine,0.7466425378182228,KCg-m,KCg-m,KCg-m_R,Kenyon_Cell,,cb_intrinsic,14292,KCg-m,KCg-m,,VFB_jrmc2ka7,R,,,Prelim Roughly traced,
570526,celltype_prediction_only,acetylcholine,dopamine,0.8156276071749454,dopamine,0.7466425378182228,KCg-m,KCg-m,KCg-m_L,Kenyon_Cell,,cb_intrinsic,14292,KCg-m,KCg-m,,VFB_jrmc2ken,L,,,Roughly traced,
579717,celltype_prediction_only,acetylcholine,dopamine,0.7580678420455716,dopamine,0.7466425378182228,KCg-m,KCg-m,KCg-m_R,Kenyon_Cell,,cb_intrinsic,14292,KCg-m,KCg-m,,VFB_jrmc2ka8,R,,,Roughly traced,
580215,celltype_prediction_only,acetylcholine,dopamine,0.7457422827621615,dopamine,0.7466425378182228,KCg-m,KCg-m,KCg-m_L,Kenyon_Cell,,cb_intrinsic,14292,KCg-m,KCg-m,,VFB_jrmc2kir,L,,,Roughly traced,
580622,celltype_prediction_only,acetylcholine,dopamine,0.7977281660949114,dopamine,0.7466425378182228,KCg-m,KCg-m,KCg-m_L,Kenyon_Cell,,cb_intrinsic,14292,KCg-m,KCg-m,,VFB_jrmc2keo,L,,,Roughly traced,
580641,celltype_prediction_only,acetylcholine,dopamine,0.7549047216746456,dopamine,0.7466425378182228,KCg-m,KCg-m,KCg-m_L,Kenyon_Cell,,cb_intrinsic,14292,KCg-m,KCg-m,,VFB_jrmc2kis,L,,,Roughly traced,
581043,celltype_prediction_only,acetylcholine,dopamine,0.741138372059166,dopamine,0.7466425378182228,KCg-m,KCg-m,KCg-m_L,Kenyon_Cell,,cb_intrinsic,14292,KCg-m,KCg-m,,VFB_jrmc2kit,L,,,Roughly traced,
581328,celltype_prediction_only,acetylcholine,dopamine,0.7657279222954114,dopamine,0.7466425378182228,KCg-m,KCg-m,KCg-m_L,Kenyon_Cell,,cb_intrinsic,14292,KCg-m,KCg-m,,VFB_jrmc2kep,L,,,Roughly traced,
583848,celltype_prediction_only,acetylcholine,dopamine,0.7157853462233015,dopamine,0.7466425378182228,KCg-m,KCg-m,KCg-m_R,Kenyon_Cell,,cb_intrinsic,14292,KCg-m,KCg-m,,VFB_jrmc2ka9,R,,,Prelim Roughly traced,
583883,celltype_prediction_only,acetylcholine,dopamine,0.7313222763237979,dopamine,0.7466425378182228,KCg-m,KCg-m,KCg-m_R,Kenyon_Cell,,cb_intrinsic,14292,KCg-m,KCg-m,,VFB_jrmc2kp7,R,,,Prelim Roughly traced,
591438,celltype_prediction_only,acetylcholine,dopamine,0.7400860642171466,dopamine,0.7466425378182228,KCg-m,KCg-m,KCg-m_R,Kenyon_Cell,,cb_intrinsic,14292,KCg-m,KCg-m,,VFB_jrmc2kaa,R,,,Prelim Roughly traced,
18540,celltype_prediction_only,acetylcholine,dopamine,0.6413085201079056,dopamine,0.6719325763989679,KCg-s1,KCg-s1,KCg-s1_R,Kenyon_Cell,,cb_intrinsic,,KCg-s1,KCg-s1,,VFB_jrmc2dg9,R,,,Prelim Roughly traced,
21778,celltype_prediction_only,acetylcholine,dopamine,0.7049217395673694,dopamine,0.6719325763989679,KCg-s1,KCg-s1,KCg-s1_L,Kenyon_Cell,,cb_intrinsic,,KCg-s1,KCg-s1,,VFB_jrmc2dga,L,,,Prelim Roughly traced,
24146,celltype_prediction_only,acetylcholine,dopamine,0.501554856743536,dopamine,0.5431589844153444,KCg-s2,KCg-s2,KCg-s2_L,Kenyon_Cell,,cb_intrinsic,,KCg-s2,KCg-s2,,VFB_jrmc2dgb,L,,,Roughly traced,
25030,celltype_prediction_only,acetylcholine,dopamine,0.592894469108398,dopamine,0.5431589844153444,KCg-s2,KCg-s2,KCg-s2_R,Kenyon_Cell,,cb_intrinsic,,KCg-s2,KCg-s2,,VFB_jrmc2dgc,R,,,Roughly traced,
44850,celltype_prediction_only,acetylcholine,dopamine,0.5947099859674039,dopamine,0.5392953407778206,KCg-s3,KCg-s3,KCg-s3_L,Kenyon_Cell,,cb_intrinsic,14292,KCg-m,KCg-m,,VFB_jrmc2dge,L,,,Roughly traced,
79362,celltype_prediction_only,acetylcholine,unclear,0.48250677876535514,dopamine,0.5392953407778206,KCg-s3,KCg-s3,KCg-s3_R,Kenyon_Cell,,cb_intrinsic,14292,KCg-m,KCg-m,,VFB_jrmc2dgd,R,,,Prelim Roughly traced,
80128,celltype_prediction_only,acetylcholine,dopamine,0.7069734522121641,dopamine,0.6295596675466522,KCg-s4,KCg-s4,KCg-s4_R,Kenyon_Cell,,cb_intrinsic,14292,KCg-m,KCg-m,,VFB_jrmc2dgf,R,,,Prelim Roughly traced,
206739,celltype_prediction_only,acetylcholine,dopamine,0.5867718568529346,dopamine,0.6295596675466522,KCg-s4,KCg-s4,KCg-s4_L,Kenyon_Cell,,cb_intrinsic,14292,KCg-m,KCg-m,,VFB_jrmc2dgg,L,,,Roughly traced,
12388,individual_prediction_only,unclear,dopamine,0.5132154405371615,unclear,0.4862954083504609,ATL031,ATL031,ATL031_R,,,cb_intrinsic,,ATL031,ATL031,,VFB_jrmc3hrl,R,,,Roughly traced,
13021,individual_prediction_only,unclear,dopamine,0.5032830719803103,unclear,0.48184476294146106,PLP260,PLP260,PLP260_L,,,cb_intrinsic,,CB0452,,,VFB_jrmc1j5a,L,,,Roughly traced,
14061,individual_prediction_only,unclear,dopamine,0.5217082878319076,unclear,0.4960541492760872,SMP181,SMP181,SMP181_L,,,cb_intrinsic,,SMP181,SMP181,,VFB_jrmc1d7p,L,,,Roughly traced,
