rank,bodyId,consensus_dopamine_input_weight,consensus_dopamine_edge_count,fraction_of_consensus_dopamine_output,type,instance,class,subclass,superclass,supertype,flywireType,hemibrainType,mancType,vfbId,somaSide,somaNeuromere,rootSide,statusLabel,receptorType
1,10977,5942,312,0.006898833746466118,APL,APL_L,,,cb_intrinsic,,APL,APL,,VFB_jrmc3hpm,L,,,Roughly traced,
2,10540,5727,316,0.006649212532145988,APL,APL_R,,,cb_intrinsic,,APL,APL,,VFB_jrmc3hpl,R,,,Roughly traced,
3,521526,2755,102,0.003198634630009114,MBON03,MBON03(B'2mp)_R,MBON,,cb_intrinsic,,MBON03,MBON03,,VFB_jrmc2098,R,,,Roughly traced,
4,10495,2616,129,0.00303725161237889,MBON05,MBON05(y4>y1y2)_R,MBON,,cb_intrinsic,,MBON05,MBON05,,VFB_jrmc209c,R,,,Roughly traced,
5,11734,2368,290,0.002749316444232879,DPM,DPM_L,,,cb_intrinsic,,DPM,DPM,,VFB_jrmc30wd,L,,,Roughly traced,
6,12690,2347,59,0.0027249348372527732,MBON06,MBON06(B1>a)_L,MBON,,cb_intrinsic,,MBON06,MBON06,,VFB_jrmc209e,L,,,Roughly traced,
7,10079,2277,67,0.002643662813985754,MBON06,MBON06(B1>a)_R,MBON,,cb_intrinsic,,MBON06,MBON06,,VFB_jrmc209d,R,,,Roughly traced,
8,519373,2121,88,0.0024625423049906827,MBON03,MBON03(B'2mp)_L,MBON,,cb_intrinsic,,MBON03,MBON03,,VFB_jrmc2097,L,,,Roughly traced,
9,519371,2111,108,0.0024509320159525373,MBON05,MBON05(y4>y1y2)_L,MBON,,cb_intrinsic,,MBON05,MBON05,,VFB_jrmc209b,L,,,Roughly traced,
10,11402,1856,90,0.0021548696454798243,MBON11,MBON11(y1pedc>a/B)_R,MBON,,cb_intrinsic,,MBON11,MBON11,,VFB_jrmc209x,R,,,Roughly traced,
11,12569,1816,290,0.002108428489327242,DPM,DPM_R,,,cb_intrinsic,,DPM,DPM,,VFB_jrmc30we,R,,,Roughly traced,
12,523060,1539,74,0.0017868234829706085,MBON09,MBON09(y3B'1)_R,MBON,,cb_intrinsic,18713,MBON09,MBON09,,VFB_jrmc209l,R,,,Roughly traced,
13,19267,1436,73,0.0016672375058777089,MBON09,MBON09(y3B'1)_L,MBON,,cb_intrinsic,18713,MBON09,MBON09,,VFB_jrmc209k,L,,,Roughly traced,
14,18713,1401,77,0.0016266014942441993,MBON09,MBON09(y3B'1)_L,MBON,,cb_intrinsic,18713,MBON09,MBON09,,VFB_jrmc209j,L,,,Roughly traced,
15,10013,1311,99,0.0015221088929008887,MBON01,MBON01(y5B'2a)_R,MBON,,cb_intrinsic,,MBON01,MBON01,,VFB_jrmc2094,R,,,Roughly traced,
16,520151,1287,84,0.0014942441992093394,MBON01,MBON01(y5B'2a)_L,MBON,,cb_intrinsic,,MBON01,MBON01,,VFB_jrmc2093,L,,,Roughly traced,
17,10704,1264,64,0.0014675405344216044,MBON11,MBON11(y1pedc>a/B)_L,MBON,,cb_intrinsic,,MBON11,MBON11,,VFB_jrmc209w,L,,,Roughly traced,
18,21242,1241,76,0.0014408368696338695,MBON09,MBON09(y3B'1)_R,MBON,,cb_intrinsic,18713,MBON09,MBON09,,VFB_jrmc209m,R,,,Roughly traced,
19,525780,1176,101,0.0013653699908859232,MBON04,MBON04(B'2mp_bilateral)_R,MBON,,cb_intrinsic,,MBON04,MBON04,,VFB_jrmc2099,R,,,Roughly traced,
20,524893,977,77,0.0011343252390268255,MBON26,MBON26(b'2d)_L,MBON,,cb_intrinsic,,MBON26,MBON26,,VFB_jrmc20b9,L,,,Roughly traced,
21,530875,879,91,0.0010205444064529986,MBON04,MBON04(B'2mp_bilateral)_L,MBON,,cb_intrinsic,,MBON04,MBON04,,VFB_jrmc209a,L,,,Roughly traced,
22,522444,739,71,0.0008580003599189602,MBON02,MBON02(B2B'2a)_R,MBON,,cb_intrinsic,,MBON02,MBON02,,VFB_jrmc2095,R,,,Roughly traced,
23,522749,707,71,0.0008208474349968943,MBON02,MBON02(B2B'2a)_L,MBON,,cb_intrinsic,,MBON02,MBON02,,VFB_jrmc2096,L,,,Roughly traced,
24,523628,660,129,0.0007662790765176099,MBON21,MBON21(y4y5)_R,MBON,,cb_intrinsic,,MBON21,MBON21,,VFB_jrmc20au,R,,,Roughly traced,
25,11176,636,64,0.0007384143828260604,MBON26,MBON26(b'2d)_R,MBON,,cb_intrinsic,,MBON26,MBON26,,VFB_jrmc20b8,R,,,Roughly traced,
26,18603,626,33,0.0007268040937879149,MBON07,MBON07(a1)_L,MBON,,cb_intrinsic,12859,MBON07,MBON07,,VFB_jrmc209h,L,,,Roughly traced,
27,11455,623,20,0.0007233210070764712,MBON32,MBON32(y2)_L,MBON,,cb_intrinsic,,MBON32,MBON32,,VFB_jrmc20bl,L,,,Roughly traced,
28,10826,622,107,0.0007221599781726566,MBON21,MBON21(y4y5)_L,MBON,,cb_intrinsic,,MBON21,MBON21,,VFB_jrmc20av,L,,,Roughly traced,
29,515338,615,31,0.0007140327758459547,MBON07,MBON07(a1)_R,MBON,,cb_intrinsic,12859,MBON07,MBON07,,VFB_jrmc209i,R,,,Roughly traced,
30,15626,566,27,0.0006571423595590412,MBON07,MBON07(a1)_L,MBON,,cb_intrinsic,12859,MBON07,MBON07,,VFB_jrmc209g,L,,,Roughly traced,
31,12859,563,32,0.0006536592728475975,MBON07,MBON07(a1)_R,MBON,,cb_intrinsic,12859,MBON07,MBON07,,VFB_jrmc209f,R,,,Roughly traced,
32,10599,545,22,0.0006327607525789355,MBON35,MBON35(y2)_L,MBON,,cb_intrinsic,,MBON35,MBON35,,VFB_jrmc20br,L,,,Roughly traced,
33,519131,534,19,0.0006199894346369753,MBON32,MBON32(y2)_R,MBON,,cb_intrinsic,,MBON32,MBON32,,VFB_jrmc20bk,R,,,Roughly traced,
34,508595,517,20,0.0006002519432721277,MBON35,MBON35(y2)_R,MBON,,cb_intrinsic,,MBON35,MBON35,,VFB_jrmc20bq,R,,,Roughly traced,
35,10816,471,29,0.0005468446136966579,MBON31,MBON31(a'1a)_L,MBON,,cb_intrinsic,,MBON31,MBON31,,VFB_jrmc20bi,L,,,Roughly traced,
36,12726,438,11,0.0005085306598707775,MBON13,MBON13(a'2)_L,MBON,,cb_intrinsic,12726,MBON13,MBON13,,VFB_jrmc20a2,L,,,Roughly traced,
37,11805,432,25,0.0005015644864478901,MBON31,MBON31(a'1a)_R,MBON,,cb_intrinsic,,MBON31,MBON31,,VFB_jrmc20bj,R,,,Roughly traced,
38,287884,414,46,0.000480665966179228,OA-VPM3,OA-VPM3_L,,,cb_intrinsic,,OA-VPM3,OA-VPM3,,VFB_jrmc1nfv,L,,,Roughly traced,
39,11327,409,28,0.00047486082166015524,PPL101,PPL101(y1ped)_R,DAN,,cb_intrinsic,,PPL101,PPL101,,VFB_jrmc1j5z,R,,,Roughly traced,
40,10187,405,59,0.000470216706044897,OA-VPM3,OA-VPM3_R,,,cb_intrinsic,,OA-VPM3,OA-VPM3,,VFB_jrmc1nfw,R,,,Roughly traced,
41,514853,400,8,0.0004644115615258242,MBON13,MBON13(a'2)_R,MBON,,cb_intrinsic,12726,MBON13,MBON13,,VFB_jrmc20a3,R,,,Roughly traced,
42,10351,374,4,0.0004342248100266456,Li33,Li33_R,,,ol_intrinsic,,Li30,1343403608,,VFB_jrmc1zhn,R,,,Roughly traced,
43,515034,371,70,0.00043074172331520195,MBON27,MBON27(y5d)_R,MBON,,cb_intrinsic,,MBON27,MBON27,,VFB_jrmc20bb,R,,,Roughly traced,
44,18540,370,76,0.0004295806944113874,KCg-s1,KCg-s1_R,Kenyon_Cell,,cb_intrinsic,,KCg-s1,KCg-s1,,VFB_jrmc2dg9,R,,,Prelim Roughly traced,
45,26287,364,27,0.0004226145209885,FB4C,FB4C_R,CX,,cb_intrinsic,12083,"CB.FB3,4I5",FB4C,,VFB_jrmc303w,R,CG,,Roughly traced,
46,15325,361,25,0.0004191314342770563,FB4C,FB4C_L,CX,,cb_intrinsic,12083,"CB.FB3,4I5",FB4C,,VFB_jrmc303x,L,CG,,Roughly traced,
47,11900,354,31,0.0004110042319503544,PPL101,PPL101(y1ped)_L,DAN,,cb_intrinsic,,PPL101,PPL101,,VFB_jrmc1j5y,L,,,Roughly traced,
48,14182,341,18,0.0003959108562007651,PPL103,PPL103(y2a'1)_R,DAN,,cb_intrinsic,,PPL103,PPL103,,VFB_jrmc1j63,R,,,Roughly traced,
49,11512,334,11,0.0003877836538740632,hDeltaB,hDeltaB_08_C7,CX,,cb_intrinsic,11512,hDeltaB,hDeltaB,,VFB_jrmc02ix,L,,,Prelim Roughly traced,
50,18406,329,57,0.0003819785093549904,MBON24,MBON24(B2y5)_L,MBON,,cb_intrinsic,,MBON24,MBON24,,VFB_jrmc20b0,L,,,Roughly traced,
51,11752,326,25,0.0003784954226435467,PPL103,PPL103(y2a'1)_L,DAN,,cb_intrinsic,,PPL103,PPL103,,VFB_jrmc1j62,L,,,Roughly traced,
52,21778,319,81,0.0003703682203168448,KCg-s1,KCg-s1_L,Kenyon_Cell,,cb_intrinsic,,KCg-s1,KCg-s1,,VFB_jrmc2dga,L,,,Prelim Roughly traced,
53,11785,315,50,0.00036572410470158654,MBON33,MBON33(y2y3)_L,MBON,,cb_intrinsic,,MBON33,MBON33,,VFB_jrmc20bm,L,,,Roughly traced,
54,15708,314,60,0.00036456307579777196,MBON24,MBON24(B2y5)_R,MBON,,cb_intrinsic,,MBON24,MBON24,,VFB_jrmc20b1,R,,,Roughly traced,
55,13768,308,15,0.0003575969023748846,MBON12,MBON12(y2a'1)_L,MBON,,cb_intrinsic,13728,MBON12,MBON12,,VFB_jrmc209z,L,,,Roughly traced,
56,10051,306,6,0.00035527484456725553,Li39,Li39_L,,,ol_intrinsic,,Li33,mALC2,,VFB_jrmc1zm7,L,,,Roughly traced,
57,512788,306,8,0.00035527484456725553,MBON18,MBON18(a2sc)_L,MBON,,cb_intrinsic,11777,MBON18,MBON18,,VFB_jrmc20am,L,,,Roughly traced,
58,523987,305,73,0.00035411381566344095,MBON29,MBON29(y4y5)_R,MBON,,cb_intrinsic,22870,MBON29,MBON29,,VFB_jrmc20bf,R,,,Roughly traced,
59,22086,303,13,0.0003517917578558118,hDeltaB,hDeltaB_13_C11,CX,,cb_intrinsic,11512,hDeltaB,hDeltaB,,VFB_jrmc02ij,L,,,Prelim Roughly traced,
60,513174,301,55,0.0003494697000481827,MBON30,MBON30(y1y2y3)_L,MBON,,cb_intrinsic,,MBON30,MBON30,,VFB_jrmc20bg,L,,,Prelim Roughly traced,
61,519128,296,77,0.0003436645555291099,MBON27,MBON27(y5d)_L,MBON,,cb_intrinsic,,MBON27,MBON27,,VFB_jrmc20ba,L,,,Roughly traced,
62,17816,291,10,0.00033785941101003707,hDeltaB,hDeltaB_01_C1,CX,,cb_intrinsic,11512,hDeltaB,hDeltaB,,VFB_jrmc02iy,R,,,Prelim Roughly traced,
63,513702,288,10,0.0003343763242985934,hDeltaB,hDeltaB_14_C12,CX,,cb_intrinsic,11512,hDeltaB,hDeltaB,,VFB_jrmc02iq,L,,,Prelim Roughly traced,
64,23090,282,10,0.00032741015087570606,hDeltaB,hDeltaB_04_C4,CX,,cb_intrinsic,11512,hDeltaB,hDeltaB,,VFB_jrmc02iu,R,,,Prelim Roughly traced,
65,44069,277,44,0.00032160500635663325,KCg-d,KCg-d_L,Kenyon_Cell,,cb_intrinsic,19102,KCg-d,KCg-d,,VFB_jrmc2k5r,L,,,Roughly traced,
66,13728,274,12,0.0003181219196451896,MBON12,MBON12(y2a'1)_L,MBON,,cb_intrinsic,13728,MBON12,MBON12,,VFB_jrmc209y,L,,,Roughly traced,
67,17946,274,3,0.0003181219196451896,MBON14,MBON14(a3)_R,MBON,,cb_intrinsic,10267,MBON14,MBON14,,VFB_jrmc20a6,R,,,Roughly traced,
68,19366,274,5,0.0003181219196451896,MBON14,MBON14(a3)_L,MBON,,cb_intrinsic,10267,MBON14,MBON14,,VFB_jrmc20a5,L,,,Roughly traced,
69,512362,272,11,0.00031579986183756043,hDeltaB,hDeltaB_09_C7,CX,,cb_intrinsic,11512,hDeltaB,hDeltaB,,VFB_jrmc02ip,L,,,Prelim Roughly traced,
70,521086,272,15,0.00031579986183756043,MBON12,MBON12(y2a'1)_R,MBON,,cb_intrinsic,13728,MBON12,MBON12,,VFB_jrmc20a1,R,,,Roughly traced,
71,515192,271,12,0.0003146388329337459,hDeltaB,hDeltaB_07_C6,CX,,cb_intrinsic,11512,hDeltaB,hDeltaB,,VFB_jrmc02ir,R,,,Prelim Roughly traced,
72,14225,269,12,0.00031231677512611676,PPL105,PPL105(a'2a2)_R,DAN,,cb_intrinsic,,PPL105,PPL105,,VFB_jrmc1j66,R,,,Roughly traced,
73,515015,269,49,0.00031231677512611676,MBON30,MBON30(y1y2y3)_R,MBON,,cb_intrinsic,,MBON30,MBON30,,VFB_jrmc20bh,R,,,Prelim Roughly traced,
74,19100,268,11,0.0003111557462223022,hDeltaB,hDeltaB_10_C8,CX,,cb_intrinsic,11512,hDeltaB,hDeltaB,,VFB_jrmc02ii,L,,,Prelim Roughly traced,
75,520206,268,62,0.0003111557462223022,KCg-d,KCg-d_R,Kenyon_Cell,,cb_intrinsic,19102,KCg-d,KCg-d,,VFB_jrmc2k53,R,,,Prelim Roughly traced,
76,19602,264,10,0.00030651163060704394,hDeltaB,hDeltaB_05_C5,CX,,cb_intrinsic,11512,hDeltaB,hDeltaB,,VFB_jrmc02is,R,,,Prelim Roughly traced,
77,519619,263,73,0.0003053506017032294,MBON29,MBON29(y4y5)_L,MBON,,cb_intrinsic,22870,MBON29,MBON29,,VFB_jrmc20be,L,,,Roughly traced,
78,20520,262,10,0.00030418957279941484,hDeltaB,hDeltaB_11_C9,CX,,cb_intrinsic,11512,hDeltaB,hDeltaB,,VFB_jrmc02it,L,,,Prelim Roughly traced,
79,519368,261,11,0.00030302854389560027,MBON12,MBON12(y2a'1)_R,MBON,,cb_intrinsic,13728,MBON12,MBON12,,VFB_jrmc20a0,R,,,Roughly traced,
80,17820,259,10,0.0003007064860879712,hDeltaB,hDeltaB_02_C2,CX,,cb_intrinsic,11512,hDeltaB,hDeltaB,,VFB_jrmc02ih,R,,,Prelim Roughly traced,
81,32718,256,10,0.0002972233993765275,hDeltaB,hDeltaB_12_C10,CX,,cb_intrinsic,11512,hDeltaB,hDeltaB,,VFB_jrmc02in,L,,,Prelim Roughly traced,
82,31656,255,10,0.00029606237047271293,hDeltaB,hDeltaB_11_C9,CX,,cb_intrinsic,11512,hDeltaB,hDeltaB,,VFB_jrmc02il,L,,,Prelim Roughly traced,
83,11873,252,4,0.00029257928376126926,MBON14,MBON14(a3)_L,MBON,,cb_intrinsic,10267,MBON14,MBON14,,VFB_jrmc20a4,L,,,Roughly traced,
84,34924,252,10,0.00029257928376126926,hDeltaB,hDeltaB_04_C4,CX,,cb_intrinsic,11512,hDeltaB,hDeltaB,,VFB_jrmc02io,R,,,Prelim Roughly traced,
85,32675,249,11,0.00028909619704982554,hDeltaB,hDeltaB_12_C10,CX,,cb_intrinsic,11512,hDeltaB,hDeltaB,,VFB_jrmc02im,L,,,Prelim Roughly traced,
86,16076,248,4,0.000287935168146011,Li33,Li33_L,,,ol_intrinsic,,Li30,1343403608,,VFB_jrmc1zho,L,,,Prelim Roughly traced,
87,14221,247,7,0.00028677413924219644,MBON18,MBON18(a2sc)_R,MBON,,cb_intrinsic,11777,MBON18,MBON18,,VFB_jrmc20an,R,,,Roughly traced,
88,42739,246,10,0.00028561311033838187,hDeltaB,hDeltaB_03_C3,CX,,cb_intrinsic,11512,hDeltaB,hDeltaB,,VFB_jrmc02iv,R,,,Prelim Roughly traced,
89,512326,246,6,0.00028561311033838187,PPL105,PPL105(a'2a2)_L,DAN,,cb_intrinsic,,PPL105,PPL105,,VFB_jrmc1j67,L,,,Roughly traced,
90,13417,243,11,0.0002821300236269382,hDeltaB,hDeltaB_03_C3,CX,,cb_intrinsic,11512,hDeltaB,hDeltaB,,VFB_jrmc02ig,R,,,Prelim Roughly traced,
91,15888,240,22,0.00027864693691549453,FB4M,FB4M(PPM3-FB3/4-NO-DAN)_R,CX,,cb_intrinsic,12333,"CB.FB3,4A10",FB4M,,VFB_jrmc3057,R,,,Roughly traced,
92,524876,239,10,0.00027748590801167996,hDeltaB,hDeltaB_03_C3,CX,,cb_intrinsic,11512,hDeltaB,hDeltaB,,VFB_jrmc02iw,R,,,Prelim Roughly traced,
93,521584,238,34,0.0002763248791078654,FB1H,FB1H(NO2/3)_L,CX,,cb_intrinsic,,CB.FBTF0,FB1H,,VFB_jrmc300b,L,,,Roughly traced,
94,523043,236,42,0.0002740028213002363,MBON33,MBON33(y2y3)_R,MBON,,cb_intrinsic,,MBON33,MBON33,,VFB_jrmc20bn,R,,,Roughly traced,
95,10804,235,25,0.0002728417923964217,MBON20,MBON20(y1y2)_R,MBON,,cb_intrinsic,,MBON20,MBON20,,VFB_jrmc20at,R,,,Roughly traced,
96,27109,235,11,0.0002728417923964217,hDeltaB,hDeltaB_06_C6,CX,,cb_intrinsic,11512,hDeltaB,hDeltaB,,VFB_jrmc02ik,R,,,Prelim Roughly traced,
97,533103,234,31,0.00027168076349260714,FB1H,FB1H(NO2/3)_R,CX,,cb_intrinsic,,CB.FBTF0,FB1H,,VFB_jrmc300c,R,,,Roughly traced,
98,562782,234,9,0.00027168076349260714,MBON16,MBON16(a'3ap)_R,MBON,,cb_intrinsic,11777,MBON16,MBON16,,VFB_jrmc20ah,R,,,Roughly traced,
99,12333,229,18,0.00026587561897353437,FB4M,FB4M(PPM3-FB3/4-NO-DAN)_R,CX,,cb_intrinsic,12333,"CB.FB3,4A10",FB4M,,VFB_jrmc3058,R,,,Roughly traced,
100,44903,227,20,0.0002635535611659052,FB4M,FB4M(PPM3-FB3/4-NO-DAN)_L,CX,,cb_intrinsic,12333,"CB.FB3,4A10",FB4M,,VFB_jrmc305a,L,,,Roughly traced,
101,43756,225,20,0.00026123150335827613,FB4M,FB4M(PPM3-FB3/4-NO-DAN)_L,CX,,cb_intrinsic,12333,"CB.FB3,4A10",FB4M,,VFB_jrmc3059,L,,,Roughly traced,
102,10285,224,35,0.00026007047445446155,CRE011,CRE011_L,,,cb_intrinsic,,CRE011,CRE011,,VFB_jrmc34rm,L,,,Roughly traced,
103,12844,215,14,0.0002496212143201305,FB3A,FB3A_L,CX,,cb_intrinsic,12844,"CB.FB3,4I0",FB3A,,VFB_jrmc3034,L,CG,,Roughly traced,
104,11618,214,27,0.0002484601854163159,PPL102,PPL102(y1)_L,DAN,,cb_intrinsic,,PPL102,PPL102,,VFB_jrmc1j61,L,,,Roughly traced,
105,10352,213,4,0.0002472991565125014,Li32,Li32_R,,,ol_intrinsic,,Li32,,,VFB_jrmc1zhm,R,,,Roughly traced,
106,10224,210,8,0.0002438160698010577,AVLP001,AVLP001_L,,,cb_intrinsic,,AVLP001,AVLP001,,VFB_jrmc3hsi,L,,,Roughly traced,
107,11886,207,7,0.000240332983089614,ExR1,ExR1_R,CX,,cb_intrinsic,,ExR1,ExR1,,VFB_jrmc2zys,R,,,Roughly traced,
108,10241,205,8,0.0002380109252819849,AVLP001,AVLP001_R,,,cb_intrinsic,,AVLP001,AVLP001,,VFB_jrmc3hsh,R,,,Roughly traced,
109,10267,205,3,0.0002380109252819849,MBON14,MBON14(a3)_R,MBON,,cb_intrinsic,10267,MBON14,MBON14,,VFB_jrmc20a7,R,,,Roughly traced,
110,21568,202,8,0.0002345278385705412,AVLP080,AVLP080_R,,,cb_intrinsic,,AVLP080,AVLP080,,VFB_jrmc3hzz,R,,,Roughly traced,
111,11145,201,30,0.00023336680966672666,MBON20,MBON20(y1y2)_L,MBON,,cb_intrinsic,,MBON20,MBON20,,VFB_jrmc20as,L,,,Roughly traced,
112,24146,201,59,0.00023336680966672666,KCg-s2,KCg-s2_L,Kenyon_Cell,,cb_intrinsic,,KCg-s2,KCg-s2,,VFB_jrmc2dgb,L,,,Roughly traced,
113,523636,200,21,0.0002322057807629121,VES092,VES092(hb1629383757)_R,,,cb_intrinsic,,CB0584,(hb1629383757),,VFB_jrmc07a7,R,,,Roughly traced,
114,12656,199,9,0.00023104475185909754,ExR1,ExR1_L,CX,,cb_intrinsic,,ExR1,ExR1,,VFB_jrmc2zyt,L,,,Roughly traced,
115,15768,195,12,0.0002264006362438393,FB3A,FB3A_R,CX,,cb_intrinsic,12844,"CB.FB3,4I0",FB3A,,VFB_jrmc3033,R,CG,,Roughly traced,
116,41645,185,61,0.0002147903472056937,KCa'b'-ap2,KCa'b'-ap2_R,Kenyon_Cell,,cb_intrinsic,17488,KCapbp-ap2,KCa'b'-ap2,,VFB_jrmc2ibk,R,,,Roughly traced,
117,13428,181,22,0.00021014623159043544,PPL102,PPL102(y1)_R,DAN,,cb_intrinsic,,PPL102,PPL102,,VFB_jrmc1j60,R,,,Roughly traced,
118,137021,181,63,0.00021014623159043544,KCa'b'-ap2,KCa'b'-ap2_L,Kenyon_Cell,,cb_intrinsic,17488,KCapbp-ap2,KCa'b'-ap2,,VFB_jrmc2idm,L,,,Roughly traced,
119,10172,180,9,0.00020898520268662087,AVLP080,AVLP080_L,,,cb_intrinsic,,AVLP080,AVLP080,,VFB_jrmc3hzy,L,,,Roughly traced,
120,519365,180,12,0.00020898520268662087,VES092,VES092_L,,,cb_intrinsic,,CB0584,,,VFB_jrmc07a8,L,,,Roughly traced,
121,25030,174,55,0.00020201902926373353,KCg-s2,KCg-s2_R,Kenyon_Cell,,cb_intrinsic,,KCg-s2,KCg-s2,,VFB_jrmc2dgc,R,,,Roughly traced,
122,12423,172,5,0.0001996969714561044,AVLP536,AVLP536_R,,,cb_intrinsic,,AVLP536,AVLP536,,VFB_jrmc3j2e,R,,,Roughly traced,
123,15919,172,14,0.0001996969714561044,FB3A,FB3A_L,CX,,cb_intrinsic,12844,"CB.FB3,4I0",FB3A,,VFB_jrmc3032,L,CG,,Roughly traced,
124,10719,170,8,0.0001973749136484753,AVLP079,AVLP079_R,,,cb_intrinsic,,AVLP079,AVLP079,,VFB_jrmc3hzw,R,,,Roughly traced,
125,17061,169,17,0.0001962138847446607,FB4L,FB4L_L,CX,,cb_intrinsic,10568,"CB.FB3,4A21",FB4L,,VFB_jrmc3053,L,,,Roughly traced,
126,10611,168,5,0.00019505285584084617,Li39,Li39_R,,,ol_intrinsic,,Li33,mALC2,,VFB_jrmc1zm6,R,,,Prelim Roughly traced,
127,10044,166,32,0.00019273079803321704,SMP108,SMP108_L,,,cb_intrinsic,,SMP108,SMP108,,VFB_jrmc1d25,L,,,Roughly traced,
128,44850,166,56,0.00019273079803321704,KCg-s3,KCg-s3_L,Kenyon_Cell,,cb_intrinsic,14292,KCg-m,KCg-m,,VFB_jrmc2dge,L,,,Roughly traced,
129,10830,165,46,0.00019156976912940247,LAL159,LAL159_L,,,cb_intrinsic,,LAL159,LAL159,,VFB_jrmc2czf,L,,,Roughly traced,
130,10537,164,17,0.00019040874022558792,LNO2,LNO2_R,CX,,cb_intrinsic,10537,LNO2,LNO2,,VFB_jrmc238e,R,CG,,Roughly traced,
131,12083,164,18,0.00019040874022558792,FB4B,FB4B_L,CX,,cb_intrinsic,12083,"CB.FB3,4I8",FB4B,,VFB_jrmc303v,L,CG,,Roughly traced,
132,515463,164,12,0.00019040874022558792,FB3A,FB3A_R,CX,,cb_intrinsic,12844,"CB.FB3,4I0",FB3A,,VFB_jrmc3035,R,CG,,Roughly traced,
133,48113,163,30,0.00018924771132177335,PAM10,PAM10(B1)_L,DAN,,cb_intrinsic,28434,PAM10,PAM10,,VFB_jrmc1pwj,L,,,Roughly traced,
134,11497,161,19,0.00018692565351414422,LNO2,LNO2_L,CX,,cb_intrinsic,10537,LNO2,LNO2,,VFB_jrmc238d,L,CG,,Roughly traced,
135,23846,159,16,0.0001846035957065151,FB4N,FB4N_R,CX,,cb_intrinsic,,"CB.FB3,4A0",FB4N,,VFB_jrmc305b,R,,,Roughly traced,
136,41602,159,49,0.0001846035957065151,KCa'b'-ap1,KCa'b'-ap1_L,Kenyon_Cell,,cb_intrinsic,17488,KCapbp-ap1,KCa'b'-ap1,,VFB_jrmc2i4l,L,,,Roughly traced,
137,519132,159,28,0.0001846035957065151,CRE011,CRE011_R,,,cb_intrinsic,,CRE011,CRE011,,VFB_jrmc34rl,R,,,Roughly traced,
138,10185,158,32,0.00018344256680270056,OA-VUMa8,OA-VUMa8_M,,,cb_intrinsic,10185,OA-VUMa8,,,VFB_jrmc1ngb,M,MX,,Roughly traced,
139,520186,158,4,0.00018344256680270056,MBON16,MBON16(a'3ap)_L,MBON,,cb_intrinsic,11777,MBON16,MBON16,,VFB_jrmc20ag,L,,,Roughly traced,
140,149136,155,40,0.00017995948009125686,KCab-p,KCab-p_L,Kenyon_Cell,,cb_intrinsic,11862,KCab-p,KCab-p,,VFB_jrmc2jhq,L,,,Roughly traced,
141,10969,153,14,0.00017763742228362776,ExR4,ExR4_L,CX,,cb_intrinsic,10099,ExR4,ExR4,,VFB_jrmc2zz3,L,CG,,Roughly traced,
142,139584,153,54,0.00017763742228362776,KCa'b'-m,KCa'b'-m_L,Kenyon_Cell,,cb_intrinsic,17488,KCapbp-m,KCa'b'-m,,VFB_jrmc2ii7,L,,,Roughly traced,
143,512662,153,22,0.00017763742228362776,CRE013,CRE013_L,,,cb_intrinsic,,CRE013,CRE013,,VFB_jrmc34rp,L,,,Roughly traced,
144,32805,152,11,0.0001764763933798132,FB2B_a,FB2B_a_L,CX,,cb_intrinsic,18221,CB.FB2K1,FB2B_a,,VFB_jrmc300n,L,,,Roughly traced,
145,520817,151,9,0.00017531536447599864,ExR4,ExR4_R,CX,,cb_intrinsic,10099,ExR4,ExR4,,VFB_jrmc2zz2,R,CG,,Roughly traced,
146,11433,149,9,0.00017299330666836952,ExR1,ExR1_L,CX,,cb_intrinsic,,ExR1,ExR1,,VFB_jrmc2zyu,L,,,Roughly traced,
147,25763,149,7,0.00017299330666836952,FB5N,FB5N_R,CX,,cb_intrinsic,11994,FB5N,FB5N,,VFB_jrmc307y,R,CG,,Roughly traced,
148,107737,149,40,0.00017299330666836952,KCab-p,KCab-p_L,Kenyon_Cell,,cb_intrinsic,11862,KCab-p,KCab-p,,VFB_jrmc2jgm,L,,,Roughly traced,
149,79362,148,43,0.00017183227776455495,KCg-s3,KCg-s3_R,Kenyon_Cell,,cb_intrinsic,14292,KCg-m,KCg-m,,VFB_jrmc2dgd,R,,,Prelim Roughly traced,
150,133102,147,44,0.0001706712488607404,KCab-p,KCab-p_L,Kenyon_Cell,,cb_intrinsic,11862,KCab-p,KCab-p,,VFB_jrmc2jhl,L,,,Roughly traced,
151,10568,145,17,0.00016834919105311128,FB4L,FB4L_R,CX,,cb_intrinsic,10568,"CB.FB3,4A21",FB4L,,VFB_jrmc3055,R,,,Roughly traced,
152,12802,145,18,0.00016834919105311128,FB4B,FB4B_R,CX,,cb_intrinsic,12083,"CB.FB3,4I8",FB4B,,VFB_jrmc303u,R,CG,,Roughly traced,
153,10307,144,5,0.0001671881621492967,AVLP083,AVLP083(no left?)_R,,,cb_intrinsic,,AVLP083,AVLP083,,VFB_jrmc3i04,R,,,Prelim Roughly traced,
154,40821,144,53,0.0001671881621492967,KCg,KCg_L,Kenyon_Cell,,cb_intrinsic,,,,,VFB_jrmc2k02,L,,,Prelim Roughly traced,
155,81631,142,48,0.00016486610434166758,KCab-p,KCab-p_L,Kenyon_Cell,,cb_intrinsic,11862,KCab-p,KCab-p,,VFB_jrmc2jg1,L,,,Roughly traced,
156,108072,142,36,0.00016486610434166758,KCab-p,KCab-p_L,Kenyon_Cell,,cb_intrinsic,11862,KCab-p,KCab-p,,VFB_jrmc2jg4,L,,,Roughly traced,
157,18221,141,14,0.00016370507543785303,FB2B_a,FB2B_a_R,CX,,cb_intrinsic,18221,CB.FB2K1,FB2B_a,,VFB_jrmc300o,R,,,Roughly traced,
158,29537,141,10,0.00016370507543785303,FB2B_a,FB2B_a_R,CX,,cb_intrinsic,18221,CB.FB2K1,FB2B_a,,VFB_jrmc300l,R,,,Roughly traced,
159,91382,141,43,0.00016370507543785303,KCab-p,KCab-p_R,Kenyon_Cell,,cb_intrinsic,11862,KCab-p,KCab-p,,VFB_jrmc2jel,R,,,Roughly traced,
160,36723,140,53,0.00016254404653403846,KCg-d,KCg-d_R,Kenyon_Cell,,cb_intrinsic,19102,KCg-d,KCg-d,,VFB_jrmc2k4x,R,,,Prelim Roughly traced,
161,69047,139,37,0.0001613830176302239,KCab-p,KCab-p_R,Kenyon_Cell,,cb_intrinsic,11862,KCab-p,KCab-p,,VFB_jrmc2jfg,R,,,Roughly traced,
162,85428,139,36,0.0001613830176302239,KCab-p,KCab-p_L,Kenyon_Cell,,cb_intrinsic,11862,KCab-p,KCab-p,,VFB_jrmc2jha,L,,,Roughly traced,
163,516919,139,14,0.0001613830176302239,hDeltaA,hDeltaA_05_C5,CX,,cb_intrinsic,11512,hDeltaA,hDeltaA,,VFB_jrmc02i8,R,,,Roughly traced,
164,10294,138,10,0.00016022198872640934,OLVC5,OLVC5(PS064)_L,,,visual_centrifugal,10294,cMLLP01,PS064,,VFB_jrmc1nhv,L,,,Roughly traced,
165,12654,138,20,0.00016022198872640934,SIP087,SIP087_L,,,cb_intrinsic,,SIP087,SIP087,,VFB_jrmc1blp,L,,,Roughly traced,
166,125644,138,61,0.00016022198872640934,KCg-d,KCg-d_L,Kenyon_Cell,,cb_intrinsic,19102,KCg-d,KCg-d,,VFB_jrmc2k44,L,,,Roughly traced,
167,38657,137,47,0.0001590609598225948,KCg-d,KCg-d_R,Kenyon_Cell,,cb_intrinsic,19102,KCg-d,KCg-d,,VFB_jrmc2k4y,R,,,Prelim Roughly traced,
168,11155,136,12,0.00015789993091878021,OLVC5,OLVC5(PS064)_R,,,visual_centrifugal,10294,cMLLP01,PS064,,VFB_jrmc1nhu,R,,,Roughly traced,
169,49022,136,46,0.00015789993091878021,KCa'b'-ap1,KCa'b'-ap1_L,Kenyon_Cell,,cb_intrinsic,17488,KCapbp-ap1,KCa'b'-ap1,,VFB_jrmc2i2i,L,,,Roughly traced,
170,144134,136,42,0.00015789993091878021,KCab-p,KCab-p_L,Kenyon_Cell,,cb_intrinsic,11862,KCab-p,KCab-p,,VFB_jrmc2jfs,L,,,Roughly traced,
171,170179,136,38,0.00015789993091878021,KCab-p,KCab-p_L,Kenyon_Cell,,cb_intrinsic,11862,KCab-p,KCab-p,,VFB_jrmc2jft,L,,,Roughly traced,
172,524596,136,12,0.00015789993091878021,hDeltaA,hDeltaA_02_C2,CX,,cb_intrinsic,11512,hDeltaA,hDeltaA,,VFB_jrmc02ie,R,,,Roughly traced,
173,10099,135,12,0.00015673890201496567,ExR6,ExR6_R,CX,,cb_intrinsic,10099,ExR6,ExR6,,VFB_jrmc2zz9,R,CG,,Roughly traced,
174,10421,135,7,0.00015673890201496567,AVLP079,AVLP079_L,,,cb_intrinsic,,AVLP079,AVLP079,,VFB_jrmc3hzx,L,,,Roughly traced,
175,12506,135,22,0.00015673890201496567,ExR6,ExR6_L,CX,,cb_intrinsic,10099,ExR6,ExR6,,VFB_jrmc2zz8,L,CG,,Roughly traced,
176,54067,135,43,0.00015673890201496567,KCa'b'-ap1,KCa'b'-ap1_L,Kenyon_Cell,,cb_intrinsic,17488,KCapbp-ap1,KCa'b'-ap1,,VFB_jrmc2i4q,L,,,Roughly traced,
177,54647,135,48,0.00015673890201496567,KCa'b'-ap1,KCa'b'-ap1_L,Kenyon_Cell,,cb_intrinsic,17488,KCapbp-ap1,KCa'b'-ap1,,VFB_jrmc2i6g,L,,,Roughly traced,
178,55485,135,46,0.00015673890201496567,KCa'b'-ap1,KCa'b'-ap1_L,Kenyon_Cell,,cb_intrinsic,17488,KCapbp-ap1,KCa'b'-ap1,,VFB_jrmc2i4s,L,,,Roughly traced,
179,68484,135,37,0.00015673890201496567,KCab-p,KCab-p_L,Kenyon_Cell,,cb_intrinsic,11862,KCab-p,KCab-p,,VFB_jrmc2jgo,L,,,Roughly traced,
180,149401,135,37,0.00015673890201496567,KCab-p,KCab-p_L,Kenyon_Cell,,cb_intrinsic,11862,KCab-p,KCab-p,,VFB_jrmc2jfx,L,,,Roughly traced,
181,153584,135,37,0.00015673890201496567,KCab-p,KCab-p_L,Kenyon_Cell,,cb_intrinsic,11862,KCab-p,KCab-p,,VFB_jrmc2jgh,L,,,Roughly traced,
182,10847,134,3,0.0001555778731111511,AVLP532,AVLP532_R,,,cb_intrinsic,,AVLP532,AVLP532,,VFB_jrmc3j25,R,,,Roughly traced,
183,54429,134,47,0.0001555778731111511,KCa'b'-m,KCa'b'-m_L,Kenyon_Cell,,cb_intrinsic,17488,KCapbp-m,KCa'b'-m,,VFB_jrmc2iii,L,,,Roughly traced,
184,65714,134,45,0.0001555778731111511,KCa'b'-m,KCa'b'-m_L,Kenyon_Cell,,cb_intrinsic,17488,KCapbp-m,KCa'b'-m,,VFB_jrmc2iis,L,,,Roughly traced,
185,133601,134,13,0.0001555778731111511,FB4X,FB4X_L,CX,,cb_intrinsic,,"CB.FB3,4A1",FB4X,,VFB_jrmc3066,L,,,Roughly traced,
186,523672,134,5,0.0001555778731111511,AVLP078,AVLP078_R,,,cb_intrinsic,,AVLP078,AVLP078,,VFB_jrmc3hzu,R,,,Roughly traced,
187,10074,132,9,0.00015325581530352197,PVLP010,PVLP010_L,,,cb_intrinsic,,PVLP010,PVLP010,,VFB_jrmc1k6z,L,,,Roughly traced,
188,10579,132,5,0.00015325581530352197,MeVP51,MeVP51_L,,,visual_projection,,MTe43,,,VFB_jrmc1vb6,L,,,Roughly traced,
189,13612,132,4,0.00015325581530352197,Li32,Li32_L,,,ol_intrinsic,,Li32,,,VFB_jrmc1zhl,L,,,Prelim Roughly traced,
190,17991,132,15,0.00015325581530352197,hDeltaA,hDeltaA_13_C11,CX,,cb_intrinsic,11512,hDeltaA,hDeltaA,,VFB_jrmc02i9,L,,,Roughly traced,
191,34870,132,41,0.00015325581530352197,KCab-p,KCab-p_R,Kenyon_Cell,,cb_intrinsic,11862,KCab-p,KCab-p,,VFB_jrmc2jgz,R,,,Roughly traced,
192,53278,132,51,0.00015325581530352197,KCa'b'-ap1,KCa'b'-ap1_L,Kenyon_Cell,,cb_intrinsic,17488,KCapbp-ap1,KCa'b'-ap1,,VFB_jrmc2i4a,L,,,Roughly traced,
193,103794,132,48,0.00015325581530352197,KCa'b'-m,KCa'b'-m_L,Kenyon_Cell,,cb_intrinsic,17488,KCapbp-m,KCa'b'-m,,VFB_jrmc2ii2,L,,,Roughly traced,
194,132622,131,41,0.00015209478639970742,KCab-p,KCab-p_L,Kenyon_Cell,,cb_intrinsic,11862,KCab-p,KCab-p,,VFB_jrmc2jhp,L,,,Roughly traced,
195,132649,131,38,0.00015209478639970742,KCab-p,KCab-p_R,Kenyon_Cell,,cb_intrinsic,11862,KCab-p,KCab-p,,VFB_jrmc2jes,R,,,Roughly traced,
196,147444,131,36,0.00015209478639970742,KCab-p,KCab-p_L,Kenyon_Cell,,cb_intrinsic,11862,KCab-p,KCab-p,,VFB_jrmc2jfw,L,,,Roughly traced,
197,190056,131,42,0.00015209478639970742,KCab-p,KCab-p_L,Kenyon_Cell,,cb_intrinsic,11862,KCab-p,KCab-p,,VFB_jrmc2jg3,L,,,Roughly traced,
198,80612,130,34,0.00015093375749589285,KCab-p,KCab-p_L,Kenyon_Cell,,cb_intrinsic,11862,KCab-p,KCab-p,,VFB_jrmc2jgv,L,,,Roughly traced,
199,519161,130,12,0.00015093375749589285,,KC_L_fragment,,,,,,,,,L,,,Orphan,
200,30068,129,13,0.0001497727285920783,hDeltaA,hDeltaA_10_C8,CX,,cb_intrinsic,11512,hDeltaA,hDeltaA,,VFB_jrmc02i4,L,,,Roughly traced,
201,45807,129,50,0.0001497727285920783,KCa'b'-m,KCa'b'-m_L,Kenyon_Cell,,cb_intrinsic,17488,KCapbp-m,KCa'b'-m,,VFB_jrmc2iin,L,,,Roughly traced,
202,54717,129,52,0.0001497727285920783,KCa'b'-m,KCa'b'-m_L,Kenyon_Cell,,cb_intrinsic,17488,KCapbp-m,KCa'b'-m,,VFB_jrmc2igp,L,,,Roughly traced,
203,74116,129,48,0.0001497727285920783,KCa'b'-m,KCa'b'-m_L,Kenyon_Cell,,cb_intrinsic,17488,KCapbp-m,KCa'b'-m,,VFB_jrmc2ijb,L,,,Roughly traced,
204,536057,129,17,0.0001497727285920783,FB4L,FB4L_L,CX,,cb_intrinsic,10568,"CB.FB3,4A21",FB4L,,VFB_jrmc3056,L,,,Roughly traced,
205,10122,128,23,0.00014861169968826375,SMP108,SMP108_R,,,cb_intrinsic,,SMP108,SMP108,,VFB_jrmc1d24,R,,,Roughly traced,
206,36423,128,14,0.00014861169968826375,FB4L,FB4L_R,CX,,cb_intrinsic,10568,"CB.FB3,4A21",FB4L,,VFB_jrmc3054,R,,,Roughly traced,
207,51795,128,52,0.00014861169968826375,KCa'b'-m,KCa'b'-m_L,Kenyon_Cell,,cb_intrinsic,17488,KCapbp-m,KCa'b'-m,,VFB_jrmc2iio,L,,,Roughly traced,
208,52141,128,41,0.00014861169968826375,KCa'b'-ap1,KCa'b'-ap1_L,Kenyon_Cell,,cb_intrinsic,17488,KCapbp-ap1,KCa'b'-ap1,,VFB_jrmc2i4p,L,,,Roughly traced,
209,79052,128,49,0.00014861169968826375,KCa'b'-ap1,KCa'b'-ap1_L,Kenyon_Cell,,cb_intrinsic,17488,KCapbp-ap1,KCa'b'-ap1,,VFB_jrmc2i4z,L,,,Roughly traced,
210,116057,128,43,0.00014861169968826375,KCab-p,KCab-p_L,Kenyon_Cell,,cb_intrinsic,11862,KCab-p,KCab-p,,VFB_jrmc2jgp,L,,,Roughly traced,
211,139032,128,39,0.00014861169968826375,KCab-p,KCab-p_L,Kenyon_Cell,,cb_intrinsic,11862,KCab-p,KCab-p,,VFB_jrmc2jfm,L,,,Roughly traced,
212,166081,128,40,0.00014861169968826375,KCab-p,KCab-p_L,Kenyon_Cell,,cb_intrinsic,11862,KCab-p,KCab-p,,VFB_jrmc2jfo,L,,,Roughly traced,
213,520188,128,5,0.00014861169968826375,AVLP610,AVLP610(hb1416796844)_L,,,cb_intrinsic,11125,CB0623,(hb1416796844),,VFB_jrmc3j7w,L,MX,,Roughly traced,
214,16617,127,23,0.00014745067078444918,CRE048,CRE048_R,,,cb_intrinsic,,CRE048,CRE048,,VFB_jrmc34us,R,,,Roughly traced,
215,47301,127,47,0.00014745067078444918,KCa'b'-ap1,KCa'b'-ap1_L,Kenyon_Cell,,cb_intrinsic,17488,KCapbp-ap1,KCa'b'-ap1,,VFB_jrmc2i2h,L,,,Roughly traced,
216,68729,127,48,0.00014745067078444918,KCa'b'-ap2,KCa'b'-ap2_L,Kenyon_Cell,,cb_intrinsic,17488,KCapbp-ap2,KCa'b'-ap2,,VFB_jrmc2idy,L,,,Roughly traced,
217,136196,127,40,0.00014745067078444918,KCab-p,KCab-p_L,Kenyon_Cell,,cb_intrinsic,11862,KCab-p,KCab-p,,VFB_jrmc2jhd,L,,,Roughly traced,
218,533211,127,43,0.00014745067078444918,KCab-p,KCab-p_R,Kenyon_Cell,,cb_intrinsic,11862,KCab-p,KCab-p,,VFB_jrmc2jfk,R,,,Roughly traced,
219,10297,126,9,0.00014628964188063463,LHAD1g1,LHAD1g1_R,,,cb_intrinsic,,LHAD1g1,LHAD1g1,,VFB_jrmc28y1,R,,,Roughly traced,
220,13018,126,11,0.00014628964188063463,LHPV10d1,LHPV10d1_L,,,cb_intrinsic,,LHPV10d1,LHPV10d1,,VFB_jrmc222t,L,,,Roughly traced,
221,65109,126,50,0.00014628964188063463,KCa'b'-m,KCa'b'-m_L,Kenyon_Cell,,cb_intrinsic,17488,KCapbp-m,KCa'b'-m,,VFB_jrmc2ikl,L,,,Roughly traced,
222,129022,126,44,0.00014628964188063463,KCab-p,KCab-p_L,Kenyon_Cell,,cb_intrinsic,11862,KCab-p,KCab-p,,VFB_jrmc2jh9,L,,,Roughly traced,
223,132857,126,48,0.00014628964188063463,KCa'b'-ap1,KCa'b'-ap1_L,Kenyon_Cell,,cb_intrinsic,17488,KCapbp-ap1,KCa'b'-ap1,,VFB_jrmc2i77,L,,,Roughly traced,
224,168522,126,46,0.00014628964188063463,KCa'b'-m,KCa'b'-m_L,Kenyon_Cell,,cb_intrinsic,17488,KCapbp-m,KCa'b'-m,,VFB_jrmc2ik3,L,,,Roughly traced,
225,517548,126,24,0.00014628964188063463,FB4Y,FB4Y_L,CX,,cb_intrinsic,13559,"CB.FB3,4A9",FB4Y,,VFB_jrmc3067,L,,,Roughly traced,
226,520338,126,16,0.00014628964188063463,FB4N,FB4N_L,CX,,cb_intrinsic,,"CB.FB3,4A0",FB4N,,VFB_jrmc305c,L,,,Roughly traced,
227,26485,125,13,0.00014512861297682006,MBON28,MBON28(a'3a)_R,MBON,,cb_intrinsic,11777,MBON28,MBON28,,VFB_jrmc20bd,R,,,Roughly traced,
228,28196,125,43,0.00014512861297682006,KCa'b'-ap1,KCa'b'-ap1_L,Kenyon_Cell,,cb_intrinsic,17488,KCapbp-ap1,KCa'b'-ap1,,VFB_jrmc2i3x,L,,,Roughly traced,
229,43040,125,17,0.00014512861297682006,FB2B_a,FB2B_a_L,CX,,cb_intrinsic,18221,CB.FB2K1,FB2B_a,,VFB_jrmc300m,L,,,Roughly traced,
230,50471,125,43,0.00014512861297682006,KCa'b'-ap1,KCa'b'-ap1_L,Kenyon_Cell,,cb_intrinsic,17488,KCapbp-ap1,KCa'b'-ap1,,VFB_jrmc2i7k,L,,,Roughly traced,
231,58802,125,34,0.00014512861297682006,KCg-d,KCg-d_L,Kenyon_Cell,,cb_intrinsic,19102,KCg-d,KCg-d,,VFB_jrmc2k2t,L,,,Roughly traced,
232,63283,125,46,0.00014512861297682006,KCa'b'-m,KCa'b'-m_L,Kenyon_Cell,,cb_intrinsic,17488,KCapbp-m,KCa'b'-m,,VFB_jrmc2iiq,L,,,Roughly traced,
233,65752,125,45,0.00014512861297682006,KCa'b'-m,KCa'b'-m_L,Kenyon_Cell,,cb_intrinsic,17488,KCapbp-m,KCa'b'-m,,VFB_jrmc2ika,L,,,Roughly traced,
234,81956,125,44,0.00014512861297682006,KCa'b'-m,KCa'b'-m_L,Kenyon_Cell,,cb_intrinsic,17488,KCapbp-m,KCa'b'-m,,VFB_jrmc2ijj,L,,,Roughly traced,
235,82480,125,46,0.00014512861297682006,KCa'b'-m,KCa'b'-m_L,Kenyon_Cell,,cb_intrinsic,17488,KCapbp-m,KCa'b'-m,,VFB_jrmc2ije,L,,,Roughly traced,
236,88899,125,43,0.00014512861297682006,KCab-p,KCab-p_R,Kenyon_Cell,,cb_intrinsic,11862,KCab-p,KCab-p,,VFB_jrmc2jek,R,,,Roughly traced,
237,90525,125,50,0.00014512861297682006,KCa'b'-m,KCa'b'-m_L,Kenyon_Cell,,cb_intrinsic,17488,KCapbp-m,KCa'b'-m,,VFB_jrmc2ii0,L,,,Roughly traced,
238,93976,125,34,0.00014512861297682006,KCab-p,KCab-p_R,Kenyon_Cell,,cb_intrinsic,11862,KCab-p,KCab-p,,VFB_jrmc2jem,R,,,Roughly traced,
239,95970,125,34,0.00014512861297682006,KCab-p,KCab-p_L,Kenyon_Cell,,cb_intrinsic,11862,KCab-p,KCab-p,,VFB_jrmc2jh0,L,,,Roughly traced,
240,118184,125,42,0.00014512861297682006,KCab-p,KCab-p_L,Kenyon_Cell,,cb_intrinsic,11862,KCab-p,KCab-p,,VFB_jrmc2jh2,L,,,Roughly traced,
241,120949,125,43,0.00014512861297682006,KCg-d,KCg-d_R,Kenyon_Cell,,cb_intrinsic,19102,KCg-d,KCg-d,,VFB_jrmc2k3w,R,,,Roughly traced,
242,129659,125,44,0.00014512861297682006,KCab-p,KCab-p_L,Kenyon_Cell,,cb_intrinsic,11862,KCab-p,KCab-p,,VFB_jrmc2jfl,L,,,Roughly traced,
243,49480,124,49,0.0001439675840730055,KCa'b'-ap1,KCa'b'-ap1_L,Kenyon_Cell,,cb_intrinsic,17488,KCapbp-ap1,KCa'b'-ap1,,VFB_jrmc2i6c,L,,,Roughly traced,
244,84244,124,46,0.0001439675840730055,KCa'b'-ap1,KCa'b'-ap1_L,Kenyon_Cell,,cb_intrinsic,17488,KCapbp-ap1,KCa'b'-ap1,,VFB_jrmc2i74,L,,,Roughly traced,
245,96723,124,36,0.0001439675840730055,KCab-p,KCab-p_L,Kenyon_Cell,,cb_intrinsic,11862,KCab-p,KCab-p,,VFB_jrmc2jfv,L,,,Roughly traced,
246,137995,124,51,0.0001439675840730055,KCa'b'-m,KCa'b'-m_L,Kenyon_Cell,,cb_intrinsic,17488,KCapbp-m,KCa'b'-m,,VFB_jrmc2iju,L,,,Roughly traced,
247,158263,124,37,0.0001439675840730055,KCab-p,KCab-p_L,Kenyon_Cell,,cb_intrinsic,11862,KCab-p,KCab-p,,VFB_jrmc2jhb,L,,,Roughly traced,
248,174546,124,42,0.0001439675840730055,KCab-p,KCab-p_L,Kenyon_Cell,,cb_intrinsic,11862,KCab-p,KCab-p,,VFB_jrmc2jhm,L,,,Roughly traced,
249,521075,124,7,0.0001439675840730055,ATL017,ATL017_R,,,cb_intrinsic,,"ATL017,ATL018",ATL017,,VFB_jrmc3hqo,R,,,Roughly traced,
250,55316,123,37,0.00014280655516919093,KCab-p,KCab-p_L,Kenyon_Cell,,cb_intrinsic,11862,KCab-p,KCab-p,,VFB_jrmc2jfp,L,,,Roughly traced,
251,55586,123,52,0.00014280655516919093,KCa'b'-ap1,KCa'b'-ap1_L,Kenyon_Cell,,cb_intrinsic,17488,KCapbp-ap1,KCa'b'-ap1,,VFB_jrmc2i4b,L,,,Roughly traced,
252,62703,123,48,0.00014280655516919093,KCa'b'-ap1,KCa'b'-ap1_L,Kenyon_Cell,,cb_intrinsic,17488,KCa'b'-ap1,KCa'b'-ap1,,VFB_jrmc2i55,L,,,Roughly traced,
253,70457,123,44,0.00014280655516919093,KCa'b'-ap1,KCa'b'-ap1_L,Kenyon_Cell,,cb_intrinsic,17488,KCapbp-ap1,KCa'b'-ap1,,VFB_jrmc2i4e,L,,,Roughly traced,
254,76203,123,46,0.00014280655516919093,KCa'b'-ap1,KCa'b'-ap1_L,Kenyon_Cell,,cb_intrinsic,17488,KCapbp-ap1,KCa'b'-ap1,,VFB_jrmc2i4f,L,,,Roughly traced,
255,117192,123,38,0.00014280655516919093,KCab-p,KCab-p_R,Kenyon_Cell,,cb_intrinsic,11862,KCab-p,KCab-p,,VFB_jrmc2jfj,R,,,Roughly traced,
256,170293,123,44,0.00014280655516919093,KCab-p,KCab-p_L,Kenyon_Cell,,cb_intrinsic,11862,KCab-p,KCab-p,,VFB_jrmc2jgq,L,,,Roughly traced,
257,12079,122,11,0.0001416455262653764,aIPg_m4,aIPg_m4_R,,,cb_intrinsic,10498,,,,VFB_jrmc0294,R,,,Roughly traced,
258,57387,122,51,0.0001416455262653764,KCa'b'-m,KCa'b'-m_L,Kenyon_Cell,,cb_intrinsic,17488,KCapbp-m,KCa'b'-m,,VFB_jrmc2ikk,L,,,Roughly traced,
259,76984,122,39,0.0001416455262653764,KCab-p,KCab-p_R,Kenyon_Cell,,cb_intrinsic,11862,KCab-p,KCab-p,,VFB_jrmc2jeg,R,,,Roughly traced,
260,78073,122,40,0.0001416455262653764,KCa'b'-ap1,KCa'b'-ap1_L,Kenyon_Cell,,cb_intrinsic,17488,KCapbp-ap1,KCa'b'-ap1,,VFB_jrmc2i7l,L,,,Roughly traced,
261,81885,122,37,0.0001416455262653764,KCab-p,KCab-p_R,Kenyon_Cell,,cb_intrinsic,11862,KCab-p,KCab-p,,VFB_jrmc2jeh,R,,,Roughly traced,
262,97949,122,43,0.0001416455262653764,KCa'b'-m,KCa'b'-m_L,Kenyon_Cell,,cb_intrinsic,17488,KCapbp-m,KCa'b'-m,,VFB_jrmc2ijl,L,,,Roughly traced,
263,102317,122,52,0.0001416455262653764,KCa'b'-m,KCa'b'-m_L,Kenyon_Cell,,cb_intrinsic,17488,KCapbp-m,KCa'b'-m,,VFB_jrmc2ik0,L,,,Roughly traced,
264,103845,122,49,0.0001416455262653764,KCa'b'-m,KCa'b'-m_L,Kenyon_Cell,,cb_intrinsic,17488,KCapbp-m,KCa'b'-m,,VFB_jrmc2ii3,L,,,Roughly traced,
265,132117,122,43,0.0001416455262653764,KCa'b'-m,KCa'b'-m_L,Kenyon_Cell,,cb_intrinsic,17488,KCapbp-m,KCa'b'-m,,VFB_jrmc2ijt,L,,,Roughly traced,
266,135662,122,45,0.0001416455262653764,KCg-d,KCg-d_L,Kenyon_Cell,,cb_intrinsic,19102,KCg-d,KCg-d,,VFB_jrmc2k1t,L,,,Prelim Roughly traced,
267,136048,122,37,0.0001416455262653764,KCab-p,KCab-p_L,Kenyon_Cell,,cb_intrinsic,11862,KCab-p,KCab-p,,VFB_jrmc2jf1,L,,,Roughly traced,
268,548435,122,43,0.0001416455262653764,KCa'b'-m,KCa'b'-m_L,Kenyon_Cell,,cb_intrinsic,17488,KCapbp-m,KCa'b'-m,,VFB_jrmc2ijh,L,,,Roughly traced,
269,10974,121,4,0.0001404844973615618,Li31,Li31_R,,,ol_intrinsic,,Li29,mALC1,,VFB_jrmc1zhk,R,,,Roughly traced,
270,36376,121,52,0.0001404844973615618,KCa'b'-ap2,KCa'b'-ap2_L,Kenyon_Cell,,cb_intrinsic,17488,KCapbp-ap2,KCa'b'-ap2,,VFB_jrmc2i8s,L,,,Roughly traced,
271,36704,121,16,0.0001404844973615618,SMP147,SMP147_L,,,cb_intrinsic,,SMP147,SMP147,,VFB_jrmc1d4m,L,,,Roughly traced,
272,47391,121,53,0.0001404844973615618,KCa'b'-ap2,KCa'b'-ap2_L,Kenyon_Cell,,cb_intrinsic,17488,KCapbp-ap2,KCa'b'-ap2,,VFB_jrmc2ido,L,,,Roughly traced,
273,50746,121,43,0.0001404844973615618,KCa'b'-ap1,KCa'b'-ap1_R,Kenyon_Cell,,cb_intrinsic,17488,KCapbp-ap1,KCa'b'-ap1,,VFB_jrmc2i5j,R,,,Roughly traced,
274,51715,121,38,0.0001404844973615618,KCa'b'-ap1,KCa'b'-ap1_L,Kenyon_Cell,,cb_intrinsic,17488,KCapbp-ap1,KCa'b'-ap1,,VFB_jrmc2i6f,L,,,Roughly traced,
275,80274,121,49,0.0001404844973615618,KCa'b'-m,KCa'b'-m_L,Kenyon_Cell,,cb_intrinsic,17488,KCapbp-m,KCa'b'-m,,VFB_jrmc2iim,L,,,Roughly traced,
276,81203,121,37,0.0001404844973615618,KCab-p,KCab-p_R,Kenyon_Cell,,cb_intrinsic,11862,KCab-p,KCab-p,,VFB_jrmc2jfh,R,,,Roughly traced,
277,139498,121,51,0.0001404844973615618,KCa'b'-m,KCa'b'-m_L,Kenyon_Cell,,cb_intrinsic,17488,KCapbp-m,KCa'b'-m,,VFB_jrmc2iih,L,,,Roughly traced,
278,153774,121,45,0.0001404844973615618,KCa'b'-m,KCa'b'-m_L,Kenyon_Cell,,cb_intrinsic,17488,KCapbp-m,KCa'b'-m,,VFB_jrmc2ij0,L,,,Roughly traced,
279,10097,120,27,0.00013932346845774726,oviIN,oviIN_L,,,cb_intrinsic,,oviIN,oviIN,,VFB_jrmc02yx,L,,,Roughly traced,
280,18889,120,7,0.00013932346845774726,ATL027,ATL027_R,,,cb_intrinsic,15149,ATL027,ATL027,,VFB_jrmc3hrd,R,,,Roughly traced,
281,33673,120,38,0.00013932346845774726,KCa'b'-ap1,KCa'b'-ap1_L,Kenyon_Cell,,cb_intrinsic,17488,KCapbp-ap1,KCa'b'-ap1,,VFB_jrmc2i4k,L,,,Roughly traced,
282,51394,120,35,0.00013932346845774726,KCab-p,KCab-p_R,Kenyon_Cell,,cb_intrinsic,11862,KCab-p,KCab-p,,VFB_jrmc2jfd,R,,,Roughly traced,
283,61947,120,38,0.00013932346845774726,KCab-p,KCab-p_R,Kenyon_Cell,,cb_intrinsic,11862,KCab-p,KCab-p,,VFB_jrmc2jec,R,,,Roughly traced,
284,71095,120,41,0.00013932346845774726,KCa'b'-ap1,KCa'b'-ap1_L,Kenyon_Cell,,cb_intrinsic,17488,KCapbp-ap1,KCa'b'-ap1,,VFB_jrmc2i2m,L,,,Roughly traced,
285,96825,120,37,0.00013932346845774726,KCab-p,KCab-p_L,Kenyon_Cell,,cb_intrinsic,11862,KCab-p,KCab-p,,VFB_jrmc2jg8,L,,,Roughly traced,
286,109220,120,53,0.00013932346845774726,KCa'b'-ap2,KCa'b'-ap2_L,Kenyon_Cell,,cb_intrinsic,17488,KCapbp-ap2,KCa'b'-ap2,,VFB_jrmc2ifn,L,,,Roughly traced,
287,122874,120,55,0.00013932346845774726,KCa'b'-ap2,KCa'b'-ap2_L,Kenyon_Cell,,cb_intrinsic,17488,KCapbp-ap2,KCa'b'-ap2,,VFB_jrmc2ibf,L,,,Roughly traced,
288,135897,120,37,0.00013932346845774726,KCg-d,KCg-d_L,Kenyon_Cell,,cb_intrinsic,19102,KCg-d,KCg-d,,VFB_jrmc2k5k,L,,,Prelim Roughly traced,
289,152784,120,35,0.00013932346845774726,KCab-p,KCab-p_L,Kenyon_Cell,,cb_intrinsic,11862,KCab-p,KCab-p,,VFB_jrmc2jgs,L,,,Roughly traced,
290,154400,120,46,0.00013932346845774726,KCa'b'-m,KCa'b'-m_L,Kenyon_Cell,,cb_intrinsic,17488,KCapbp-m,KCa'b'-m,,VFB_jrmc2ii9,L,,,Roughly traced,
291,213996,120,35,0.00013932346845774726,KCab-p,KCab-p_R,Kenyon_Cell,,cb_intrinsic,11862,KCab-p,KCab-p,,VFB_jrmc2jfc,R,,,Roughly traced,
292,515048,120,23,0.00013932346845774726,PPL104,PPL104(a'3)_L,DAN,,cb_intrinsic,,PPL104,PPL104,,VFB_jrmc1j65,L,,,Roughly traced,
293,531096,120,41,0.00013932346845774726,KCab-p,KCab-p_L,Kenyon_Cell,,cb_intrinsic,11862,KCab-p,KCab-p,,VFB_jrmc2jg6,L,,,Roughly traced,
294,10879,119,8,0.0001381624395539327,AVLP076,AVLP076_R,,,cb_intrinsic,,AVLP076,AVLP076,,VFB_jrmc3hzr,R,,,Roughly traced,
295,52513,119,41,0.0001381624395539327,KCa'b'-ap1,KCa'b'-ap1_L,Kenyon_Cell,,cb_intrinsic,17488,KCapbp-ap1,KCa'b'-ap1,,VFB_jrmc2i76,L,,,Roughly traced,
296,64799,119,46,0.0001381624395539327,KCa'b'-m,KCa'b'-m_L,Kenyon_Cell,,cb_intrinsic,17488,KCapbp-m,KCa'b'-m,,VFB_jrmc2iir,L,,,Roughly traced,
297,75782,119,51,0.0001381624395539327,KCa'b'-ap1,KCa'b'-ap1_L,Kenyon_Cell,,cb_intrinsic,17488,KCapbp-ap1,KCa'b'-ap1,,VFB_jrmc2i56,L,,,Roughly traced,
298,87868,119,43,0.0001381624395539327,KCg-d,KCg-d_L,Kenyon_Cell,,cb_intrinsic,19102,KCg-d,KCg-d,,VFB_jrmc2k2u,L,,,Prelim Roughly traced,
299,90614,119,47,0.0001381624395539327,KCa'b'-m,KCa'b'-m_L,Kenyon_Cell,,cb_intrinsic,17488,KCapbp-m,KCa'b'-m,,VFB_jrmc2ii1,L,,,Roughly traced,
300,117171,119,35,0.0001381624395539327,KCab-p,KCab-p_L,Kenyon_Cell,,cb_intrinsic,11862,KCab-p,KCab-p,,VFB_jrmc2jhg,L,,,Roughly traced,
301,150761,119,42,0.0001381624395539327,KCab-p,KCab-p_L,Kenyon_Cell,,cb_intrinsic,11862,KCab-p,KCab-p,,VFB_jrmc2jgg,L,,,Roughly traced,
302,529516,119,12,0.0001381624395539327,PPL106,PPL106_L,DAN,,cb_intrinsic,,PPL106,PPL106,,VFB_jrmc1j68,L,,,Roughly traced,
303,529519,119,12,0.0001381624395539327,LHPV10d1,LHPV10d1_R,,,cb_intrinsic,,LHPV10d1,LHPV10d1,,VFB_jrmc222s,R,,,Roughly traced,
304,42975,118,12,0.00013700141065011814,hDeltaA,hDeltaA_11_C9,CX,,cb_intrinsic,11512,hDeltaA,hDeltaA,,VFB_jrmc02ic,L,,,Roughly traced,
305,55946,118,39,0.00013700141065011814,KCab-p,KCab-p_R,Kenyon_Cell,,cb_intrinsic,11862,KCab-p,KCab-p,,VFB_jrmc2jfe,R,,,Roughly traced,
306,76850,118,37,0.00013700141065011814,KCa'b'-ap1,KCa'b'-ap1_L,Kenyon_Cell,,cb_intrinsic,17488,KCapbp-ap1,KCa'b'-ap1,,VFB_jrmc2i2s,L,,,Roughly traced,
307,79224,118,46,0.00013700141065011814,KCa'b'-m,KCa'b'-m_L,Kenyon_Cell,,cb_intrinsic,17488,KCapbp-m,KCa'b'-m,,VFB_jrmc2ihx,L,,,Roughly traced,
308,80905,118,35,0.00013700141065011814,KCg-d,KCg-d_L,Kenyon_Cell,,cb_intrinsic,19102,KCg-d,KCg-d,,VFB_jrmc2k3l,L,,,Prelim Roughly traced,
309,111803,118,59,0.00013700141065011814,KCg-m,KCg-m_L,Kenyon_Cell,,cb_intrinsic,14292,KCg-m,KCg-m,,VFB_jrmc2kgs,L,,,Roughly traced,
310,144578,118,34,0.00013700141065011814,KCg-d,KCg-d_L,Kenyon_Cell,,cb_intrinsic,19102,KCg-d,KCg-d,,VFB_jrmc2k4m,L,,,Roughly traced,
311,150926,118,48,0.00013700141065011814,KCa'b'-m,KCa'b'-m_L,Kenyon_Cell,,cb_intrinsic,17488,KCapbp-m,KCa'b'-m,,VFB_jrmc2iki,L,,,Roughly traced,
312,152706,118,42,0.00013700141065011814,KCa'b'-m,KCa'b'-m_L,Kenyon_Cell,,cb_intrinsic,17488,KCapbp-m,KCa'b'-m,,VFB_jrmc2ijo,L,,,Roughly traced,
313,534786,118,41,0.00013700141065011814,KCg-d,KCg-d_R,Kenyon_Cell,,cb_intrinsic,19102,KCg-d,KCg-d,,VFB_jrmc2k0z,R,,,Roughly traced,
314,26666,117,7,0.00013584038174630357,FB5N,FB5N_L,CX,,cb_intrinsic,11994,FB5N,FB5N,,VFB_jrmc307z,L,CG,,Roughly traced,
315,53881,117,51,0.00013584038174630357,KCa'b'-m,KCa'b'-m_L,Kenyon_Cell,,cb_intrinsic,17488,KCapbp-m,KCa'b'-m,,VFB_jrmc2ihr,L,,,Roughly traced,
316,72195,117,48,0.00013584038174630357,KCa'b'-ap1,KCa'b'-ap1_R,Kenyon_Cell,,cb_intrinsic,17488,KCapbp-ap1,KCa'b'-ap1,,VFB_jrmc2i3n,R,,,Roughly traced,
317,84037,117,55,0.00013584038174630357,KCa'b'-ap2,KCa'b'-ap2_L,Kenyon_Cell,,cb_intrinsic,17488,KCapbp-ap2,KCa'b'-ap2,,VFB_jrmc2ib5,L,,,Roughly traced,
318,85482,117,43,0.00013584038174630357,KCa'b'-ap2,KCa'b'-ap2_L,Kenyon_Cell,,cb_intrinsic,17488,KCapbp-ap2,KCa'b'-ap2,,VFB_jrmc2icd,L,,,Roughly traced,
319,106448,117,44,0.00013584038174630357,KCa'b'-m,KCa'b'-m_L,Kenyon_Cell,,cb_intrinsic,17488,KCapbp-m,KCa'b'-m,,VFB_jrmc2iig,L,,,Roughly traced,
320,140582,117,45,0.00013584038174630357,KCa'b'-m,KCa'b'-m_L,Kenyon_Cell,,cb_intrinsic,17488,KCapbp-m,KCa'b'-m,,VFB_jrmc2ii8,L,,,Roughly traced,
321,28516,116,47,0.00013467935284248902,KCa'b'-ap1,KCa'b'-ap1_L,Kenyon_Cell,,cb_intrinsic,17488,KCapbp-ap1,KCa'b'-ap1,,VFB_jrmc2i3y,L,,,Roughly traced,
322,41555,116,44,0.00013467935284248902,KCa'b'-ap1,KCa'b'-ap1_L,Kenyon_Cell,,cb_intrinsic,17488,KCapbp-ap1,KCa'b'-ap1,,VFB_jrmc2i40,L,,,Roughly traced,
323,63218,116,43,0.00013467935284248902,KCa'b'-ap1,KCa'b'-ap1_L,Kenyon_Cell,,cb_intrinsic,17488,KCapbp-ap1,KCa'b'-ap1,,VFB_jrmc2i7q,L,,,Roughly traced,
324,76702,116,44,0.00013467935284248902,KCab-p,KCab-p_R,Kenyon_Cell,,cb_intrinsic,11862,KCab-p,KCab-p,,VFB_jrmc2je6,R,,,Roughly traced,
325,80543,116,39,0.00013467935284248902,KCab-p,KCab-p_R,Kenyon_Cell,,cb_intrinsic,11862,KCab-p,KCab-p,,VFB_jrmc2jhf,R,,,Roughly traced,
326,103640,116,38,0.00013467935284248902,KCab-p,KCab-p_R,Kenyon_Cell,,cb_intrinsic,11862,KCab-p,KCab-p,,VFB_jrmc2jhh,R,,,Roughly traced,
327,122077,116,59,0.00013467935284248902,KCg-m,KCg-m_L,Kenyon_Cell,,cb_intrinsic,14292,KCg-m,KCg-m,,VFB_jrmc2d9c,L,,,Roughly traced,
328,134731,116,50,0.00013467935284248902,KCa'b'-m,KCa'b'-m_L,Kenyon_Cell,,cb_intrinsic,17488,KCapbp-m,KCa'b'-m,,VFB_jrmc2ii6,L,,,Roughly traced,
329,14133,115,12,0.00013351832393867445,CRE013,CRE013_R,,,cb_intrinsic,,CRE013,CRE013,,VFB_jrmc34rq,R,,,Roughly traced,
330,14434,115,25,0.00013351832393867445,FB4Y,FB4Y_R,CX,,cb_intrinsic,13559,"CB.FB3,4A9",FB4Y,,VFB_jrmc3068,R,,,Roughly traced,
331,14869,115,5,0.00013351832393867445,LAL072,LAL072_L,,,cb_intrinsic,,LAL072,LAL072,,VFB_jrmc2crw,L,,,Roughly traced,
332,35668,115,47,0.00013351832393867445,KCa'b'-ap1,KCa'b'-ap1_L,Kenyon_Cell,,cb_intrinsic,17488,KCapbp-ap1,KCa'b'-ap1,,VFB_jrmc2i3z,L,,,Roughly traced,
333,41232,115,65,0.00013351832393867445,KCg-m,KCg-m_R,Kenyon_Cell,,cb_intrinsic,14292,KCg-m,KCg-m,,VFB_jrmc2kmk,R,,,Roughly traced,
334,46400,115,46,0.00013351832393867445,KCa'b'-ap2,KCa'b'-ap2_L,Kenyon_Cell,,cb_intrinsic,17488,KCapbp-ap2,KCa'b'-ap2,,VFB_jrmc2ieo,L,,,Roughly traced,
335,48034,115,50,0.00013351832393867445,KCa'b'-ap2,KCa'b'-ap2_L,Kenyon_Cell,,cb_intrinsic,17488,KCapbp-ap2,KCa'b'-ap2,,VFB_jrmc2id3,L,,,Roughly traced,
336,49394,115,52,0.00013351832393867445,KCa'b'-ap2,KCa'b'-ap2_L,Kenyon_Cell,,cb_intrinsic,17488,KCapbp-ap2,KCa'b'-ap2,,VFB_jrmc2i8z,L,,,Roughly traced,
337,63794,115,39,0.00013351832393867445,KCab-p,KCab-p_R,Kenyon_Cell,,cb_intrinsic,11862,KCab-p,KCab-p,,VFB_jrmc2jee,R,,,Roughly traced,
338,88476,115,43,0.00013351832393867445,KCa'b'-ap1,KCa'b'-ap1_L,Kenyon_Cell,,cb_intrinsic,17488,KCapbp-ap1,KCa'b'-ap1,,VFB_jrmc2i4h,L,,,Roughly traced,
339,89419,115,47,0.00013351832393867445,KCa'b'-m,KCa'b'-m_L,Kenyon_Cell,,cb_intrinsic,17488,KCapbp-m,KCa'b'-m,,VFB_jrmc2ilm,L,,,Roughly traced,
340,89707,115,54,0.00013351832393867445,KCa'b'-m,KCa'b'-m_L,Kenyon_Cell,,cb_intrinsic,17488,KCapbp-m,KCa'b'-m,,VFB_jrmc2iiy,L,,,Roughly traced,
341,91751,115,38,0.00013351832393867445,KCab-p,KCab-p_R,Kenyon_Cell,,cb_intrinsic,11862,KCab-p,KCab-p,,VFB_jrmc2jf9,R,,,Roughly traced,
342,197363,115,40,0.00013351832393867445,KCab-p,KCab-p_R,Kenyon_Cell,,cb_intrinsic,11862,KCab-p,KCab-p,,VFB_jrmc2jge,R,,,Roughly traced,
343,520393,115,24,0.00013351832393867445,CRE042,CRE042_L,,,cb_intrinsic,,CRE042,CRE042,,VFB_jrmc34ty,L,,,Roughly traced,
344,546905,115,36,0.00013351832393867445,KCab-p,KCab-p_R,Kenyon_Cell,,cb_intrinsic,11862,KCab-p,KCab-p,,VFB_jrmc2jew,R,,,Roughly traced,
345,11990,114,27,0.0001323572950348599,MBON22,MBON22(calyx)_R,MBON,,cb_intrinsic,,MBON22,MBON22,,VFB_jrmc20ax,R,,,Roughly traced,
346,16105,114,8,0.0001323572950348599,ATL017,ATL017_L,,,cb_intrinsic,,"ATL017,ATL018",ATL017,,VFB_jrmc3hqp,L,,,Roughly traced,
347,35489,114,41,0.0001323572950348599,KCa'b'-ap1,KCa'b'-ap1_L,Kenyon_Cell,,cb_intrinsic,17488,KCapbp-ap1,KCa'b'-ap1,,VFB_jrmc2i6m,L,,,Roughly traced,
348,44820,114,47,0.0001323572950348599,KCa'b'-ap1,KCa'b'-ap1_L,Kenyon_Cell,,cb_intrinsic,17488,KCapbp-ap1,KCa'b'-ap1,,VFB_jrmc2i45,L,,,Roughly traced,
349,58097,114,44,0.0001323572950348599,KCa'b'-ap1,KCa'b'-ap1_L,Kenyon_Cell,,cb_intrinsic,17488,KCapbp-ap1,KCa'b'-ap1,,VFB_jrmc2i6o,L,,,Roughly traced,
350,60391,114,57,0.0001323572950348599,KCa'b'-ap2,KCa'b'-ap2_L,Kenyon_Cell,,cb_intrinsic,17488,KCapbp-ap2,KCa'b'-ap2,,VFB_jrmc2icr,L,,,Roughly traced,
351,67809,114,49,0.0001323572950348599,KCa'b'-m,KCa'b'-m_L,Kenyon_Cell,,cb_intrinsic,17488,KCapbp-m,KCa'b'-m,,VFB_jrmc2iie,L,,,Roughly traced,
352,68941,114,48,0.0001323572950348599,KCa'b'-ap1,KCa'b'-ap1_R,Kenyon_Cell,,cb_intrinsic,17488,KCa'b'-ap1,KCa'b'-ap1,,VFB_jrmc2i7o,R,,,Prelim Roughly traced,
353,77409,114,54,0.0001323572950348599,KCa'b'-ap1,KCa'b'-ap1_L,Kenyon_Cell,,cb_intrinsic,17488,KCapbp-ap1,KCa'b'-ap1,,VFB_jrmc2i57,L,,,Roughly traced,
354,78189,114,54,0.0001323572950348599,KCa'b'-m,KCa'b'-m_L,Kenyon_Cell,,cb_intrinsic,17488,KCapbp-m,KCa'b'-m,,VFB_jrmc2ilg,L,,,Roughly traced,
355,84472,114,40,0.0001323572950348599,KCab-p,KCab-p_L,Kenyon_Cell,,cb_intrinsic,11862,KCab-p,KCab-p,,VFB_jrmc2jfu,L,,,Roughly traced,
356,85750,114,48,0.0001323572950348599,KCa'b'-m,KCa'b'-m_L,Kenyon_Cell,,cb_intrinsic,17488,KCapbp-m,KCa'b'-m,,VFB_jrmc2ikc,L,,,Roughly traced,
357,112293,114,50,0.0001323572950348599,KCa'b'-m,KCa'b'-m_L,Kenyon_Cell,,cb_intrinsic,17488,KCapbp-m,KCa'b'-m,,VFB_jrmc2iiz,L,,,Roughly traced,
358,520185,114,49,0.0001323572950348599,KCa'b'-ap2,KCa'b'-ap2_L,Kenyon_Cell,,cb_intrinsic,17488,KCapbp-ap2,KCa'b'-ap2,,VFB_jrmc2ibi,L,,,Roughly traced,
359,522410,114,3,0.0001323572950348599,AVLP532,AVLP532_L,,,cb_intrinsic,,AVLP532,AVLP532,,VFB_jrmc3j26,L,,,Roughly traced,
360,531985,114,12,0.0001323572950348599,PVLP010,PVLP010_R,,,cb_intrinsic,,PVLP010,PVLP010,,VFB_jrmc1k6y,R,,,Roughly traced,
361,10993,113,6,0.00013119626613104532,AVLP078,AVLP078_L,,,cb_intrinsic,,AVLP078,AVLP078,,VFB_jrmc3hzv,L,,,Roughly traced,
362,13559,113,21,0.00013119626613104532,FB4Y,FB4Y_L,CX,,cb_intrinsic,13559,"CB.FB3,4A9",FB4Y,,VFB_jrmc3069,L,,,Roughly traced,
363,51538,113,40,0.00013119626613104532,KCa'b'-ap1,KCa'b'-ap1_L,Kenyon_Cell,,cb_intrinsic,17488,KCapbp-ap1,KCa'b'-ap1,,VFB_jrmc2i48,L,,,Roughly traced,
364,55123,113,54,0.00013119626613104532,KCa'b'-ap2,KCa'b'-ap2_L,Kenyon_Cell,,cb_intrinsic,17488,KCapbp-ap2,KCa'b'-ap2,,VFB_jrmc2i93,L,,,Roughly traced,
365,56692,113,44,0.00013119626613104532,KCa'b'-ap1,KCa'b'-ap1_L,Kenyon_Cell,,cb_intrinsic,17488,KCapbp-ap1,KCa'b'-ap1,,VFB_jrmc2i4t,L,,,Roughly traced,
366,69337,113,40,0.00013119626613104532,KCab-p,KCab-p_R,Kenyon_Cell,,cb_intrinsic,11862,KCab-p,KCab-p,,VFB_jrmc2jf5,R,,,Roughly traced,
367,75611,113,50,0.00013119626613104532,KCa'b'-ap2,KCa'b'-ap2_L,Kenyon_Cell,,cb_intrinsic,17488,KCapbp-ap2,KCa'b'-ap2,,VFB_jrmc2ib3,L,,,Roughly traced,
368,87281,113,44,0.00013119626613104532,KCa'b'-ap1,KCa'b'-ap1_L,Kenyon_Cell,,cb_intrinsic,17488,KCapbp-ap1,KCa'b'-ap1,,VFB_jrmc2i6h,L,,,Roughly traced,
369,137977,113,38,0.00013119626613104532,KCab-p,KCab-p_L,Kenyon_Cell,,cb_intrinsic,11862,KCab-p,KCab-p,,VFB_jrmc2jgu,L,,,Roughly traced,
370,41134,112,33,0.00013003523722723078,KCg-d,KCg-d_R,Kenyon_Cell,,cb_intrinsic,19102,KCg-d,KCg-d,,VFB_jrmc2k3t,R,,,Roughly traced,
371,41793,112,50,0.00013003523722723078,KCa'b'-ap2,KCa'b'-ap2_L,Kenyon_Cell,,cb_intrinsic,17488,KCapbp-ap2,KCa'b'-ap2,,VFB_jrmc2icp,L,,,Roughly traced,
372,42131,112,44,0.00013003523722723078,KCa'b'-ap1,KCa'b'-ap1_L,Kenyon_Cell,,cb_intrinsic,17488,KCapbp-ap1,KCa'b'-ap1,,VFB_jrmc2i4m,L,,,Roughly traced,
373,54641,112,52,0.00013003523722723078,KCa'b'-ap1,KCa'b'-ap1_L,Kenyon_Cell,,cb_intrinsic,17488,KCapbp-ap1,KCa'b'-ap1,,VFB_jrmc2i2k,L,,,Roughly traced,
374,58169,112,38,0.00013003523722723078,KCab-p,KCab-p_R,Kenyon_Cell,,cb_intrinsic,11862,KCab-p,KCab-p,,VFB_jrmc2jff,R,,,Roughly traced,
375,72196,112,50,0.00013003523722723078,KCa'b'-ap2,KCa'b'-ap2_L,Kenyon_Cell,,cb_intrinsic,17488,KCapbp-ap2,KCa'b'-ap2,,VFB_jrmc2i9b,L,,,Roughly traced,
376,84602,112,48,0.00013003523722723078,KCa'b'-m,KCa'b'-m_L,Kenyon_Cell,,cb_intrinsic,17488,KCapbp-m,KCa'b'-m,,VFB_jrmc2igw,L,,,Roughly traced,
377,107550,112,57,0.00013003523722723078,KCa'b'-ap2,KCa'b'-ap2_L,Kenyon_Cell,,cb_intrinsic,17488,KCapbp-ap2,KCa'b'-ap2,,VFB_jrmc2ibc,L,,,Roughly traced,
378,137257,112,39,0.00013003523722723078,KCab-p,KCab-p_L,Kenyon_Cell,,cb_intrinsic,11862,KCab-p,KCab-p,,VFB_jrmc2jgx,L,,,Prelim Roughly traced,
379,515234,112,14,0.00013003523722723078,hDeltaA,hDeltaA_08_C7,CX,,cb_intrinsic,11512,hDeltaA,hDeltaA,,VFB_jrmc02i7,L,,,Roughly traced,
380,523775,112,16,0.00013003523722723078,FB2A,FB2A_R,CX,,cb_intrinsic,21519,CB.FB2H0,FB2A,,VFB_jrmc300h,R,,,Roughly traced,
381,546275,112,35,0.00013003523722723078,KCab-p,KCab-p_L,Kenyon_Cell,,cb_intrinsic,11862,KCab-p,KCab-p,,VFB_jrmc2jg9,L,,,Roughly traced,
382,12809,111,29,0.0001288742083234162,CRE048,CRE048_L,,,cb_intrinsic,,CRE048,CRE048,,VFB_jrmc34ur,L,,,Roughly traced,
383,36043,111,59,0.0001288742083234162,KCa'b'-ap2,KCa'b'-ap2_L,Kenyon_Cell,,cb_intrinsic,17488,KCapbp-ap2,KCa'b'-ap2,,VFB_jrmc2i8r,L,,,Roughly traced,
384,42597,111,52,0.0001288742083234162,KCa'b'-ap1,KCa'b'-ap1_L,Kenyon_Cell,,cb_intrinsic,17488,KCapbp-ap1,KCa'b'-ap1,,VFB_jrmc2i2d,L,,,Roughly traced,
385,46398,111,34,0.0001288742083234162,KCab-p,KCab-p_R,Kenyon_Cell,,cb_intrinsic,11862,KCab-p,KCab-p,,VFB_jrmc2jfz,R,,,Roughly traced,
386,57796,111,54,0.0001288742083234162,KCa'b'-ap2,KCa'b'-ap2_L,Kenyon_Cell,,cb_intrinsic,17488,KCapbp-ap2,KCa'b'-ap2,,VFB_jrmc2i94,L,,,Roughly traced,
387,58980,111,50,0.0001288742083234162,KCa'b'-ap2,KCa'b'-ap2_L,Kenyon_Cell,,cb_intrinsic,17488,KCapbp-ap2,KCa'b'-ap2,,VFB_jrmc2idx,L,,,Roughly traced,
388,62188,111,48,0.0001288742083234162,KCa'b'-m,KCa'b'-m_L,Kenyon_Cell,,cb_intrinsic,17488,KCapbp-m,KCa'b'-m,,VFB_jrmc2ijy,L,,,Roughly traced,
389,69501,111,44,0.0001288742083234162,KCa'b'-m,KCa'b'-m_L,Kenyon_Cell,,cb_intrinsic,17488,KCapbp-m,KCa'b'-m,,VFB_jrmc2ihu,L,,,Roughly traced,
390,80750,111,14,0.0001288742083234162,hDeltaJ,hDeltaJ_13_C11,CX,,cb_intrinsic,11512,hDeltaJ,hDeltaJ,,VFB_jrmc02li,L,,,Prelim Roughly traced,
391,127471,111,45,0.0001288742083234162,KCa'b'-m,KCa'b'-m_L,Kenyon_Cell,,cb_intrinsic,17488,KCapbp-m,KCa'b'-m,,VFB_jrmc2ii5,L,,,Roughly traced,
392,10498,110,11,0.00012771317941960165,aIPg_m4,aIPg_m4_L,,,cb_intrinsic,10498,,,,VFB_jrmc0293,L,,,Roughly traced,
393,35180,110,37,0.00012771317941960165,KCg-d,KCg-d_R,Kenyon_Cell,,cb_intrinsic,19102,KCg-d,KCg-d,,VFB_jrmc2k3s,R,,,Roughly traced,
394,46277,110,37,0.00012771317941960165,SMP376,SMP376_R,,,cb_intrinsic,,SMP376,SMP376,,VFB_jrmc1dq1,R,,,Roughly traced,
395,51334,110,41,0.00012771317941960165,KCa'b'-ap1,KCa'b'-ap1_L,Kenyon_Cell,,cb_intrinsic,17488,KCapbp-ap1,KCa'b'-ap1,,VFB_jrmc2i47,L,,,Roughly traced,
396,57550,110,43,0.00012771317941960165,KCg-d,KCg-d_R,Kenyon_Cell,,cb_intrinsic,19102,KCg-d,KCg-d,,VFB_jrmc2k48,R,,,Roughly traced,
397,58295,110,33,0.00012771317941960165,KCab-p,KCab-p_R,Kenyon_Cell,,cb_intrinsic,11862,KCab-p,KCab-p,,VFB_jrmc2jfy,R,,,Roughly traced,
398,66047,110,56,0.00012771317941960165,KCg-m,KCg-m_L,Kenyon_Cell,,cb_intrinsic,14292,KCg-m,KCg-m,,VFB_jrmc2kfb,L,,,Roughly traced,
399,72242,110,45,0.00012771317941960165,KCa'b'-ap2,KCa'b'-ap2_L,Kenyon_Cell,,cb_intrinsic,17488,KCapbp-ap2,KCa'b'-ap2,,VFB_jrmc2i9c,L,,,Roughly traced,
400,73650,110,48,0.00012771317941960165,KCa'b'-m,KCa'b'-m_L,Kenyon_Cell,,cb_intrinsic,17488,KCapbp-m,KCa'b'-m,,VFB_jrmc2ihw,L,,,Roughly traced,
401,75031,110,41,0.00012771317941960165,KCa'b'-ap1,KCa'b'-ap1_R,Kenyon_Cell,,cb_intrinsic,17488,KCapbp-ap1,KCa'b'-ap1,,VFB_jrmc2i63,R,,,Roughly traced,
402,75053,110,50,0.00012771317941960165,KCa'b'-ap2,KCa'b'-ap2_L,Kenyon_Cell,,cb_intrinsic,17488,KCapbp-ap2,KCa'b'-ap2,,VFB_jrmc2icl,L,,,Roughly traced,
403,78512,110,45,0.00012771317941960165,KCa'b'-ap2,KCa'b'-ap2_L,Kenyon_Cell,,cb_intrinsic,17488,KCapbp-ap2,KCa'b'-ap2,,VFB_jrmc2icc,L,,,Roughly traced,
404,80611,110,44,0.00012771317941960165,KCa'b'-ap1,KCa'b'-ap1_L,Kenyon_Cell,,cb_intrinsic,17488,KCapbp-ap1,KCa'b'-ap1,,VFB_jrmc2i50,L,,,Roughly traced,
405,81049,110,35,0.00012771317941960165,KCab-p,KCab-p_R,Kenyon_Cell,,cb_intrinsic,11862,KCab-p,KCab-p,,VFB_jrmc2jf7,R,,,Roughly traced,
406,87533,110,46,0.00012771317941960165,KCa'b'-m,KCa'b'-m_L,Kenyon_Cell,,cb_intrinsic,17488,KCapbp-m,KCa'b'-m,,VFB_jrmc2ikd,L,,,Roughly traced,
407,93017,110,38,0.00012771317941960165,KCa'b'-m,KCa'b'-m_L,Kenyon_Cell,,cb_intrinsic,17488,KCapbp-m,KCa'b'-m,,VFB_jrmc2ijz,L,,,Roughly traced,
408,95517,110,43,0.00012771317941960165,KCa'b'-ap1,KCa'b'-ap1_L,Kenyon_Cell,,cb_intrinsic,17488,KCapbp-ap1,KCa'b'-ap1,,VFB_jrmc2i58,L,,,Roughly traced,
409,109655,110,46,0.00012771317941960165,KCa'b'-ap1,KCa'b'-ap1_L,Kenyon_Cell,,cb_intrinsic,17488,KCapbp-ap1,KCa'b'-ap1,,VFB_jrmc2i59,L,,,Roughly traced,
410,533345,110,37,0.00012771317941960165,KCg-d,KCg-d_R,Kenyon_Cell,,cb_intrinsic,19102,KCg-d,KCg-d,,VFB_jrmc2k3d,R,,,Roughly traced,
411,10420,109,18,0.00012655215051578708,GNG667,GNG667_L,,,cb_intrinsic,,CB0655,,,VFB_jrmc2uk0,L,LB,,Roughly traced,
412,11634,109,16,0.00012655215051578708,CRE041,CRE041_L,,,cb_intrinsic,,CRE041,CRE041,,VFB_jrmc34tv,L,,,Roughly traced,
413,24088,109,13,0.00012655215051578708,FB4D_c,FB4D_c_R,CX,,cb_intrinsic,11994,FB4D,FB4D,,VFB_jrmc3042,R,CG,,Roughly traced,
414,41480,109,47,0.00012655215051578708,KCa'b'-m,KCa'b'-m_L,Kenyon_Cell,,cb_intrinsic,17488,KCapbp-m,KCa'b'-m,,VFB_jrmc2ihq,L,,,Roughly traced,
415,42115,109,36,0.00012655215051578708,KCa'b'-ap1,KCa'b'-ap1_L,Kenyon_Cell,,cb_intrinsic,17488,KCapbp-ap1,KCa'b'-ap1,,VFB_jrmc2i6b,L,,,Roughly traced,
416,44647,109,48,0.00012655215051578708,KCa'b'-ap1,KCa'b'-ap1_L,Kenyon_Cell,,cb_intrinsic,17488,KCapbp-ap1,KCa'b'-ap1,,VFB_jrmc2i4n,L,,,Roughly traced,
417,47117,109,51,0.00012655215051578708,KCg-m,KCg-m_L,Kenyon_Cell,,cb_intrinsic,14292,KCg-m,KCg-m,,VFB_jrmc2d6o,L,,,Roughly traced,
418,50933,109,40,0.00012655215051578708,KCg-d,KCg-d_L,Kenyon_Cell,,cb_intrinsic,19102,KCg-d,KCg-d,,VFB_jrmc2k4j,L,,,Roughly traced,
419,51600,109,39,0.00012655215051578708,KCab-p,KCab-p_R,Kenyon_Cell,,cb_intrinsic,11862,KCab-p,KCab-p,,VFB_jrmc2je9,R,,,Roughly traced,
420,53331,109,41,0.00012655215051578708,KCa'b'-ap1,KCa'b'-ap1_L,Kenyon_Cell,,cb_intrinsic,17488,KCapbp-ap1,KCa'b'-ap1,,VFB_jrmc2i7u,L,,,Roughly traced,
421,60539,109,50,0.00012655215051578708,KCa'b'-ap1,KCa'b'-ap1_L,Kenyon_Cell,,cb_intrinsic,17488,KCapbp-ap1,KCa'b'-ap1,,VFB_jrmc2i75,L,,,Roughly traced,
422,65974,109,42,0.00012655215051578708,KCa'b'-ap1,KCa'b'-ap1_L,Kenyon_Cell,,cb_intrinsic,17488,KCapbp-ap1,KCa'b'-ap1,,VFB_jrmc2i4v,L,,,Roughly traced,
423,75780,109,41,0.00012655215051578708,KCa'b'-ap1,KCa'b'-ap1_L,Kenyon_Cell,,cb_intrinsic,17488,KCapbp-ap1,KCa'b'-ap1,,VFB_jrmc2i4y,L,,,Roughly traced,
424,105684,109,34,0.00012655215051578708,KCab-p,KCab-p_R,Kenyon_Cell,,cb_intrinsic,11862,KCab-p,KCab-p,,VFB_jrmc2jeo,R,,,Roughly traced,
425,140834,109,35,0.00012655215051578708,KCab-s,KCab-s_R,Kenyon_Cell,,cb_intrinsic,11862,KCab,,,VFB_jrmc2jmh,R,,,Prelim Roughly traced,
426,10324,108,7,0.00012539112161197253,ExR1,ExR1_R,CX,,cb_intrinsic,,ExR1,ExR1,,VFB_jrmc2zyv,R,,,Roughly traced,
427,11091,108,3,0.00012539112161197253,AVLP542,AVLP542_L,,,cb_intrinsic,10925,AVLP542,AVLP542,,VFB_jrmc3j2v,L,,,Roughly traced,
428,31911,108,14,0.00012539112161197253,FB4F_c,FB4F_c_L,CX,,cb_intrinsic,11994,FB4F,FB4F_a,,VFB_jrmc304n,L,CG,,Prelim Roughly traced,
429,48032,108,43,0.00012539112161197253,KCa'b'-ap2,KCa'b'-ap2_L,Kenyon_Cell,,cb_intrinsic,17488,KCapbp-ap2,KCa'b'-ap2,,VFB_jrmc2icv,L,,,Roughly traced,
430,51686,108,34,0.00012539112161197253,KCab-p,KCab-p_R,Kenyon_Cell,,cb_intrinsic,11862,KCab-p,KCab-p,,VFB_jrmc2jea,R,,,Roughly traced,
431,59969,108,10,0.00012539112161197253,hDeltaA,hDeltaA_14_C12,CX,,cb_intrinsic,11512,hDeltaA,hDeltaA,,VFB_jrmc02ia,L,,,Roughly traced,
432,61071,108,37,0.00012539112161197253,KCa'b'-ap1,KCa'b'-ap1_L,Kenyon_Cell,,cb_intrinsic,17488,KCapbp-ap1,KCa'b'-ap1,,VFB_jrmc2i4u,L,,,Roughly traced,
433,64525,108,52,0.00012539112161197253,KCg-m,KCg-m_R,Kenyon_Cell,,cb_intrinsic,14292,KCg-m,KCg-m,,VFB_jrmc2knw,R,,,Prelim Roughly traced,
434,64674,108,45,0.00012539112161197253,KCa'b'-ap2,KCa'b'-ap2_L,Kenyon_Cell,,cb_intrinsic,17488,KCapbp-ap2,KCa'b'-ap2,,VFB_jrmc2icx,L,,,Roughly traced,
435,69747,108,38,0.00012539112161197253,KCa'b'-ap1,KCa'b'-ap1_L,Kenyon_Cell,,cb_intrinsic,17488,KCapbp-ap1,KCa'b'-ap1,,VFB_jrmc2i7b,L,,,Roughly traced,
436,76287,108,47,0.00012539112161197253,KCa'b'-m,KCa'b'-m_L,Kenyon_Cell,,cb_intrinsic,17488,KCapbp-m,KCa'b'-m,,VFB_jrmc2iiv,L,,,Roughly traced,
437,83166,108,49,0.00012539112161197253,KCa'b'-ap2,KCa'b'-ap2_L,Kenyon_Cell,,cb_intrinsic,17488,KCapbp-ap2,KCa'b'-ap2,,VFB_jrmc2id6,L,,,Roughly traced,
438,87667,108,43,0.00012539112161197253,KCa'b'-m,KCa'b'-m_L,Kenyon_Cell,,cb_intrinsic,17488,KCapbp-m,KCa'b'-m,,VFB_jrmc2ili,L,,,Roughly traced,
439,88822,108,45,0.00012539112161197253,KCa'b'-ap1,KCa'b'-ap1_R,Kenyon_Cell,,cb_intrinsic,17488,KCapbp-ap1,KCa'b'-ap1,,VFB_jrmc2i6l,R,,,Roughly traced,
440,92294,108,49,0.00012539112161197253,KCa'b'-m,KCa'b'-m_R,Kenyon_Cell,,cb_intrinsic,17488,KCapbp-m,KCa'b'-m,,VFB_jrmc2igu,R,,,Roughly traced,
441,94240,108,38,0.00012539112161197253,KCab-p,KCab-p_R,Kenyon_Cell,,cb_intrinsic,11862,KCab-p,KCab-p,,VFB_jrmc2jen,R,,,Roughly traced,
442,95778,108,52,0.00012539112161197253,KCa'b'-ap2,KCa'b'-ap2_L,Kenyon_Cell,,cb_intrinsic,17488,KCapbp-ap2,KCa'b'-ap2,,VFB_jrmc2ifu,L,,,Roughly traced,
443,101648,108,47,0.00012539112161197253,KCa'b'-m,KCa'b'-m_L,Kenyon_Cell,,cb_intrinsic,17488,KCapbp-m,KCa'b'-m,,VFB_jrmc2ikf,L,,,Roughly traced,
444,118580,108,53,0.00012539112161197253,KCa'b'-ap1,KCa'b'-ap1_L,Kenyon_Cell,,cb_intrinsic,17488,KCapbp-ap1,KCa'b'-ap1,,VFB_jrmc2i6e,L,,,Roughly traced,
445,132051,108,49,0.00012539112161197253,KCg-m,KCg-m_L,Kenyon_Cell,,cb_intrinsic,14292,KCg-m,KCg-m,,VFB_jrmc2kdk,L,,,Prelim Roughly traced,
446,171048,108,43,0.00012539112161197253,KCab-p,KCab-p_R,Kenyon_Cell,,cb_intrinsic,11862,KCab-p,KCab-p,,VFB_jrmc2jh5,R,,,Roughly traced,
447,228917,108,36,0.00012539112161197253,KCab-p,KCab-p_R,Kenyon_Cell,,cb_intrinsic,11862,KCab-p,KCab-p,,VFB_jrmc2jeu,R,,,Roughly traced,
448,529490,108,43,0.00012539112161197253,KCa'b'-ap1,KCa'b'-ap1_L,Kenyon_Cell,,cb_intrinsic,17488,KCapbp-ap1,KCa'b'-ap1,,VFB_jrmc2i4i,L,,,Roughly traced,
449,915893,108,46,0.00012539112161197253,KCab-p,KCab-p_L,Kenyon_Cell,,cb_intrinsic,11862,KCab-p,KCab-p,,VFB_jrmc2jhe,L,,,Roughly traced,
450,13760,107,4,0.00012423009270815796,LAL072,LAL072_R,,,cb_intrinsic,,LAL072,LAL072,,VFB_jrmc2crx,R,,,Roughly traced,
451,25529,107,20,0.00012423009270815796,FB2A,FB2A_L,CX,,cb_intrinsic,21519,CB.FB2H0,FB2A,,VFB_jrmc300j,L,,,Roughly traced,
452,45066,107,45,0.00012423009270815796,KCa'b'-ap2,KCa'b'-ap2_L,Kenyon_Cell,,cb_intrinsic,17488,KCapbp-ap2,KCa'b'-ap2,,VFB_jrmc2icq,L,,,Roughly traced,
453,46566,107,42,0.00012423009270815796,KCa'b'-ap2,KCa'b'-ap2_L,Kenyon_Cell,,cb_intrinsic,17488,KCapbp-ap2,KCa'b'-ap2,,VFB_jrmc2i8y,L,,,Roughly traced,
454,47074,107,50,0.00012423009270815796,KCa'b'-ap1,KCa'b'-ap1_L,Kenyon_Cell,,cb_intrinsic,17488,KCapbp-ap1,KCa'b'-ap1,,VFB_jrmc2i46,L,,,Roughly traced,
455,47771,107,50,0.00012423009270815796,KCa'b'-ap2,KCa'b'-ap2_L,Kenyon_Cell,,cb_intrinsic,17488,KCapbp-ap2,KCa'b'-ap2,,VFB_jrmc2ida,L,,,Roughly traced,
456,48174,107,45,0.00012423009270815796,KCa'b'-ap1,KCa'b'-ap1_R,Kenyon_Cell,,cb_intrinsic,17488,KCapbp-ap1,KCa'b'-ap1,,VFB_jrmc2i5i,R,,,Roughly traced,
457,62638,107,46,0.00012423009270815796,KCa'b'-ap1,KCa'b'-ap1_L,Kenyon_Cell,,cb_intrinsic,17488,KCapbp-ap1,KCa'b'-ap1,,VFB_jrmc2i73,L,,,Roughly traced,
458,67022,107,39,0.00012423009270815796,KCa'b'-ap1,KCa'b'-ap1_L,Kenyon_Cell,,cb_intrinsic,17488,KCapbp-ap1,KCa'b'-ap1,,VFB_jrmc2i4d,L,,,Roughly traced,
459,67167,107,11,0.00012423009270815796,hDeltaA,hDeltaA_03_C3,CX,,cb_intrinsic,11512,hDeltaA,hDeltaA,,VFB_jrmc02i6,R,,,Roughly traced,
460,70513,107,56,0.00012423009270815796,KCa'b'-ap2,KCa'b'-ap2_R,Kenyon_Cell,,cb_intrinsic,17488,KCapbp-ap2,KCa'b'-ap2,,VFB_jrmc2ia5,R,,,Roughly traced,
461,84131,107,46,0.00012423009270815796,KCa'b'-ap2,KCa'b'-ap2_L,Kenyon_Cell,,cb_intrinsic,17488,KCapbp-ap2,KCa'b'-ap2,,VFB_jrmc2ifx,L,,,Roughly traced,
462,86183,107,42,0.00012423009270815796,KCg-d,KCg-d_R,Kenyon_Cell,,cb_intrinsic,19102,KCg-d,KCg-d,,VFB_jrmc2k1h,R,,,Roughly traced,
463,87364,107,47,0.00012423009270815796,KCa'b'-m,KCa'b'-m_R,Kenyon_Cell,,cb_intrinsic,17488,KCapbp-m,KCa'b'-m,,VFB_jrmc2ilf,R,,,Roughly traced,
464,174127,107,47,0.00012423009270815796,KCa'b'-m,KCa'b'-m_L,Kenyon_Cell,,cb_intrinsic,17488,KCapbp-m,KCa'b'-m,,VFB_jrmc2iia,L,,,Roughly traced,
465,10138,106,24,0.0001230690638043434,oviIN,oviIN_R,,,cb_intrinsic,,oviIN,oviIN,,VFB_jrmc02yw,R,,,Roughly traced,
466,17801,106,15,0.0001230690638043434,hDeltaA,hDeltaA_01_C1,CX,,cb_intrinsic,11512,hDeltaA,hDeltaA,,VFB_jrmc02ib,R,,,Roughly traced,
467,43246,106,39,0.0001230690638043434,KCa'b'-ap1,KCa'b'-ap1_L,Kenyon_Cell,,cb_intrinsic,17488,KCapbp-ap1,KCa'b'-ap1,,VFB_jrmc2i43,L,,,Roughly traced,
468,43580,106,45,0.0001230690638043434,KCa'b'-ap2,KCa'b'-ap2_L,Kenyon_Cell,,cb_intrinsic,17488,KCapbp-ap2,KCa'b'-ap2,,VFB_jrmc2ien,L,,,Roughly traced,
469,46806,106,42,0.0001230690638043434,KCa'b'-ap1,KCa'b'-ap1_L,Kenyon_Cell,,cb_intrinsic,17488,KCapbp-ap1,KCa'b'-ap1,,VFB_jrmc2i2g,L,,,Roughly traced,
470,57865,106,40,0.0001230690638043434,KCab-p,KCab-p_R,Kenyon_Cell,,cb_intrinsic,11862,KCab-p,KCab-p,,VFB_jrmc2jhj,R,,,Roughly traced,
471,70747,106,40,0.0001230690638043434,KCab-p,KCab-p_R,Kenyon_Cell,,cb_intrinsic,11862,KCab-p,KCab-p,,VFB_jrmc2jef,R,,,Roughly traced,
472,76352,106,43,0.0001230690638043434,KCa'b'-ap2,KCa'b'-ap2_L,Kenyon_Cell,,cb_intrinsic,17488,KCapbp-ap2,KCa'b'-ap2,,VFB_jrmc2idk,L,,,Roughly traced,
473,76933,106,47,0.0001230690638043434,KCa'b'-ap2,KCa'b'-ap2_L,Kenyon_Cell,,cb_intrinsic,17488,KCapbp-ap2,KCa'b'-ap2,,VFB_jrmc2icn,L,,,Roughly traced,
474,79656,106,53,0.0001230690638043434,KCa'b'-ap2,KCa'b'-ap2_L,Kenyon_Cell,,cb_intrinsic,17488,KCapbp-ap2,KCa'b'-ap2,,VFB_jrmc2ich,L,,,Roughly traced,
475,96065,106,40,0.0001230690638043434,KCa'b'-m,KCa'b'-m_R,Kenyon_Cell,,cb_intrinsic,17488,KCapbp-m,KCa'b'-m,,VFB_jrmc2iku,R,,,Roughly traced,
476,103832,106,37,0.0001230690638043434,KCab-p,KCab-p_R,Kenyon_Cell,,cb_intrinsic,11862,KCab-p,KCab-p,,VFB_jrmc2jfa,R,,,Roughly traced,
477,161302,106,44,0.0001230690638043434,KCa'b'-m,KCa'b'-m_R,Kenyon_Cell,,cb_intrinsic,17488,KCapbp-m,KCa'b'-m,,VFB_jrmc2igm,R,,,Roughly traced,
478,206739,106,33,0.0001230690638043434,KCg-s4,KCg-s4_L,Kenyon_Cell,,cb_intrinsic,14292,KCg-m,KCg-m,,VFB_jrmc2dgg,L,,,Roughly traced,
479,374700,106,38,0.0001230690638043434,KCab-p,KCab-p_R,Kenyon_Cell,,cb_intrinsic,11862,KCab-p,KCab-p,,VFB_jrmc2jev,R,,,Roughly traced,
480,23601,105,22,0.00012190803490052885,FB4Y,FB4Y_R,CX,,cb_intrinsic,13559,"CB.FB3,4A9",FB4Y,,VFB_jrmc306a,R,,,Roughly traced,
481,42111,105,45,0.00012190803490052885,KCa'b'-ap1,KCa'b'-ap1_L,Kenyon_Cell,,cb_intrinsic,17488,KCapbp-ap1,KCa'b'-ap1,,VFB_jrmc2i41,L,,,Roughly traced,
482,53382,105,48,0.00012190803490052885,KCa'b'-ap2,KCa'b'-ap2_R,Kenyon_Cell,,cb_intrinsic,17488,KCapbp-ap2,KCa'b'-ap2,,VFB_jrmc2i9n,R,,,Roughly traced,
483,54549,105,41,0.00012190803490052885,KCa'b'-ap1,KCa'b'-ap1_L,Kenyon_Cell,,cb_intrinsic,17488,KCapbp-ap1,KCa'b'-ap1,,VFB_jrmc2i2j,L,,,Roughly traced,
484,59787,105,34,0.00012190803490052885,KCab-p,KCab-p_R,Kenyon_Cell,,cb_intrinsic,11862,KCab-p,KCab-p,,VFB_jrmc2jeb,R,,,Roughly traced,
485,63209,105,41,0.00012190803490052885,KCa'b'-ap1,KCa'b'-ap1_L,Kenyon_Cell,,cb_intrinsic,17488,KCapbp-ap1,KCa'b'-ap1,,VFB_jrmc2i4c,L,,,Roughly traced,
486,65750,105,40,0.00012190803490052885,KCa'b'-ap1,KCa'b'-ap1_L,Kenyon_Cell,,cb_intrinsic,17488,KCapbp-ap1,KCa'b'-ap1,,VFB_jrmc2i7j,L,,,Roughly traced,
487,65814,105,44,0.00012190803490052885,KCa'b'-m,KCa'b'-m_L,Kenyon_Cell,,cb_intrinsic,17488,KCapbp-m,KCa'b'-m,,VFB_jrmc2iit,L,,,Roughly traced,
488,66720,105,42,0.00012190803490052885,KCa'b'-m,KCa'b'-m_L,Kenyon_Cell,,cb_intrinsic,17488,KCapbp-m,KCa'b'-m,,VFB_jrmc2ikm,L,,,Roughly traced,
489,76665,105,48,0.00012190803490052885,KCa'b'-m,KCa'b'-m_L,Kenyon_Cell,,cb_intrinsic,17488,KCapbp-m,KCa'b'-m,,VFB_jrmc2iif,L,,,Roughly traced,
490,79184,105,31,0.00012190803490052885,KCab-p,KCab-p_R,Kenyon_Cell,,cb_intrinsic,11862,KCab-p,KCab-p,,VFB_jrmc2jf6,R,,,Roughly traced,
491,83678,105,55,0.00012190803490052885,KCa'b'-ap2,KCa'b'-ap2_L,Kenyon_Cell,,cb_intrinsic,17488,KCapbp-ap2,KCa'b'-ap2,,VFB_jrmc2ico,L,,,Roughly traced,
492,84989,105,47,0.00012190803490052885,KCg-m,KCg-m_L,Kenyon_Cell,,cb_intrinsic,14292,KCg-m,KCg-m,,VFB_jrmc2kc3,L,,,Prelim Roughly traced,
493,88185,105,48,0.00012190803490052885,KCa'b'-ap2,KCa'b'-ap2_L,Kenyon_Cell,,cb_intrinsic,17488,KCapbp-ap2,KCa'b'-ap2,,VFB_jrmc2ib8,L,,,Roughly traced,
494,88703,105,48,0.00012190803490052885,KCg-m,KCg-m_R,Kenyon_Cell,,cb_intrinsic,14292,KCg-m,KCg-m,,VFB_jrmc2klb,R,,,Prelim Roughly traced,
495,92190,105,40,0.00012190803490052885,KCa'b'-ap1,KCa'b'-ap1_R,Kenyon_Cell,,cb_intrinsic,17488,KCapbp-ap1,KCa'b'-ap1,,VFB_jrmc2i6t,R,,,Roughly traced,
496,104755,105,40,0.00012190803490052885,KCa'b'-ap1,KCa'b'-ap1_R,Kenyon_Cell,,cb_intrinsic,17488,KCapbp-ap1,KCa'b'-ap1,,VFB_jrmc2i5q,R,,,Roughly traced,
497,124937,105,50,0.00012190803490052885,KCa'b'-ap1,KCa'b'-ap1_R,Kenyon_Cell,,cb_intrinsic,17488,KCapbp-ap1,KCa'b'-ap1,,VFB_jrmc2i70,R,,,Roughly traced,
498,128604,105,46,0.00012190803490052885,KCa'b'-ap2,KCa'b'-ap2_L,Kenyon_Cell,,cb_intrinsic,17488,KCapbp-ap2,KCa'b'-ap2,,VFB_jrmc2ibh,L,,,Roughly traced,
499,130875,105,56,0.00012190803490052885,KCa'b'-ap2,KCa'b'-ap2_R,Kenyon_Cell,,cb_intrinsic,17488,KCapbp-ap2,KCa'b'-ap2,,VFB_jrmc2iav,R,,,Roughly traced,
500,139589,105,54,0.00012190803490052885,KCg-m,KCg-m_L,Kenyon_Cell,,cb_intrinsic,14292,KCg-m,KCg-m,,VFB_jrmc2kqc,L,,,Prelim Roughly traced,
501,144486,105,39,0.00012190803490052885,KCa'b'-m,KCa'b'-m_L,Kenyon_Cell,,cb_intrinsic,17488,KCapbp-m,KCa'b'-m,,VFB_jrmc2ikg,L,,,Roughly traced,
502,192421,105,34,0.00012190803490052885,KCab-p,KCab-p_R,Kenyon_Cell,,cb_intrinsic,11862,KCab-p,KCab-p,,VFB_jrmc2jet,R,,,Roughly traced,
503,535798,105,43,0.00012190803490052885,KCa'b'-ap1,KCa'b'-ap1_L,Kenyon_Cell,,cb_intrinsic,17488,KCapbp-ap1,KCa'b'-ap1,,VFB_jrmc2i5b,L,,,Roughly traced,
504,10175,104,29,0.00012074700599671429,OA-VUMa6,OA-VUMa6(OA-VUMa7)_M,,,cb_intrinsic,10168,OA-VUMa6,"OA-VUMa6,OA-VUMa7",,VFB_jrmc1ng9,M,MX,,Roughly traced,
505,17480,104,13,0.00012074700599671429,FB2D,FB2D_L,CX,,cb_intrinsic,12083,CB.FB2I3,FB2D,,VFB_jrmc3011,L,CG,,Roughly traced,
506,43867,104,36,0.00012074700599671429,KCg-d,KCg-d_R,Kenyon_Cell,,cb_intrinsic,19102,KCg-d,KCg-d,,VFB_jrmc2k3u,R,,,Roughly traced,
507,53686,104,54,0.00012074700599671429,KCa'b'-ap2,KCa'b'-ap2_R,Kenyon_Cell,,cb_intrinsic,17488,KCapbp-ap2,KCa'b'-ap2,,VFB_jrmc2i9o,R,,,Roughly traced,
508,55480,104,43,0.00012074700599671429,KCa'b'-m,KCa'b'-m_L,Kenyon_Cell,,cb_intrinsic,17488,KCapbp-m,KCa'b'-m,,VFB_jrmc2ik8,L,,,Roughly traced,
509,56352,104,37,0.00012074700599671429,KCab-p,KCab-p_L,Kenyon_Cell,,cb_intrinsic,11862,KCab-p,KCab-p,,VFB_jrmc2jg7,L,,,Roughly traced,
510,58805,104,43,0.00012074700599671429,KCa'b'-m,KCa'b'-m_R,Kenyon_Cell,,cb_intrinsic,17488,KCapbp-m,KCa'b'-m,,VFB_jrmc2ig5,R,,,Roughly traced,
511,62417,104,39,0.00012074700599671429,KCa'b'-m,KCa'b'-m_L,Kenyon_Cell,,cb_intrinsic,17488,KCapbp-m,KCa'b'-m,,VFB_jrmc2iij,L,,,Roughly traced,
512,62905,104,47,0.00012074700599671429,KCa'b'-m,KCa'b'-m_R,Kenyon_Cell,,cb_intrinsic,17488,KCapbp-m,KCa'b'-m,,VFB_jrmc2igs,R,,,Roughly traced,
513,72723,104,49,0.00012074700599671429,KCa'b'-ap2,KCa'b'-ap2_L,Kenyon_Cell,,cb_intrinsic,17488,KCapbp-ap2,KCa'b'-ap2,,VFB_jrmc2i9d,L,,,Roughly traced,
514,74531,104,43,0.00012074700599671429,KCa'b'-m,KCa'b'-m_L,Kenyon_Cell,,cb_intrinsic,17488,KCapbp-m,KCa'b'-m,,VFB_jrmc2iiu,L,,,Roughly traced,
515,76069,104,43,0.00012074700599671429,KCa'b'-ap2,KCa'b'-ap2_L,Kenyon_Cell,,cb_intrinsic,17488,KCapbp-ap2,KCa'b'-ap2,,VFB_jrmc2icm,L,,,Roughly traced,
516,78194,104,44,0.00012074700599671429,KCa'b'-m,KCa'b'-m_L,Kenyon_Cell,,cb_intrinsic,17488,KCapbp-m,KCa'b'-m,,VFB_jrmc2ijd,L,,,Roughly traced,
517,83481,104,48,0.00012074700599671429,KCa'b'-m,KCa'b'-m_L,Kenyon_Cell,,cb_intrinsic,17488,KCapbp-m,KCa'b'-m,,VFB_jrmc2ijf,L,,,Roughly traced,
518,119144,104,50,0.00012074700599671429,KCg-m,KCg-m_L,Kenyon_Cell,,cb_intrinsic,14292,KCg-m,KCg-m,,VFB_jrmc2kh2,L,,,Roughly traced,
519,122691,104,46,0.00012074700599671429,KCa'b'-m,KCa'b'-m_L,Kenyon_Cell,,cb_intrinsic,17488,KCapbp-m,KCa'b'-m,,VFB_jrmc2ik2,L,,,Roughly traced,
520,129301,104,48,0.00012074700599671429,KCa'b'-ap2,KCa'b'-ap2_L,Kenyon_Cell,,cb_intrinsic,17488,KCapbp-ap2,KCa'b'-ap2,,VFB_jrmc2ie4,L,,,Roughly traced,
521,132006,104,47,0.00012074700599671429,KCa'b'-ap2,KCa'b'-ap2_L,Kenyon_Cell,,cb_intrinsic,17488,KCapbp-ap2,KCa'b'-ap2,,VFB_jrmc2ict,L,,,Roughly traced,
522,141559,104,38,0.00012074700599671429,KCab-p,KCab-p_L,Kenyon_Cell,,cb_intrinsic,11862,KCab-p,KCab-p,,VFB_jrmc2jgy,L,,,Roughly traced,
523,530565,104,40,0.00012074700599671429,KCa'b'-ap2,KCa'b'-ap2_L,Kenyon_Cell,,cb_intrinsic,17488,KCapbp-ap2,KCa'b'-ap2,,VFB_jrmc2iem,L,,,Roughly traced,
524,547275,104,56,0.00012074700599671429,KCg-m,KCg-m_R,Kenyon_Cell,,cb_intrinsic,14292,KCg-m,KCg-m,,VFB_jrmc2deh,R,,,Prelim Roughly traced,
525,11001,103,12,0.00011958597709289973,LHMB1,LHMB1_R,,,cb_intrinsic,11001,LHMB1,LHMB1,,VFB_jrmc21xx,R,,,Roughly traced,
526,15501,103,6,0.00011958597709289973,LHAV2b2_a,LHAV2b2_a_R,,,cb_intrinsic,13095,LHAV2b2a,LHAV2b2_a,,VFB_jrmc2932,R,,,Roughly traced,
527,21145,103,30,0.00011958597709289973,PPL104,PPL104(a'3)_R,DAN,,cb_intrinsic,,PPL104,PPL104,,VFB_jrmc1j64,R,,,Roughly traced,
528,21204,103,11,0.00011958597709289973,FB4D_a,FB4D_a_R,CX,,cb_intrinsic,11994,FB4D,FB4D,,VFB_jrmc303y,R,CG,,Roughly traced,
529,43351,103,44,0.00011958597709289973,KCa'b'-ap1,KCa'b'-ap1_L,Kenyon_Cell,,cb_intrinsic,17488,KCapbp-ap1,KCa'b'-ap1,,VFB_jrmc2i7e,L,,,Roughly traced,
530,49535,103,46,0.00011958597709289973,KCa'b'-ap2,KCa'b'-ap2_L,Kenyon_Cell,,cb_intrinsic,17488,KCapbp-ap2,KCa'b'-ap2,,VFB_jrmc2i90,L,,,Roughly traced,
531,49950,103,42,0.00011958597709289973,KCa'b'-m,KCa'b'-m_L,Kenyon_Cell,,cb_intrinsic,17488,KCapbp-m,KCa'b'-m,,VFB_jrmc2ij9,L,,,Roughly traced,
532,52189,103,48,0.00011958597709289973,KCa'b'-ap2,KCa'b'-ap2_L,Kenyon_Cell,,cb_intrinsic,17488,KCapbp-ap2,KCa'b'-ap2,,VFB_jrmc2icw,L,,,Roughly traced,
533,53987,103,58,0.00011958597709289973,KCg-m,KCg-m_L,Kenyon_Cell,,cb_intrinsic,14292,KCg-m,KCg-m,,VFB_jrmc2d9i,L,,,Roughly traced,
534,54192,103,40,0.00011958597709289973,KCa'b'-ap1,KCa'b'-ap1_R,Kenyon_Cell,,cb_intrinsic,17488,KCapbp-ap1,KCa'b'-ap1,,VFB_jrmc2i3e,R,,,Roughly traced,
535,59078,103,43,0.00011958597709289973,KCa'b'-m,KCa'b'-m_L,Kenyon_Cell,,cb_intrinsic,17488,KCapbp-m,KCa'b'-m,,VFB_jrmc2ija,L,,,Roughly traced,
536,67000,103,50,0.00011958597709289973,KCg-m,KCg-m_L,Kenyon_Cell,,cb_intrinsic,14292,KCg-m,KCg-m,,VFB_jrmc2kaz,L,,,Roughly traced,
537,100728,103,50,0.00011958597709289973,KCa'b'-ap2,KCa'b'-ap2_L,Kenyon_Cell,,cb_intrinsic,17488,KCapbp-ap2,KCa'b'-ap2,,VFB_jrmc2iba,L,,,Roughly traced,
538,103715,103,39,0.00011958597709289973,KCg-d,KCg-d_L,Kenyon_Cell,,cb_intrinsic,19102,KCg-d,KCg-d,,VFB_jrmc2k2w,L,,,Roughly traced,
539,106885,103,51,0.00011958597709289973,KCg-m,KCg-m_L,Kenyon_Cell,,cb_intrinsic,14292,KCg-m,KCg-m,,VFB_jrmc2kcw,L,,,Roughly traced,
540,115287,103,49,0.00011958597709289973,KCg-m,KCg-m_L,Kenyon_Cell,,cb_intrinsic,14292,KCg-m,KCg-m,,VFB_jrmc2ddh,L,,,Roughly traced,
541,119632,103,55,0.00011958597709289973,KCg-m,KCg-m_R,Kenyon_Cell,,cb_intrinsic,14292,KCg-m,KCg-m,,VFB_jrmc2klo,R,,,Prelim Roughly traced,
542,119901,103,41,0.00011958597709289973,KCab-p,KCab-p_L,Kenyon_Cell,,cb_intrinsic,11862,KCab-p,KCab-p,,VFB_jrmc2jgb,L,,,Roughly traced,
543,137302,103,41,0.00011958597709289973,KCg-d,KCg-d_L,Kenyon_Cell,,cb_intrinsic,19102,KCg-d,KCg-d,,VFB_jrmc2k3b,L,,,Prelim Roughly traced,
544,142329,103,49,0.00011958597709289973,KCa'b'-m,KCa'b'-m_L,Kenyon_Cell,,cb_intrinsic,17488,KCapbp-m,KCa'b'-m,,VFB_jrmc2iid,L,,,Roughly traced,
545,153080,103,28,0.00011958597709289973,KCab-p,KCab-p_R,Kenyon_Cell,,cb_intrinsic,11862,KCab-p,KCab-p,,VFB_jrmc2jfb,R,,,Roughly traced,
546,10147,102,9,0.00011842494818908517,LHAD1g1,LHAD1g1_L,,,cb_intrinsic,,LHAD1g1,LHAD1g1,,VFB_jrmc28y0,L,,,Roughly traced,
547,58884,102,50,0.00011842494818908517,KCa'b'-m,KCa'b'-m_L,Kenyon_Cell,,cb_intrinsic,17488,KCapbp-m,KCa'b'-m,,VFB_jrmc2ijx,L,,,Roughly traced,
548,60344,102,32,0.00011842494818908517,KCg-d,KCg-d_R,Kenyon_Cell,,cb_intrinsic,19102,KCg-d,KCg-d,,VFB_jrmc2k54,R,,,Roughly traced,
549,60697,102,40,0.00011842494818908517,KCa'b'-ap1,KCa'b'-ap1_L,Kenyon_Cell,,cb_intrinsic,17488,KCapbp-ap1,KCa'b'-ap1,,VFB_jrmc2i7p,L,,,Roughly traced,
550,60829,102,32,0.00011842494818908517,KCg-d,KCg-d_R,Kenyon_Cell,,cb_intrinsic,19102,KCg-d,KCg-d,,VFB_jrmc2k0o,R,,,Roughly traced,
551,61334,102,42,0.00011842494818908517,KCa'b'-m,KCa'b'-m_L,Kenyon_Cell,,cb_intrinsic,17488,KCapbp-m,KCa'b'-m,,VFB_jrmc2igq,L,,,Roughly traced,
552,67011,102,39,0.00011842494818908517,KCa'b'-ap2,KCa'b'-ap2_L,Kenyon_Cell,,cb_intrinsic,17488,KCapbp-ap2,KCa'b'-ap2,,VFB_jrmc2id5,L,,,Roughly traced,
553,73146,102,51,0.00011842494818908517,KCa'b'-ap2,KCa'b'-ap2_L,Kenyon_Cell,,cb_intrinsic,17488,KCapbp-ap2,KCa'b'-ap2,,VFB_jrmc2icg,L,,,Roughly traced,
554,76056,102,47,0.00011842494818908517,KCa'b'-ap2,KCa'b'-ap2_L,Kenyon_Cell,,cb_intrinsic,17488,KCapbp-ap2,KCa'b'-ap2,,VFB_jrmc2idj,L,,,Roughly traced,
555,81129,102,40,0.00011842494818908517,KCa'b'-m,KCa'b'-m_L,Kenyon_Cell,,cb_intrinsic,17488,KCapbp-m,KCa'b'-m,,VFB_jrmc2iiw,L,,,Roughly traced,
556,85900,102,42,0.00011842494818908517,KCa'b'-ap2,KCa'b'-ap2_L,Kenyon_Cell,,cb_intrinsic,17488,KCapbp-ap2,KCa'b'-ap2,,VFB_jrmc2ib6,L,,,Roughly traced,
557,86395,102,52,0.00011842494818908517,KCg-m,KCg-m_L,Kenyon_Cell,,cb_intrinsic,14292,KCg-m,KCg-m,,VFB_jrmc2kc8,L,,,Prelim Roughly traced,
558,88283,102,44,0.00011842494818908517,KCa'b'-m,KCa'b'-m_R,Kenyon_Cell,,cb_intrinsic,17488,KCapbp-m,KCa'b'-m,,VFB_jrmc2ihg,R,,,Roughly traced,
559,93108,102,39,0.00011842494818908517,KCab-p,KCab-p_R,Kenyon_Cell,,cb_intrinsic,11862,KCab-p,KCab-p,,VFB_jrmc2je7,R,,,Roughly traced,
560,135354,102,36,0.00011842494818908517,KCab-p,KCab-p_L,Kenyon_Cell,,cb_intrinsic,11862,KCab-p,KCab-p,,VFB_jrmc2jg5,L,,,Roughly traced,
561,12763,101,19,0.0001172639192852706,FB4K,FB4K_L,CX,,cb_intrinsic,,FB4K,FB4K,,VFB_jrmc304z,L,,,Roughly traced,
562,14420,101,11,0.0001172639192852706,FB4X,FB4X_R,CX,,cb_intrinsic,,"CB.FB3,4A1",FB4X,,VFB_jrmc3065,R,,,Roughly traced,
563,22521,101,9,0.0001172639192852706,FB5N,FB5N_L,CX,,cb_intrinsic,11994,FB5N,FB5N,,VFB_jrmc3081,L,CG,,Roughly traced,
564,31720,101,52,0.0001172639192852706,KCg-m,KCg-m_R,Kenyon_Cell,,cb_intrinsic,14292,KCg-m,KCg-m,,VFB_jrmc2kvn,R,,,Roughly traced,
565,49774,101,42,0.0001172639192852706,KCa'b'-m,KCa'b'-m_R,Kenyon_Cell,,cb_intrinsic,17488,KCapbp-m,KCa'b'-m,,VFB_jrmc2igx,R,,,Roughly traced,
566,54729,101,40,0.0001172639192852706,KCa'b'-ap1,KCa'b'-ap1_L,Kenyon_Cell,,cb_intrinsic,17488,KCapbp-ap1,KCa'b'-ap1,,VFB_jrmc2i4r,L,,,Roughly traced,
567,68428,101,40,0.0001172639192852706,KCa'b'-ap1,KCa'b'-ap1_R,Kenyon_Cell,,cb_intrinsic,17488,KCapbp-ap1,KCa'b'-ap1,,VFB_jrmc2i3m,R,,,Roughly traced,
568,69223,101,42,0.0001172639192852706,KCa'b'-m,KCa'b'-m_L,Kenyon_Cell,,cb_intrinsic,17488,KCapbp-m,KCa'b'-m,,VFB_jrmc2iil,L,,,Roughly traced,
569,71486,101,38,0.0001172639192852706,KCg-d,KCg-d_R,Kenyon_Cell,,cb_intrinsic,19102,KCg-d,KCg-d,,VFB_jrmc2k4c,R,,,Roughly traced,
570,76688,101,35,0.0001172639192852706,KCab-p,KCab-p_L,Kenyon_Cell,,cb_intrinsic,11862,KCab-p,KCab-p,,VFB_jrmc2jhi,L,,,Roughly traced,
571,77479,101,54,0.0001172639192852706,KCg-m,KCg-m_R,Kenyon_Cell,,cb_intrinsic,14292,KCg-m,KCg-m,,VFB_jrmc2d5x,R,,,Prelim Roughly traced,
572,81348,101,42,0.0001172639192852706,KCa'b'-m,KCa'b'-m_R,Kenyon_Cell,,cb_intrinsic,17488,KCapbp-m,KCa'b'-m,,VFB_jrmc2ihd,R,,,Roughly traced,
573,85033,101,34,0.0001172639192852706,KCab-p,KCab-p_R,Kenyon_Cell,,cb_intrinsic,11862,KCab-p,KCab-p,,VFB_jrmc2jf8,R,,,Roughly traced,
574,89461,101,53,0.0001172639192852706,KCa'b'-ap2,KCa'b'-ap2_R,Kenyon_Cell,,cb_intrinsic,17488,KCapbp-ap2,KCa'b'-ap2,,VFB_jrmc2if2,R,,,Roughly traced,
575,92402,101,45,0.0001172639192852706,KCa'b'-m,KCa'b'-m_L,Kenyon_Cell,,cb_intrinsic,17488,KCapbp-m,KCa'b'-m,,VFB_jrmc2ike,L,,,Roughly traced,
576,93044,101,54,0.0001172639192852706,KCg-m,KCg-m_L,Kenyon_Cell,,cb_intrinsic,14292,KCg-m,KCg-m,,VFB_jrmc2kcf,L,,,Prelim Roughly traced,
577,95735,101,48,0.0001172639192852706,KCa'b'-m,KCa'b'-m_L,Kenyon_Cell,,cb_intrinsic,17488,KCapbp-m,KCa'b'-m,,VFB_jrmc2ikn,L,,,Roughly traced,
578,112144,101,50,0.0001172639192852706,KCa'b'-m,KCa'b'-m_L,Kenyon_Cell,,cb_intrinsic,17488,KCapbp-m,KCa'b'-m,,VFB_jrmc2ik7,L,,,Roughly traced,
579,117106,101,41,0.0001172639192852706,KCa'b'-m,KCa'b'-m_L,Kenyon_Cell,,cb_intrinsic,17488,KCapbp-m,KCa'b'-m,,VFB_jrmc2ii4,L,,,Roughly traced,
580,117811,101,46,0.0001172639192852706,KCab-p,KCab-p_L,Kenyon_Cell,,cb_intrinsic,11862,KCab-p,KCab-p,,VFB_jrmc2jgw,L,,,Roughly traced,
581,123494,101,46,0.0001172639192852706,KCg-m,KCg-m_L,Kenyon_Cell,,cb_intrinsic,14292,KCg-m,KCg-m,,VFB_jrmc2kdc,L,,,Roughly traced,
582,128085,101,43,0.0001172639192852706,KCa'b'-ap1,KCa'b'-ap1_R,Kenyon_Cell,,cb_intrinsic,17488,KCapbp-ap1,KCa'b'-ap1,,VFB_jrmc2i69,R,,,Roughly traced,
583,150823,101,37,0.0001172639192852706,KCa'b'-ap1,KCa'b'-ap1_R,Kenyon_Cell,,cb_intrinsic,17488,KCapbp-ap1,KCa'b'-ap1,,VFB_jrmc2i5x,R,,,Roughly traced,
584,10896,100,5,0.00011610289038145604,MeVP51,MeVP51_R,,,visual_projection,,MTe43,,,VFB_jrmc1vb5,R,,,Roughly traced,
585,16700,100,6,0.00011610289038145604,ATL027,ATL027_L,,,cb_intrinsic,15149,ATL027,ATL027,,VFB_jrmc3hre,L,,,Roughly traced,
586,23281,100,25,0.00011610289038145604,ExR5,ExR5_L,CX,,cb_intrinsic,,ExR5,ExR5,,VFB_jrmc2zz7,L,,,Roughly traced,
587,38528,100,39,0.00011610289038145604,KCa'b'-ap1,KCa'b'-ap1_R,Kenyon_Cell,,cb_intrinsic,17488,KCapbp-ap1,KCa'b'-ap1,,VFB_jrmc2i2p,R,,,Roughly traced,
588,38746,100,51,0.00011610289038145604,KCa'b'-ap2,KCa'b'-ap2_L,Kenyon_Cell,,cb_intrinsic,17488,KCapbp-ap2,KCa'b'-ap2,,VFB_jrmc2icu,L,,,Roughly traced,
589,48632,100,38,0.00011610289038145604,KCg-d,KCg-d_R,Kenyon_Cell,,cb_intrinsic,19102,KCg-d,KCg-d,,VFB_jrmc2k4f,R,,,Roughly traced,
590,53241,100,44,0.00011610289038145604,KCa'b'-ap2,KCa'b'-ap2_L,Kenyon_Cell,,cb_intrinsic,17488,KCapbp-ap2,KCa'b'-ap2,,VFB_jrmc2i91,L,,,Roughly traced,
591,55884,100,47,0.00011610289038145604,KCa'b'-m,KCa'b'-m_L,Kenyon_Cell,,cb_intrinsic,17488,KCapbp-m,KCa'b'-m,,VFB_jrmc2ijq,L,,,Roughly traced,
592,61639,100,44,0.00011610289038145604,KCa'b'-m,KCa'b'-m_L,Kenyon_Cell,,cb_intrinsic,17488,KCapbp-m,KCa'b'-m,,VFB_jrmc2iip,L,,,Roughly traced,
593,81630,100,50,0.00011610289038145604,KCg-m,KCg-m_L,Kenyon_Cell,,cb_intrinsic,14292,KCg-m,KCg-m,,VFB_jrmc2kbu,L,,,Prelim Roughly traced,
594,82028,100,45,0.00011610289038145604,KCa'b'-ap2,KCa'b'-ap2_L,Kenyon_Cell,,cb_intrinsic,17488,KCapbp-ap2,KCa'b'-ap2,,VFB_jrmc2idr,L,,,Roughly traced,
595,86372,100,40,0.00011610289038145604,KCg-d,KCg-d_L,Kenyon_Cell,,cb_intrinsic,19102,KCg-d,KCg-d,,VFB_jrmc2k20,L,,,Prelim Roughly traced,
596,87308,100,47,0.00011610289038145604,KCg-m,KCg-m_L,Kenyon_Cell,,cb_intrinsic,14292,KCg-m,KCg-m,,VFB_jrmc2ddu,L,,,Prelim Roughly traced,
597,91928,100,45,0.00011610289038145604,KCg-m,KCg-m_L,Kenyon_Cell,,cb_intrinsic,14292,KCg-m,KCg-m,,VFB_jrmc2kcd,L,,,Prelim Roughly traced,
598,92847,100,39,0.00011610289038145604,KCa'b'-ap1,KCa'b'-ap1_L,Kenyon_Cell,,cb_intrinsic,17488,KCapbp-ap1,KCa'b'-ap1,,VFB_jrmc2i2u,L,,,Roughly traced,
599,101792,100,48,0.00011610289038145604,KCg-m,KCg-m_L,Kenyon_Cell,,cb_intrinsic,14292,KCg-m,KCg-m,,VFB_jrmc2kcs,L,,,Roughly traced,
600,139508,100,47,0.00011610289038145604,KCg-m,KCg-m_L,Kenyon_Cell,,cb_intrinsic,14292,KCg-m,KCg-m,,VFB_jrmc2ks5,L,,,Prelim Roughly traced,
601,212154,100,50,0.00011610289038145604,KCg-m,KCg-m_R,Kenyon_Cell,,cb_intrinsic,14292,KCg-m,KCg-m,,VFB_jrmc2k9v,R,,,Prelim Roughly traced,
602,529512,100,9,0.00011610289038145604,PPL106,PPL106_R,DAN,,cb_intrinsic,,PPL106,PPL106,,VFB_jrmc1j69,R,,,Roughly traced,
603,539367,100,42,0.00011610289038145604,KCa'b'-m,KCa'b'-m_R,Kenyon_Cell,,cb_intrinsic,17488,KCapbp-m,KCa'b'-m,,VFB_jrmc2ilb,R,,,Roughly traced,
604,547260,100,28,0.00011610289038145604,PAM10,PAM10(B1)_R,DAN,,cb_intrinsic,28434,PAM10,PAM10,,VFB_jrmc1pwh,R,,,Roughly traced,
605,561474,100,33,0.00011610289038145604,KCa'b'-ap1,KCa'b'-ap1_L,Kenyon_Cell,,cb_intrinsic,17488,KCapbp-ap1,KCa'b'-ap1,,VFB_jrmc2i5c,L,,,Roughly traced,
606,11367,99,5,0.00011494186147764148,PVLP061,PVLP061_R,,,cb_intrinsic,,PVLP061,PVLP061,,VFB_jrmc1ka3,R,,,Roughly traced,
607,39316,99,42,0.00011494186147764148,KCg-d,KCg-d_R,Kenyon_Cell,,cb_intrinsic,19102,KCg-d,KCg-d,,VFB_jrmc2k3y,R,,,Roughly traced,
608,42744,99,50,0.00011494186147764148,KCg-m,KCg-m_L,Kenyon_Cell,,cb_intrinsic,14292,KCg-m,KCg-m,,VFB_jrmc2dd9,L,,,Roughly traced,
609,48502,99,49,0.00011494186147764148,KCa'b'-ap2,KCa'b'-ap2_L,Kenyon_Cell,,cb_intrinsic,17488,KCapbp-ap2,KCa'b'-ap2,,VFB_jrmc2ifi,L,,,Roughly traced,
610,48829,99,38,0.00011494186147764148,KCa'b'-ap1,KCa'b'-ap1_R,Kenyon_Cell,,cb_intrinsic,17488,KCapbp-ap1,KCa'b'-ap1,,VFB_jrmc2i68,R,,,Roughly traced,
611,55003,99,39,0.00011494186147764148,KCa'b'-ap1,KCa'b'-ap1_L,Kenyon_Cell,,cb_intrinsic,17488,KCapbp-ap1,KCa'b'-ap1,,VFB_jrmc2i2l,L,,,Roughly traced,
612,55765,99,35,0.00011494186147764148,KCa'b'-m,KCa'b'-m_L,Kenyon_Cell,,cb_intrinsic,17488,KCapbp-m,KCa'b'-m,,VFB_jrmc2ihs,L,,,Roughly traced,
613,60098,99,43,0.00011494186147764148,KCa'b'-m,KCa'b'-m_R,Kenyon_Cell,,cb_intrinsic,17488,KCapbp-m,KCa'b'-m,,VFB_jrmc2ih2,R,,,Roughly traced,
614,62087,99,36,0.00011494186147764148,KCab-p,KCab-p_R,Kenyon_Cell,,cb_intrinsic,11862,KCab-p,KCab-p,,VFB_jrmc2jez,R,,,Roughly traced,
615,63035,99,49,0.00011494186147764148,KCa'b'-ap2,KCa'b'-ap2_L,Kenyon_Cell,,cb_intrinsic,17488,KCapbp-ap2,KCa'b'-ap2,,VFB_jrmc2i98,L,,,Roughly traced,
616,64023,99,46,0.00011494186147764148,KCa'b'-ap2,KCa'b'-ap2_L,Kenyon_Cell,,cb_intrinsic,17488,KCapbp-ap2,KCa'b'-ap2,,VFB_jrmc2ick,L,,,Roughly traced,
617,64472,99,45,0.00011494186147764148,KCa'b'-ap2,KCa'b'-ap2_L,Kenyon_Cell,,cb_intrinsic,17488,KCapbp-ap2,KCa'b'-ap2,,VFB_jrmc2icb,L,,,Roughly traced,
618,73296,99,49,0.00011494186147764148,KCg-m,KCg-m_R,Kenyon_Cell,,cb_intrinsic,14292,KCg-m,KCg-m,,VFB_jrmc2kqt,R,,,Prelim Roughly traced,
619,74141,99,43,0.00011494186147764148,KCa'b'-m,KCa'b'-m_R,Kenyon_Cell,,cb_intrinsic,17488,KCapbp-m,KCa'b'-m,,VFB_jrmc2ij4,R,,,Roughly traced,
620,86583,99,51,0.00011494186147764148,KCg-m,KCg-m_L,Kenyon_Cell,,cb_intrinsic,14292,KCg-m,KCg-m,,VFB_jrmc2kpm,L,,,Prelim Roughly traced,
621,107164,99,42,0.00011494186147764148,KCg-m,KCg-m_L,Kenyon_Cell,,cb_intrinsic,14292,KCg-m,KCg-m,,VFB_jrmc2kru,L,,,Roughly traced,
622,110269,99,35,0.00011494186147764148,KCab-p,KCab-p_R,Kenyon_Cell,,cb_intrinsic,11862,KCab-p,KCab-p,,VFB_jrmc2jep,R,,,Roughly traced,
623,111185,99,48,0.00011494186147764148,KCa'b'-ap1,KCa'b'-ap1_R,Kenyon_Cell,,cb_intrinsic,17488,KCapbp-ap1,KCa'b'-ap1,,VFB_jrmc2i5r,R,,,Roughly traced,
624,111197,99,32,0.00011494186147764148,KCg-d,KCg-d_L,Kenyon_Cell,,cb_intrinsic,19102,KCg-d,KCg-d,,VFB_jrmc2k5n,L,,,Roughly traced,
625,122110,99,34,0.00011494186147764148,KCab-p,KCab-p_R,Kenyon_Cell,,cb_intrinsic,11862,KCab-p,KCab-p,,VFB_jrmc2jgj,R,,,Roughly traced,
626,123605,99,39,0.00011494186147764148,KCa'b'-ap1,KCa'b'-ap1_R,Kenyon_Cell,,cb_intrinsic,17488,KCapbp-ap1,KCa'b'-ap1,,VFB_jrmc2i3s,R,,,Roughly traced,
627,130920,99,50,0.00011494186147764148,KCg-m,KCg-m_L,Kenyon_Cell,,cb_intrinsic,14292,KCg-m,KCg-m,,VFB_jrmc2ksu,L,,,Prelim Roughly traced,
628,131620,99,47,0.00011494186147764148,KCg-m,KCg-m_L,Kenyon_Cell,,cb_intrinsic,14292,KCg-m,KCg-m,,VFB_jrmc2khi,L,,,Prelim Roughly traced,
629,138439,99,47,0.00011494186147764148,KCg-m,KCg-m_L,Kenyon_Cell,,cb_intrinsic,14292,KCg-m,KCg-m,,VFB_jrmc2d9d,L,,,Prelim Roughly traced,
630,140052,99,45,0.00011494186147764148,KCa'b'-ap1,KCa'b'-ap1_L,Kenyon_Cell,,cb_intrinsic,17488,KCapbp-ap1,KCa'b'-ap1,,VFB_jrmc2i2v,L,,,Roughly traced,
631,141007,99,39,0.00011494186147764148,KCab-p,KCab-p_L,Kenyon_Cell,,cb_intrinsic,11862,KCab-p,KCab-p,,VFB_jrmc2jfr,L,,,Roughly traced,
632,149132,99,42,0.00011494186147764148,KCa'b'-m,KCa'b'-m_L,Kenyon_Cell,,cb_intrinsic,17488,KCapbp-m,KCa'b'-m,,VFB_jrmc2ikh,L,,,Roughly traced,
633,155716,99,34,0.00011494186147764148,KCab-p,KCab-p_L,Kenyon_Cell,,cb_intrinsic,11862,KCab-p,KCab-p,,VFB_jrmc2jh7,L,,,Roughly traced,
634,525787,99,40,0.00011494186147764148,PAM05,PAM05(B'2p)_L,DAN,,cb_intrinsic,92324,PAM05,PAM05,,VFB_jrmc1ptk,L,,,Roughly traced,
635,39456,98,50,0.00011378083257382692,KCa'b'-ap2,KCa'b'-ap2_L,Kenyon_Cell,,cb_intrinsic,17488,KCapbp-ap2,KCa'b'-ap2,,VFB_jrmc2i8t,L,,,Roughly traced,
636,39771,98,39,0.00011378083257382692,KCg-d,KCg-d_R,Kenyon_Cell,,cb_intrinsic,19102,KCg-d,KCg-d,,VFB_jrmc2k0c,R,,,Roughly traced,
637,46631,98,37,0.00011378083257382692,KCa'b'-ap1,KCa'b'-ap1_L,Kenyon_Cell,,cb_intrinsic,17488,KCapbp-ap1,KCa'b'-ap1,,VFB_jrmc2i2f,L,,,Roughly traced,
638,47793,98,46,0.00011378083257382692,KCa'b'-m,KCa'b'-m_R,Kenyon_Cell,,cb_intrinsic,17488,KCapbp-m,KCa'b'-m,,VFB_jrmc2ifz,R,,,Roughly traced,
639,50291,98,46,0.00011378083257382692,KCg-m,KCg-m_R,Kenyon_Cell,,cb_intrinsic,14292,KCg-m,KCg-m,,VFB_jrmc2kjn,R,,,Roughly traced,
640,50705,98,45,0.00011378083257382692,KCa'b'-ap2,KCa'b'-ap2_L,Kenyon_Cell,,cb_intrinsic,17488,KCapbp-ap2,KCa'b'-ap2,,VFB_jrmc2id4,L,,,Roughly traced,
641,55935,98,46,0.00011378083257382692,KCa'b'-ap2,KCa'b'-ap2_L,Kenyon_Cell,,cb_intrinsic,17488,KCapbp-ap2,KCa'b'-ap2,,VFB_jrmc2idw,L,,,Roughly traced,
642,63942,98,55,0.00011378083257382692,KCg-m,KCg-m_L,Kenyon_Cell,,cb_intrinsic,14292,KCg-m,KCg-m,,VFB_jrmc2kax,L,,,Roughly traced,
643,67479,98,51,0.00011378083257382692,KCg-m,KCg-m_L,Kenyon_Cell,,cb_intrinsic,14292,KCg-m,KCg-m,,VFB_jrmc2kb0,L,,,Roughly traced,
644,69210,98,49,0.00011378083257382692,KCa'b'-ap2,KCa'b'-ap2_L,Kenyon_Cell,,cb_intrinsic,17488,KCapbp-ap2,KCa'b'-ap2,,VFB_jrmc2if5,L,,,Roughly traced,
645,75650,98,42,0.00011378083257382692,KCa'b'-ap1,KCa'b'-ap1_L,Kenyon_Cell,,cb_intrinsic,17488,KCapbp-ap1,KCa'b'-ap1,,VFB_jrmc2i6p,L,,,Roughly traced,
646,76299,98,48,0.00011378083257382692,KCa'b'-ap2,KCa'b'-ap2_L,Kenyon_Cell,,cb_intrinsic,17488,KCapbp-ap2,KCa'b'-ap2,,VFB_jrmc2ib4,L,,,Roughly traced,
647,76867,98,47,0.00011378083257382692,KCa'b'-ap2,KCa'b'-ap2_R,Kenyon_Cell,,cb_intrinsic,17488,KCapbp-ap2,KCa'b'-ap2,,VFB_jrmc2ibw,R,,,Roughly traced,
648,78150,98,37,0.00011378083257382692,KCa'b'-m,KCa'b'-m_L,Kenyon_Cell,,cb_intrinsic,17488,KCapbp-m,KCa'b'-m,,VFB_jrmc2ile,L,,,Roughly traced,
649,81976,98,45,0.00011378083257382692,KCa'b'-ap2,KCa'b'-ap2_L,Kenyon_Cell,,cb_intrinsic,17488,KCapbp-ap2,KCa'b'-ap2,,VFB_jrmc2ies,L,,,Roughly traced,
650,85805,98,55,0.00011378083257382692,KCg-m,KCg-m_L,Kenyon_Cell,,cb_intrinsic,14292,KCg-m,KCg-m,,VFB_jrmc2kc6,L,,,Prelim Roughly traced,
651,91960,98,40,0.00011378083257382692,KCab-p,KCab-p_R,Kenyon_Cell,,cb_intrinsic,11862,KCab-p,KCab-p,,VFB_jrmc2jgt,R,,,Roughly traced,
652,98104,98,49,0.00011378083257382692,KCg-m,KCg-m_L,Kenyon_Cell,,cb_intrinsic,14292,KCg-m,KCg-m,,VFB_jrmc2krr,L,,,Prelim Roughly traced,
653,109478,98,33,0.00011378083257382692,KCab-p,KCab-p_L,Kenyon_Cell,,cb_intrinsic,11862,KCab-p,KCab-p,,VFB_jrmc2jh6,L,,,Roughly traced,
654,113972,98,50,0.00011378083257382692,KCg-m,KCg-m_L,Kenyon_Cell,,cb_intrinsic,14292,KCg-m,KCg-m,,VFB_jrmc2de1,L,,,Roughly traced,
655,114370,98,44,0.00011378083257382692,KCa'b'-ap1,KCa'b'-ap1_R,Kenyon_Cell,,cb_intrinsic,17488,KCapbp-ap1,KCa'b'-ap1,,VFB_jrmc2i7h,R,,,Roughly traced,
656,127366,98,46,0.00011378083257382692,KCa'b'-ap2,KCa'b'-ap2_R,Kenyon_Cell,,cb_intrinsic,17488,KCapbp-ap2,KCa'b'-ap2,,VFB_jrmc2iau,R,,,Roughly traced,
657,139976,98,29,0.00011378083257382692,KCab-p,KCab-p_L,Kenyon_Cell,,cb_intrinsic,11862,KCab-p,KCab-p,,VFB_jrmc2jfn,L,,,Roughly traced,
658,148150,98,48,0.00011378083257382692,KCg-d,KCg-d_L,Kenyon_Cell,,cb_intrinsic,19102,KCg-d,KCg-d,,VFB_jrmc2k2q,L,,,Roughly traced,
659,194483,98,60,0.00011378083257382692,KCg-m,KCg-m_R,Kenyon_Cell,,cb_intrinsic,14292,KCg-m,KCg-m,,VFB_jrmc2d77,R,,,Prelim Roughly traced,
660,515130,98,12,0.00011378083257382692,hDeltaA,hDeltaA_07_C6,CX,,cb_intrinsic,11512,hDeltaA,hDeltaA,,VFB_jrmc02id,L,,,Roughly traced,
661,556005,98,35,0.00011378083257382692,KCg-d,KCg-d_L,Kenyon_Cell,,cb_intrinsic,19102,KCg-d,KCg-d,,VFB_jrmc2k2a,L,,,Roughly traced,
662,13080,97,5,0.00011261980367001236,AVLP537,AVLP537_R,,,cb_intrinsic,,AVLP537,AVLP537,,VFB_jrmc3j2g,R,,,Roughly traced,
663,23232,97,12,0.00011261980367001236,FB4D_c,FB4D_c_L,CX,,cb_intrinsic,11994,FB4D,FB4D,,VFB_jrmc3043,L,CG,,Roughly traced,
664,32386,97,37,0.00011261980367001236,KCa'b'-ap1,KCa'b'-ap1_L,Kenyon_Cell,,cb_intrinsic,17488,KCapbp-ap1,KCa'b'-ap1,,VFB_jrmc2i2c,L,,,Roughly traced,
665,34130,97,52,0.00011261980367001236,KCg-m,KCg-m_R,Kenyon_Cell,,cb_intrinsic,14292,KCg-m,KCg-m,,VFB_jrmc2kiv,R,,,Roughly traced,
666,41509,97,44,0.00011261980367001236,KCa'b'-ap2,KCa'b'-ap2_L,Kenyon_Cell,,cb_intrinsic,17488,KCapbp-ap2,KCa'b'-ap2,,VFB_jrmc2ifm,L,,,Roughly traced,
667,43228,97,42,0.00011261980367001236,KCa'b'-ap2,KCa'b'-ap2_L,Kenyon_Cell,,cb_intrinsic,17488,KCapbp-ap2,KCa'b'-ap2,,VFB_jrmc2i8u,L,,,Roughly traced,
668,51254,97,55,0.00011261980367001236,KCa'b'-ap2,KCa'b'-ap2_R,Kenyon_Cell,,cb_intrinsic,17488,KCapbp-ap2,KCa'b'-ap2,,VFB_jrmc2i81,R,,,Roughly traced,
669,51745,97,44,0.00011261980367001236,KCa'b'-m,KCa'b'-m_R,Kenyon_Cell,,cb_intrinsic,17488,KCapbp-m,KCa'b'-m,,VFB_jrmc2il1,R,,,Roughly traced,
670,52923,97,40,0.00011261980367001236,KCa'b'-ap1,KCa'b'-ap1_L,Kenyon_Cell,,cb_intrinsic,17488,KCapbp-ap1,KCa'b'-ap1,,VFB_jrmc2i49,L,,,Roughly traced,
671,57673,97,44,0.00011261980367001236,KCa'b'-ap2,KCa'b'-ap2_L,Kenyon_Cell,,cb_intrinsic,17488,KCapbp-ap2,KCa'b'-ap2,,VFB_jrmc2idp,L,,,Roughly traced,
672,57684,97,44,0.00011261980367001236,KCg-m,KCg-m_R,Kenyon_Cell,,cb_intrinsic,14292,KCg-m,KCg-m,,VFB_jrmc2kjy,R,,,Roughly traced,
673,59286,97,49,0.00011261980367001236,KCg-m,KCg-m_R,Kenyon_Cell,,cb_intrinsic,14292,KCg-m,KCg-m,,VFB_jrmc2kjz,R,,,Roughly traced,
674,60083,97,40,0.00011261980367001236,KCa'b'-m,KCa'b'-m_L,Kenyon_Cell,,cb_intrinsic,17488,KCapbp-m,KCa'b'-m,,VFB_jrmc2ik9,L,,,Roughly traced,
675,74668,97,41,0.00011261980367001236,KCa'b'-ap1,KCa'b'-ap1_R,Kenyon_Cell,,cb_intrinsic,17488,KCapbp-ap1,KCa'b'-ap1,,VFB_jrmc2i62,R,,,Roughly traced,
676,76091,97,40,0.00011261980367001236,KCab-p,KCab-p_L,Kenyon_Cell,,cb_intrinsic,11862,KCab-p,KCab-p,,VFB_jrmc2jgf,L,,,Roughly traced,
677,83737,97,44,0.00011261980367001236,KCa'b'-ap2,KCa'b'-ap2_R,Kenyon_Cell,,cb_intrinsic,17488,KCapbp-ap2,KCa'b'-ap2,,VFB_jrmc2ifb,R,,,Prelim Roughly traced,
678,83833,97,50,0.00011261980367001236,KCg-m,KCg-m_R,Kenyon_Cell,,cb_intrinsic,14292,KCg-m,KCg-m,,VFB_jrmc2kvy,R,,,Prelim Roughly traced,
679,84657,97,48,0.00011261980367001236,KCa'b'-ap2,KCa'b'-ap2_L,Kenyon_Cell,,cb_intrinsic,17488,KCapbp-ap2,KCa'b'-ap2,,VFB_jrmc2iet,L,,,Roughly traced,
680,91608,97,48,0.00011261980367001236,KCg-m,KCg-m_L,Kenyon_Cell,,cb_intrinsic,14292,KCg-m,KCg-m,,VFB_jrmc2dfx,L,,,Prelim Roughly traced,
681,92633,97,47,0.00011261980367001236,KCa'b'-ap2,KCa'b'-ap2_L,Kenyon_Cell,,cb_intrinsic,17488,KCapbp-ap2,KCa'b'-ap2,,VFB_jrmc2ift,L,,,Roughly traced,
682,119278,97,49,0.00011261980367001236,KCg-m,KCg-m_R,Kenyon_Cell,,cb_intrinsic,14292,KCg-m,KCg-m,,VFB_jrmc2kme,R,,,Prelim Roughly traced,
683,128352,97,48,0.00011261980367001236,KCg-m,KCg-m_L,Kenyon_Cell,,cb_intrinsic,14292,KCg-m,KCg-m,,VFB_jrmc2kv9,L,,,Prelim Roughly traced,
684,132467,97,49,0.00011261980367001236,KCg-m,KCg-m_L,Kenyon_Cell,,cb_intrinsic,14292,KCg-m,KCg-m,,VFB_jrmc2d7w,L,,,Prelim Roughly traced,
685,135506,97,49,0.00011261980367001236,KCg-m,KCg-m_L,Kenyon_Cell,,cb_intrinsic,14292,KCg-m,KCg-m,,VFB_jrmc2kdp,L,,,Prelim Roughly traced,
686,141163,97,39,0.00011261980367001236,KCab-p,KCab-p_L,Kenyon_Cell,,cb_intrinsic,11862,KCab-p,KCab-p,,VFB_jrmc2jh3,L,,,Roughly traced,
687,144317,97,53,0.00011261980367001236,KCg-m,KCg-m_L,Kenyon_Cell,,cb_intrinsic,14292,KCg-m,KCg-m,,VFB_jrmc2kqi,L,,,Roughly traced,
688,162951,97,34,0.00011261980367001236,KCab-p,KCab-p_L,Kenyon_Cell,,cb_intrinsic,11862,KCab-p,KCab-p,,VFB_jrmc2jg2,L,,,Roughly traced,
689,194990,97,42,0.00011261980367001236,KCa'b'-m,KCa'b'-m_L,Kenyon_Cell,,cb_intrinsic,17488,KCapbp-m,KCa'b'-m,,VFB_jrmc2ijv,L,,,Roughly traced,
690,569775,97,55,0.00011261980367001236,KCg-m,KCg-m_R,Kenyon_Cell,,cb_intrinsic,14292,KCg-m,KCg-m,,VFB_jrmc2ka7,R,,,Prelim Roughly traced,
691,570526,97,45,0.00011261980367001236,KCg-m,KCg-m_L,Kenyon_Cell,,cb_intrinsic,14292,KCg-m,KCg-m,,VFB_jrmc2ken,L,,,Roughly traced,
692,581043,97,50,0.00011261980367001236,KCg-m,KCg-m_L,Kenyon_Cell,,cb_intrinsic,14292,KCg-m,KCg-m,,VFB_jrmc2kit,L,,,Roughly traced,
693,10925,96,3,0.0001114587747661978,AVLP542,AVLP542_R,,,cb_intrinsic,10925,AVLP542,AVLP542,,VFB_jrmc3j2w,R,,,Roughly traced,
694,24959,96,45,0.0001114587747661978,KCg-m,KCg-m_R,Kenyon_Cell,,cb_intrinsic,14292,KCg-m,KCg-m,,VFB_jrmc2kiu,R,,,Roughly traced,
695,41692,96,9,0.0001114587747661978,MBON17,MBON17(a'3m)_R,MBON,,cb_intrinsic,11777,MBON17,MBON17,,VFB_jrmc20aj,R,,,Roughly traced,
696,44848,96,40,0.0001114587747661978,KCa'b'-ap1,KCa'b'-ap1_L,Kenyon_Cell,,cb_intrinsic,17488,KCapbp-ap1,KCa'b'-ap1,,VFB_jrmc2i2e,L,,,Roughly traced,
697,46425,96,44,0.0001114587747661978,KCa'b'-m,KCa'b'-m_R,Kenyon_Cell,,cb_intrinsic,17488,KCapbp-m,KCa'b'-m,,VFB_jrmc2ify,R,,,Roughly traced,
698,47834,96,39,0.0001114587747661978,KCa'b'-ap1,KCa'b'-ap1_R,Kenyon_Cell,,cb_intrinsic,17488,KCapbp-ap1,KCa'b'-ap1,,VFB_jrmc2i37,R,,,Roughly traced,
699,53178,96,51,0.0001114587747661978,KCg-m,KCg-m_R,Kenyon_Cell,,cb_intrinsic,14292,KCg-m,KCg-m,,VFB_jrmc2d86,R,,,Roughly traced,
700,53354,96,46,0.0001114587747661978,KCa'b'-ap2,KCa'b'-ap2_L,Kenyon_Cell,,cb_intrinsic,17488,KCapbp-ap2,KCa'b'-ap2,,VFB_jrmc2i92,L,,,Roughly traced,
701,55919,96,42,0.0001114587747661978,KCa'b'-ap1,KCa'b'-ap1_R,Kenyon_Cell,,cb_intrinsic,17488,KCapbp-ap1,KCa'b'-ap1,,VFB_jrmc2i5k,R,,,Roughly traced,
702,60166,96,38,0.0001114587747661978,KCab-p,KCab-p_L,Kenyon_Cell,,cb_intrinsic,11862,KCab-p,KCab-p,,VFB_jrmc2jho,L,,,Roughly traced,
703,75756,96,43,0.0001114587747661978,KCa'b'-ap1,KCa'b'-ap1_L,Kenyon_Cell,,cb_intrinsic,17488,KCapbp-ap1,KCa'b'-ap1,,VFB_jrmc2i4x,L,,,Roughly traced,
704,83072,96,41,0.0001114587747661978,KCa'b'-m,KCa'b'-m_L,Kenyon_Cell,,cb_intrinsic,17488,KCapbp-m,KCa'b'-m,,VFB_jrmc2ihy,L,,,Roughly traced,
705,83611,96,45,0.0001114587747661978,KCa'b'-ap2,KCa'b'-ap2_L,Kenyon_Cell,,cb_intrinsic,17488,KCapbp-ap2,KCa'b'-ap2,,VFB_jrmc2ie0,L,,,Roughly traced,
706,87697,96,44,0.0001114587747661978,KCg-m,KCg-m_L,Kenyon_Cell,,cb_intrinsic,14292,KCg-m,KCg-m,,VFB_jrmc2kg4,L,,,Prelim Roughly traced,
707,90091,96,39,0.0001114587747661978,KCa'b'-m,KCa'b'-m_L,Kenyon_Cell,,cb_intrinsic,17488,KCapbp-m,KCa'b'-m,,VFB_jrmc2ihz,L,,,Roughly traced,
708,91091,96,49,0.0001114587747661978,KCa'b'-ap2,KCa'b'-ap2_L,Kenyon_Cell,,cb_intrinsic,17488,KCapbp-ap2,KCa'b'-ap2,,VFB_jrmc2ieu,L,,,Roughly traced,
709,100136,96,36,0.0001114587747661978,KCa'b'-ap2,KCa'b'-ap2_L,Kenyon_Cell,,cb_intrinsic,17488,KCapbp-ap2,KCa'b'-ap2,,VFB_jrmc2ice,L,,,Roughly traced,
710,104068,96,43,0.0001114587747661978,KCg-m,KCg-m_L,Kenyon_Cell,,cb_intrinsic,14292,KCg-m,KCg-m,,VFB_jrmc2kgl,L,,,Roughly traced,
711,118341,96,33,0.0001114587747661978,KCab-p,KCab-p_R,Kenyon_Cell,,cb_intrinsic,11862,KCab-p,KCab-p,,VFB_jrmc2jg0,R,,,Roughly traced,
712,130950,96,40,0.0001114587747661978,KCa'b'-m,KCa'b'-m_L,Kenyon_Cell,,cb_intrinsic,17488,KCapbp-m,KCa'b'-m,,VFB_jrmc2ijn,L,,,Roughly traced,
713,132804,96,38,0.0001114587747661978,KCa'b'-ap1,KCa'b'-ap1_R,Kenyon_Cell,,cb_intrinsic,17488,KCapbp-ap1,KCa'b'-ap1,,VFB_jrmc2i5w,R,,,Roughly traced,
714,135480,96,46,0.0001114587747661978,KCg-m,KCg-m_L,Kenyon_Cell,,cb_intrinsic,14292,KCg-m,KCg-m,,VFB_jrmc2ksy,L,,,Prelim Roughly traced,
715,153165,96,43,0.0001114587747661978,KCa'b'-m,KCa'b'-m_R,Kenyon_Cell,,cb_intrinsic,17488,KCapbp-m,KCa'b'-m,,VFB_jrmc2igl,R,,,Roughly traced,
716,203543,96,41,0.0001114587747661978,KCa'b'-m,KCa'b'-m_R,Kenyon_Cell,,cb_intrinsic,17488,KCapbp-m,KCa'b'-m,,VFB_jrmc2ign,R,,,Prelim Roughly traced,
717,520204,96,39,0.0001114587747661978,KCg-d,KCg-d_R,Kenyon_Cell,,cb_intrinsic,19102,KCg-d,KCg-d,,VFB_jrmc2k5q,R,,,Roughly traced,
718,524067,96,28,0.0001114587747661978,FB4K,FB4K_R,CX,,cb_intrinsic,,FB4K,FB4K,,VFB_jrmc3050,R,,,Roughly traced,
719,533201,96,55,0.0001114587747661978,KCg-m,KCg-m_R,Kenyon_Cell,,cb_intrinsic,14292,KCg-m,KCg-m,,VFB_jrmc2d63,R,,,Prelim Roughly traced,
720,533590,96,20,0.0001114587747661978,CRE040,CRE040_L,,,cb_intrinsic,,CRE040,CRE040,,VFB_jrmc34tt,L,,,Roughly traced,
721,534136,96,38,0.0001114587747661978,KCa'b'-ap1,KCa'b'-ap1_L,Kenyon_Cell,,cb_intrinsic,17488,KCapbp-ap1,KCa'b'-ap1,,VFB_jrmc2i5a,L,,,Roughly traced,
722,537082,96,52,0.0001114587747661978,KCg-m,KCg-m_R,Kenyon_Cell,,cb_intrinsic,14292,KCg-m,KCg-m,,VFB_jrmc2dcr,R,,,Prelim Roughly traced,
723,541882,96,39,0.0001114587747661978,KCa'b'-ap1,KCa'b'-ap1_R,Kenyon_Cell,,cb_intrinsic,17488,KCapbp-ap1,KCa'b'-ap1,,VFB_jrmc2i5y,R,,,Roughly traced,
724,545597,96,49,0.0001114587747661978,KCa'b'-ap2,KCa'b'-ap2_R,Kenyon_Cell,,cb_intrinsic,17488,KCapbp-ap2,KCa'b'-ap2,,VFB_jrmc2ib1,R,,,Roughly traced,
725,10494,95,10,0.00011029774586238324,AVLP076,AVLP076_L,,,cb_intrinsic,,AVLP076,AVLP076,,VFB_jrmc3hzq,L,,,Roughly traced,
726,13750,95,9,0.00011029774586238324,AVLP749m,AVLP749m_R,,,cb_intrinsic,11535,,,,VFB_jrmc3jdi,R,,,Roughly traced,
727,36624,95,27,0.00011029774586238324,PAM10,PAM10(B1)_R,DAN,,cb_intrinsic,36624,PAM10,PAM10,,VFB_jrmc1pwo,R,,,Roughly traced,
728,43380,95,60,0.00011029774586238324,KCg-m,KCg-m_R,Kenyon_Cell,,cb_intrinsic,14292,KCg-m,KCg-m,,VFB_jrmc2kmn,R,,,Roughly traced,
729,47737,95,38,0.00011029774586238324,KCa'b'-ap1,KCa'b'-ap1_R,Kenyon_Cell,,cb_intrinsic,17488,KCapbp-ap1,KCa'b'-ap1,,VFB_jrmc2i5h,R,,,Roughly traced,
730,48517,95,36,0.00011029774586238324,KCa'b'-ap1,KCa'b'-ap1_R,Kenyon_Cell,,cb_intrinsic,17488,KCapbp-ap1,KCa'b'-ap1,,VFB_jrmc2i39,R,,,Roughly traced,
731,59463,95,52,0.00011029774586238324,KCa'b'-ap2,KCa'b'-ap2_L,Kenyon_Cell,,cb_intrinsic,17488,KCapbp-ap2,KCa'b'-ap2,,VFB_jrmc2i95,L,,,Roughly traced,
732,65404,95,29,0.00011029774586238324,KCab-p,KCab-p_R,Kenyon_Cell,,cb_intrinsic,11862,KCab-p,KCab-p,,VFB_jrmc2jf4,R,,,Roughly traced,
733,69426,95,50,0.00011029774586238324,KCg-m,KCg-m_L,Kenyon_Cell,,cb_intrinsic,14292,KCg-m,KCg-m,,VFB_jrmc2kb1,L,,,Roughly traced,
734,72230,95,38,0.00011029774586238324,KCg-d,KCg-d_R,Kenyon_Cell,,cb_intrinsic,19102,KCg-d,KCg-d,,VFB_jrmc2k41,R,,,Roughly traced,
735,74663,95,41,0.00011029774586238324,KCa'b'-ap1,KCa'b'-ap1_L,Kenyon_Cell,,cb_intrinsic,17488,KCapbp-ap1,KCa'b'-ap1,,VFB_jrmc2i2n,L,,,Roughly traced,
736,77068,95,35,0.00011029774586238324,KCa'b'-m,KCa'b'-m_L,Kenyon_Cell,,cb_intrinsic,17488,KCapbp-m,KCa'b'-m,,VFB_jrmc2ikb,L,,,Roughly traced,
737,82225,95,34,0.00011029774586238324,KCa'b'-ap1,KCa'b'-ap1_R,Kenyon_Cell,,cb_intrinsic,17488,KCapbp-ap1,KCa'b'-ap1,,VFB_jrmc2i7d,R,,,Roughly traced,
738,83456,95,39,0.00011029774586238324,KCa'b'-m,KCa'b'-m_L,Kenyon_Cell,,cb_intrinsic,17488,KCapbp-m,KCa'b'-m,,VFB_jrmc2ijs,L,,,Roughly traced,
739,87387,95,33,0.00011029774586238324,KCg-d,KCg-d_R,Kenyon_Cell,,cb_intrinsic,19102,KCg-d,KCg-d,,VFB_jrmc2k4d,R,,,Roughly traced,
740,95518,95,47,0.00011029774586238324,KCa'b'-ap2,KCa'b'-ap2_L,Kenyon_Cell,,cb_intrinsic,17488,KCapbp-ap2,KCa'b'-ap2,,VFB_jrmc2iev,L,,,Roughly traced,
741,109413,95,36,0.00011029774586238324,KCab-p,KCab-p_L,Kenyon_Cell,,cb_intrinsic,11862,KCab-p,KCab-p,,VFB_jrmc2jhc,L,,,Roughly traced,
742,111109,95,48,0.00011029774586238324,KCg-m,KCg-m_L,Kenyon_Cell,,cb_intrinsic,14292,KCg-m,KCg-m,,VFB_jrmc2dg2,L,,,Roughly traced,
743,122703,95,51,0.00011029774586238324,KCg-m,KCg-m_L,Kenyon_Cell,,cb_intrinsic,14292,KCg-m,KCg-m,,VFB_jrmc2d94,L,,,Roughly traced,
744,128591,95,42,0.00011029774586238324,KCa'b'-ap2,KCa'b'-ap2_L,Kenyon_Cell,,cb_intrinsic,17488,KCapbp-ap2,KCa'b'-ap2,,VFB_jrmc2ibg,L,,,Roughly traced,
745,133549,95,40,0.00011029774586238324,KCa'b'-m,KCa'b'-m_L,Kenyon_Cell,,cb_intrinsic,17488,KCapbp-m,KCa'b'-m,,VFB_jrmc2ijg,L,,,Roughly traced,
746,168306,95,54,0.00011029774586238324,KCg-m,KCg-m_R,Kenyon_Cell,,cb_intrinsic,14292,KCg-m,KCg-m,,VFB_jrmc2kw9,R,,,Prelim Roughly traced,
747,179398,95,48,0.00011029774586238324,KCg-m,KCg-m_L,Kenyon_Cell,,cb_intrinsic,14292,KCg-m,KCg-m,,VFB_jrmc2kef,L,,,Roughly traced,
748,185386,95,51,0.00011029774586238324,KCg-m,KCg-m_L,Kenyon_Cell,,cb_intrinsic,14292,KCg-m,KCg-m,,VFB_jrmc2kty,L,,,Roughly traced,
749,520403,95,30,0.00011029774586238324,PAM10,PAM10(B1)_L,DAN,,cb_intrinsic,28434,PAM10,PAM10,,VFB_jrmc1pwq,L,,,Roughly traced,
750,11192,94,28,0.00010913671695856868,CRE040,CRE040_R,,,cb_intrinsic,,CRE040,CRE040,,VFB_jrmc34tu,R,,,Roughly traced,
751,11883,94,7,0.00010913671695856868,PVLP017,PVLP017_R,,,cb_intrinsic,11252,PVLP017,PVLP017,,VFB_jrmc1k7e,R,,,Roughly traced,
752,36007,94,34,0.00010913671695856868,KCa'b'-ap1,KCa'b'-ap1_L,Kenyon_Cell,,cb_intrinsic,17488,KCapbp-ap1,KCa'b'-ap1,,VFB_jrmc2i52,L,,,Roughly traced,
753,37043,94,42,0.00010913671695856868,KCa'b'-ap1,KCa'b'-ap1_L,Kenyon_Cell,,cb_intrinsic,17488,KCapbp-ap1,KCa'b'-ap1,,VFB_jrmc2i53,L,,,Roughly traced,
754,43379,94,47,0.00010913671695856868,KCa'b'-m,KCa'b'-m_L,Kenyon_Cell,,cb_intrinsic,17488,KCapbp-m,KCa'b'-m,,VFB_jrmc2iik,L,,,Roughly traced,
755,44766,94,55,0.00010913671695856868,KCg-m,KCg-m_R,Kenyon_Cell,,cb_intrinsic,14292,KCg-m,KCg-m,,VFB_jrmc2kj8,R,,,Roughly traced,
756,45563,94,45,0.00010913671695856868,KCg-m,KCg-m_R,Kenyon_Cell,,cb_intrinsic,14292,KCg-m,KCg-m,,VFB_jrmc2d5i,R,,,Roughly traced,
757,48219,94,38,0.00010913671695856868,KCab-p,KCab-p_R,Kenyon_Cell,,cb_intrinsic,11862,KCab-p,KCab-p,,VFB_jrmc2jhk,R,,,Roughly traced,
758,50698,94,44,0.00010913671695856868,KCa'b'-ap2,KCa'b'-ap2_L,Kenyon_Cell,,cb_intrinsic,17488,KCapbp-ap2,KCa'b'-ap2,,VFB_jrmc2idg,L,,,Roughly traced,
759,53472,94,54,0.00010913671695856868,KCg-m,KCg-m_R,Kenyon_Cell,,cb_intrinsic,14292,KCg-m,KCg-m,,VFB_jrmc2d88,R,,,Roughly traced,
760,64868,94,37,0.00010913671695856868,KCa'b'-m,KCa'b'-m_L,Kenyon_Cell,,cb_intrinsic,17488,KCapbp-m,KCa'b'-m,,VFB_jrmc2iht,L,,,Roughly traced,
761,67378,94,46,0.00010913671695856868,KCa'b'-m,KCa'b'-m_L,Kenyon_Cell,,cb_intrinsic,17488,KCapbp-m,KCa'b'-m,,VFB_jrmc2ijr,L,,,Roughly traced,
762,67544,94,39,0.00010913671695856868,KCa'b'-ap1,KCa'b'-ap1_R,Kenyon_Cell,,cb_intrinsic,17488,KCapbp-ap1,KCa'b'-ap1,,VFB_jrmc2i3l,R,,,Roughly traced,
763,69002,94,40,0.00010913671695856868,KCa'b'-ap2,KCa'b'-ap2_R,Kenyon_Cell,,cb_intrinsic,17488,KCapbp-ap2,KCa'b'-ap2,,VFB_jrmc2iec,R,,,Roughly traced,
764,69721,94,40,0.00010913671695856868,KCa'b'-ap2,KCa'b'-ap2_R,Kenyon_Cell,,cb_intrinsic,17488,KCapbp-ap2,KCa'b'-ap2,,VFB_jrmc2ia4,R,,,Roughly traced,
765,71814,94,50,0.00010913671695856868,KCa'b'-ap2,KCa'b'-ap2_R,Kenyon_Cell,,cb_intrinsic,17488,KCapbp-ap2,KCa'b'-ap2,,VFB_jrmc2ia8,R,,,Roughly traced,
766,78361,94,53,0.00010913671695856868,KCg-m,KCg-m_R,Kenyon_Cell,,cb_intrinsic,14292,KCg-m,KCg-m,,VFB_jrmc2d6y,R,,,Prelim Roughly traced,
767,79522,94,29,0.00010913671695856868,KCab-p,KCab-p_R,Kenyon_Cell,,cb_intrinsic,11862,KCab-p,KCab-p,,VFB_jrmc2jhn,R,,,Roughly traced,
768,79793,94,45,0.00010913671695856868,KCa'b'-m,KCa'b'-m_L,Kenyon_Cell,,cb_intrinsic,17488,KCapbp-m,KCa'b'-m,,VFB_jrmc2iib,L,,,Roughly traced,
769,80325,94,52,0.00010913671695856868,KCg-m,KCg-m_L,Kenyon_Cell,,cb_intrinsic,14292,KCg-m,KCg-m,,VFB_jrmc2kbp,L,,,Roughly traced,
770,82460,94,44,0.00010913671695856868,KCa'b'-ap1,KCa'b'-ap1_L,Kenyon_Cell,,cb_intrinsic,17488,KCapbp-ap1,KCa'b'-ap1,,VFB_jrmc2i2t,L,,,Roughly traced,
771,86814,94,51,0.00010913671695856868,KCg-m,KCg-m_R,Kenyon_Cell,,cb_intrinsic,14292,KCg-m,KCg-m,,VFB_jrmc2k8a,R,,,Prelim Roughly traced,
772,89782,94,50,0.00010913671695856868,KCg-m,KCg-m_L,Kenyon_Cell,,cb_intrinsic,14292,KCg-m,KCg-m,,VFB_jrmc2kro,L,,,Prelim Roughly traced,
773,94845,94,41,0.00010913671695856868,KCab-p,KCab-p_L,Kenyon_Cell,,cb_intrinsic,11862,KCab-p,KCab-p,,VFB_jrmc2jf3,L,,,Roughly traced,
774,101647,94,40,0.00010913671695856868,KCg-d,KCg-d_L,Kenyon_Cell,,cb_intrinsic,19102,KCg-d,KCg-d,,VFB_jrmc2k1s,L,,,Roughly traced,
775,109268,94,49,0.00010913671695856868,KCg-m,KCg-m_R,Kenyon_Cell,,cb_intrinsic,14292,KCg-m,KCg-m,,VFB_jrmc2k8t,R,,,Prelim Roughly traced,
776,124021,94,54,0.00010913671695856868,KCg-m,KCg-m_L,Kenyon_Cell,,cb_intrinsic,14292,KCg-m,KCg-m,,VFB_jrmc2kq3,L,,,Roughly traced,
777,124376,94,31,0.00010913671695856868,KCab-p,KCab-p_R,Kenyon_Cell,,cb_intrinsic,11862,KCab-p,KCab-p,,VFB_jrmc2jer,R,,,Roughly traced,
778,133550,94,46,0.00010913671695856868,KCg-m,KCg-m_L,Kenyon_Cell,,cb_intrinsic,14292,KCg-m,KCg-m,,VFB_jrmc2kq9,L,,,Prelim Roughly traced,
779,139663,94,47,0.00010913671695856868,KCa'b'-ap2,KCa'b'-ap2_L,Kenyon_Cell,,cb_intrinsic,17488,KCapbp-ap2,KCa'b'-ap2,,VFB_jrmc2idv,L,,,Roughly traced,
780,22083,93,24,0.00010797568805475412,FB4K,FB4K_L,CX,,cb_intrinsic,,FB4K,FB4K,,VFB_jrmc3051,L,,,Roughly traced,
781,29565,93,21,0.00010797568805475412,PAM10,PAM10(B1)_R,DAN,,cb_intrinsic,28434,PAM10,PAM10,,VFB_jrmc1pws,R,,,Roughly traced,
782,32683,93,39,0.00010797568805475412,KCg-d,KCg-d_L,Kenyon_Cell,,cb_intrinsic,19102,KCg-d,KCg-d,,VFB_jrmc2k2l,L,,,Roughly traced,
783,43597,93,46,0.00010797568805475412,KCg-m,KCg-m_R,Kenyon_Cell,,cb_intrinsic,14292,KCg-m,KCg-m,,VFB_jrmc2kj1,R,,,Roughly traced,
784,47630,93,43,0.00010797568805475412,KCa'b'-ap2,KCa'b'-ap2_R,Kenyon_Cell,,cb_intrinsic,17488,KCapbp-ap2,KCa'b'-ap2,,VFB_jrmc2i7z,R,,,Roughly traced,
785,48975,93,43,0.00010797568805475412,KCg-m,KCg-m_R,Kenyon_Cell,,cb_intrinsic,14292,KCg-m,KCg-m,,VFB_jrmc2d7b,R,,,Roughly traced,
786,51055,93,50,0.00010797568805475412,KCg-m,KCg-m_L,Kenyon_Cell,,cb_intrinsic,14292,KCg-m,KCg-m,,VFB_jrmc2d9h,L,,,Roughly traced,
787,56251,93,52,0.00010797568805475412,KCg-m,KCg-m_L,Kenyon_Cell,,cb_intrinsic,14292,KCg-m,KCg-m,,VFB_jrmc2d97,L,,,Roughly traced,
788,56650,93,39,0.00010797568805475412,KCg-m,KCg-m_L,Kenyon_Cell,,cb_intrinsic,14292,KCg-m,KCg-m,,VFB_jrmc2kf3,L,,,Roughly traced,
789,56749,93,47,0.00010797568805475412,KCa'b'-m,KCa'b'-m_R,Kenyon_Cell,,cb_intrinsic,17488,KCapbp-m,KCa'b'-m,,VFB_jrmc2ig3,R,,,Roughly traced,
790,59001,93,42,0.00010797568805475412,KCa'b'-ap2,KCa'b'-ap2_L,Kenyon_Cell,,cb_intrinsic,17488,KCapbp-ap2,KCa'b'-ap2,,VFB_jrmc2idq,L,,,Roughly traced,
791,59616,93,46,0.00010797568805475412,KCa'b'-ap2,KCa'b'-ap2_L,Kenyon_Cell,,cb_intrinsic,17488,KCapbp-ap2,KCa'b'-ap2,,VFB_jrmc2i96,L,,,Roughly traced,
792,60011,93,47,0.00010797568805475412,KCg-m,KCg-m_L,Kenyon_Cell,,cb_intrinsic,14292,KCg-m,KCg-m,,VFB_jrmc2kt7,L,,,Roughly traced,
793,62641,93,33,0.00010797568805475412,KCab-p,KCab-p_L,Kenyon_Cell,,cb_intrinsic,11862,KCab-p,KCab-p,,VFB_jrmc2jgn,L,,,Roughly traced,
794,63212,93,47,0.00010797568805475412,KCa'b'-ap2,KCa'b'-ap2_L,Kenyon_Cell,,cb_intrinsic,17488,KCapbp-ap2,KCa'b'-ap2,,VFB_jrmc2ics,L,,,Roughly traced,
795,63506,93,41,0.00010797568805475412,KCg-m,KCg-m_R,Kenyon_Cell,,cb_intrinsic,14292,KCg-m,KCg-m,,VFB_jrmc2kqy,R,,,Prelim Roughly traced,
796,66519,93,55,0.00010797568805475412,KCg-m,KCg-m_R,Kenyon_Cell,,cb_intrinsic,14292,KCg-m,KCg-m,,VFB_jrmc2k78,R,,,Prelim Roughly traced,
797,67439,93,50,0.00010797568805475412,KCa'b'-ap2,KCa'b'-ap2_L,Kenyon_Cell,,cb_intrinsic,17488,KCapbp-ap2,KCa'b'-ap2,,VFB_jrmc2idb,L,,,Roughly traced,
798,68507,93,42,0.00010797568805475412,KCa'b'-ap2,KCa'b'-ap2_L,Kenyon_Cell,,cb_intrinsic,17488,KCapbp-ap2,KCa'b'-ap2,,VFB_jrmc2idh,L,,,Roughly traced,
799,72344,93,46,0.00010797568805475412,KCa'b'-ap2,KCa'b'-ap2_R,Kenyon_Cell,,cb_intrinsic,17488,KCapbp-ap2,KCa'b'-ap2,,VFB_jrmc2ied,R,,,Roughly traced,
800,72693,93,47,0.00010797568805475412,KCa'b'-ap2,KCa'b'-ap2_R,Kenyon_Cell,,cb_intrinsic,17488,KCapbp-ap2,KCa'b'-ap2,,VFB_jrmc2iaa,R,,,Roughly traced,
801,75185,93,45,0.00010797568805475412,KCa'b'-ap2,KCa'b'-ap2_L,Kenyon_Cell,,cb_intrinsic,17488,KCapbp-ap2,KCa'b'-ap2,,VFB_jrmc2icy,L,,,Roughly traced,
802,76889,93,42,0.00010797568805475412,KCa'b'-ap1,KCa'b'-ap1_L,Kenyon_Cell,,cb_intrinsic,17488,KCapbp-ap1,KCa'b'-ap1,,VFB_jrmc2i4g,L,,,Roughly traced,
803,83052,93,42,0.00010797568805475412,KCab-p,KCab-p_R,Kenyon_Cell,,cb_intrinsic,11862,KCab-p,KCab-p,,VFB_jrmc2jgi,R,,,Roughly traced,
804,83691,93,51,0.00010797568805475412,KCg-m,KCg-m_L,Kenyon_Cell,,cb_intrinsic,14292,KCg-m,KCg-m,,VFB_jrmc2d91,L,,,Prelim Roughly traced,
805,86306,93,38,0.00010797568805475412,KCa'b'-ap1,KCa'b'-ap1_R,Kenyon_Cell,,cb_intrinsic,17488,KCapbp-ap1,KCa'b'-ap1,,VFB_jrmc2i5v,R,,,Roughly traced,
806,92424,93,46,0.00010797568805475412,KCg-m,KCg-m_L,Kenyon_Cell,,cb_intrinsic,14292,KCg-m,KCg-m,,VFB_jrmc2kso,L,,,Prelim Roughly traced,
807,99281,93,30,0.00010797568805475412,KCab-p,KCab-p_L,Kenyon_Cell,,cb_intrinsic,11862,KCab-p,KCab-p,,VFB_jrmc2jgl,L,,,Roughly traced,
808,109117,93,48,0.00010797568805475412,KCa'b'-ap2,KCa'b'-ap2_L,Kenyon_Cell,,cb_intrinsic,17488,KCapbp-ap2,KCa'b'-ap2,,VFB_jrmc2ibd,L,,,Roughly traced,
809,109607,93,43,0.00010797568805475412,KCa'b'-m,KCa'b'-m_L,Kenyon_Cell,,cb_intrinsic,17488,KCapbp-m,KCa'b'-m,,VFB_jrmc2ijm,L,,,Roughly traced,
810,111127,93,52,0.00010797568805475412,KCg-m,KCg-m_L,Kenyon_Cell,,cb_intrinsic,14292,KCg-m,KCg-m,,VFB_jrmc2kgr,L,,,Roughly traced,
811,129321,93,44,0.00010797568805475412,KCg-m,KCg-m_R,Kenyon_Cell,,cb_intrinsic,14292,KCg-m,KCg-m,,VFB_jrmc2d7k,R,,,Prelim Roughly traced,
812,132661,93,38,0.00010797568805475412,KCa'b'-ap2,KCa'b'-ap2_L,Kenyon_Cell,,cb_intrinsic,17488,KCapbp-ap2,KCa'b'-ap2,,VFB_jrmc2ie5,L,,,Roughly traced,
813,136525,93,45,0.00010797568805475412,KCg-m,KCg-m_L,Kenyon_Cell,,cb_intrinsic,14292,KCg-m,KCg-m,,VFB_jrmc2kto,L,,,Prelim Roughly traced,
814,139510,93,46,0.00010797568805475412,KCg-m,KCg-m_R,Kenyon_Cell,,cb_intrinsic,14292,KCg-m,KCg-m,,VFB_jrmc2k9f,R,,,Prelim Roughly traced,
815,151187,93,47,0.00010797568805475412,KCg-m,KCg-m_L,Kenyon_Cell,,cb_intrinsic,14292,KCg-m,KCg-m,,VFB_jrmc2kib,L,,,Roughly traced,
816,152025,93,45,0.00010797568805475412,KCg-m,KCg-m_L,Kenyon_Cell,,cb_intrinsic,14292,KCg-m,KCg-m,,VFB_jrmc2d6m,L,,,Roughly traced,
817,184536,93,37,0.00010797568805475412,KCab-p,KCab-p_R,Kenyon_Cell,,cb_intrinsic,11862,KCab-p,KCab-p,,VFB_jrmc2jgk,R,,,Roughly traced,
818,520081,93,9,0.00010797568805475412,SMP175,SMP175_L,,,cb_intrinsic,,SMP175,SMP175,,VFB_jrmc1d7e,L,,,Prelim Roughly traced,
819,539583,93,39,0.00010797568805475412,KCa'b'-ap1,KCa'b'-ap1_L,Kenyon_Cell,,cb_intrinsic,17488,KCapbp-ap1,KCa'b'-ap1,,VFB_jrmc2i2w,L,,,Roughly traced,
820,10432,92,17,0.00010681465915093956,LoVCLo3,LoVCLo3_L,,,visual_centrifugal,,OA-AL2b1,PLP244,,VFB_jrmc1zpm,L,,,Roughly traced,
821,19788,92,37,0.00010681465915093956,KCg-d,KCg-d_L,Kenyon_Cell,,cb_intrinsic,19102,KCg-d,KCg-d,,VFB_jrmc2k4v,L,,,Roughly traced,
822,26962,92,15,0.00010681465915093956,hDeltaJ,hDeltaJ_01_C1a,CX,,cb_intrinsic,11512,hDeltaJ,hDeltaJ,,VFB_jrmc02ly,R,,,Prelim Roughly traced,
823,43354,92,47,0.00010681465915093956,KCg-m,KCg-m_L,Kenyon_Cell,,cb_intrinsic,14292,KCg-m,KCg-m,,VFB_jrmc2kes,L,,,Roughly traced,
824,43639,92,43,0.00010681465915093956,KCg-m,KCg-m_L,Kenyon_Cell,,cb_intrinsic,14292,KCg-m,KCg-m,,VFB_jrmc2kae,L,,,Roughly traced,
825,44551,92,44,0.00010681465915093956,KCa'b'-ap2,KCa'b'-ap2_L,Kenyon_Cell,,cb_intrinsic,17488,KCapbp-ap2,KCa'b'-ap2,,VFB_jrmc2i8w,L,,,Roughly traced,
826,48100,92,41,0.00010681465915093956,KCa'b'-ap2,KCa'b'-ap2_L,Kenyon_Cell,,cb_intrinsic,17488,KCapbp-ap2,KCa'b'-ap2,,VFB_jrmc2ifq,L,,,Roughly traced,
827,48147,92,38,0.00010681465915093956,KCg-d,KCg-d_R,Kenyon_Cell,,cb_intrinsic,19102,KCg-d,KCg-d,,VFB_jrmc2k0g,R,,,Roughly traced,
828,49710,92,40,0.00010681465915093956,KCg-d,KCg-d_R,Kenyon_Cell,,cb_intrinsic,19102,KCg-d,KCg-d,,VFB_jrmc2k0l,R,,,Roughly traced,
829,51010,92,40,0.00010681465915093956,KCa'b'-ap1,KCa'b'-ap1_R,Kenyon_Cell,,cb_intrinsic,17488,KCapbp-ap1,KCa'b'-ap1,,VFB_jrmc2i2y,R,,,Roughly traced,
830,51667,92,44,0.00010681465915093956,KCg-m,KCg-m_R,Kenyon_Cell,,cb_intrinsic,14292,KCg-m,KCg-m,,VFB_jrmc2dcz,R,,,Prelim Roughly traced,
831,59494,92,46,0.00010681465915093956,KCg-m,KCg-m_R,Kenyon_Cell,,cb_intrinsic,14292,KCg-m,KCg-m,,VFB_jrmc2kni,R,,,Prelim Roughly traced,
832,60349,92,48,0.00010681465915093956,KCa'b'-ap1,KCa'b'-ap1_L,Kenyon_Cell,,cb_intrinsic,17488,KCapbp-ap1,KCa'b'-ap1,,VFB_jrmc2i54,L,,,Roughly traced,
833,61253,92,40,0.00010681465915093956,KCa'b'-ap1,KCa'b'-ap1_L,Kenyon_Cell,,cb_intrinsic,17488,KCapbp-ap1,KCa'b'-ap1,,VFB_jrmc2i6d,L,,,Roughly traced,
834,65121,92,55,0.00010681465915093956,KCg-m,KCg-m_R,Kenyon_Cell,,cb_intrinsic,14292,KCg-m,KCg-m,,VFB_jrmc2kvs,R,,,Prelim Roughly traced,
835,65768,92,40,0.00010681465915093956,KCa'b'-ap1,KCa'b'-ap1_R,Kenyon_Cell,,cb_intrinsic,17488,KCapbp-ap1,KCa'b'-ap1,,VFB_jrmc2i5n,R,,,Roughly traced,
836,67058,92,46,0.00010681465915093956,KCg-m,KCg-m_L,Kenyon_Cell,,cb_intrinsic,14292,KCg-m,KCg-m,,VFB_jrmc2d9j,L,,,Roughly traced,
837,67102,92,34,0.00010681465915093956,KCa'b'-ap1,KCa'b'-ap1_L,Kenyon_Cell,,cb_intrinsic,17488,KCapbp-ap1,KCa'b'-ap1,,VFB_jrmc2i4w,L,,,Roughly traced,
838,70282,92,37,0.00010681465915093956,KCa'b'-m,KCa'b'-m_L,Kenyon_Cell,,cb_intrinsic,17488,KCapbp-m,KCa'b'-m,,VFB_jrmc2ihv,L,,,Roughly traced,
839,70924,92,33,0.00010681465915093956,MBON10,MBON10(B'1)_L,MBON,,cb_intrinsic,27954,MBON10,MBON10,,VFB_jrmc209r,L,,,Prelim Roughly traced,
840,74307,92,43,0.00010681465915093956,KCa'b'-ap2,KCa'b'-ap2_R,Kenyon_Cell,,cb_intrinsic,17488,KCapbp-ap2,KCa'b'-ap2,,VFB_jrmc2ic8,R,,,Roughly traced,
841,74992,92,57,0.00010681465915093956,KCg-m,KCg-m_L,Kenyon_Cell,,cb_intrinsic,14292,KCg-m,KCg-m,,VFB_jrmc2kbb,L,,,Roughly traced,
842,75075,92,45,0.00010681465915093956,KCa'b'-ap2,KCa'b'-ap2_R,Kenyon_Cell,,cb_intrinsic,17488,KCapbp-ap2,KCa'b'-ap2,,VFB_jrmc2i8c,R,,,Roughly traced,
843,78992,92,40,0.00010681465915093956,KCg-m,KCg-m_L,Kenyon_Cell,,cb_intrinsic,14292,KCg-m,KCg-m,,VFB_jrmc2kbn,L,,,Roughly traced,
844,81628,92,48,0.00010681465915093956,KCg-m,KCg-m_R,Kenyon_Cell,,cb_intrinsic,14292,KCg-m,KCg-m,,VFB_jrmc2koh,R,,,Prelim Roughly traced,
845,86142,92,43,0.00010681465915093956,KCa'b'-ap2,KCa'b'-ap2_L,Kenyon_Cell,,cb_intrinsic,17488,KCapbp-ap2,KCa'b'-ap2,,VFB_jrmc2ib7,L,,,Roughly traced,
846,87334,92,51,0.00010681465915093956,KCa'b'-ap2,KCa'b'-ap2_L,Kenyon_Cell,,cb_intrinsic,17488,KCapbp-ap2,KCa'b'-ap2,,VFB_jrmc2id7,L,,,Roughly traced,
847,90291,92,41,0.00010681465915093956,KCa'b'-m,KCa'b'-m_R,Kenyon_Cell,,cb_intrinsic,17488,KCapbp-m,KCa'b'-m,,VFB_jrmc2ikj,R,,,Roughly traced,
848,100423,92,46,0.00010681465915093956,KCa'b'-m,KCa'b'-m_R,Kenyon_Cell,,cb_intrinsic,17488,KCapbp-m,KCa'b'-m,,VFB_jrmc2ihj,R,,,Roughly traced,
849,102621,92,40,0.00010681465915093956,KCg-m,KCg-m_L,Kenyon_Cell,,cb_intrinsic,14292,KCg-m,KCg-m,,VFB_jrmc2ktk,L,,,Roughly traced,
850,106559,92,46,0.00010681465915093956,KCa'b'-ap2,KCa'b'-ap2_L,Kenyon_Cell,,cb_intrinsic,17488,KCapbp-ap2,KCa'b'-ap2,,VFB_jrmc2ie2,L,,,Roughly traced,
851,116436,92,50,0.00010681465915093956,KCg-m,KCg-m_L,Kenyon_Cell,,cb_intrinsic,14292,KCg-m,KCg-m,,VFB_jrmc2kh0,L,,,Roughly traced,
852,119475,92,46,0.00010681465915093956,KCg-m,KCg-m_L,Kenyon_Cell,,cb_intrinsic,14292,KCg-m,KCg-m,,VFB_jrmc2kh4,L,,,Roughly traced,
853,122600,92,39,0.00010681465915093956,KCa'b'-ap2,KCa'b'-ap2_L,Kenyon_Cell,,cb_intrinsic,17488,KCapbp-ap2,KCa'b'-ap2,,VFB_jrmc2ici,L,,,Roughly traced,
854,127130,92,42,0.00010681465915093956,KCg-m,KCg-m_L,Kenyon_Cell,,cb_intrinsic,14292,KCg-m,KCg-m,,VFB_jrmc2kq4,L,,,Roughly traced,
855,132230,92,53,0.00010681465915093956,KCg-m,KCg-m_R,Kenyon_Cell,,cb_intrinsic,14292,KCg-m,KCg-m,,VFB_jrmc2kr9,R,,,Prelim Roughly traced,
856,135092,92,45,0.00010681465915093956,KCa'b'-m,KCa'b'-m_R,Kenyon_Cell,,cb_intrinsic,17488,KCapbp-m,KCa'b'-m,,VFB_jrmc2ihk,R,,,Roughly traced,
857,136208,92,57,0.00010681465915093956,KCg-m,KCg-m_R,Kenyon_Cell,,cb_intrinsic,14292,KCg-m,KCg-m,,VFB_jrmc2kw6,R,,,Prelim Roughly traced,
858,139642,92,49,0.00010681465915093956,KCg-m,KCg-m_R,Kenyon_Cell,,cb_intrinsic,14292,KCg-m,KCg-m,,VFB_jrmc2klz,R,,,Prelim Roughly traced,
859,141709,92,49,0.00010681465915093956,KCg-m,KCg-m_L,Kenyon_Cell,,cb_intrinsic,14292,KCg-m,KCg-m,,VFB_jrmc2kqe,L,,,Prelim Roughly traced,
860,147953,92,44,0.00010681465915093956,KCg-m,KCg-m_L,Kenyon_Cell,,cb_intrinsic,14292,KCg-m,KCg-m,,VFB_jrmc2ki5,L,,,Roughly traced,
861,166687,92,44,0.00010681465915093956,KCg-m,KCg-m_L,Kenyon_Cell,,cb_intrinsic,14292,KCg-m,KCg-m,,VFB_jrmc2kil,L,,,Roughly traced,
862,182702,92,41,0.00010681465915093956,KCa'b'-ap1,KCa'b'-ap1_R,Kenyon_Cell,,cb_intrinsic,17488,KCapbp-ap1,KCa'b'-ap1,,VFB_jrmc2i3u,R,,,Roughly traced,
863,523358,92,45,0.00010681465915093956,KCg-m,KCg-m_R,Kenyon_Cell,,cb_intrinsic,14292,KCg-m,KCg-m,,VFB_jrmc2km5,R,,,Prelim Roughly traced,
864,546981,92,53,0.00010681465915093956,KCg-m,KCg-m_L,Kenyon_Cell,,cb_intrinsic,14292,KCg-m,KCg-m,,VFB_jrmc2kqq,L,,,Roughly traced,
865,570453,92,49,0.00010681465915093956,KCa'b'-ap2,KCa'b'-ap2_L,Kenyon_Cell,,cb_intrinsic,17488,KCapbp-ap2,KCa'b'-ap2,,VFB_jrmc2ibj,L,,,Roughly traced,
866,10230,91,14,0.000105653630247125,SIP136m,SIP136m_R,,,cb_intrinsic,,,,,VFB_jrmc1bqa,R,,,Roughly traced,
867,10638,91,20,0.000105653630247125,GNG667,GNG667_R,,,cb_intrinsic,,CB0655,,,VFB_jrmc2ujz,R,LB,,Roughly traced,
868,43462,91,42,0.000105653630247125,KCa'b'-ap1,KCa'b'-ap1_R,Kenyon_Cell,,cb_intrinsic,17488,KCapbp-ap1,KCa'b'-ap1,,VFB_jrmc2i33,R,,,Roughly traced,
869,44314,91,50,0.000105653630247125,KCa'b'-ap2,KCa'b'-ap2_R,Kenyon_Cell,,cb_intrinsic,17488,KCapbp-ap2,KCa'b'-ap2,,VFB_jrmc2ibp,R,,,Roughly traced,
870,49019,91,48,0.000105653630247125,KCg-m,KCg-m_R,Kenyon_Cell,,cb_intrinsic,14292,KCg-m,KCg-m,,VFB_jrmc2kmz,R,,,Roughly traced,
871,51556,91,41,0.000105653630247125,KCa'b'-ap1,KCa'b'-ap1_R,Kenyon_Cell,,cb_intrinsic,17488,KCapbp-ap1,KCa'b'-ap1,,VFB_jrmc2i6r,R,,,Roughly traced,
872,53448,91,44,0.000105653630247125,KCa'b'-m,KCa'b'-m_R,Kenyon_Cell,,cb_intrinsic,17488,KCapbp-m,KCa'b'-m,,VFB_jrmc2ikr,R,,,Roughly traced,
873,55216,91,41,0.000105653630247125,KCa'b'-m,KCa'b'-m_R,Kenyon_Cell,,cb_intrinsic,17488,KCapbp-m,KCa'b'-m,,VFB_jrmc2ij3,R,,,Roughly traced,
874,56936,91,40,0.000105653630247125,KCa'b'-ap2,KCa'b'-ap2_R,Kenyon_Cell,,cb_intrinsic,17488,KCapbp-ap2,KCa'b'-ap2,,VFB_jrmc2ifc,R,,,Roughly traced,
875,63578,91,50,0.000105653630247125,KCg-m,KCg-m_R,Kenyon_Cell,,cb_intrinsic,14292,KCg-m,KCg-m,,VFB_jrmc2dau,R,,,Prelim Roughly traced,
876,63590,91,38,0.000105653630247125,KCa'b'-ap1,KCa'b'-ap1_L,Kenyon_Cell,,cb_intrinsic,17488,KCapbp-ap1,KCa'b'-ap1,,VFB_jrmc2i7f,L,,,Roughly traced,
877,66105,91,53,0.000105653630247125,KCg-m,KCg-m_L,Kenyon_Cell,,cb_intrinsic,14292,KCg-m,KCg-m,,VFB_jrmc2kpd,L,,,Roughly traced,
878,70312,91,50,0.000105653630247125,KCg-m,KCg-m_R,Kenyon_Cell,,cb_intrinsic,14292,KCg-m,KCg-m,,VFB_jrmc2k7j,R,,,Prelim Roughly traced,
879,75265,91,39,0.000105653630247125,KCa'b'-ap1,KCa'b'-ap1_R,Kenyon_Cell,,cb_intrinsic,17488,KCapbp-ap1,KCa'b'-ap1,,VFB_jrmc2i7m,R,,,Roughly traced,
880,75347,91,45,0.000105653630247125,KCg-m,KCg-m_L,Kenyon_Cell,,cb_intrinsic,14292,KCg-m,KCg-m,,VFB_jrmc2kfo,L,,,Roughly traced,
881,81492,91,42,0.000105653630247125,KCa'b'-ap2,KCa'b'-ap2_L,Kenyon_Cell,,cb_intrinsic,17488,KCapbp-ap2,KCa'b'-ap2,,VFB_jrmc2idd,L,,,Roughly traced,
882,82728,91,32,0.000105653630247125,KCg-d,KCg-d_L,Kenyon_Cell,,cb_intrinsic,19102,KCg-d,KCg-d,,VFB_jrmc2k4k,L,,,Prelim Roughly traced,
883,83058,91,51,0.000105653630247125,KCg-m,KCg-m_L,Kenyon_Cell,,cb_intrinsic,14292,KCg-m,KCg-m,,VFB_jrmc2dbs,L,,,Prelim Roughly traced,
884,83371,91,51,0.000105653630247125,KCg-m,KCg-m_L,Kenyon_Cell,,cb_intrinsic,14292,KCg-m,KCg-m,,VFB_jrmc2kpl,L,,,Prelim Roughly traced,
885,83715,91,36,0.000105653630247125,KCa'b'-ap2,KCa'b'-ap2_R,Kenyon_Cell,,cb_intrinsic,17488,KCapbp-ap2,KCa'b'-ap2,,VFB_jrmc2i8i,R,,,Roughly traced,
886,87219,91,40,0.000105653630247125,KCa'b'-ap2,KCa'b'-ap2_R,Kenyon_Cell,,cb_intrinsic,17488,KCapbp-ap2,KCa'b'-ap2,,VFB_jrmc2ifh,R,,,Roughly traced,
887,93263,91,38,0.000105653630247125,KCa'b'-ap1,KCa'b'-ap1_R,Kenyon_Cell,,cb_intrinsic,17488,KCapbp-ap1,KCa'b'-ap1,,VFB_jrmc2i3r,R,,,Roughly traced,
888,110090,91,47,0.000105653630247125,KCg-m,KCg-m_L,Kenyon_Cell,,cb_intrinsic,14292,KCg-m,KCg-m,,VFB_jrmc2kpx,L,,,Roughly traced,
889,111744,91,37,0.000105653630247125,KCg-d,KCg-d_R,Kenyon_Cell,,cb_intrinsic,19102,KCg-d,KCg-d,,VFB_jrmc2k1j,R,,,Roughly traced,
890,115234,91,52,0.000105653630247125,KCg-m,KCg-m_L,Kenyon_Cell,,cb_intrinsic,14292,KCg-m,KCg-m,,VFB_jrmc2kd5,L,,,Roughly traced,
891,122979,91,53,0.000105653630247125,KCg-m,KCg-m_L,Kenyon_Cell,,cb_intrinsic,14292,KCg-m,KCg-m,,VFB_jrmc2kdb,L,,,Roughly traced,
892,127593,91,38,0.000105653630247125,KCg-m,KCg-m_L,Kenyon_Cell,,cb_intrinsic,14292,KCg-m,KCg-m,,VFB_jrmc2kdf,L,,,Prelim Roughly traced,
893,127980,91,45,0.000105653630247125,KCg-m,KCg-m_L,Kenyon_Cell,,cb_intrinsic,14292,KCg-m,KCg-m,,VFB_jrmc2kv8,L,,,Prelim Roughly traced,
894,128794,91,43,0.000105653630247125,KCa'b'-ap2,KCa'b'-ap2_L,Kenyon_Cell,,cb_intrinsic,17488,KCapbp-ap2,KCa'b'-ap2,,VFB_jrmc2ie3,L,,,Roughly traced,
895,130403,91,50,0.000105653630247125,KCg-m,KCg-m_R,Kenyon_Cell,,cb_intrinsic,14292,KCg-m,KCg-m,,VFB_jrmc2dac,R,,,Prelim Roughly traced,
896,133642,91,49,0.000105653630247125,KCg-m,KCg-m_R,Kenyon_Cell,,cb_intrinsic,14292,KCg-m,KCg-m,,VFB_jrmc2d73,R,,,Prelim Roughly traced,
897,134865,91,50,0.000105653630247125,KCg-m,KCg-m_L,Kenyon_Cell,,cb_intrinsic,14292,KCg-m,KCg-m,,VFB_jrmc2ks1,L,,,Prelim Roughly traced,
898,134883,91,46,0.000105653630247125,KCg-m,KCg-m_R,Kenyon_Cell,,cb_intrinsic,14292,KCg-m,KCg-m,,VFB_jrmc2kw5,R,,,Prelim Roughly traced,
899,147646,91,42,0.000105653630247125,KCg-m,KCg-m_L,Kenyon_Cell,,cb_intrinsic,14292,KCg-m,KCg-m,,VFB_jrmc2dfz,L,,,Roughly traced,
900,154433,91,47,0.000105653630247125,KCg-m,KCg-m_R,Kenyon_Cell,,cb_intrinsic,14292,KCg-m,KCg-m,,VFB_jrmc2krc,R,,,Roughly traced,
901,155996,91,40,0.000105653630247125,KCg-d,KCg-d_L,Kenyon_Cell,,cb_intrinsic,19102,KCg-d,KCg-d,,VFB_jrmc2k10,L,,,Roughly traced,
902,189047,91,49,0.000105653630247125,KCg-m,KCg-m_R,Kenyon_Cell,,cb_intrinsic,14292,KCg-m,KCg-m,,VFB_jrmc2krd,R,,,Prelim Roughly traced,
903,518555,91,45,0.000105653630247125,KCg-m,KCg-m_R,Kenyon_Cell,,cb_intrinsic,14292,KCg-m,KCg-m,,VFB_jrmc2km4,R,,,Prelim Roughly traced,
904,551434,91,46,0.000105653630247125,KCa'b'-m,KCa'b'-m_R,Kenyon_Cell,,cb_intrinsic,17488,KCapbp-m,KCa'b'-m,,VFB_jrmc2ij7,R,,,Roughly traced,
905,10368,90,30,0.00010449260134331044,CRE004,CRE004_L,,,cb_intrinsic,,CRE004,CRE004,,VFB_jrmc34r5,L,,,Roughly traced,
906,12020,90,6,0.00010449260134331044,AVLP592,AVLP592_L,,,cb_intrinsic,,AVLP592,AVLP592,,VFB_jrmc3j70,L,,,Roughly traced,
907,12444,90,5,0.00010449260134331044,AVLP592,AVLP592_R,,,cb_intrinsic,,AVLP592,AVLP592,,VFB_jrmc3j6z,R,,,Roughly traced,
908,21018,90,13,0.00010449260134331044,hDeltaA,hDeltaA_04_C4,CX,,cb_intrinsic,11512,hDeltaA,hDeltaA,,VFB_jrmc02if,R,,,Roughly traced,
909,27326,90,15,0.00010449260134331044,hDeltaJ,hDeltaJ_14_C12a,CX,,cb_intrinsic,11512,hDeltaJ,hDeltaJ,,VFB_jrmc02l4,L,,,Prelim Roughly traced,
910,28631,90,47,0.00010449260134331044,KCg-m,KCg-m_R,Kenyon_Cell,,cb_intrinsic,14292,KCg-m,KCg-m,,VFB_jrmc2df9,R,,,Roughly traced,
911,35775,90,50,0.00010449260134331044,KCa'b'-ap2,KCa'b'-ap2_R,Kenyon_Cell,,cb_intrinsic,17488,KCapbp-ap2,KCa'b'-ap2,,VFB_jrmc2i7v,R,,,Roughly traced,
912,40615,90,46,0.00010449260134331044,KCa'b'-ap1,KCa'b'-ap1_R,Kenyon_Cell,,cb_intrinsic,17488,KCapbp-ap1,KCa'b'-ap1,,VFB_jrmc2i67,R,,,Roughly traced,
913,41378,90,50,0.00010449260134331044,KCg-m,KCg-m_R,Kenyon_Cell,,cb_intrinsic,14292,KCg-m,KCg-m,,VFB_jrmc2kiz,R,,,Roughly traced,
914,43658,90,42,0.00010449260134331044,KCg-m,KCg-m_R,Kenyon_Cell,,cb_intrinsic,14292,KCg-m,KCg-m,,VFB_jrmc2kj3,R,,,Roughly traced,
915,43775,90,44,0.00010449260134331044,KCg-m,KCg-m_R,Kenyon_Cell,,cb_intrinsic,14292,KCg-m,KCg-m,,VFB_jrmc2kj4,R,,,Roughly traced,
916,45199,90,42,0.00010449260134331044,KCg-m,KCg-m_L,Kenyon_Cell,,cb_intrinsic,14292,KCg-m,KCg-m,,VFB_jrmc2kag,L,,,Roughly traced,
917,45460,90,43,0.00010449260134331044,KCg-m,KCg-m_L,Kenyon_Cell,,cb_intrinsic,14292,KCg-m,KCg-m,,VFB_jrmc2det,L,,,Roughly traced,
918,45612,90,50,0.00010449260134331044,KCg-m,KCg-m_R,Kenyon_Cell,,cb_intrinsic,14292,KCg-m,KCg-m,,VFB_jrmc2k68,R,,,Roughly traced,
919,47567,90,34,0.00010449260134331044,KCg-d,KCg-d_L,Kenyon_Cell,,cb_intrinsic,19102,KCg-d,KCg-d,,VFB_jrmc2k1y,L,,,Roughly traced,
920,48021,90,44,0.00010449260134331044,KCg-m,KCg-m_R,Kenyon_Cell,,cb_intrinsic,14292,KCg-m,KCg-m,,VFB_jrmc2d6r,R,,,Roughly traced,
921,49450,90,48,0.00010449260134331044,KCa'b'-ap2,KCa'b'-ap2_L,Kenyon_Cell,,cb_intrinsic,17488,KCapbp-ap2,KCa'b'-ap2,,VFB_jrmc2idf,L,,,Roughly traced,
922,50122,90,47,0.00010449260134331044,KCa'b'-ap2,KCa'b'-ap2_L,Kenyon_Cell,,cb_intrinsic,17488,KCapbp-ap2,KCa'b'-ap2,,VFB_jrmc2ieq,L,,,Roughly traced,
923,50820,90,51,0.00010449260134331044,KCg-m,KCg-m_L,Kenyon_Cell,,cb_intrinsic,14292,KCg-m,KCg-m,,VFB_jrmc2dc4,L,,,Roughly traced,
924,51553,90,48,0.00010449260134331044,KCg-m,KCg-m_L,Kenyon_Cell,,cb_intrinsic,14292,KCg-m,KCg-m,,VFB_jrmc2kuv,L,,,Roughly traced,
925,51855,90,44,0.00010449260134331044,KCg-m,KCg-m_R,Kenyon_Cell,,cb_intrinsic,14292,KCg-m,KCg-m,,VFB_jrmc2kjp,R,,,Roughly traced,
926,53267,90,48,0.00010449260134331044,KCg-m,KCg-m_R,Kenyon_Cell,,cb_intrinsic,14292,KCg-m,KCg-m,,VFB_jrmc2d87,R,,,Roughly traced,
927,53592,90,41,0.00010449260134331044,KCa'b'-ap1,KCa'b'-ap1_R,Kenyon_Cell,,cb_intrinsic,17488,KCapbp-ap1,KCa'b'-ap1,,VFB_jrmc2i3d,R,,,Roughly traced,
928,55083,90,39,0.00010449260134331044,KCa'b'-ap1,KCa'b'-ap1_R,Kenyon_Cell,,cb_intrinsic,17488,KCapbp-ap1,KCa'b'-ap1,,VFB_jrmc2i7i,R,,,Roughly traced,
929,57661,90,35,0.00010449260134331044,KCa'b'-ap1,KCa'b'-ap1_L,Kenyon_Cell,,cb_intrinsic,17488,KCapbp-ap1,KCa'b'-ap1,,VFB_jrmc2i6n,L,,,Roughly traced,
930,58146,90,10,0.00010449260134331044,vDeltaH,vDeltaH_C3,CX,,cb_intrinsic,11512,"vDeltaG,vDeltaH",vDeltaH,,VFB_jrmc039u,R,,,Roughly traced,
931,60494,90,42,0.00010449260134331044,KCa'b'-ap2,KCa'b'-ap2_L,Kenyon_Cell,,cb_intrinsic,17488,KCapbp-ap2,KCa'b'-ap2,,VFB_jrmc2ier,L,,,Roughly traced,
932,61056,90,39,0.00010449260134331044,KCg-d,KCg-d_R,Kenyon_Cell,,cb_intrinsic,19102,KCg-d,KCg-d,,VFB_jrmc2k0p,R,,,Roughly traced,
933,70553,90,44,0.00010449260134331044,KCg-m,KCg-m_R,Kenyon_Cell,,cb_intrinsic,14292,KCg-m,KCg-m,,VFB_jrmc2kkm,R,,,Prelim Roughly traced,
934,74548,90,39,0.00010449260134331044,KCa'b'-ap1,KCa'b'-ap1_R,Kenyon_Cell,,cb_intrinsic,17488,KCapbp-ap1,KCa'b'-ap1,,VFB_jrmc2i5u,R,,,Roughly traced,
935,77539,90,49,0.00010449260134331044,KCa'b'-ap2,KCa'b'-ap2_L,Kenyon_Cell,,cb_intrinsic,17488,KCapbp-ap2,KCa'b'-ap2,,VFB_jrmc2ifg,L,,,Roughly traced,
936,85091,90,44,0.00010449260134331044,KCg-m,KCg-m_L,Kenyon_Cell,,cb_intrinsic,14292,KCg-m,KCg-m,,VFB_jrmc2krm,L,,,Prelim Roughly traced,
937,85216,90,45,0.00010449260134331044,KCg-m,KCg-m_L,Kenyon_Cell,,cb_intrinsic,14292,KCg-m,KCg-m,,VFB_jrmc2kg0,L,,,Prelim Roughly traced,
938,86020,90,44,0.00010449260134331044,KCg-m,KCg-m_L,Kenyon_Cell,,cb_intrinsic,14292,KCg-m,KCg-m,,VFB_jrmc2kc7,L,,,Prelim Roughly traced,
939,88132,90,47,0.00010449260134331044,KCg-m,KCg-m_L,Kenyon_Cell,,cb_intrinsic,14292,KCg-m,KCg-m,,VFB_jrmc2kg7,L,,,Prelim Roughly traced,
940,88711,90,41,0.00010449260134331044,KCa'b'-m,KCa'b'-m_L,Kenyon_Cell,,cb_intrinsic,17488,KCapbp-m,KCa'b'-m,,VFB_jrmc2ijk,L,,,Roughly traced,
941,90649,90,52,0.00010449260134331044,KCa'b'-ap2,KCa'b'-ap2_L,Kenyon_Cell,,cb_intrinsic,17488,KCapbp-ap2,KCa'b'-ap2,,VFB_jrmc2ib9,L,,,Roughly traced,
942,92784,90,39,0.00010449260134331044,KCg-m,KCg-m_R,Kenyon_Cell,,cb_intrinsic,14292,KCg-m,KCg-m,,VFB_jrmc2k8i,R,,,Prelim Roughly traced,
943,93644,90,44,0.00010449260134331044,KCa'b'-ap2,KCa'b'-ap2_L,Kenyon_Cell,,cb_intrinsic,17488,KCapbp-ap2,KCa'b'-ap2,,VFB_jrmc2id8,L,,,Roughly traced,
944,104448,90,39,0.00010449260134331044,KCa'b'-m,KCa'b'-m_L,Kenyon_Cell,,cb_intrinsic,17488,KCapbp-m,KCa'b'-m,,VFB_jrmc2ikp,L,,,Roughly traced,
945,110375,90,48,0.00010449260134331044,KCg-m,KCg-m_R,Kenyon_Cell,,cb_intrinsic,14292,KCg-m,KCg-m,,VFB_jrmc2kow,R,,,Prelim Roughly traced,
946,118569,90,34,0.00010449260134331044,KCab-p,KCab-p_R,Kenyon_Cell,,cb_intrinsic,11862,KCab-p,KCab-p,,VFB_jrmc2jeq,R,,,Roughly traced,
947,120853,90,44,0.00010449260134331044,KCg-m,KCg-m_L,Kenyon_Cell,,cb_intrinsic,14292,KCg-m,KCg-m,,VFB_jrmc2kh7,L,,,Roughly traced,
948,122865,90,43,0.00010449260134331044,KCa'b'-ap2,KCa'b'-ap2_L,Kenyon_Cell,,cb_intrinsic,17488,KCapbp-ap2,KCa'b'-ap2,,VFB_jrmc2ibe,L,,,Roughly traced,
949,123263,90,44,0.00010449260134331044,KCg-m,KCg-m_L,Kenyon_Cell,,cb_intrinsic,14292,KCg-m,KCg-m,,VFB_jrmc2db4,L,,,Roughly traced,
950,126002,90,54,0.00010449260134331044,KCg-m,KCg-m_R,Kenyon_Cell,,cb_intrinsic,14292,KCg-m,KCg-m,,VFB_jrmc2k91,R,,,Prelim Roughly traced,
951,135421,90,38,0.00010449260134331044,KCg-d,KCg-d_R,Kenyon_Cell,,cb_intrinsic,19102,KCg-d,KCg-d,,VFB_jrmc2k5j,R,,,Roughly traced,
952,139988,90,47,0.00010449260134331044,KCg-m,KCg-m_L,Kenyon_Cell,,cb_intrinsic,14292,KCg-m,KCg-m,,VFB_jrmc2kdu,L,,,Prelim Roughly traced,
953,140461,90,47,0.00010449260134331044,KCg-m,KCg-m_L,Kenyon_Cell,,cb_intrinsic,14292,KCg-m,KCg-m,,VFB_jrmc2khv,L,,,Prelim Roughly traced,
954,143487,90,48,0.00010449260134331044,KCg-m,KCg-m_L,Kenyon_Cell,,cb_intrinsic,14292,KCg-m,KCg-m,,VFB_jrmc2ke2,L,,,Roughly traced,
955,161026,90,50,0.00010449260134331044,KCa'b'-ap2,KCa'b'-ap2_R,Kenyon_Cell,,cb_intrinsic,17488,KCapbp-ap2,KCa'b'-ap2,,VFB_jrmc2iay,R,,,Prelim Roughly traced,
956,185639,90,45,0.00010449260134331044,KCg-m,KCg-m_L,Kenyon_Cell,,cb_intrinsic,14292,KCg-m,KCg-m,,VFB_jrmc2kqp,L,,,Roughly traced,
957,186305,90,42,0.00010449260134331044,KCa'b'-ap2,KCa'b'-ap2_R,Kenyon_Cell,,cb_intrinsic,17488,KCapbp-ap2,KCa'b'-ap2,,VFB_jrmc2iaz,R,,,Roughly traced,
958,544257,90,26,0.00010449260134331044,PAM10,PAM10(B1)_R,DAN,,cb_intrinsic,36624,PAM10,PAM10,,VFB_jrmc1pwm,R,,,Roughly traced,
959,552553,90,33,0.00010449260134331044,KCab-p,KCab-p_R,Kenyon_Cell,,cb_intrinsic,11862,KCab-p,KCab-p,,VFB_jrmc2jex,R,,,Prelim Roughly traced,
960,571903,90,39,0.00010449260134331044,KCab-p,KCab-p_L,Kenyon_Cell,,cb_intrinsic,11862,KCab-p,KCab-p,,VFB_jrmc2jey,L,,,Roughly traced,
961,580421,90,47,0.00010449260134331044,KCa'b'-ap2,KCa'b'-ap2_L,Kenyon_Cell,,cb_intrinsic,17488,KCapbp-ap2,KCa'b'-ap2,,VFB_jrmc2ie6,L,,,Roughly traced,
962,10273,89,13,0.00010333157243949589,SIP136m,SIP136m_L,,,cb_intrinsic,,,,,VFB_jrmc1bq9,L,,,Roughly traced,
963,11516,89,12,0.00010333157243949589,LCNOpm,LCNOpm(LAL-NO3pm)_L,CX,,cb_intrinsic,11516,LCNOpm,LCNOpm,,VFB_jrmc28sm,L,CG,,Roughly traced,
964,13613,89,21,0.00010333157243949589,LHPV5e3,LHPV5e3_R,,,cb_intrinsic,,LHPV5e3,LHPV5e3,,VFB_jrmc22hd,R,,,Roughly traced,
965,17759,89,7,0.00010333157243949589,FB5N,FB5N_R,CX,,cb_intrinsic,11994,FB5N,FB5N,,VFB_jrmc3080,R,CG,,Roughly traced,
966,43876,89,49,0.00010333157243949589,KCg-m,KCg-m_R,Kenyon_Cell,,cb_intrinsic,14292,KCg-m,KCg-m,,VFB_jrmc2kj5,R,,,Roughly traced,
967,45183,89,43,0.00010333157243949589,KCg-m,KCg-m_R,Kenyon_Cell,,cb_intrinsic,14292,KCg-m,KCg-m,,VFB_jrmc2kmq,R,,,Roughly traced,
968,46118,89,44,0.00010333157243949589,KCa'b'-ap1,KCa'b'-ap1_R,Kenyon_Cell,,cb_intrinsic,17488,KCapbp-ap1,KCa'b'-ap1,,VFB_jrmc2i35,R,,,Roughly traced,
969,47101,89,46,0.00010333157243949589,KCg-m,KCg-m_L,Kenyon_Cell,,cb_intrinsic,14292,KCg-m,KCg-m,,VFB_jrmc2kah,L,,,Roughly traced,
970,49526,89,46,0.00010333157243949589,KCg-m,KCg-m_L,Kenyon_Cell,,cb_intrinsic,14292,KCg-m,KCg-m,,VFB_jrmc2d8v,L,,,Roughly traced,
971,53430,89,41,0.00010333157243949589,KCab-p,KCab-p_L,Kenyon_Cell,,cb_intrinsic,11862,KCab-p,KCab-p,,VFB_jrmc2jf2,L,,,Roughly traced,
972,53766,89,47,0.00010333157243949589,KCa'b'-ap2,KCa'b'-ap2_R,Kenyon_Cell,,cb_intrinsic,17488,KCapbp-ap2,KCa'b'-ap2,,VFB_jrmc2i9p,R,,,Roughly traced,
973,62643,89,45,0.00010333157243949589,KCg-m,KCg-m_R,Kenyon_Cell,,cb_intrinsic,14292,KCg-m,KCg-m,,VFB_jrmc2kqx,R,,,Prelim Roughly traced,
974,67671,89,51,0.00010333157243949589,KCa'b'-ap2,KCa'b'-ap2_R,Kenyon_Cell,,cb_intrinsic,17488,KCapbp-ap2,KCa'b'-ap2,,VFB_jrmc2ia2,R,,,Roughly traced,
975,68176,89,43,0.00010333157243949589,KCg-m,KCg-m_R,Kenyon_Cell,,cb_intrinsic,14292,KCg-m,KCg-m,,VFB_jrmc2d8l,R,,,Prelim Roughly traced,
976,69508,89,33,0.00010333157243949589,KCa'b'-m,KCa'b'-m_R,Kenyon_Cell,,cb_intrinsic,17488,KCapbp-m,KCa'b'-m,,VFB_jrmc2igb,R,,,Roughly traced,
977,73583,89,41,0.00010333157243949589,KCa'b'-m,KCa'b'-m_R,Kenyon_Cell,,cb_intrinsic,17488,KCapbp-m,KCa'b'-m,,VFB_jrmc2ih8,R,,,Roughly traced,
978,74222,89,49,0.00010333157243949589,KCg-m,KCg-m_L,Kenyon_Cell,,cb_intrinsic,14292,KCg-m,KCg-m,,VFB_jrmc2d9k,L,,,Roughly traced,
979,74380,89,41,0.00010333157243949589,KCa'b'-ap1,KCa'b'-ap1_R,Kenyon_Cell,,cb_intrinsic,17488,KCapbp-ap1,KCa'b'-ap1,,VFB_jrmc2i72,R,,,Roughly traced,
980,76370,89,40,0.00010333157243949589,KCa'b'-ap2,KCa'b'-ap2_L,Kenyon_Cell,,cb_intrinsic,17488,KCapbp-ap2,KCa'b'-ap2,,VFB_jrmc2idl,L,,,Roughly traced,
981,76429,89,40,0.00010333157243949589,KCa'b'-ap1,KCa'b'-ap1_R,Kenyon_Cell,,cb_intrinsic,17488,KCapbp-ap1,KCa'b'-ap1,,VFB_jrmc2i51,R,,,Roughly traced,
982,77108,89,44,0.00010333157243949589,KCg-m,KCg-m_L,Kenyon_Cell,,cb_intrinsic,14292,KCg-m,KCg-m,,VFB_jrmc2kfs,L,,,Roughly traced,
983,77451,89,45,0.00010333157243949589,KCg-m,KCg-m_R,Kenyon_Cell,,cb_intrinsic,14292,KCg-m,KCg-m,,VFB_jrmc2k7t,R,,,Prelim Roughly traced,
984,78251,89,44,0.00010333157243949589,KCg-m,KCg-m_R,Kenyon_Cell,,cb_intrinsic,14292,KCg-m,KCg-m,,VFB_jrmc2kku,R,,,Prelim Roughly traced,
985,80566,89,46,0.00010333157243949589,KCa'b'-ap2,KCa'b'-ap2_L,Kenyon_Cell,,cb_intrinsic,17488,KCapbp-ap2,KCa'b'-ap2,,VFB_jrmc2idc,L,,,Roughly traced,
986,80735,89,50,0.00010333157243949589,KCa'b'-m,KCa'b'-m_L,Kenyon_Cell,,cb_intrinsic,17488,KCapbp-m,KCa'b'-m,,VFB_jrmc2ik5,L,,,Roughly traced,
987,82744,89,37,0.00010333157243949589,KCa'b'-m,KCa'b'-m_R,Kenyon_Cell,,cb_intrinsic,17488,KCapbp-m,KCa'b'-m,,VFB_jrmc2il3,R,,,Roughly traced,
988,83777,89,50,0.00010333157243949589,KCa'b'-ap1,KCa'b'-ap1_L,Kenyon_Cell,,cb_intrinsic,17488,KCapbp-ap1,KCa'b'-ap1,,VFB_jrmc2i5d,L,,,Roughly traced,
989,86967,89,45,0.00010333157243949589,KCg-m,KCg-m_L,Kenyon_Cell,,cb_intrinsic,14292,KCg-m,KCg-m,,VFB_jrmc2kc9,L,,,Prelim Roughly traced,
990,92924,89,43,0.00010333157243949589,KCg-m,KCg-m_R,Kenyon_Cell,,cb_intrinsic,14292,KCg-m,KCg-m,,VFB_jrmc2kle,R,,,Prelim Roughly traced,
991,94802,89,42,0.00010333157243949589,KCa'b'-m,KCa'b'-m_R,Kenyon_Cell,,cb_intrinsic,17488,KCapbp-m,KCa'b'-m,,VFB_jrmc2ihh,R,,,Roughly traced,
992,99140,89,45,0.00010333157243949589,KCa'b'-m,KCa'b'-m_R,Kenyon_Cell,,cb_intrinsic,17488,KCapbp-m,KCa'b'-m,,VFB_jrmc2ikv,R,,,Roughly traced,
993,103957,89,43,0.00010333157243949589,KCa'b'-ap2,KCa'b'-ap2_L,Kenyon_Cell,,cb_intrinsic,17488,KCapbp-ap2,KCa'b'-ap2,,VFB_jrmc2ibb,L,,,Roughly traced,
994,112593,89,43,0.00010333157243949589,KCg-m,KCg-m_L,Kenyon_Cell,,cb_intrinsic,14292,KCg-m,KCg-m,,VFB_jrmc2kgu,L,,,Roughly traced,
995,114956,89,49,0.00010333157243949589,KCg-m,KCg-m_L,Kenyon_Cell,,cb_intrinsic,14292,KCg-m,KCg-m,,VFB_jrmc2kv5,L,,,Roughly traced,
996,119936,89,44,0.00010333157243949589,KCg-m,KCg-m_R,Kenyon_Cell,,cb_intrinsic,14292,KCg-m,KCg-m,,VFB_jrmc2klp,R,,,Prelim Roughly traced,
997,129627,89,44,0.00010333157243949589,KCg-m,KCg-m_L,Kenyon_Cell,,cb_intrinsic,14292,KCg-m,KCg-m,,VFB_jrmc2kui,L,,,Prelim Roughly traced,
998,133500,89,43,0.00010333157243949589,KCg-m,KCg-m_L,Kenyon_Cell,,cb_intrinsic,14292,KCg-m,KCg-m,,VFB_jrmc2dbv,L,,,Prelim Roughly traced,
999,136570,89,40,0.00010333157243949589,KCg-m,KCg-m_R,Kenyon_Cell,,cb_intrinsic,14292,KCg-m,KCg-m,,VFB_jrmc2kp0,R,,,Prelim Roughly traced,
1000,137837,89,36,0.00010333157243949589,KCab-p,KCab-p_L,Kenyon_Cell,,cb_intrinsic,11862,KCab-p,KCab-p,,VFB_jrmc2jfq,L,,,Roughly traced,
1001,148989,89,43,0.00010333157243949589,KCg-m,KCg-m_L,Kenyon_Cell,,cb_intrinsic,14292,KCg-m,KCg-m,,VFB_jrmc2ks9,L,,,Roughly traced,
1002,150451,89,49,0.00010333157243949589,KCa'b'-ap2,KCa'b'-ap2_L,Kenyon_Cell,,cb_intrinsic,17488,KCapbp-ap2,KCa'b'-ap2,,VFB_jrmc2icj,L,,,Roughly traced,
1003,525305,89,44,0.00010333157243949589,KCg-m,KCg-m_R,Kenyon_Cell,,cb_intrinsic,14292,KCg-m,KCg-m,,VFB_jrmc2ka0,R,,,Prelim Roughly traced,
1004,533585,89,50,0.00010333157243949589,KCg-m,KCg-m_R,Kenyon_Cell,,cb_intrinsic,14292,KCg-m,KCg-m,,VFB_jrmc2ka2,R,,,Prelim Roughly traced,
1005,544634,89,45,0.00010333157243949589,KCg-m,KCg-m_L,Kenyon_Cell,,cb_intrinsic,14292,KCg-m,KCg-m,,VFB_jrmc2d81,L,,,Roughly traced,
1006,549344,89,43,0.00010333157243949589,KCa'b'-ap2,KCa'b'-ap2_R,Kenyon_Cell,,cb_intrinsic,17488,KCapbp-ap2,KCa'b'-ap2,,VFB_jrmc2iff,R,,,Roughly traced,
1007,11115,88,16,0.00010217054353568133,AVLP562,AVLP562_L,,,cb_intrinsic,11115,AVLP562,AVLP562,,VFB_jrmc3j5i,L,CG,,Roughly traced,
1008,31016,88,6,0.00010217054353568133,MBON17,MBON17(a'3m)_L,MBON,,cb_intrinsic,11777,MBON17,MBON17,,VFB_jrmc20ai,L,,,Roughly traced,
1009,45380,88,48,0.00010217054353568133,KCg-m,KCg-m_L,Kenyon_Cell,,cb_intrinsic,14292,KCg-m,KCg-m,,VFB_jrmc2keu,L,,,Roughly traced,
1010,47779,88,45,0.00010217054353568133,KCg-m,KCg-m_R,Kenyon_Cell,,cb_intrinsic,14292,KCg-m,KCg-m,,VFB_jrmc2dex,R,,,Roughly traced,
1011,51113,88,49,0.00010217054353568133,KCg-m,KCg-m_R,Kenyon_Cell,,cb_intrinsic,14292,KCg-m,KCg-m,,VFB_jrmc2dcd,R,,,Roughly traced,
1012,52140,88,44,0.00010217054353568133,KCa'b'-ap1,KCa'b'-ap1_R,Kenyon_Cell,,cb_intrinsic,17488,KCapbp-ap1,KCa'b'-ap1,,VFB_jrmc2i60,R,,,Roughly traced,
1013,55670,88,38,0.00010217054353568133,KCg-m,KCg-m_R,Kenyon_Cell,,cb_intrinsic,14292,KCg-m,KCg-m,,VFB_jrmc2k6l,R,,,Roughly traced,
1014,55857,88,46,0.00010217054353568133,KCg-m,KCg-m_R,Kenyon_Cell,,cb_intrinsic,14292,KCg-m,KCg-m,,VFB_jrmc2k6m,R,,,Roughly traced,
1015,57244,88,39,0.00010217054353568133,KCab-p,KCab-p_L,Kenyon_Cell,,cb_intrinsic,11862,KCab-p,KCab-p,,VFB_jrmc2jgr,L,,,Roughly traced,
1016,64005,88,37,0.00010217054353568133,KCa'b'-ap1,KCa'b'-ap1_R,Kenyon_Cell,,cb_intrinsic,17488,KCapbp-ap1,KCa'b'-ap1,,VFB_jrmc2i5m,R,,,Roughly traced,
1017,64645,88,41,0.00010217054353568133,KCa'b'-m,KCa'b'-m_R,Kenyon_Cell,,cb_intrinsic,17488,KCapbp-m,KCa'b'-m,,VFB_jrmc2ih5,R,,,Roughly traced,
1018,67359,88,43,0.00010217054353568133,KCa'b'-m,KCa'b'-m_R,Kenyon_Cell,,cb_intrinsic,17488,KCapbp-m,KCa'b'-m,,VFB_jrmc2iga,R,,,Roughly traced,
1019,69885,88,32,0.00010217054353568133,KCg-d,KCg-d_L,Kenyon_Cell,,cb_intrinsic,19102,KCg-d,KCg-d,,VFB_jrmc2k3e,L,,,Roughly traced,
1020,70235,88,48,0.00010217054353568133,KCg-m,KCg-m_R,Kenyon_Cell,,cb_intrinsic,14292,KCg-m,KCg-m,,VFB_jrmc2d9x,R,,,Prelim Roughly traced,
1021,72116,88,41,0.00010217054353568133,KCg-m,KCg-m_L,Kenyon_Cell,,cb_intrinsic,14292,KCg-m,KCg-m,,VFB_jrmc2daf,L,,,Roughly traced,
1022,75225,88,47,0.00010217054353568133,KCa'b'-ap1,KCa'b'-ap1_L,Kenyon_Cell,,cb_intrinsic,17488,KCapbp-ap1,KCa'b'-ap1,,VFB_jrmc2i2o,L,,,Roughly traced,
1023,79199,88,45,0.00010217054353568133,KCa'b'-ap2,KCa'b'-ap2_R,Kenyon_Cell,,cb_intrinsic,17488,KCapbp-ap2,KCa'b'-ap2,,VFB_jrmc2i8f,R,,,Roughly traced,
1024,80128,88,43,0.00010217054353568133,KCg-s4,KCg-s4_R,Kenyon_Cell,,cb_intrinsic,14292,KCg-m,KCg-m,,VFB_jrmc2dgf,R,,,Prelim Roughly traced,
1025,81967,88,47,0.00010217054353568133,KCg-m,KCg-m_R,Kenyon_Cell,,cb_intrinsic,14292,KCg-m,KCg-m,,VFB_jrmc2kl2,R,,,Prelim Roughly traced,
1026,87642,88,47,0.00010217054353568133,KCg-m,KCg-m_R,Kenyon_Cell,,cb_intrinsic,14292,KCg-m,KCg-m,,VFB_jrmc2kl9,R,,,Prelim Roughly traced,
1027,88824,88,32,0.00010217054353568133,KCab-p,KCab-p_R,Kenyon_Cell,,cb_intrinsic,11862,KCab-p,KCab-p,,VFB_jrmc2jgd,R,,,Roughly traced,
1028,89839,88,48,0.00010217054353568133,KCg-m,KCg-m_R,Kenyon_Cell,,cb_intrinsic,14292,KCg-m,KCg-m,,VFB_jrmc2dfb,R,,,Prelim Roughly traced,
1029,93065,88,47,0.00010217054353568133,KCg-m,KCg-m_L,Kenyon_Cell,,cb_intrinsic,14292,KCg-m,KCg-m,,VFB_jrmc2d6b,L,,,Prelim Roughly traced,
1030,96304,88,35,0.00010217054353568133,KCg-d,KCg-d_R,Kenyon_Cell,,cb_intrinsic,19102,KCg-d,KCg-d,,VFB_jrmc2k5f,R,,,Roughly traced,
1031,97927,88,43,0.00010217054353568133,KCa'b'-ap2,KCa'b'-ap2_L,Kenyon_Cell,,cb_intrinsic,17488,KCapbp-ap2,KCa'b'-ap2,,VFB_jrmc2ifr,L,,,Roughly traced,
1032,105407,88,46,0.00010217054353568133,KCg-m,KCg-m_L,Kenyon_Cell,,cb_intrinsic,14292,KCg-m,KCg-m,,VFB_jrmc2kgn,L,,,Roughly traced,
1033,109492,88,44,0.00010217054353568133,KCg-m,KCg-m_L,Kenyon_Cell,,cb_intrinsic,14292,KCg-m,KCg-m,,VFB_jrmc2kcx,L,,,Roughly traced,
1034,109583,88,47,0.00010217054353568133,KCg-m,KCg-m_R,Kenyon_Cell,,cb_intrinsic,14292,KCg-m,KCg-m,,VFB_jrmc2k8u,R,,,Prelim Roughly traced,
1035,116518,88,48,0.00010217054353568133,KCg-m,KCg-m_L,Kenyon_Cell,,cb_intrinsic,14292,KCg-m,KCg-m,,VFB_jrmc2ktl,L,,,Roughly traced,
1036,132312,88,55,0.00010217054353568133,KCg-m,KCg-m_R,Kenyon_Cell,,cb_intrinsic,14292,KCg-m,KCg-m,,VFB_jrmc2k96,R,,,Prelim Roughly traced,
1037,137952,88,33,0.00010217054353568133,KCg-d,KCg-d_L,Kenyon_Cell,,cb_intrinsic,19102,KCg-d,KCg-d,,VFB_jrmc2k2y,L,,,Prelim Roughly traced,
1038,139093,88,49,0.00010217054353568133,KCg-m,KCg-m_L,Kenyon_Cell,,cb_intrinsic,14292,KCg-m,KCg-m,,VFB_jrmc2kht,L,,,Prelim Roughly traced,
1039,141299,88,43,0.00010217054353568133,KCg-m,KCg-m_L,Kenyon_Cell,,cb_intrinsic,14292,KCg-m,KCg-m,,VFB_jrmc2deg,L,,,Prelim Roughly traced,
1040,144340,88,37,0.00010217054353568133,KCa'b'-m,KCa'b'-m_R,Kenyon_Cell,,cb_intrinsic,17488,KCapbp-m,KCa'b'-m,,VFB_jrmc2igk,R,,,Prelim Roughly traced,
1041,148419,88,49,0.00010217054353568133,KCg-m,KCg-m_R,Kenyon_Cell,,cb_intrinsic,14292,KCg-m,KCg-m,,VFB_jrmc2k9j,R,,,Prelim Roughly traced,
1042,195279,88,52,0.00010217054353568133,KCg-m,KCg-m_R,Kenyon_Cell,,cb_intrinsic,14292,KCg-m,KCg-m,,VFB_jrmc2kmg,R,,,Prelim Roughly traced,
1043,10168,87,37,0.00010100951463186677,OA-VUMa6,OA-VUMa6(OA-VUMa7)_M,,,cb_intrinsic,10168,OA-VUMa6,"OA-VUMa6,OA-VUMa7",,VFB_jrmc1nga,M,MD,,Roughly traced,
1044,10564,87,24,0.00010100951463186677,SMP177,SMP177_L,,,cb_intrinsic,10564,SMP177,SMP177,,VFB_jrmc1d7i,L,CG,,Roughly traced,
1045,15103,87,47,0.00010100951463186677,KCg-m,KCg-m_R,Kenyon_Cell,,cb_intrinsic,14292,KCg-m,KCg-m,,VFB_jrmc2kmj,R,,,Roughly traced,
1046,21692,87,13,0.00010100951463186677,SIP087,SIP087_R,,,cb_intrinsic,,SIP087,SIP087,,VFB_jrmc1blq,R,,,Roughly traced,
1047,28622,87,8,0.00010100951463186677,MBON28,MBON28(a'3a)_L,MBON,,cb_intrinsic,11777,MBON28,MBON28,,VFB_jrmc20bc,L,,,Roughly traced,
1048,30190,87,8,0.00010100951463186677,vDeltaI_a,vDeltaI_a_C2,CX,,cb_intrinsic,11512,vDeltaI_a,vDeltaI,,VFB_jrmc03a3,L,,,Roughly traced,
1049,33086,87,47,0.00010100951463186677,KCa'b'-ap2,KCa'b'-ap2_L,Kenyon_Cell,,cb_intrinsic,17488,KCapbp-ap2,KCa'b'-ap2,,VFB_jrmc2i8q,L,,,Roughly traced,
1050,36713,87,36,0.00010100951463186677,KCa'b'-ap1,KCa'b'-ap1_R,Kenyon_Cell,,cb_intrinsic,17488,KCapbp-ap1,KCa'b'-ap1,,VFB_jrmc2i5t,R,,,Roughly traced,
1051,38684,87,39,0.00010100951463186677,KCa'b'-ap1,KCa'b'-ap1_L,Kenyon_Cell,,cb_intrinsic,17488,KCapbp-ap1,KCa'b'-ap1,,VFB_jrmc2i4j,L,,,Roughly traced,
1052,39608,87,30,0.00010100951463186677,MBON10,MBON10(B'1)_L,MBON,,cb_intrinsic,27954,MBON10,MBON10,,VFB_jrmc209u,L,,,Roughly traced,
1053,41131,87,49,0.00010100951463186677,KCg-m,KCg-m_L,Kenyon_Cell,,cb_intrinsic,14292,KCg-m,KCg-m,,VFB_jrmc2keq,L,,,Roughly traced,
1054,42409,87,35,0.00010100951463186677,KCa'b'-ap1,KCa'b'-ap1_L,Kenyon_Cell,,cb_intrinsic,17488,KCapbp-ap1,KCa'b'-ap1,,VFB_jrmc2i42,L,,,Roughly traced,
1055,48337,87,40,0.00010100951463186677,KCg-m,KCg-m_L,Kenyon_Cell,,cb_intrinsic,14292,KCg-m,KCg-m,,VFB_jrmc2kex,L,,,Roughly traced,
1056,49124,87,42,0.00010100951463186677,KCg-m,KCg-m_L,Kenyon_Cell,,cb_intrinsic,14292,KCg-m,KCg-m,,VFB_jrmc2kut,L,,,Roughly traced,
1057,50057,87,38,0.00010100951463186677,KCa'b'-ap1,KCa'b'-ap1_R,Kenyon_Cell,,cb_intrinsic,17488,KCapbp-ap1,KCa'b'-ap1,,VFB_jrmc2i3b,R,,,Roughly traced,
1058,50568,87,40,0.00010100951463186677,KCg-m,KCg-m_L,Kenyon_Cell,,cb_intrinsic,14292,KCg-m,KCg-m,,VFB_jrmc2dee,L,,,Roughly traced,
1059,52751,87,34,0.00010100951463186677,KCg-d,KCg-d_R,Kenyon_Cell,,cb_intrinsic,19102,KCg-d,KCg-d,,VFB_jrmc2k13,R,,,Roughly traced,
1060,53383,87,50,0.00010100951463186677,KCg-m,KCg-m_R,Kenyon_Cell,,cb_intrinsic,14292,KCg-m,KCg-m,,VFB_jrmc2da5,R,,,Roughly traced,
1061,53833,87,43,0.00010100951463186677,KCa'b'-m,KCa'b'-m_R,Kenyon_Cell,,cb_intrinsic,17488,KCapbp-m,KCa'b'-m,,VFB_jrmc2ij2,R,,,Roughly traced,
1062,54202,87,46,0.00010100951463186677,KCg-m,KCg-m_L,Kenyon_Cell,,cb_intrinsic,14292,KCg-m,KCg-m,,VFB_jrmc2kav,L,,,Roughly traced,
1063,57403,87,36,0.00010100951463186677,KCa'b'-ap1,KCa'b'-ap1_R,Kenyon_Cell,,cb_intrinsic,17488,KCapbp-ap1,KCa'b'-ap1,,VFB_jrmc2i2z,R,,,Roughly traced,
1064,57770,87,50,0.00010100951463186677,KCg-m,KCg-m_L,Kenyon_Cell,,cb_intrinsic,14292,KCg-m,KCg-m,,VFB_jrmc2kf4,L,,,Roughly traced,
1065,60505,87,38,0.00010100951463186677,KCa'b'-m,KCa'b'-m_R,Kenyon_Cell,,cb_intrinsic,17488,KCapbp-m,KCa'b'-m,,VFB_jrmc2ig6,R,,,Roughly traced,
1066,63629,87,50,0.00010100951463186677,KCg-m,KCg-m_R,Kenyon_Cell,,cb_intrinsic,14292,KCg-m,KCg-m,,VFB_jrmc2kvr,R,,,Prelim Roughly traced,
1067,68137,87,47,0.00010100951463186677,KCg-m,KCg-m_R,Kenyon_Cell,,cb_intrinsic,14292,KCg-m,KCg-m,,VFB_jrmc2d7f,R,,,Prelim Roughly traced,
1068,68339,87,44,0.00010100951463186677,KCa'b'-ap2,KCa'b'-ap2_L,Kenyon_Cell,,cb_intrinsic,17488,KCapbp-ap2,KCa'b'-ap2,,VFB_jrmc2i99,L,,,Roughly traced,
1069,69237,87,43,0.00010100951463186677,KCg-m,KCg-m_L,Kenyon_Cell,,cb_intrinsic,14292,KCg-m,KCg-m,,VFB_jrmc2db0,L,,,Roughly traced,
1070,72604,87,43,0.00010100951463186677,KCg-m,KCg-m_L,Kenyon_Cell,,cb_intrinsic,14292,KCg-m,KCg-m,,VFB_jrmc2kb5,L,,,Roughly traced,
1071,72606,87,44,0.00010100951463186677,KCg-m,KCg-m_L,Kenyon_Cell,,cb_intrinsic,14292,KCg-m,KCg-m,,VFB_jrmc2kt9,L,,,Roughly traced,
1072,76354,87,52,0.00010100951463186677,KCa'b'-ap2,KCa'b'-ap2_R,Kenyon_Cell,,cb_intrinsic,17488,KCapbp-ap2,KCa'b'-ap2,,VFB_jrmc2iai,R,,,Roughly traced,
1073,77523,87,49,0.00010100951463186677,KCg-m,KCg-m_R,Kenyon_Cell,,cb_intrinsic,14292,KCg-m,KCg-m,,VFB_jrmc2kkt,R,,,Prelim Roughly traced,
1074,79690,87,44,0.00010100951463186677,KCg-m,KCg-m_L,Kenyon_Cell,,cb_intrinsic,14292,KCg-m,KCg-m,,VFB_jrmc2kta,L,,,Roughly traced,
1075,80704,87,48,0.00010100951463186677,KCg-m,KCg-m_L,Kenyon_Cell,,cb_intrinsic,14292,KCg-m,KCg-m,,VFB_jrmc2kuz,L,,,Roughly traced,
1076,82804,87,45,0.00010100951463186677,KCa'b'-m,KCa'b'-m_L,Kenyon_Cell,,cb_intrinsic,17488,KCapbp-m,KCa'b'-m,,VFB_jrmc2ik6,L,,,Roughly traced,
1077,88109,87,51,0.00010100951463186677,KCa'b'-ap2,KCa'b'-ap2_R,Kenyon_Cell,,cb_intrinsic,17488,KCapbp-ap2,KCa'b'-ap2,,VFB_jrmc2if8,R,,,Roughly traced,
1078,95484,87,36,0.00010100951463186677,KCg-d,KCg-d_L,Kenyon_Cell,,cb_intrinsic,19102,KCg-d,KCg-d,,VFB_jrmc2k2e,L,,,Prelim Roughly traced,
1079,97591,87,40,0.00010100951463186677,KCg-d,KCg-d_L,Kenyon_Cell,,cb_intrinsic,19102,KCg-d,KCg-d,,VFB_jrmc2k22,L,,,Prelim Roughly traced,
1080,99847,87,51,0.00010100951463186677,KCg-m,KCg-m_L,Kenyon_Cell,,cb_intrinsic,14292,KCg-m,KCg-m,,VFB_jrmc2kgh,L,,,Roughly traced,
1081,114354,87,39,0.00010100951463186677,KCa'b'-ap2,KCa'b'-ap2_L,Kenyon_Cell,,cb_intrinsic,17488,KCapbp-ap2,KCa'b'-ap2,,VFB_jrmc2ifv,L,,,Roughly traced,
1082,117286,87,42,0.00010100951463186677,KCg-m,KCg-m_L,Kenyon_Cell,,cb_intrinsic,14292,KCg-m,KCg-m,,VFB_jrmc2ksr,L,,,Roughly traced,
1083,128471,87,32,0.00010100951463186677,KCg-m,KCg-m_L,Kenyon_Cell,,cb_intrinsic,14292,KCg-m,KCg-m,,VFB_jrmc2dfl,L,,,Prelim Roughly traced,
1084,138210,87,47,0.00010100951463186677,KCa'b'-ap2,KCa'b'-ap2_L,Kenyon_Cell,,cb_intrinsic,17488,KCapbp-ap2,KCa'b'-ap2,,VFB_jrmc2idu,L,,,Roughly traced,
1085,142732,87,44,0.00010100951463186677,KCg-m,KCg-m_L,Kenyon_Cell,,cb_intrinsic,14292,KCg-m,KCg-m,,VFB_jrmc2khy,L,,,Roughly traced,
1086,144220,87,35,0.00010100951463186677,KCg-d,KCg-d_R,Kenyon_Cell,,cb_intrinsic,19102,KCg-d,KCg-d,,VFB_jrmc2k4a,R,,,Roughly traced,
1087,147812,87,49,0.00010100951463186677,KCg-m,KCg-m_L,Kenyon_Cell,,cb_intrinsic,14292,KCg-m,KCg-m,,VFB_jrmc2ki4,L,,,Roughly traced,
1088,148930,87,42,0.00010100951463186677,KCg-m,KCg-m_L,Kenyon_Cell,,cb_intrinsic,14292,KCg-m,KCg-m,,VFB_jrmc2d7y,L,,,Roughly traced,
1089,149820,87,48,0.00010100951463186677,KCg-m,KCg-m_L,Kenyon_Cell,,cb_intrinsic,14292,KCg-m,KCg-m,,VFB_jrmc2d96,L,,,Roughly traced,
1090,153635,87,45,0.00010100951463186677,KCg-m,KCg-m_L,Kenyon_Cell,,cb_intrinsic,14292,KCg-m,KCg-m,,VFB_jrmc2kif,L,,,Roughly traced,
1091,527588,87,16,0.00010100951463186677,SMP163,SMP163_L,,,cb_intrinsic,,SMP163,SMP163,,VFB_jrmc1d5w,L,,,Roughly traced,
1092,543682,87,45,0.00010100951463186677,KCg-m,KCg-m_R,Kenyon_Cell,,cb_intrinsic,14292,KCg-m,KCg-m,,VFB_jrmc2dcs,R,,,Prelim Roughly traced,
1093,11125,86,10,9.98484857280522e-05,AVLP610,AVLP610_R,,,cb_intrinsic,11125,CB0623,,,VFB_jrmc3j7v,R,MX,,Roughly traced,
1094,19102,86,35,9.98484857280522e-05,KCg-d,KCg-d_R,Kenyon_Cell,,cb_intrinsic,19102,KCg-d,KCg-d,,VFB_jrmc2k2b,R,,,Roughly traced,
1095,25631,86,36,9.98484857280522e-05,KCa'b'-ap1,KCa'b'-ap1_R,Kenyon_Cell,,cb_intrinsic,17488,KCapbp-ap1,KCa'b'-ap1,,VFB_jrmc2i5s,R,,,Roughly traced,
1096,26792,86,42,9.98484857280522e-05,KCg-m,KCg-m_R,Kenyon_Cell,,cb_intrinsic,14292,KCg-m,KCg-m,,VFB_jrmc2kvl,R,,,Roughly traced,
1097,37904,86,38,9.98484857280522e-05,KCa'b'-ap1,KCa'b'-ap1_R,Kenyon_Cell,,cb_intrinsic,17488,KCapbp-ap1,KCa'b'-ap1,,VFB_jrmc2i5e,R,,,Roughly traced,
1098,43856,86,44,9.98484857280522e-05,KCa'b'-ap2,KCa'b'-ap2_L,Kenyon_Cell,,cb_intrinsic,17488,KCapbp-ap2,KCa'b'-ap2,,VFB_jrmc2i8v,L,,,Roughly traced,
1099,45553,86,41,9.98484857280522e-05,KCg-m,KCg-m_R,Kenyon_Cell,,cb_intrinsic,14292,KCg-m,KCg-m,,VFB_jrmc2dg4,R,,,Roughly traced,
1100,45620,86,50,9.98484857280522e-05,KCg-m,KCg-m_L,Kenyon_Cell,,cb_intrinsic,14292,KCg-m,KCg-m,,VFB_jrmc2kew,L,,,Roughly traced,
1101,47026,86,52,9.98484857280522e-05,KCg-m,KCg-m_R,Kenyon_Cell,,cb_intrinsic,14292,KCg-m,KCg-m,,VFB_jrmc2d7a,R,,,Roughly traced,
1102,47997,86,47,9.98484857280522e-05,KCg-m,KCg-m_R,Kenyon_Cell,,cb_intrinsic,14292,KCg-m,KCg-m,,VFB_jrmc2kjf,R,,,Roughly traced,
1103,48111,86,50,9.98484857280522e-05,KCg-m,KCg-m_R,Kenyon_Cell,,cb_intrinsic,14292,KCg-m,KCg-m,,VFB_jrmc2kmw,R,,,Roughly traced,
1104,48596,86,41,9.98484857280522e-05,KCg-m,KCg-m_L,Kenyon_Cell,,cb_intrinsic,14292,KCg-m,KCg-m,,VFB_jrmc2des,L,,,Roughly traced,
1105,48641,86,34,9.98484857280522e-05,KCg-d,KCg-d_R,Kenyon_Cell,,cb_intrinsic,19102,KCg-d,KCg-d,,VFB_jrmc2k5l,R,,,Roughly traced,
1106,49254,86,37,9.98484857280522e-05,KCg-m,KCg-m_R,Kenyon_Cell,,cb_intrinsic,14292,KCg-m,KCg-m,,VFB_jrmc2kji,R,,,Roughly traced,
1107,49661,86,38,9.98484857280522e-05,KCa'b'-ap1,KCa'b'-ap1_R,Kenyon_Cell,,cb_intrinsic,17488,KCapbp-ap1,KCa'b'-ap1,,VFB_jrmc2i6q,R,,,Roughly traced,
1108,50591,86,47,9.98484857280522e-05,KCg-m,KCg-m_L,Kenyon_Cell,,cb_intrinsic,14292,KCg-m,KCg-m,,VFB_jrmc2kuu,L,,,Roughly traced,
1109,51095,86,39,9.98484857280522e-05,KCg-m,KCg-m_R,Kenyon_Cell,,cb_intrinsic,14292,KCg-m,KCg-m,,VFB_jrmc2dao,R,,,Roughly traced,
1110,55850,86,44,9.98484857280522e-05,KCg-m,KCg-m_R,Kenyon_Cell,,cb_intrinsic,14292,KCg-m,KCg-m,,VFB_jrmc2knb,R,,,Roughly traced,
1111,57806,86,44,9.98484857280522e-05,KCg-m,KCg-m_L,Kenyon_Cell,,cb_intrinsic,14292,KCg-m,KCg-m,,VFB_jrmc2kt6,L,,,Roughly traced,
1112,66595,86,46,9.98484857280522e-05,KCg-m,KCg-m_R,Kenyon_Cell,,cb_intrinsic,14292,KCg-m,KCg-m,,VFB_jrmc2kke,R,,,Prelim Roughly traced,
1113,67106,86,46,9.98484857280522e-05,KCg-m,KCg-m_L,Kenyon_Cell,,cb_intrinsic,14292,KCg-m,KCg-m,,VFB_jrmc2kfd,L,,,Roughly traced,
1114,68254,86,46,9.98484857280522e-05,KCg-m,KCg-m_L,Kenyon_Cell,,cb_intrinsic,14292,KCg-m,KCg-m,,VFB_jrmc2kpe,L,,,Roughly traced,
1115,69417,86,45,9.98484857280522e-05,KCg-m,KCg-m_L,Kenyon_Cell,,cb_intrinsic,14292,KCg-m,KCg-m,,VFB_jrmc2ksg,L,,,Roughly traced,
1116,70175,86,36,9.98484857280522e-05,KCa'b'-ap1,KCa'b'-ap1_R,Kenyon_Cell,,cb_intrinsic,17488,KCapbp-ap1,KCa'b'-ap1,,VFB_jrmc2i71,R,,,Roughly traced,
1117,70740,86,44,9.98484857280522e-05,KCg-m,KCg-m_L,Kenyon_Cell,,cb_intrinsic,14292,KCg-m,KCg-m,,VFB_jrmc2ddj,L,,,Roughly traced,
1118,72854,86,46,9.98484857280522e-05,KCg-m,KCg-m_L,Kenyon_Cell,,cb_intrinsic,14292,KCg-m,KCg-m,,VFB_jrmc2kb6,L,,,Roughly traced,
1119,74110,86,52,9.98484857280522e-05,KCg-m,KCg-m_L,Kenyon_Cell,,cb_intrinsic,14292,KCg-m,KCg-m,,VFB_jrmc2kb8,L,,,Roughly traced,
1120,77637,86,38,9.98484857280522e-05,KCg-m,KCg-m_R,Kenyon_Cell,,cb_intrinsic,14292,KCg-m,KCg-m,,VFB_jrmc2kvw,R,,,Prelim Roughly traced,
1121,77719,86,47,9.98484857280522e-05,KCg-m,KCg-m_L,Kenyon_Cell,,cb_intrinsic,14292,KCg-m,KCg-m,,VFB_jrmc2krk,L,,,Roughly traced,
1122,80532,86,46,9.98484857280522e-05,KCg-m,KCg-m_L,Kenyon_Cell,,cb_intrinsic,14292,KCg-m,KCg-m,,VFB_jrmc2krl,L,,,Roughly traced,
1123,82192,86,52,9.98484857280522e-05,KCg-m,KCg-m_L,Kenyon_Cell,,cb_intrinsic,14292,KCg-m,KCg-m,,VFB_jrmc2d9l,L,,,Prelim Roughly traced,
1124,82672,86,44,9.98484857280522e-05,KCg-m,KCg-m_L,Kenyon_Cell,,cb_intrinsic,14292,KCg-m,KCg-m,,VFB_jrmc2kby,L,,,Prelim Roughly traced,
1125,82906,86,42,9.98484857280522e-05,KCa'b'-m,KCa'b'-m_R,Kenyon_Cell,,cb_intrinsic,17488,KCapbp-m,KCa'b'-m,,VFB_jrmc2igf,R,,,Roughly traced,
1126,84247,86,37,9.98484857280522e-05,KCa'b'-ap2,KCa'b'-ap2_L,Kenyon_Cell,,cb_intrinsic,17488,KCapbp-ap2,KCa'b'-ap2,,VFB_jrmc2ie1,L,,,Roughly traced,
1127,85340,86,39,9.98484857280522e-05,KCg-m,KCg-m_L,Kenyon_Cell,,cb_intrinsic,14292,KCg-m,KCg-m,,VFB_jrmc2ksn,L,,,Prelim Roughly traced,
1128,88834,86,45,9.98484857280522e-05,KCa'b'-m,KCa'b'-m_L,Kenyon_Cell,,cb_intrinsic,17488,KCapbp-m,KCa'b'-m,,VFB_jrmc2ij8,L,,,Roughly traced,
1129,93772,86,40,9.98484857280522e-05,KCg-m,KCg-m_R,Kenyon_Cell,,cb_intrinsic,14292,KCg-m,KCg-m,,VFB_jrmc2dfk,R,,,Prelim Roughly traced,
1130,93859,86,44,9.98484857280522e-05,KCg-m,KCg-m_R,Kenyon_Cell,,cb_intrinsic,14292,KCg-m,KCg-m,,VFB_jrmc2k8j,R,,,Prelim Roughly traced,
1131,99225,86,53,9.98484857280522e-05,KCg-m,KCg-m_L,Kenyon_Cell,,cb_intrinsic,14292,KCg-m,KCg-m,,VFB_jrmc2kv3,L,,,Roughly traced,
1132,100246,86,36,9.98484857280522e-05,KCa'b'-ap2,KCa'b'-ap2_L,Kenyon_Cell,,cb_intrinsic,17488,KCapbp-ap2,KCa'b'-ap2,,VFB_jrmc2icf,L,,,Roughly traced,
1133,104166,86,49,9.98484857280522e-05,KCg-m,KCg-m_R,Kenyon_Cell,,cb_intrinsic,14292,KCg-m,KCg-m,,VFB_jrmc2da1,R,,,Prelim Roughly traced,
1134,128097,86,45,9.98484857280522e-05,KCg-m,KCg-m_L,Kenyon_Cell,,cb_intrinsic,14292,KCg-m,KCg-m,,VFB_jrmc2khg,L,,,Prelim Roughly traced,
1135,131954,86,43,9.98484857280522e-05,KCg-m,KCg-m_L,Kenyon_Cell,,cb_intrinsic,14292,KCg-m,KCg-m,,VFB_jrmc2ddy,L,,,Prelim Roughly traced,
1136,133066,86,41,9.98484857280522e-05,KCg-m,KCg-m_L,Kenyon_Cell,,cb_intrinsic,14292,KCg-m,KCg-m,,VFB_jrmc2kva,L,,,Prelim Roughly traced,
1137,134059,86,43,9.98484857280522e-05,KCg-m,KCg-m_L,Kenyon_Cell,,cb_intrinsic,14292,KCg-m,KCg-m,,VFB_jrmc2kqa,L,,,Prelim Roughly traced,
1138,138564,86,39,9.98484857280522e-05,KCg-m,KCg-m_L,Kenyon_Cell,,cb_intrinsic,14292,KCg-m,KCg-m,,VFB_jrmc2ktq,L,,,Prelim Roughly traced,
1139,139039,86,42,9.98484857280522e-05,KCg-m,KCg-m_L,Kenyon_Cell,,cb_intrinsic,14292,KCg-m,KCg-m,,VFB_jrmc2ks4,L,,,Prelim Roughly traced,
1140,141659,86,47,9.98484857280522e-05,KCg-m,KCg-m_L,Kenyon_Cell,,cb_intrinsic,14292,KCg-m,KCg-m,,VFB_jrmc2ddo,L,,,Prelim Roughly traced,
1141,142848,86,36,9.98484857280522e-05,KCa'b'-m,KCa'b'-m_L,Kenyon_Cell,,cb_intrinsic,17488,KCapbp-m,KCa'b'-m,,VFB_jrmc2ilk,L,,,Roughly traced,
1142,143735,86,40,9.98484857280522e-05,KCg-m,KCg-m_R,Kenyon_Cell,,cb_intrinsic,14292,KCg-m,KCg-m,,VFB_jrmc2k9h,R,,,Prelim Roughly traced,
1143,144122,86,40,9.98484857280522e-05,KCg-m,KCg-m_L,Kenyon_Cell,,cb_intrinsic,14292,KCg-m,KCg-m,,VFB_jrmc2khz,L,,,Roughly traced,
1144,151584,86,48,9.98484857280522e-05,KCa'b'-ap2,KCa'b'-ap2_R,Kenyon_Cell,,cb_intrinsic,17488,KCapbp-ap2,KCa'b'-ap2,,VFB_jrmc2ifa,R,,,Roughly traced,
1145,152860,86,41,9.98484857280522e-05,KCa'b'-ap1,KCa'b'-ap1_R,Kenyon_Cell,,cb_intrinsic,17488,KCapbp-ap1,KCa'b'-ap1,,VFB_jrmc2i3t,R,,,Roughly traced,
1146,11255,85,19,9.868745682423764e-05,FB1C,FB1C_L,CX,,cb_intrinsic,11255,CB.FB1H0,FB1C,,VFB_jrmc2zzu,L,,,Roughly traced,
1147,12488,85,5,9.868745682423764e-05,AVLP536,AVLP536_L,,,cb_intrinsic,,AVLP536,AVLP536,,VFB_jrmc3j2d,L,,,Roughly traced,
1148,12724,85,5,9.868745682423764e-05,LAL014,LAL014_R,,,cb_intrinsic,,LAL014,LAL014,,VFB_jrmc2cm9,R,,,Roughly traced,
1149,24399,85,14,9.868745682423764e-05,LNO1,LNO1_L,CX,,cb_intrinsic,,LNO1,LNO1,,VFB_jrmc238a,L,,,Roughly traced,
1150,37311,85,45,9.868745682423764e-05,KCg-m,KCg-m_R,Kenyon_Cell,,cb_intrinsic,14292,KCg-m,KCg-m,,VFB_jrmc2k60,R,,,Roughly traced,
1151,40327,85,43,9.868745682423764e-05,KCg-m,KCg-m_R,Kenyon_Cell,,cb_intrinsic,14292,KCg-m,KCg-m,,VFB_jrmc2kiy,R,,,Roughly traced,
1152,42260,85,39,9.868745682423764e-05,KCa'b'-ap1,KCa'b'-ap1_R,Kenyon_Cell,,cb_intrinsic,17488,KCapbp-ap1,KCa'b'-ap1,,VFB_jrmc2i5f,R,,,Roughly traced,
1153,42969,85,35,9.868745682423764e-05,KCg-d,KCg-d_R,Kenyon_Cell,,cb_intrinsic,19102,KCg-d,KCg-d,,VFB_jrmc2k11,R,,,Roughly traced,
1154,44682,85,48,9.868745682423764e-05,KCg-m,KCg-m_L,Kenyon_Cell,,cb_intrinsic,14292,KCg-m,KCg-m,,VFB_jrmc2kaf,L,,,Roughly traced,
1155,45434,85,43,9.868745682423764e-05,KCg-m,KCg-m_L,Kenyon_Cell,,cb_intrinsic,14292,KCg-m,KCg-m,,VFB_jrmc2d9g,L,,,Roughly traced,
1156,49345,85,32,9.868745682423764e-05,KCg-d,KCg-d_R,Kenyon_Cell,,cb_intrinsic,19102,KCg-d,KCg-d,,VFB_jrmc2k0k,R,,,Roughly traced,
1157,49805,85,42,9.868745682423764e-05,KCg-m,KCg-m_R,Kenyon_Cell,,cb_intrinsic,14292,KCg-m,KCg-m,,VFB_jrmc2kjk,R,,,Roughly traced,
1158,50256,85,53,9.868745682423764e-05,KCg-m,KCg-m_R,Kenyon_Cell,,cb_intrinsic,14292,KCg-m,KCg-m,,VFB_jrmc2kjm,R,,,Roughly traced,
1159,51053,85,42,9.868745682423764e-05,KCg-m,KCg-m_L,Kenyon_Cell,,cb_intrinsic,14292,KCg-m,KCg-m,,VFB_jrmc2kao,L,,,Roughly traced,
1160,52402,85,40,9.868745682423764e-05,KCg-m,KCg-m_R,Kenyon_Cell,,cb_intrinsic,14292,KCg-m,KCg-m,,VFB_jrmc2kn7,R,,,Roughly traced,
1161,53688,85,46,9.868745682423764e-05,KCg-m,KCg-m_R,Kenyon_Cell,,cb_intrinsic,14292,KCg-m,KCg-m,,VFB_jrmc2d5n,R,,,Roughly traced,
1162,56297,85,50,9.868745682423764e-05,KCg-m,KCg-m_R,Kenyon_Cell,,cb_intrinsic,14292,KCg-m,KCg-m,,VFB_jrmc2df1,R,,,Roughly traced,
1163,58058,85,47,9.868745682423764e-05,KCg-m,KCg-m_L,Kenyon_Cell,,cb_intrinsic,14292,KCg-m,KCg-m,,VFB_jrmc2d7o,L,,,Roughly traced,
1164,59442,85,49,9.868745682423764e-05,KCg-m,KCg-m_R,Kenyon_Cell,,cb_intrinsic,14292,KCg-m,KCg-m,,VFB_jrmc2dba,R,,,Prelim Roughly traced,
1165,61579,85,46,9.868745682423764e-05,KCg-m,KCg-m_L,Kenyon_Cell,,cb_intrinsic,14292,KCg-m,KCg-m,,VFB_jrmc2dg1,L,,,Roughly traced,
1166,62003,85,41,9.868745682423764e-05,KCg-m,KCg-m_R,Kenyon_Cell,,cb_intrinsic,14292,KCg-m,KCg-m,,VFB_jrmc2kk4,R,,,Prelim Roughly traced,
1167,62057,85,38,9.868745682423764e-05,KCa'b'-m,KCa'b'-m_R,Kenyon_Cell,,cb_intrinsic,17488,KCapbp-m,KCa'b'-m,,VFB_jrmc2iks,R,,,Roughly traced,
1168,63543,85,37,9.868745682423764e-05,KCg-d,KCg-d_R,Kenyon_Cell,,cb_intrinsic,19102,KCg-d,KCg-d,,VFB_jrmc2k0r,R,,,Roughly traced,
1169,68283,85,38,9.868745682423764e-05,KCa'b'-ap1,KCa'b'-ap1_L,Kenyon_Cell,,cb_intrinsic,17488,KCapbp-ap1,KCa'b'-ap1,,VFB_jrmc2i6u,L,,,Roughly traced,
1170,69842,85,35,9.868745682423764e-05,KCa'b'-ap1,KCa'b'-ap1_R,Kenyon_Cell,,cb_intrinsic,17488,KCapbp-ap1,KCa'b'-ap1,,VFB_jrmc2i61,R,,,Roughly traced,
1171,70445,85,50,9.868745682423764e-05,KCg-m,KCg-m_R,Kenyon_Cell,,cb_intrinsic,14292,KCg-m,KCg-m,,VFB_jrmc2kmd,R,,,Prelim Roughly traced,
1172,71530,85,47,9.868745682423764e-05,KCa'b'-ap2,KCa'b'-ap2_L,Kenyon_Cell,,cb_intrinsic,17488,KCapbp-ap2,KCa'b'-ap2,,VFB_jrmc2i9a,L,,,Roughly traced,
1173,72350,85,47,9.868745682423764e-05,KCg-m,KCg-m_L,Kenyon_Cell,,cb_intrinsic,14292,KCg-m,KCg-m,,VFB_jrmc2ksh,L,,,Roughly traced,
1174,72362,85,36,9.868745682423764e-05,KCa'b'-m,KCa'b'-m_R,Kenyon_Cell,,cb_intrinsic,17488,KCapbp-m,KCa'b'-m,,VFB_jrmc2ih7,R,,,Roughly traced,
1175,74698,85,50,9.868745682423764e-05,KCg-m,KCg-m_L,Kenyon_Cell,,cb_intrinsic,14292,KCg-m,KCg-m,,VFB_jrmc2kp8,L,,,Roughly traced,
1176,79783,85,51,9.868745682423764e-05,KCg-m,KCg-m_L,Kenyon_Cell,,cb_intrinsic,14292,KCg-m,KCg-m,,VFB_jrmc2kpj,L,,,Roughly traced,
1177,80083,85,47,9.868745682423764e-05,KCg-m,KCg-m_R,Kenyon_Cell,,cb_intrinsic,14292,KCg-m,KCg-m,,VFB_jrmc2kkz,R,,,Prelim Roughly traced,
1178,81000,85,49,9.868745682423764e-05,KCg-m,KCg-m_R,Kenyon_Cell,,cb_intrinsic,14292,KCg-m,KCg-m,,VFB_jrmc2kl0,R,,,Prelim Roughly traced,
1179,82292,85,51,9.868745682423764e-05,KCg-m,KCg-m_L,Kenyon_Cell,,cb_intrinsic,14292,KCg-m,KCg-m,,VFB_jrmc2d9m,L,,,Prelim Roughly traced,
1180,88845,85,39,9.868745682423764e-05,KCg-m,KCg-m_L,Kenyon_Cell,,cb_intrinsic,14292,KCg-m,KCg-m,,VFB_jrmc2de2,L,,,Prelim Roughly traced,
1181,91487,85,31,9.868745682423764e-05,KCg-d,KCg-d_L,Kenyon_Cell,,cb_intrinsic,19102,KCg-d,KCg-d,,VFB_jrmc2k4z,L,,,Prelim Roughly traced,
1182,91497,85,46,9.868745682423764e-05,KCa'b'-ap2,KCa'b'-ap2_R,Kenyon_Cell,,cb_intrinsic,17488,KCapbp-ap2,KCa'b'-ap2,,VFB_jrmc2i8k,R,,,Prelim Roughly traced,
1183,96231,85,45,9.868745682423764e-05,KCg-m,KCg-m_L,Kenyon_Cell,,cb_intrinsic,14292,KCg-m,KCg-m,,VFB_jrmc2kcl,L,,,Prelim Roughly traced,
1184,102136,85,43,9.868745682423764e-05,KCg-m,KCg-m_L,Kenyon_Cell,,cb_intrinsic,14292,KCg-m,KCg-m,,VFB_jrmc2kct,L,,,Roughly traced,
1185,105406,85,11,9.868745682423764e-05,vDeltaI_a,vDeltaI_a_C6,CX,,cb_intrinsic,11512,vDeltaI_a,vDeltaI,,VFB_jrmc03a9,L,,,Roughly traced,
1186,119101,85,44,9.868745682423764e-05,KCg-m,KCg-m_R,Kenyon_Cell,,cb_intrinsic,14292,KCg-m,KCg-m,,VFB_jrmc2k8x,R,,,Prelim Roughly traced,
1187,125813,85,35,9.868745682423764e-05,KCg-d,KCg-d_L,Kenyon_Cell,,cb_intrinsic,19102,KCg-d,KCg-d,,VFB_jrmc2k2p,L,,,Roughly traced,
1188,126779,85,43,9.868745682423764e-05,KCg-m,KCg-m_L,Kenyon_Cell,,cb_intrinsic,14292,KCg-m,KCg-m,,VFB_jrmc2khd,L,,,Roughly traced,
1189,128901,85,40,9.868745682423764e-05,KCg-m,KCg-m_L,Kenyon_Cell,,cb_intrinsic,14292,KCg-m,KCg-m,,VFB_jrmc2krz,L,,,Prelim Roughly traced,
1190,131373,85,43,9.868745682423764e-05,KCg-m,KCg-m_L,Kenyon_Cell,,cb_intrinsic,14292,KCg-m,KCg-m,,VFB_jrmc2kdi,L,,,Prelim Roughly traced,
1191,137438,85,49,9.868745682423764e-05,KCg-m,KCg-m_L,Kenyon_Cell,,cb_intrinsic,14292,KCg-m,KCg-m,,VFB_jrmc2kt0,L,,,Prelim Roughly traced,
1192,138186,85,41,9.868745682423764e-05,KCg-d,KCg-d_L,Kenyon_Cell,,cb_intrinsic,19102,KCg-d,KCg-d,,VFB_jrmc2k0b,L,,,Prelim Roughly traced,
1193,142069,85,35,9.868745682423764e-05,KCg-d,KCg-d_L,Kenyon_Cell,,cb_intrinsic,19102,KCg-d,KCg-d,,VFB_jrmc2k2g,L,,,Roughly traced,
1194,143262,85,39,9.868745682423764e-05,KCg-d,KCg-d_L,Kenyon_Cell,,cb_intrinsic,19102,KCg-d,KCg-d,,VFB_jrmc2k25,L,,,Roughly traced,
1195,146301,85,36,9.868745682423764e-05,KCg-d,KCg-d_L,Kenyon_Cell,,cb_intrinsic,19102,KCg-d,KCg-d,,VFB_jrmc2k2i,L,,,Roughly traced,
1196,149720,85,41,9.868745682423764e-05,KCg-m,KCg-m_L,Kenyon_Cell,,cb_intrinsic,14292,KCg-m,KCg-m,,VFB_jrmc2kea,L,,,Roughly traced,
1197,176770,85,46,9.868745682423764e-05,KCg-m,KCg-m_R,Kenyon_Cell,,cb_intrinsic,14292,KCg-m,KCg-m,,VFB_jrmc2d8s,R,,,Prelim Roughly traced,
1198,522760,85,12,9.868745682423764e-05,LHMB1,LHMB1_L,,,cb_intrinsic,11001,LHMB1,LHMB1,,VFB_jrmc21xy,L,,,Roughly traced,
1199,526670,85,44,9.868745682423764e-05,KCg-m,KCg-m_R,Kenyon_Cell,,cb_intrinsic,14292,KCg-m,KCg-m,,VFB_jrmc2dcx,R,,,Prelim Roughly traced,
1200,536363,85,34,9.868745682423764e-05,KCg-d,KCg-d_R,Kenyon_Cell,,cb_intrinsic,19102,KCg-d,KCg-d,,VFB_jrmc2k35,R,,,Roughly traced,
1201,547293,85,44,9.868745682423764e-05,KCa'b'-m,KCa'b'-m_R,Kenyon_Cell,,cb_intrinsic,17488,KCapbp-m,KCa'b'-m,,VFB_jrmc2ij6,R,,,Roughly traced,
1202,558970,85,26,9.868745682423764e-05,SMP376,SMP376_L,,,cb_intrinsic,,SMP376,SMP376,,VFB_jrmc1dq2,L,,,Roughly traced,
1203,575249,85,37,9.868745682423764e-05,KCa'b'-ap2,KCa'b'-ap2_R,Kenyon_Cell,,cb_intrinsic,17488,KCapbp-ap2,KCa'b'-ap2,,VFB_jrmc2ifp,R,,,Roughly traced,
1204,10041,84,23,9.752642792042308e-05,OA-VUMa1,OA-VUMa1_M,,,cb_intrinsic,10041,OA-VUMa1,OA-VUMa1,,VFB_jrmc1nfz,M,MX,,Prelim Roughly traced,
1205,10415,84,11,9.752642792042308e-05,LT36,LT36_L,,,visual_centrifugal,,LT36,LT36,,VFB_jrmc24ro,L,,,Roughly traced,
1206,11030,84,23,9.752642792042308e-05,LHCENT3,LHCENT3_L,,,cb_intrinsic,11030,LHCENT3,LHCENT3,,VFB_jrmc21xj,L,,,Prelim Roughly traced,
1207,13201,84,8,9.752642792042308e-05,LAL015,LAL015_R,,,cb_intrinsic,,LAL015,LAL015,,VFB_jrmc2cmb,R,,,Roughly traced,
1208,22533,84,41,9.752642792042308e-05,KCg-m,KCg-m_R,Kenyon_Cell,,cb_intrinsic,14292,KCg-m,KCg-m,,VFB_jrmc2df7,R,,,Roughly traced,
1209,29728,84,52,9.752642792042308e-05,KCg-m,KCg-m_R,Kenyon_Cell,,cb_intrinsic,14292,KCg-m,KCg-m,,VFB_jrmc2kqu,R,,,Roughly traced,
1210,35073,84,41,9.752642792042308e-05,KCa'b'-ap2,KCa'b'-ap2_L,Kenyon_Cell,,cb_intrinsic,17488,KCapbp-ap2,KCa'b'-ap2,,VFB_jrmc2ide,L,,,Roughly traced,
1211,38121,84,36,9.752642792042308e-05,KCa'b'-ap1,KCa'b'-ap1_R,Kenyon_Cell,,cb_intrinsic,17488,KCapbp-ap1,KCa'b'-ap1,,VFB_jrmc2i6i,R,,,Roughly traced,
1212,41277,84,14,9.752642792042308e-05,hDeltaJ,hDeltaJ_02_C2,CX,,cb_intrinsic,11512,hDeltaJ,hDeltaJ,,VFB_jrmc02l9,R,,,Prelim Roughly traced,
1213,41787,84,44,9.752642792042308e-05,KCg-m,KCg-m_R,Kenyon_Cell,,cb_intrinsic,14292,KCg-m,KCg-m,,VFB_jrmc2kml,R,,,Roughly traced,
1214,43980,84,45,9.752642792042308e-05,KCg-m,KCg-m_R,Kenyon_Cell,,cb_intrinsic,14292,KCg-m,KCg-m,,VFB_jrmc2dfn,R,,,Roughly traced,
1215,45388,84,37,9.752642792042308e-05,KCa'b'-ap1,KCa'b'-ap1_R,Kenyon_Cell,,cb_intrinsic,17488,KCapbp-ap1,KCa'b'-ap1,,VFB_jrmc2i34,R,,,Roughly traced,
1216,47901,84,42,9.752642792042308e-05,KCg-m,KCg-m_R,Kenyon_Cell,,cb_intrinsic,14292,KCg-m,KCg-m,,VFB_jrmc2kmv,R,,,Roughly traced,
1217,48443,84,35,9.752642792042308e-05,KCa'b'-ap1,KCa'b'-ap1_R,Kenyon_Cell,,cb_intrinsic,17488,KCapbp-ap1,KCa'b'-ap1,,VFB_jrmc2i38,R,,,Roughly traced,
1218,50744,84,50,9.752642792042308e-05,KCg-m,KCg-m_R,Kenyon_Cell,,cb_intrinsic,14292,KCg-m,KCg-m,,VFB_jrmc2kjo,R,,,Roughly traced,
1219,52789,84,45,9.752642792042308e-05,KCa'b'-ap2,KCa'b'-ap2_R,Kenyon_Cell,,cb_intrinsic,17488,KCapbp-ap2,KCa'b'-ap2,,VFB_jrmc2i84,R,,,Roughly traced,
1220,53836,84,47,9.752642792042308e-05,KCg-m,KCg-m_R,Kenyon_Cell,,cb_intrinsic,14292,KCg-m,KCg-m,,VFB_jrmc2kjt,R,,,Roughly traced,
1221,57977,84,43,9.752642792042308e-05,KCa'b'-ap1,KCa'b'-ap1_R,Kenyon_Cell,,cb_intrinsic,17488,KCapbp-ap1,KCa'b'-ap1,,VFB_jrmc2i3f,R,,,Roughly traced,
1222,61178,84,46,9.752642792042308e-05,KCg-m,KCg-m_R,Kenyon_Cell,,cb_intrinsic,14292,KCg-m,KCg-m,,VFB_jrmc2kk2,R,,,Prelim Roughly traced,
1223,61555,84,35,9.752642792042308e-05,KCa'b'-ap1,KCa'b'-ap1_R,Kenyon_Cell,,cb_intrinsic,17488,KCapbp-ap1,KCa'b'-ap1,,VFB_jrmc2i3j,R,,,Roughly traced,
1224,63199,84,43,9.752642792042308e-05,KCg-m,KCg-m_L,Kenyon_Cell,,cb_intrinsic,14292,KCg-m,KCg-m,,VFB_jrmc2kaw,L,,,Roughly traced,
1225,63380,84,43,9.752642792042308e-05,KCa'b'-ap2,KCa'b'-ap2_R,Kenyon_Cell,,cb_intrinsic,17488,KCapbp-ap2,KCa'b'-ap2,,VFB_jrmc2i8a,R,,,Roughly traced,
1226,63740,84,51,9.752642792042308e-05,KCg-m,KCg-m_L,Kenyon_Cell,,cb_intrinsic,14292,KCg-m,KCg-m,,VFB_jrmc2kf8,L,,,Roughly traced,
1227,64697,84,51,9.752642792042308e-05,KCg-m,KCg-m_L,Kenyon_Cell,,cb_intrinsic,14292,KCg-m,KCg-m,,VFB_jrmc2kf9,L,,,Roughly traced,
1228,70509,84,40,9.752642792042308e-05,KCg-m,KCg-m_R,Kenyon_Cell,,cb_intrinsic,14292,KCg-m,KCg-m,,VFB_jrmc2kvu,R,,,Prelim Roughly traced,
1229,72523,84,42,9.752642792042308e-05,KCg-m,KCg-m_R,Kenyon_Cell,,cb_intrinsic,14292,KCg-m,KCg-m,,VFB_jrmc2k7p,R,,,Prelim Roughly traced,
1230,73197,84,38,9.752642792042308e-05,KCg-m,KCg-m_L,Kenyon_Cell,,cb_intrinsic,14292,KCg-m,KCg-m,,VFB_jrmc2dag,L,,,Roughly traced,
1231,74269,84,36,9.752642792042308e-05,KCg-d,KCg-d_R,Kenyon_Cell,,cb_intrinsic,19102,KCg-d,KCg-d,,VFB_jrmc2k1c,R,,,Roughly traced,
1232,75072,84,55,9.752642792042308e-05,KCg-m,KCg-m_R,Kenyon_Cell,,cb_intrinsic,14292,KCg-m,KCg-m,,VFB_jrmc2kkq,R,,,Prelim Roughly traced,
1233,76488,84,43,9.752642792042308e-05,KCg-m,KCg-m_L,Kenyon_Cell,,cb_intrinsic,14292,KCg-m,KCg-m,,VFB_jrmc2kfq,L,,,Roughly traced,
1234,76564,84,44,9.752642792042308e-05,KCg-m,KCg-m_L,Kenyon_Cell,,cb_intrinsic,14292,KCg-m,KCg-m,,VFB_jrmc2kbh,L,,,Roughly traced,
1235,78359,84,45,9.752642792042308e-05,KCa'b'-ap2,KCa'b'-ap2_R,Kenyon_Cell,,cb_intrinsic,17488,KCapbp-ap2,KCa'b'-ap2,,VFB_jrmc2iak,R,,,Roughly traced,
1236,81004,84,45,9.752642792042308e-05,KCg-m,KCg-m_R,Kenyon_Cell,,cb_intrinsic,14292,KCg-m,KCg-m,,VFB_jrmc2de7,R,,,Prelim Roughly traced,
1237,83162,84,53,9.752642792042308e-05,KCg-m,KCg-m_R,Kenyon_Cell,,cb_intrinsic,14292,KCg-m,KCg-m,,VFB_jrmc2d6z,R,,,Prelim Roughly traced,
1238,83576,84,40,9.752642792042308e-05,KCg-m,KCg-m_R,Kenyon_Cell,,cb_intrinsic,14292,KCg-m,KCg-m,,VFB_jrmc2k85,R,,,Prelim Roughly traced,
1239,84987,84,47,9.752642792042308e-05,KCg-m,KCg-m_L,Kenyon_Cell,,cb_intrinsic,14292,KCg-m,KCg-m,,VFB_jrmc2kc2,L,,,Prelim Roughly traced,
1240,85547,84,42,9.752642792042308e-05,KCg-m,KCg-m_L,Kenyon_Cell,,cb_intrinsic,14292,KCg-m,KCg-m,,VFB_jrmc2d9b,L,,,Prelim Roughly traced,
1241,86024,84,44,9.752642792042308e-05,KCg-m,KCg-m_L,Kenyon_Cell,,cb_intrinsic,14292,KCg-m,KCg-m,,VFB_jrmc2kv0,L,,,Prelim Roughly traced,
1242,86028,84,42,9.752642792042308e-05,KCg-m,KCg-m_L,Kenyon_Cell,,cb_intrinsic,14292,KCg-m,KCg-m,,VFB_jrmc2ktc,L,,,Prelim Roughly traced,
1243,86876,84,50,9.752642792042308e-05,KCg-m,KCg-m_R,Kenyon_Cell,,cb_intrinsic,14292,KCg-m,KCg-m,,VFB_jrmc2dav,R,,,Prelim Roughly traced,
1244,87437,84,49,9.752642792042308e-05,KCg-m,KCg-m_R,Kenyon_Cell,,cb_intrinsic,14292,KCg-m,KCg-m,,VFB_jrmc2k8d,R,,,Prelim Roughly traced,
1245,88028,84,49,9.752642792042308e-05,KCg-m,KCg-m_L,Kenyon_Cell,,cb_intrinsic,14292,KCg-m,KCg-m,,VFB_jrmc2kg6,L,,,Prelim Roughly traced,
1246,93902,84,43,9.752642792042308e-05,KCa'b'-ap2,KCa'b'-ap2_L,Kenyon_Cell,,cb_intrinsic,17488,KCapbp-ap2,KCa'b'-ap2,,VFB_jrmc2id9,L,,,Roughly traced,
1247,98017,84,46,9.752642792042308e-05,KCg-m,KCg-m_R,Kenyon_Cell,,cb_intrinsic,14292,KCg-m,KCg-m,,VFB_jrmc2klh,R,,,Prelim Roughly traced,
1248,99858,84,40,9.752642792042308e-05,KCg-m,KCg-m_L,Kenyon_Cell,,cb_intrinsic,14292,KCg-m,KCg-m,,VFB_jrmc2kgi,L,,,Roughly traced,
1249,103278,84,31,9.752642792042308e-05,KCab-p,KCab-p_R,Kenyon_Cell,,cb_intrinsic,11862,KCab-p,KCab-p,,VFB_jrmc2jfi,R,,,Roughly traced,
1250,112879,84,38,9.752642792042308e-05,KCg-m,KCg-m_L,Kenyon_Cell,,cb_intrinsic,14292,KCg-m,KCg-m,,VFB_jrmc2kgw,L,,,Roughly traced,
1251,117135,84,38,9.752642792042308e-05,KCg-m,KCg-m_L,Kenyon_Cell,,cb_intrinsic,14292,KCg-m,KCg-m,,VFB_jrmc2kd8,L,,,Roughly traced,
1252,117513,84,47,9.752642792042308e-05,KCg-m,KCg-m_L,Kenyon_Cell,,cb_intrinsic,14292,KCg-m,KCg-m,,VFB_jrmc2kpy,L,,,Roughly traced,
1253,123404,84,45,9.752642792042308e-05,KCg-m,KCg-m_L,Kenyon_Cell,,cb_intrinsic,14292,KCg-m,KCg-m,,VFB_jrmc2kq0,L,,,Roughly traced,
1254,123523,84,39,9.752642792042308e-05,KCa'b'-m,KCa'b'-m_L,Kenyon_Cell,,cb_intrinsic,17488,KCapbp-m,KCa'b'-m,,VFB_jrmc2iic,L,,,Roughly traced,
1255,127577,84,30,9.752642792042308e-05,KCg-d,KCg-d_L,Kenyon_Cell,,cb_intrinsic,19102,KCg-d,KCg-d,,VFB_jrmc2k3i,L,,,Prelim Roughly traced,
1256,134859,84,37,9.752642792042308e-05,KCa'b'-m,KCa'b'-m_L,Kenyon_Cell,,cb_intrinsic,17488,KCapbp-m,KCa'b'-m,,VFB_jrmc2ill,L,,,Roughly traced,
1257,140365,84,48,9.752642792042308e-05,KCg-m,KCg-m_L,Kenyon_Cell,,cb_intrinsic,14292,KCg-m,KCg-m,,VFB_jrmc2khu,L,,,Prelim Roughly traced,
1258,140636,84,43,9.752642792042308e-05,KCg-m,KCg-m_R,Kenyon_Cell,,cb_intrinsic,14292,KCg-m,KCg-m,,VFB_jrmc2df0,R,,,Prelim Roughly traced,
1259,152118,84,42,9.752642792042308e-05,KCg-m,KCg-m_L,Kenyon_Cell,,cb_intrinsic,14292,KCg-m,KCg-m,,VFB_jrmc2kid,L,,,Roughly traced,
1260,153817,84,45,9.752642792042308e-05,KCg-m,KCg-m_L,Kenyon_Cell,,cb_intrinsic,14292,KCg-m,KCg-m,,VFB_jrmc2kec,L,,,Roughly traced,
1261,157325,84,32,9.752642792042308e-05,KCg-d,KCg-d_R,Kenyon_Cell,,cb_intrinsic,19102,KCg-d,KCg-d,,VFB_jrmc2k1k,R,,,Roughly traced,
1262,172298,84,52,9.752642792042308e-05,KCg-m,KCg-m_L,Kenyon_Cell,,cb_intrinsic,14292,KCg-m,KCg-m,,VFB_jrmc2ktw,L,,,Roughly traced,
1263,173322,84,43,9.752642792042308e-05,KCg-m,KCg-m_R,Kenyon_Cell,,cb_intrinsic,14292,KCg-m,KCg-m,,VFB_jrmc2k9s,R,,,Prelim Roughly traced,
1264,21879,83,45,9.636539901660852e-05,KCg-m,KCg-m_R,Kenyon_Cell,,cb_intrinsic,14292,KCg-m,KCg-m,,VFB_jrmc2k5u,R,,,Roughly traced,
1265,23166,83,45,9.636539901660852e-05,KCg-m,KCg-m_R,Kenyon_Cell,,cb_intrinsic,14292,KCg-m,KCg-m,,VFB_jrmc2k5w,R,,,Roughly traced,
1266,27583,83,48,9.636539901660852e-05,KCg-m,KCg-m_R,Kenyon_Cell,,cb_intrinsic,14292,KCg-m,KCg-m,,VFB_jrmc2kma,R,,,Roughly traced,
1267,28848,83,40,9.636539901660852e-05,KCg-d,KCg-d_L,Kenyon_Cell,,cb_intrinsic,19102,KCg-d,KCg-d,,VFB_jrmc2k36,L,,,Roughly traced,
1268,34908,83,42,9.636539901660852e-05,KCg-m,KCg-m_R,Kenyon_Cell,,cb_intrinsic,14292,KCg-m,KCg-m,,VFB_jrmc2kiw,R,,,Roughly traced,
1269,36119,83,37,9.636539901660852e-05,KCa'b'-ap1,KCa'b'-ap1_R,Kenyon_Cell,,cb_intrinsic,17488,KCapbp-ap1,KCa'b'-ap1,,VFB_jrmc2i66,R,,,Roughly traced,
1270,39655,83,32,9.636539901660852e-05,KCa'b'-ap1,KCa'b'-ap1_R,Kenyon_Cell,,cb_intrinsic,17488,KCapbp-ap1,KCa'b'-ap1,,VFB_jrmc2i6w,R,,,Roughly traced,
1271,43811,83,51,9.636539901660852e-05,KCg-m,KCg-m_L,Kenyon_Cell,,cb_intrinsic,14292,KCg-m,KCg-m,,VFB_jrmc2kus,L,,,Roughly traced,
1272,45259,83,47,9.636539901660852e-05,KCg-m,KCg-m_L,Kenyon_Cell,,cb_intrinsic,14292,KCg-m,KCg-m,,VFB_jrmc2ket,L,,,Roughly traced,
1273,48978,83,36,9.636539901660852e-05,KCg-d,KCg-d_R,Kenyon_Cell,,cb_intrinsic,19102,KCg-d,KCg-d,,VFB_jrmc2k0i,R,,,Roughly traced,
1274,49052,83,37,9.636539901660852e-05,KCg-d,KCg-d_R,Kenyon_Cell,,cb_intrinsic,19102,KCg-d,KCg-d,,VFB_jrmc2k0j,R,,,Roughly traced,
1275,50712,83,39,9.636539901660852e-05,KCa'b'-ap1,KCa'b'-ap1_L,Kenyon_Cell,,cb_intrinsic,17488,KCapbp-ap1,KCa'b'-ap1,,VFB_jrmc2i4o,L,,,Roughly traced,
1276,56430,83,45,9.636539901660852e-05,KCg-m,KCg-m_R,Kenyon_Cell,,cb_intrinsic,14292,KCg-m,KCg-m,,VFB_jrmc2knd,R,,,Roughly traced,
1277,56666,83,44,9.636539901660852e-05,KCg-m,KCg-m_R,Kenyon_Cell,,cb_intrinsic,14292,KCg-m,KCg-m,,VFB_jrmc2kjw,R,,,Roughly traced,
1278,57568,83,45,9.636539901660852e-05,KCg-m,KCg-m_R,Kenyon_Cell,,cb_intrinsic,14292,KCg-m,KCg-m,,VFB_jrmc2kne,R,,,Roughly traced,
1279,59261,83,46,9.636539901660852e-05,KCg-m,KCg-m_R,Kenyon_Cell,,cb_intrinsic,14292,KCg-m,KCg-m,,VFB_jrmc2kmc,R,,,Roughly traced,
1280,59923,83,56,9.636539901660852e-05,KCg-m,KCg-m_R,Kenyon_Cell,,cb_intrinsic,14292,KCg-m,KCg-m,,VFB_jrmc2knj,R,,,Prelim Roughly traced,
1281,60768,83,40,9.636539901660852e-05,KCg-m,KCg-m_R,Kenyon_Cell,,cb_intrinsic,14292,KCg-m,KCg-m,,VFB_jrmc2d8j,R,,,Prelim Roughly traced,
1282,64782,83,42,9.636539901660852e-05,KCa'b'-ap2,KCa'b'-ap2_R,Kenyon_Cell,,cb_intrinsic,17488,KCapbp-ap2,KCa'b'-ap2,,VFB_jrmc2ic5,R,,,Roughly traced,
1283,65737,83,49,9.636539901660852e-05,KCg-m,KCg-m_R,Kenyon_Cell,,cb_intrinsic,14292,KCg-m,KCg-m,,VFB_jrmc2kny,R,,,Prelim Roughly traced,
1284,72438,83,30,9.636539901660852e-05,KCab-p,KCab-p_R,Kenyon_Cell,,cb_intrinsic,11862,KCab-p,KCab-p,,VFB_jrmc2jh8,R,,,Roughly traced,
1285,73161,83,43,9.636539901660852e-05,KCg-m,KCg-m_R,Kenyon_Cell,,cb_intrinsic,14292,KCg-m,KCg-m,,VFB_jrmc2ko9,R,,,Prelim Roughly traced,
1286,73227,83,34,9.636539901660852e-05,KCg-d,KCg-d_R,Kenyon_Cell,,cb_intrinsic,19102,KCg-d,KCg-d,,VFB_jrmc2k1a,R,,,Roughly traced,
1287,74203,83,44,9.636539901660852e-05,KCg-m,KCg-m_L,Kenyon_Cell,,cb_intrinsic,14292,KCg-m,KCg-m,,VFB_jrmc2ku5,L,,,Roughly traced,
1288,76476,83,42,9.636539901660852e-05,KCg-m,KCg-m_L,Kenyon_Cell,,cb_intrinsic,14292,KCg-m,KCg-m,,VFB_jrmc2kri,L,,,Roughly traced,
1289,79476,83,39,9.636539901660852e-05,KCa'b'-ap1,KCa'b'-ap1_R,Kenyon_Cell,,cb_intrinsic,17488,KCapbp-ap1,KCa'b'-ap1,,VFB_jrmc2i6s,R,,,Roughly traced,
1290,81005,83,49,9.636539901660852e-05,KCg-m,KCg-m_R,Kenyon_Cell,,cb_intrinsic,14292,KCg-m,KCg-m,,VFB_jrmc2k7z,R,,,Prelim Roughly traced,
1291,81601,83,44,9.636539901660852e-05,KCg-m,KCg-m_R,Kenyon_Cell,,cb_intrinsic,14292,KCg-m,KCg-m,,VFB_jrmc2kl1,R,,,Prelim Roughly traced,
1292,83221,83,42,9.636539901660852e-05,KCa'b'-ap2,KCa'b'-ap2_R,Kenyon_Cell,,cb_intrinsic,17488,KCapbp-ap2,KCa'b'-ap2,,VFB_jrmc2iaq,R,,,Roughly traced,
1293,87103,83,47,9.636539901660852e-05,KCg-m,KCg-m_L,Kenyon_Cell,,cb_intrinsic,14292,KCg-m,KCg-m,,VFB_jrmc2ddb,L,,,Prelim Roughly traced,
1294,89191,83,13,9.636539901660852e-05,FB4D_b,FB4D_b_R,CX,,cb_intrinsic,11994,FB4D,FB4D,,VFB_jrmc3041,R,CG,,Roughly traced,
1295,92679,83,48,9.636539901660852e-05,KCg-m,KCg-m_L,Kenyon_Cell,,cb_intrinsic,14292,KCg-m,KCg-m,,VFB_jrmc2kce,L,,,Prelim Roughly traced,
1296,101010,83,39,9.636539901660852e-05,KCg-m,KCg-m_L,Kenyon_Cell,,cb_intrinsic,14292,KCg-m,KCg-m,,VFB_jrmc2krs,L,,,Roughly traced,
1297,116973,83,49,9.636539901660852e-05,KCg-m,KCg-m_L,Kenyon_Cell,,cb_intrinsic,14292,KCg-m,KCg-m,,VFB_jrmc2ksq,L,,,Roughly traced,
1298,119167,83,36,9.636539901660852e-05,KCg-d,KCg-d_L,Kenyon_Cell,,cb_intrinsic,19102,KCg-d,KCg-d,,VFB_jrmc2k24,L,,,Roughly traced,
1299,123841,83,42,9.636539901660852e-05,KCg-m,KCg-m_L,Kenyon_Cell,,cb_intrinsic,14292,KCg-m,KCg-m,,VFB_jrmc2kha,L,,,Roughly traced,
1300,124690,83,45,9.636539901660852e-05,KCg-m,KCg-m_L,Kenyon_Cell,,cb_intrinsic,14292,KCg-m,KCg-m,,VFB_jrmc2kry,L,,,Roughly traced,
1301,127372,83,43,9.636539901660852e-05,KCg-m,KCg-m_L,Kenyon_Cell,,cb_intrinsic,14292,KCg-m,KCg-m,,VFB_jrmc2ktm,L,,,Prelim Roughly traced,
1302,133479,83,50,9.636539901660852e-05,KCg-m,KCg-m_L,Kenyon_Cell,,cb_intrinsic,14292,KCg-m,KCg-m,,VFB_jrmc2kq8,L,,,Prelim Roughly traced,
1303,138408,83,50,9.636539901660852e-05,KCg-m,KCg-m_R,Kenyon_Cell,,cb_intrinsic,14292,KCg-m,KCg-m,,VFB_jrmc2d7l,R,,,Prelim Roughly traced,
1304,141046,83,47,9.636539901660852e-05,KCg-m,KCg-m_L,Kenyon_Cell,,cb_intrinsic,14292,KCg-m,KCg-m,,VFB_jrmc2kdx,L,,,Prelim Roughly traced,
1305,143947,83,38,9.636539901660852e-05,KCg-m,KCg-m_L,Kenyon_Cell,,cb_intrinsic,14292,KCg-m,KCg-m,,VFB_jrmc2ke3,L,,,Roughly traced,
1306,145859,83,48,9.636539901660852e-05,KCa'b'-ap2,KCa'b'-ap2_R,Kenyon_Cell,,cb_intrinsic,17488,KCapbp-ap2,KCa'b'-ap2,,VFB_jrmc2ibz,R,,,Roughly traced,
1307,146084,83,47,9.636539901660852e-05,KCg-m,KCg-m_L,Kenyon_Cell,,cb_intrinsic,14292,KCg-m,KCg-m,,VFB_jrmc2kqj,L,,,Roughly traced,
1308,148860,83,42,9.636539901660852e-05,KCg-m,KCg-m_R,Kenyon_Cell,,cb_intrinsic,14292,KCg-m,KCg-m,,VFB_jrmc2kp2,R,,,Prelim Roughly traced,
1309,152548,83,48,9.636539901660852e-05,KCg-m,KCg-m_L,Kenyon_Cell,,cb_intrinsic,14292,KCg-m,KCg-m,,VFB_jrmc2kie,L,,,Roughly traced,
1310,152943,83,48,9.636539901660852e-05,KCg-m,KCg-m_L,Kenyon_Cell,,cb_intrinsic,14292,KCg-m,KCg-m,,VFB_jrmc2dc3,L,,,Roughly traced,
1311,152964,83,41,9.636539901660852e-05,KCg-m,KCg-m_L,Kenyon_Cell,,cb_intrinsic,14292,KCg-m,KCg-m,,VFB_jrmc2dam,L,,,Roughly traced,
1312,161706,83,38,9.636539901660852e-05,KCg-m,KCg-m_L,Kenyon_Cell,,cb_intrinsic,14292,KCg-m,KCg-m,,VFB_jrmc2kij,L,,,Roughly traced,
1313,207122,83,27,9.636539901660852e-05,PAM13,PAM13(B'1ap)_L,DAN,,cb_intrinsic,115868,PAM13,PAM13,,VFB_jrmc1pxy,L,,,Prelim Roughly traced,
1314,521375,83,6,9.636539901660852e-05,PVLP016,PVLP016_R,,,cb_intrinsic,11278,PVLP016,PVLP016,,VFB_jrmc1k7d,R,,,Roughly traced,
1315,10082,82,10,9.520437011279396e-05,AVLP016,AVLP016_R,,,cb_intrinsic,,AVLP016,AVLP016,,VFB_jrmc3hts,R,,,Roughly traced,
1316,11324,82,18,9.520437011279396e-05,SMP177,SMP177_R,,,cb_intrinsic,10564,SMP177,SMP177,,VFB_jrmc1d7h,R,CG,,Roughly traced,
1317,11326,82,22,9.520437011279396e-05,ExR5,ExR5_R,CX,,cb_intrinsic,,ExR5,ExR5,,VFB_jrmc2zz4,R,,,Roughly traced,
1318,24204,82,41,9.520437011279396e-05,KCg-m,KCg-m_R,Kenyon_Cell,,cb_intrinsic,14292,KCg-m,KCg-m,,VFB_jrmc2dbe,R,,,Roughly traced,
1319,27210,82,12,9.520437011279396e-05,FB4D_a,FB4D_a_L,CX,,cb_intrinsic,11994,FB4D,FB4D,,VFB_jrmc303z,L,CG,,Roughly traced,
1320,27213,82,11,9.520437011279396e-05,PFNd,PFNd(PB04)_L7_C6,CX,,cb_intrinsic,10817,PFNd,PFNd,,VFB_jrmc1i8e,L,,,Roughly traced,
1321,49978,82,36,9.520437011279396e-05,KCa'b'-ap1,KCa'b'-ap1_R,Kenyon_Cell,,cb_intrinsic,17488,KCapbp-ap1,KCa'b'-ap1,,VFB_jrmc2i79,R,,,Roughly traced,
1322,49987,82,47,9.520437011279396e-05,KCg-m,KCg-m_R,Kenyon_Cell,,cb_intrinsic,14292,KCg-m,KCg-m,,VFB_jrmc2d5j,R,,,Roughly traced,
1323,51753,82,43,9.520437011279396e-05,KCa'b'-m,KCa'b'-m_R,Kenyon_Cell,,cb_intrinsic,17488,KCapbp-m,KCa'b'-m,,VFB_jrmc2ig0,R,,,Roughly traced,
1324,52022,82,49,9.520437011279396e-05,KCg-m,KCg-m_R,Kenyon_Cell,,cb_intrinsic,14292,KCg-m,KCg-m,,VFB_jrmc2kn6,R,,,Roughly traced,
1325,52220,82,41,9.520437011279396e-05,KCg-m,KCg-m_R,Kenyon_Cell,,cb_intrinsic,14292,KCg-m,KCg-m,,VFB_jrmc2kjq,R,,,Roughly traced,
1326,52564,82,45,9.520437011279396e-05,KCg-m,KCg-m_L,Kenyon_Cell,,cb_intrinsic,14292,KCg-m,KCg-m,,VFB_jrmc2ksf,L,,,Roughly traced,
1327,55141,82,45,9.520437011279396e-05,KCa'b'-ap2,KCa'b'-ap2_R,Kenyon_Cell,,cb_intrinsic,17488,KCapbp-ap2,KCa'b'-ap2,,VFB_jrmc2i9r,R,,,Roughly traced,
1328,57015,82,39,9.520437011279396e-05,KCa'b'-ap2,KCa'b'-ap2_R,Kenyon_Cell,,cb_intrinsic,17488,KCapbp-ap2,KCa'b'-ap2,,VFB_jrmc2i9t,R,,,Roughly traced,
1329,58950,82,42,9.520437011279396e-05,KCg-m,KCg-m_R,Kenyon_Cell,,cb_intrinsic,14292,KCg-m,KCg-m,,VFB_jrmc2dco,R,,,Roughly traced,
1330,59901,82,43,9.520437011279396e-05,KCa'b'-ap2,KCa'b'-ap2_R,Kenyon_Cell,,cb_intrinsic,17488,KCapbp-ap2,KCa'b'-ap2,,VFB_jrmc2ie9,R,,,Roughly traced,
1331,62559,82,49,9.520437011279396e-05,KCg-m,KCg-m_R,Kenyon_Cell,,cb_intrinsic,14292,KCg-m,KCg-m,,VFB_jrmc2kk6,R,,,Prelim Roughly traced,
1332,63179,82,14,9.520437011279396e-05,hDeltaJ,hDeltaJ_02_C2,CX,,cb_intrinsic,11512,hDeltaJ,hDeltaJ,,VFB_jrmc02ld,R,,,Prelim Roughly traced,
1333,63634,82,45,9.520437011279396e-05,KCg-m,KCg-m_L,Kenyon_Cell,,cb_intrinsic,14292,KCg-m,KCg-m,,VFB_jrmc2kpb,L,,,Roughly traced,
1334,65965,82,45,9.520437011279396e-05,KCg-m,KCg-m_R,Kenyon_Cell,,cb_intrinsic,14292,KCg-m,KCg-m,,VFB_jrmc2day,R,,,Prelim Roughly traced,
1335,67425,82,46,9.520437011279396e-05,KCg-m,KCg-m_R,Kenyon_Cell,,cb_intrinsic,14292,KCg-m,KCg-m,,VFB_jrmc2ko1,R,,,Prelim Roughly traced,
1336,67451,82,44,9.520437011279396e-05,KCg-m,KCg-m_R,Kenyon_Cell,,cb_intrinsic,14292,KCg-m,KCg-m,,VFB_jrmc2ko2,R,,,Prelim Roughly traced,
1337,70193,82,38,9.520437011279396e-05,KCa'b'-ap2,KCa'b'-ap2_R,Kenyon_Cell,,cb_intrinsic,17488,KCapbp-ap2,KCa'b'-ap2,,VFB_jrmc2i8b,R,,,Roughly traced,
1338,70271,82,42,9.520437011279396e-05,KCg-m,KCg-m_L,Kenyon_Cell,,cb_intrinsic,14292,KCg-m,KCg-m,,VFB_jrmc2kb2,L,,,Roughly traced,
1339,72678,82,49,9.520437011279396e-05,KCg-m,KCg-m_L,Kenyon_Cell,,cb_intrinsic,14292,KCg-m,KCg-m,,VFB_jrmc2d99,L,,,Roughly traced,
1340,72694,82,42,9.520437011279396e-05,KCa'b'-m,KCa'b'-m_R,Kenyon_Cell,,cb_intrinsic,17488,KCapbp-m,KCa'b'-m,,VFB_jrmc2ila,R,,,Roughly traced,
1341,73335,82,48,9.520437011279396e-05,KCg-m,KCg-m_L,Kenyon_Cell,,cb_intrinsic,14292,KCg-m,KCg-m,,VFB_jrmc2kux,L,,,Roughly traced,
1342,76085,82,50,9.520437011279396e-05,KCg-m,KCg-m_L,Kenyon_Cell,,cb_intrinsic,14292,KCg-m,KCg-m,,VFB_jrmc2kbf,L,,,Roughly traced,
1343,78920,82,37,9.520437011279396e-05,KCg-m,KCg-m_R,Kenyon_Cell,,cb_intrinsic,14292,KCg-m,KCg-m,,VFB_jrmc2koe,R,,,Prelim Roughly traced,
1344,80832,82,36,9.520437011279396e-05,KCa'b'-ap1,KCa'b'-ap1_R,Kenyon_Cell,,cb_intrinsic,17488,KCapbp-ap1,KCa'b'-ap1,,VFB_jrmc2i3q,R,,,Roughly traced,
1345,83924,82,32,9.520437011279396e-05,KCab-p,KCab-p_R,Kenyon_Cell,,cb_intrinsic,11862,KCab-p,KCab-p,,VFB_jrmc2jei,R,,,Roughly traced,
1346,84137,82,45,9.520437011279396e-05,KCa'b'-ap2,KCa'b'-ap2_R,Kenyon_Cell,,cb_intrinsic,17488,KCapbp-ap2,KCa'b'-ap2,,VFB_jrmc2ibx,R,,,Roughly traced,
1347,84446,82,45,9.520437011279396e-05,KCg-m,KCg-m_L,Kenyon_Cell,,cb_intrinsic,14292,KCg-m,KCg-m,,VFB_jrmc2dg6,L,,,Prelim Roughly traced,
1348,92967,82,37,9.520437011279396e-05,KCg-d,KCg-d_L,Kenyon_Cell,,cb_intrinsic,19102,KCg-d,KCg-d,,VFB_jrmc2k3n,L,,,Prelim Roughly traced,
1349,95167,82,43,9.520437011279396e-05,KCg-m,KCg-m_R,Kenyon_Cell,,cb_intrinsic,14292,KCg-m,KCg-m,,VFB_jrmc2klg,R,,,Prelim Roughly traced,
1350,97239,82,41,9.520437011279396e-05,KCg-m,KCg-m_L,Kenyon_Cell,,cb_intrinsic,14292,KCg-m,KCg-m,,VFB_jrmc2kgf,L,,,Prelim Roughly traced,
1351,98946,82,53,9.520437011279396e-05,KCg-m,KCg-m_L,Kenyon_Cell,,cb_intrinsic,14292,KCg-m,KCg-m,,VFB_jrmc2dbt,L,,,Roughly traced,
1352,100251,82,49,9.520437011279396e-05,KCg-m,KCg-m_L,Kenyon_Cell,,cb_intrinsic,14292,KCg-m,KCg-m,,VFB_jrmc2kpv,L,,,Roughly traced,
1353,100272,82,46,9.520437011279396e-05,KCg-m,KCg-m_L,Kenyon_Cell,,cb_intrinsic,14292,KCg-m,KCg-m,,VFB_jrmc2dc1,L,,,Roughly traced,
1354,102887,82,50,9.520437011279396e-05,KCg-m,KCg-m_R,Kenyon_Cell,,cb_intrinsic,14292,KCg-m,KCg-m,,VFB_jrmc2k8q,R,,,Prelim Roughly traced,
1355,103416,82,37,9.520437011279396e-05,KCg-m,KCg-m_L,Kenyon_Cell,,cb_intrinsic,14292,KCg-m,KCg-m,,VFB_jrmc2kv4,L,,,Roughly traced,
1356,103750,82,44,9.520437011279396e-05,KCg-m,KCg-m_L,Kenyon_Cell,,cb_intrinsic,14292,KCg-m,KCg-m,,VFB_jrmc2kcv,L,,,Roughly traced,
1357,115711,82,43,9.520437011279396e-05,KCg-m,KCg-m_L,Kenyon_Cell,,cb_intrinsic,14292,KCg-m,KCg-m,,VFB_jrmc2kgz,L,,,Roughly traced,
1358,122481,82,40,9.520437011279396e-05,KCg-m,KCg-m_L,Kenyon_Cell,,cb_intrinsic,14292,KCg-m,KCg-m,,VFB_jrmc2d93,L,,,Roughly traced,
1359,123585,82,43,9.520437011279396e-05,KCg-m,KCg-m_R,Kenyon_Cell,,cb_intrinsic,14292,KCg-m,KCg-m,,VFB_jrmc2klr,R,,,Prelim Roughly traced,
1360,137546,82,48,9.520437011279396e-05,KCg-m,KCg-m_L,Kenyon_Cell,,cb_intrinsic,14292,KCg-m,KCg-m,,VFB_jrmc2kdq,L,,,Prelim Roughly traced,
1361,140883,82,46,9.520437011279396e-05,KCg-m,KCg-m_L,Kenyon_Cell,,cb_intrinsic,14292,KCg-m,KCg-m,,VFB_jrmc2kts,L,,,Prelim Roughly traced,
1362,142994,82,43,9.520437011279396e-05,KCg-m,KCg-m_L,Kenyon_Cell,,cb_intrinsic,14292,KCg-m,KCg-m,,VFB_jrmc2d6k,L,,,Roughly traced,
1363,145026,82,42,9.520437011279396e-05,KCa'b'-ap2,KCa'b'-ap2_L,Kenyon_Cell,,cb_intrinsic,17488,KCapbp-ap2,KCa'b'-ap2,,VFB_jrmc2ifs,L,,,Roughly traced,
1364,148529,82,43,9.520437011279396e-05,KCg-m,KCg-m_L,Kenyon_Cell,,cb_intrinsic,14292,KCg-m,KCg-m,,VFB_jrmc2ki8,L,,,Roughly traced,
1365,150913,82,49,9.520437011279396e-05,KCg-m,KCg-m_R,Kenyon_Cell,,cb_intrinsic,14292,KCg-m,KCg-m,,VFB_jrmc2k9m,R,,,Prelim Roughly traced,
1366,172492,82,43,9.520437011279396e-05,KCg-m,KCg-m_L,Kenyon_Cell,,cb_intrinsic,14292,KCg-m,KCg-m,,VFB_jrmc2kt4,L,,,Roughly traced,
1367,10353,81,6,9.40433412089794e-05,AVLP538,AVLP538_R,,,cb_intrinsic,,AVLP538,AVLP538,,VFB_jrmc3j2i,R,,,Roughly traced,
1368,35293,81,13,9.40433412089794e-05,FB2A,FB2A_L,CX,,cb_intrinsic,21519,CB.FB2H0,FB2A,,VFB_jrmc300k,L,,,Roughly traced,
1369,40376,81,42,9.40433412089794e-05,KCg-m,KCg-m_R,Kenyon_Cell,,cb_intrinsic,14292,KCg-m,KCg-m,,VFB_jrmc2k62,R,,,Roughly traced,
1370,43358,81,36,9.40433412089794e-05,KCa'b'-ap1,KCa'b'-ap1_R,Kenyon_Cell,,cb_intrinsic,17488,KCapbp-ap1,KCa'b'-ap1,,VFB_jrmc2i32,R,,,Roughly traced,
1371,43899,81,36,9.40433412089794e-05,KCa'b'-ap1,KCa'b'-ap1_R,Kenyon_Cell,,cb_intrinsic,17488,KCapbp-ap1,KCa'b'-ap1,,VFB_jrmc2i2x,R,,,Roughly traced,
1372,45060,81,42,9.40433412089794e-05,KCg-m,KCg-m_R,Kenyon_Cell,,cb_intrinsic,14292,KCg-m,KCg-m,,VFB_jrmc2k66,R,,,Roughly traced,
1373,45266,81,40,9.40433412089794e-05,KCa'b'-ap2,KCa'b'-ap2_L,Kenyon_Cell,,cb_intrinsic,17488,KCapbp-ap2,KCa'b'-ap2,,VFB_jrmc2i8x,L,,,Prelim Roughly traced,
1374,47401,81,49,9.40433412089794e-05,KCa'b'-m,KCa'b'-m_L,Kenyon_Cell,,cb_intrinsic,17488,KCapbp-m,KCa'b'-m,,VFB_jrmc2ild,L,,,Roughly traced,
1375,47435,81,32,9.40433412089794e-05,KCa'b'-ap1,KCa'b'-ap1_R,Kenyon_Cell,,cb_intrinsic,17488,KCapbp-ap1,KCa'b'-ap1,,VFB_jrmc2i36,R,,,Roughly traced,
1376,51093,81,46,9.40433412089794e-05,KCg-m,KCg-m_R,Kenyon_Cell,,cb_intrinsic,14292,KCg-m,KCg-m,,VFB_jrmc2kqv,R,,,Roughly traced,
1377,52972,81,41,9.40433412089794e-05,KCa'b'-m,KCa'b'-m_R,Kenyon_Cell,,cb_intrinsic,17488,KCapbp-m,KCa'b'-m,,VFB_jrmc2igr,R,,,Roughly traced,
1378,53050,81,54,9.40433412089794e-05,KCg-m,KCg-m_R,Kenyon_Cell,,cb_intrinsic,14292,KCg-m,KCg-m,,VFB_jrmc2dek,R,,,Roughly traced,
1379,53947,81,40,9.40433412089794e-05,KCg-m,KCg-m_R,Kenyon_Cell,,cb_intrinsic,14292,KCg-m,KCg-m,,VFB_jrmc2k6j,R,,,Roughly traced,
1380,53994,81,52,9.40433412089794e-05,KCg-m,KCg-m_R,Kenyon_Cell,,cb_intrinsic,14292,KCg-m,KCg-m,,VFB_jrmc2d7c,R,,,Roughly traced,
1381,55998,81,40,9.40433412089794e-05,KCg-m,KCg-m_R,Kenyon_Cell,,cb_intrinsic,14292,KCg-m,KCg-m,,VFB_jrmc2das,R,,,Roughly traced,
1382,56424,81,42,9.40433412089794e-05,KCg-m,KCg-m_R,Kenyon_Cell,,cb_intrinsic,14292,KCg-m,KCg-m,,VFB_jrmc2k6o,R,,,Roughly traced,
1383,58570,81,45,9.40433412089794e-05,KCa'b'-ap2,KCa'b'-ap2_R,Kenyon_Cell,,cb_intrinsic,17488,KCapbp-ap2,KCa'b'-ap2,,VFB_jrmc2id1,R,,,Roughly traced,
1384,61967,81,44,9.40433412089794e-05,KCg-m,KCg-m_R,Kenyon_Cell,,cb_intrinsic,14292,KCg-m,KCg-m,,VFB_jrmc2k6v,R,,,Prelim Roughly traced,
1385,63327,81,49,9.40433412089794e-05,KCg-m,KCg-m_L,Kenyon_Cell,,cb_intrinsic,14292,KCg-m,KCg-m,,VFB_jrmc2kf7,L,,,Roughly traced,
1386,66099,81,46,9.40433412089794e-05,KCg-m,KCg-m_R,Kenyon_Cell,,cb_intrinsic,14292,KCg-m,KCg-m,,VFB_jrmc2k77,R,,,Prelim Roughly traced,
1387,67249,81,43,9.40433412089794e-05,KCg-m,KCg-m_R,Kenyon_Cell,,cb_intrinsic,14292,KCg-m,KCg-m,,VFB_jrmc2kkg,R,,,Prelim Roughly traced,
1388,67355,81,41,9.40433412089794e-05,KCg-d,KCg-d_R,Kenyon_Cell,,cb_intrinsic,19102,KCg-d,KCg-d,,VFB_jrmc2k0s,R,,,Roughly traced,
1389,70324,81,39,9.40433412089794e-05,KCg-m,KCg-m_R,Kenyon_Cell,,cb_intrinsic,14292,KCg-m,KCg-m,,VFB_jrmc2k7k,R,,,Prelim Roughly traced,
1390,74239,81,47,9.40433412089794e-05,KCa'b'-ap2,KCa'b'-ap2_R,Kenyon_Cell,,cb_intrinsic,17488,KCapbp-ap2,KCa'b'-ap2,,VFB_jrmc2iae,R,,,Roughly traced,
1391,74362,81,36,9.40433412089794e-05,KCg-d,KCg-d_L,Kenyon_Cell,,cb_intrinsic,19102,KCg-d,KCg-d,,VFB_jrmc2k2c,L,,,Roughly traced,
1392,76837,81,41,9.40433412089794e-05,KCg-m,KCg-m_R,Kenyon_Cell,,cb_intrinsic,14292,KCg-m,KCg-m,,VFB_jrmc2df5,R,,,Prelim Roughly traced,
1393,77755,81,37,9.40433412089794e-05,KCa'b'-ap1,KCa'b'-ap1_R,Kenyon_Cell,,cb_intrinsic,17488,KCapbp-ap1,KCa'b'-ap1,,VFB_jrmc2i3p,R,,,Roughly traced,
1394,78514,81,52,9.40433412089794e-05,KCg-m,KCg-m_L,Kenyon_Cell,,cb_intrinsic,14292,KCg-m,KCg-m,,VFB_jrmc2d90,L,,,Roughly traced,
1395,80094,81,41,9.40433412089794e-05,KCg-m,KCg-m_L,Kenyon_Cell,,cb_intrinsic,14292,KCg-m,KCg-m,,VFB_jrmc2d68,L,,,Roughly traced,
1396,81671,81,52,9.40433412089794e-05,KCg-m,KCg-m_L,Kenyon_Cell,,cb_intrinsic,14292,KCg-m,KCg-m,,VFB_jrmc2kbv,L,,,Prelim Roughly traced,
1397,84926,81,40,9.40433412089794e-05,KCg-m,KCg-m_L,Kenyon_Cell,,cb_intrinsic,14292,KCg-m,KCg-m,,VFB_jrmc2ddz,L,,,Prelim Roughly traced,
1398,85213,81,37,9.40433412089794e-05,KCg-d,KCg-d_L,Kenyon_Cell,,cb_intrinsic,19102,KCg-d,KCg-d,,VFB_jrmc2k1n,L,,,Prelim Roughly traced,
1399,87052,81,44,9.40433412089794e-05,KCg-m,KCg-m_L,Kenyon_Cell,,cb_intrinsic,14292,KCg-m,KCg-m,,VFB_jrmc2kca,L,,,Prelim Roughly traced,
1400,87324,81,34,9.40433412089794e-05,KCab-p,KCab-p_R,Kenyon_Cell,,cb_intrinsic,11862,KCab-p,KCab-p,,VFB_jrmc2jej,R,,,Roughly traced,
1401,88869,81,47,9.40433412089794e-05,KCg-m,KCg-m_L,Kenyon_Cell,,cb_intrinsic,14292,KCg-m,KCg-m,,VFB_jrmc2ddk,L,,,Prelim Roughly traced,
1402,92278,81,46,9.40433412089794e-05,KCg-m,KCg-m_R,Kenyon_Cell,,cb_intrinsic,14292,KCg-m,KCg-m,,VFB_jrmc2kld,R,,,Prelim Roughly traced,
1403,92927,81,49,9.40433412089794e-05,KCg-m,KCg-m_R,Kenyon_Cell,,cb_intrinsic,14292,KCg-m,KCg-m,,VFB_jrmc2klf,R,,,Prelim Roughly traced,
1404,93582,81,35,9.40433412089794e-05,KCa'b'-m,KCa'b'-m_R,Kenyon_Cell,,cb_intrinsic,17488,KCapbp-m,KCa'b'-m,,VFB_jrmc2igi,R,,,Roughly traced,
1405,96324,81,45,9.40433412089794e-05,KCg-m,KCg-m_R,Kenyon_Cell,,cb_intrinsic,14292,KCg-m,KCg-m,,VFB_jrmc2kw1,R,,,Prelim Roughly traced,
1406,108379,81,44,9.40433412089794e-05,KCg-m,KCg-m_L,Kenyon_Cell,,cb_intrinsic,14292,KCg-m,KCg-m,,VFB_jrmc2kud,L,,,Roughly traced,
1407,110574,81,52,9.40433412089794e-05,KCg-m,KCg-m_L,Kenyon_Cell,,cb_intrinsic,14292,KCg-m,KCg-m,,VFB_jrmc2kgp,L,,,Roughly traced,
1408,110746,81,35,9.40433412089794e-05,KCg-d,KCg-d_L,Kenyon_Cell,,cb_intrinsic,19102,KCg-d,KCg-d,,VFB_jrmc2k3f,L,,,Roughly traced,
1409,111576,81,45,9.40433412089794e-05,KCg-m,KCg-m_L,Kenyon_Cell,,cb_intrinsic,14292,KCg-m,KCg-m,,VFB_jrmc2kcz,L,,,Roughly traced,
1410,113286,81,42,9.40433412089794e-05,KCg-m,KCg-m_L,Kenyon_Cell,,cb_intrinsic,14292,KCg-m,KCg-m,,VFB_jrmc2de0,L,,,Roughly traced,
1411,116550,81,42,9.40433412089794e-05,KCg-m,KCg-m_L,Kenyon_Cell,,cb_intrinsic,14292,KCg-m,KCg-m,,VFB_jrmc2kd7,L,,,Roughly traced,
1412,119536,81,46,9.40433412089794e-05,KCg-m,KCg-m_L,Kenyon_Cell,,cb_intrinsic,14292,KCg-m,KCg-m,,VFB_jrmc2kd9,L,,,Roughly traced,
1413,119612,81,42,9.40433412089794e-05,KCg-m,KCg-m_L,Kenyon_Cell,,cb_intrinsic,14292,KCg-m,KCg-m,,VFB_jrmc2kda,L,,,Roughly traced,
1414,122378,81,49,9.40433412089794e-05,KCg-m,KCg-m_L,Kenyon_Cell,,cb_intrinsic,14292,KCg-m,KCg-m,,VFB_jrmc2kv6,L,,,Roughly traced,
1415,125908,81,36,9.40433412089794e-05,KCa'b'-ap1,KCa'b'-ap1_R,Kenyon_Cell,,cb_intrinsic,17488,KCapbp-ap1,KCa'b'-ap1,,VFB_jrmc2i6y,R,,,Roughly traced,
1416,127203,81,46,9.40433412089794e-05,KCg-m,KCg-m_L,Kenyon_Cell,,cb_intrinsic,14292,KCg-m,KCg-m,,VFB_jrmc2kde,L,,,Roughly traced,
1417,129903,81,47,9.40433412089794e-05,KCg-m,KCg-m_R,Kenyon_Cell,,cb_intrinsic,14292,KCg-m,KCg-m,,VFB_jrmc2klv,R,,,Prelim Roughly traced,
1418,130907,81,40,9.40433412089794e-05,KCg-m,KCg-m_R,Kenyon_Cell,,cb_intrinsic,14292,KCg-m,KCg-m,,VFB_jrmc2koz,R,,,Prelim Roughly traced,
1419,137061,81,45,9.40433412089794e-05,KCg-m,KCg-m_L,Kenyon_Cell,,cb_intrinsic,14292,KCg-m,KCg-m,,VFB_jrmc2kqb,L,,,Prelim Roughly traced,
1420,138573,81,44,9.40433412089794e-05,KCg-m,KCg-m_R,Kenyon_Cell,,cb_intrinsic,14292,KCg-m,KCg-m,,VFB_jrmc2d74,R,,,Prelim Roughly traced,
1421,139389,81,44,9.40433412089794e-05,KCa'b'-m,KCa'b'-m_R,Kenyon_Cell,,cb_intrinsic,17488,KCapbp-m,KCa'b'-m,,VFB_jrmc2ihl,R,,,Roughly traced,
1422,140737,81,42,9.40433412089794e-05,KCg-m,KCg-m_L,Kenyon_Cell,,cb_intrinsic,14292,KCg-m,KCg-m,,VFB_jrmc2khw,L,,,Prelim Roughly traced,
1423,144512,81,45,9.40433412089794e-05,KCg-m,KCg-m_L,Kenyon_Cell,,cb_intrinsic,14292,KCg-m,KCg-m,,VFB_jrmc2kve,L,,,Roughly traced,
1424,145869,81,45,9.40433412089794e-05,KCg-m,KCg-m_L,Kenyon_Cell,,cb_intrinsic,14292,KCg-m,KCg-m,,VFB_jrmc2ke5,L,,,Roughly traced,
1425,148498,81,53,9.40433412089794e-05,KCg-m,KCg-m_L,Kenyon_Cell,,cb_intrinsic,14292,KCg-m,KCg-m,,VFB_jrmc2ki7,L,,,Roughly traced,
1426,148548,81,50,9.40433412089794e-05,KCg-m,KCg-m_R,Kenyon_Cell,,cb_intrinsic,14292,KCg-m,KCg-m,,VFB_jrmc2k9k,R,,,Prelim Roughly traced,
1427,158869,81,40,9.40433412089794e-05,KCa'b'-ap2,KCa'b'-ap2_R,Kenyon_Cell,,cb_intrinsic,17488,KCapbp-ap2,KCa'b'-ap2,,VFB_jrmc2iei,R,,,Roughly traced,
1428,170719,81,43,9.40433412089794e-05,KCa'b'-ap2,KCa'b'-ap2_R,Kenyon_Cell,,cb_intrinsic,17488,KCapbp-ap2,KCa'b'-ap2,,VFB_jrmc2i8p,R,,,Roughly traced,
1429,171163,81,41,9.40433412089794e-05,KCg-m,KCg-m_R,Kenyon_Cell,,cb_intrinsic,14292,KCg-m,KCg-m,,VFB_jrmc2k9q,R,,,Prelim Roughly traced,
1430,191629,81,40,9.40433412089794e-05,KCg-m,KCg-m_L,Kenyon_Cell,,cb_intrinsic,14292,KCg-m,KCg-m,,VFB_jrmc2kin,L,,,Roughly traced,
1431,512789,81,5,9.40433412089794e-05,MBON23,MBON23(a2sp)_L,MBON,,cb_intrinsic,20835,MBON23,MBON23,,VFB_jrmc20az,L,,,Roughly traced,
1432,519866,81,36,9.40433412089794e-05,SMP142,SMP142_L,,,cb_intrinsic,,"SMP142,SMP145",SMP142,,VFB_jrmc1d4a,L,,,Roughly traced,
1433,521292,81,43,9.40433412089794e-05,SMP145,SMP145_R,,,cb_intrinsic,,"SMP142,SMP145",SMP145,,VFB_jrmc1d4j,R,,,Roughly traced,
1434,523057,81,45,9.40433412089794e-05,KCg-m,KCg-m_R,Kenyon_Cell,,cb_intrinsic,14292,KCg-m,KCg-m,,VFB_jrmc2k9y,R,,,Prelim Roughly traced,
1435,524733,81,32,9.40433412089794e-05,MBON10,MBON10(B'1)_L,MBON,,cb_intrinsic,27954,MBON10,MBON10,,VFB_jrmc209s,L,,,Roughly traced,
1436,531428,81,32,9.40433412089794e-05,KCg-d,KCg-d_R,Kenyon_Cell,,cb_intrinsic,19102,KCg-d,KCg-d,,VFB_jrmc2k4e,R,,,Roughly traced,
1437,532909,81,16,9.40433412089794e-05,LAL123,LAL123_L,,,cb_intrinsic,,LAL123,LAL123,,VFB_jrmc2cwa,L,,,Roughly traced,
1438,11032,80,12,9.288231230516484e-05,SMP147,SMP147_R,,,cb_intrinsic,,SMP147,SMP147,,VFB_jrmc1d4n,R,,,Roughly traced,
1439,25017,80,49,9.288231230516484e-05,KCg-m,KCg-m_R,Kenyon_Cell,,cb_intrinsic,14292,KCg-m,KCg-m,,VFB_jrmc2kvk,R,,,Prelim Roughly traced,
1440,47203,80,35,9.288231230516484e-05,KCa'b'-m,KCa'b'-m_L,Kenyon_Cell,,cb_intrinsic,17488,KCapbp-m,KCa'b'-m,,VFB_jrmc2ijw,L,,,Roughly traced,
1441,47758,80,44,9.288231230516484e-05,KCg-m,KCg-m_L,Kenyon_Cell,,cb_intrinsic,14292,KCg-m,KCg-m,,VFB_jrmc2kai,L,,,Roughly traced,
1442,51535,80,39,9.288231230516484e-05,KCg-m,KCg-m_L,Kenyon_Cell,,cb_intrinsic,14292,KCg-m,KCg-m,,VFB_jrmc2kaq,L,,,Roughly traced,
1443,51998,80,33,9.288231230516484e-05,KCg-d,KCg-d_R,Kenyon_Cell,,cb_intrinsic,19102,KCg-d,KCg-d,,VFB_jrmc2k5a,R,,,Roughly traced,
1444,52267,80,40,9.288231230516484e-05,KCa'b'-m,KCa'b'-m_R,Kenyon_Cell,,cb_intrinsic,17488,KCapbp-m,KCa'b'-m,,VFB_jrmc2igz,R,,,Roughly traced,
1445,56461,80,42,9.288231230516484e-05,KCa'b'-ap2,KCa'b'-ap2_R,Kenyon_Cell,,cb_intrinsic,17488,KCapbp-ap2,KCa'b'-ap2,,VFB_jrmc2i87,R,,,Roughly traced,
1446,57152,80,45,9.288231230516484e-05,KCg-m,KCg-m_L,Kenyon_Cell,,cb_intrinsic,14292,KCg-m,KCg-m,,VFB_jrmc2dfv,L,,,Roughly traced,
1447,58524,80,33,9.288231230516484e-05,KCg-d,KCg-d_R,Kenyon_Cell,,cb_intrinsic,19102,KCg-d,KCg-d,,VFB_jrmc2k33,R,,,Roughly traced,
1448,60329,80,34,9.288231230516484e-05,KCg-m,KCg-m_R,Kenyon_Cell,,cb_intrinsic,14292,KCg-m,KCg-m,,VFB_jrmc2dd0,R,,,Prelim Roughly traced,
1449,60983,80,37,9.288231230516484e-05,KCa'b'-m,KCa'b'-m_R,Kenyon_Cell,,cb_intrinsic,17488,KCapbp-m,KCa'b'-m,,VFB_jrmc2ig7,R,,,Roughly traced,
1450,63508,80,48,9.288231230516484e-05,KCg-m,KCg-m_R,Kenyon_Cell,,cb_intrinsic,14292,KCg-m,KCg-m,,VFB_jrmc2d6p,R,,,Prelim Roughly traced,
1451,64404,80,44,9.288231230516484e-05,KCg-m,KCg-m_R,Kenyon_Cell,,cb_intrinsic,14292,KCg-m,KCg-m,,VFB_jrmc2k71,R,,,Prelim Roughly traced,
1452,65446,80,39,9.288231230516484e-05,KCa'b'-ap2,KCa'b'-ap2_R,Kenyon_Cell,,cb_intrinsic,17488,KCapbp-ap2,KCa'b'-ap2,,VFB_jrmc2ibu,R,,,Roughly traced,
1453,65500,80,36,9.288231230516484e-05,KCa'b'-ap1,KCa'b'-ap1_R,Kenyon_Cell,,cb_intrinsic,17488,KCapbp-ap1,KCa'b'-ap1,,VFB_jrmc2i7g,R,,,Roughly traced,
1454,67912,80,40,9.288231230516484e-05,KCa'b'-m,KCa'b'-m_L,Kenyon_Cell,,cb_intrinsic,17488,KCapbp-m,KCa'b'-m,,VFB_jrmc2iji,L,,,Roughly traced,
1455,71166,80,44,9.288231230516484e-05,KCg-m,KCg-m_L,Kenyon_Cell,,cb_intrinsic,14292,KCg-m,KCg-m,,VFB_jrmc2kt8,L,,,Roughly traced,
1456,74190,80,37,9.288231230516484e-05,KCg-m,KCg-m_R,Kenyon_Cell,,cb_intrinsic,14292,KCg-m,KCg-m,,VFB_jrmc2k7q,R,,,Prelim Roughly traced,
1457,74708,80,43,9.288231230516484e-05,KCg-m,KCg-m_L,Kenyon_Cell,,cb_intrinsic,14292,KCg-m,KCg-m,,VFB_jrmc2kpg,L,,,Roughly traced,
1458,76493,80,45,9.288231230516484e-05,KCg-m,KCg-m_R,Kenyon_Cell,,cb_intrinsic,14292,KCg-m,KCg-m,,VFB_jrmc2kod,R,,,Prelim Roughly traced,
1459,76587,80,40,9.288231230516484e-05,KCg-m,KCg-m_R,Kenyon_Cell,,cb_intrinsic,14292,KCg-m,KCg-m,,VFB_jrmc2d9y,R,,,Prelim Roughly traced,
1460,78147,80,37,9.288231230516484e-05,KCa'b'-ap2,KCa'b'-ap2_R,Kenyon_Cell,,cb_intrinsic,17488,KCapbp-ap2,KCa'b'-ap2,,VFB_jrmc2i8e,R,,,Roughly traced,
1461,79622,80,41,9.288231230516484e-05,KCg-m,KCg-m_L,Kenyon_Cell,,cb_intrinsic,14292,KCg-m,KCg-m,,VFB_jrmc2kfu,L,,,Roughly traced,
1462,80924,80,45,9.288231230516484e-05,KCg-d,KCg-d_L,Kenyon_Cell,,cb_intrinsic,19102,KCg-d,KCg-d,,VFB_jrmc2k31,L,,,Prelim Roughly traced,
1463,81093,80,53,9.288231230516484e-05,KCg-m,KCg-m_L,Kenyon_Cell,,cb_intrinsic,14292,KCg-m,KCg-m,,VFB_jrmc2kfw,L,,,Prelim Roughly traced,
1464,81095,80,35,9.288231230516484e-05,KCa'b'-ap2,KCa'b'-ap2_R,Kenyon_Cell,,cb_intrinsic,17488,KCapbp-ap2,KCa'b'-ap2,,VFB_jrmc2if0,R,,,Roughly traced,
1465,81781,80,36,9.288231230516484e-05,KCg-d,KCg-d_L,Kenyon_Cell,,cb_intrinsic,19102,KCg-d,KCg-d,,VFB_jrmc2k38,L,,,Prelim Roughly traced,
1466,82284,80,37,9.288231230516484e-05,KCg-m,KCg-m_R,Kenyon_Cell,,cb_intrinsic,14292,KCg-m,KCg-m,,VFB_jrmc2k83,R,,,Prelim Roughly traced,
1467,82648,80,38,9.288231230516484e-05,KCa'b'-m,KCa'b'-m_R,Kenyon_Cell,,cb_intrinsic,17488,KCapbp-m,KCa'b'-m,,VFB_jrmc2ige,R,,,Prelim Roughly traced,
1468,84932,80,38,9.288231230516484e-05,KCg-m,KCg-m_L,Kenyon_Cell,,cb_intrinsic,14292,KCg-m,KCg-m,,VFB_jrmc2kc1,L,,,Prelim Roughly traced,
1469,87382,80,50,9.288231230516484e-05,KCg-m,KCg-m_R,Kenyon_Cell,,cb_intrinsic,14292,KCg-m,KCg-m,,VFB_jrmc2k8c,R,,,Prelim Roughly traced,
1470,87844,80,44,9.288231230516484e-05,KCg-m,KCg-m_R,Kenyon_Cell,,cb_intrinsic,14292,KCg-m,KCg-m,,VFB_jrmc2k8f,R,,,Prelim Roughly traced,
1471,88290,80,38,9.288231230516484e-05,KCg-m,KCg-m_R,Kenyon_Cell,,cb_intrinsic,14292,KCg-m,KCg-m,,VFB_jrmc2df4,R,,,Prelim Roughly traced,
1472,89269,80,30,9.288231230516484e-05,KCg-m,KCg-m_L,Kenyon_Cell,,cb_intrinsic,14292,KCg-m,KCg-m,,VFB_jrmc2kcb,L,,,Prelim Roughly traced,
1473,95081,80,40,9.288231230516484e-05,KCg-m,KCg-m_L,Kenyon_Cell,,cb_intrinsic,14292,KCg-m,KCg-m,,VFB_jrmc2kci,L,,,Prelim Roughly traced,
1474,101312,80,44,9.288231230516484e-05,KCg-m,KCg-m_L,Kenyon_Cell,,cb_intrinsic,14292,KCg-m,KCg-m,,VFB_jrmc2kcr,L,,,Roughly traced,
1475,108833,80,43,9.288231230516484e-05,KCg-m,KCg-m_R,Kenyon_Cell,,cb_intrinsic,14292,KCg-m,KCg-m,,VFB_jrmc2d71,R,,,Prelim Roughly traced,
1476,118636,80,34,9.288231230516484e-05,KCa'b'-m,KCa'b'-m_R,Kenyon_Cell,,cb_intrinsic,17488,KCapbp-m,KCa'b'-m,,VFB_jrmc2igj,R,,,Roughly traced,
1477,120275,80,45,9.288231230516484e-05,KCa'b'-ap2,KCa'b'-ap2_L,Kenyon_Cell,,cb_intrinsic,17488,KCapbp-ap2,KCa'b'-ap2,,VFB_jrmc2idn,L,,,Roughly traced,
1478,122647,80,39,9.288231230516484e-05,KCg-d,KCg-d_L,Kenyon_Cell,,cb_intrinsic,19102,KCg-d,KCg-d,,VFB_jrmc2k2o,L,,,Roughly traced,
1479,128929,80,39,9.288231230516484e-05,KCg-m,KCg-m_L,Kenyon_Cell,,cb_intrinsic,14292,KCg-m,KCg-m,,VFB_jrmc2ktn,L,,,Prelim Roughly traced,
1480,135363,80,46,9.288231230516484e-05,KCg-m,KCg-m_L,Kenyon_Cell,,cb_intrinsic,14292,KCg-m,KCg-m,,VFB_jrmc2dak,L,,,Prelim Roughly traced,
1481,138810,80,43,9.288231230516484e-05,KCg-m,KCg-m_L,Kenyon_Cell,,cb_intrinsic,14292,KCg-m,KCg-m,,VFB_jrmc2dc2,L,,,Roughly traced,
1482,143875,80,51,9.288231230516484e-05,KCg-m,KCg-m_R,Kenyon_Cell,,cb_intrinsic,14292,KCg-m,KCg-m,,VFB_jrmc2dd8,R,,,Prelim Roughly traced,
1483,144230,80,46,9.288231230516484e-05,KCg-m,KCg-m_L,Kenyon_Cell,,cb_intrinsic,14292,KCg-m,KCg-m,,VFB_jrmc2kqh,L,,,Roughly traced,
1484,145574,80,46,9.288231230516484e-05,KCg-m,KCg-m_L,Kenyon_Cell,,cb_intrinsic,14292,KCg-m,KCg-m,,VFB_jrmc2ki0,L,,,Roughly traced,
1485,146122,80,45,9.288231230516484e-05,KCg-m,KCg-m_R,Kenyon_Cell,,cb_intrinsic,14292,KCg-m,KCg-m,,VFB_jrmc2d61,R,,,Prelim Roughly traced,
1486,147040,80,38,9.288231230516484e-05,KCg-m,KCg-m_L,Kenyon_Cell,,cb_intrinsic,14292,KCg-m,KCg-m,,VFB_jrmc2kvf,L,,,Roughly traced,
1487,148161,80,49,9.288231230516484e-05,KCg-m,KCg-m_L,Kenyon_Cell,,cb_intrinsic,14292,KCg-m,KCg-m,,VFB_jrmc2d9r,L,,,Roughly traced,
1488,158447,80,36,9.288231230516484e-05,KCg-d,KCg-d_L,Kenyon_Cell,,cb_intrinsic,19102,KCg-d,KCg-d,,VFB_jrmc2k3k,L,,,Roughly traced,
1489,178945,80,27,9.288231230516484e-05,PAM10,PAM10(B1)_R,DAN,,cb_intrinsic,36624,PAM10,PAM10,,VFB_jrmc1pwp,R,,,Roughly traced,
1490,236035,80,41,9.288231230516484e-05,KCg-m,KCg-m_L,Kenyon_Cell,,cb_intrinsic,14292,KCg-m,KCg-m,,VFB_jrmc2kei,L,,,Roughly traced,
1491,514004,80,42,9.288231230516484e-05,KCg-m,KCg-m_L,Kenyon_Cell,,cb_intrinsic,14292,KCg-m,KCg-m,,VFB_jrmc2kuo,L,,,Roughly traced,
1492,531829,80,34,9.288231230516484e-05,MBON10,MBON10(B'1)_L,MBON,,cb_intrinsic,27954,MBON10,MBON10,,VFB_jrmc209t,L,,,Prelim Roughly traced,
1493,533371,80,42,9.288231230516484e-05,KCg-m,KCg-m_R,Kenyon_Cell,,cb_intrinsic,14292,KCg-m,KCg-m,,VFB_jrmc2ka1,R,,,Prelim Roughly traced,
1494,537090,80,36,9.288231230516484e-05,KCg-d,KCg-d_L,Kenyon_Cell,,cb_intrinsic,19102,KCg-d,KCg-d,,VFB_jrmc2k1x,L,,,Roughly traced,
1495,539249,80,45,9.288231230516484e-05,KCg-m,KCg-m_R,Kenyon_Cell,,cb_intrinsic,14292,KCg-m,KCg-m,,VFB_jrmc2kwc,R,,,Prelim Roughly traced,
1496,542101,80,43,9.288231230516484e-05,KCa'b'-ap2,KCa'b'-ap2_R,Kenyon_Cell,,cb_intrinsic,17488,KCapbp-ap2,KCa'b'-ap2,,VFB_jrmc2ifo,R,,,Roughly traced,
1497,542106,80,37,9.288231230516484e-05,KCa'b'-m,KCa'b'-m_R,Kenyon_Cell,,cb_intrinsic,17488,KCapbp-m,KCa'b'-m,,VFB_jrmc2igo,R,,,Roughly traced,
1498,553756,80,41,9.288231230516484e-05,KCa'b'-ap1,KCa'b'-ap1_R,Kenyon_Cell,,cb_intrinsic,17488,KCapbp-ap1,KCa'b'-ap1,,VFB_jrmc2i5z,R,,,Roughly traced,
1499,566092,80,47,9.288231230516484e-05,KCg-m,KCg-m_R,Kenyon_Cell,,cb_intrinsic,14292,KCg-m,KCg-m,,VFB_jrmc2dei,R,,,Prelim Roughly traced,
1500,567586,80,40,9.288231230516484e-05,KCa'b'-m,KCa'b'-m_R,Kenyon_Cell,,cb_intrinsic,17488,KCapbp-m,KCa'b'-m,,VFB_jrmc2ihp,R,,,Roughly traced,
1501,580622,80,43,9.288231230516484e-05,KCg-m,KCg-m_L,Kenyon_Cell,,cb_intrinsic,14292,KCg-m,KCg-m,,VFB_jrmc2keo,L,,,Roughly traced,
1502,13153,79,3,9.172128340135028e-05,LHCENT1,LHCENT1_R,,,cb_intrinsic,,LHCENT1,LHCENT1,,VFB_jrmc21wp,R,,,Roughly traced,
1503,13650,79,13,9.172128340135028e-05,FB4F_c,FB4F_c_L,CX,,cb_intrinsic,11994,FB4F,FB4F_a,,VFB_jrmc304m,L,CG,,Prelim Roughly traced,
1504,14893,79,6,9.172128340135028e-05,LHAV2b2_a,LHAV2b2_a_L,,,cb_intrinsic,13095,LHAV2b2a,LHAV2b2_a,,VFB_jrmc292y,L,,,Roughly traced,
1505,38549,79,44,9.172128340135028e-05,KCg-m,KCg-m_L,Kenyon_Cell,,cb_intrinsic,14292,KCg-m,KCg-m,,VFB_jrmc2kad,L,,,Roughly traced,
1506,38934,79,49,9.172128340135028e-05,KCa'b'-ap2,KCa'b'-ap2_R,Kenyon_Cell,,cb_intrinsic,17488,KCapbp-ap2,KCa'b'-ap2,,VFB_jrmc2i7w,R,,,Roughly traced,
1507,39205,79,32,9.172128340135028e-05,KCa'b'-ap1,KCa'b'-ap1_R,Kenyon_Cell,,cb_intrinsic,17488,KCapbp-ap1,KCa'b'-ap1,,VFB_jrmc2i2q,R,,,Roughly traced,
1508,39569,79,42,9.172128340135028e-05,KCg-m,KCg-m_R,Kenyon_Cell,,cb_intrinsic,14292,KCg-m,KCg-m,,VFB_jrmc2k61,R,,,Roughly traced,
1509,44260,79,44,9.172128340135028e-05,KCg-m,KCg-m_L,Kenyon_Cell,,cb_intrinsic,14292,KCg-m,KCg-m,,VFB_jrmc2ddf,L,,,Roughly traced,
1510,44940,79,45,9.172128340135028e-05,KCg-m,KCg-m_R,Kenyon_Cell,,cb_intrinsic,14292,KCg-m,KCg-m,,VFB_jrmc2d5h,R,,,Roughly traced,
1511,46657,79,13,9.172128340135028e-05,FB4D_b,FB4D_b_L,CX,,cb_intrinsic,11994,FB4D,FB4D,,VFB_jrmc3040,L,CG,,Roughly traced,
1512,47380,79,54,9.172128340135028e-05,KCg-m,KCg-m_R,Kenyon_Cell,,cb_intrinsic,14292,KCg-m,KCg-m,,VFB_jrmc2kjc,R,,,Roughly traced,
1513,49632,79,46,9.172128340135028e-05,KCg-m,KCg-m_R,Kenyon_Cell,,cb_intrinsic,14292,KCg-m,KCg-m,,VFB_jrmc2k6e,R,,,Roughly traced,
1514,50065,79,37,9.172128340135028e-05,KCa'b'-ap1,KCa'b'-ap1_R,Kenyon_Cell,,cb_intrinsic,17488,KCapbp-ap1,KCa'b'-ap1,,VFB_jrmc2i7a,R,,,Roughly traced,
1515,55853,79,48,9.172128340135028e-05,KCg-m,KCg-m_L,Kenyon_Cell,,cb_intrinsic,14292,KCg-m,KCg-m,,VFB_jrmc2kf2,L,,,Roughly traced,
1516,57669,79,41,9.172128340135028e-05,KCg-m,KCg-m_R,Kenyon_Cell,,cb_intrinsic,14292,KCg-m,KCg-m,,VFB_jrmc2df8,R,,,Roughly traced,
1517,61312,79,38,9.172128340135028e-05,KCg-m,KCg-m_L,Kenyon_Cell,,cb_intrinsic,14292,KCg-m,KCg-m,,VFB_jrmc2ddt,L,,,Roughly traced,
1518,61938,79,34,9.172128340135028e-05,KCa'b'-m,KCa'b'-m_R,Kenyon_Cell,,cb_intrinsic,17488,KCapbp-m,KCa'b'-m,,VFB_jrmc2ig8,R,,,Roughly traced,
1519,65370,79,48,9.172128340135028e-05,KCg-m,KCg-m_L,Kenyon_Cell,,cb_intrinsic,14292,KCg-m,KCg-m,,VFB_jrmc2kay,L,,,Roughly traced,
1520,66659,79,38,9.172128340135028e-05,KCg-d,KCg-d_L,Kenyon_Cell,,cb_intrinsic,19102,KCg-d,KCg-d,,VFB_jrmc2k37,L,,,Roughly traced,
1521,66911,79,45,9.172128340135028e-05,KCg-m,KCg-m_R,Kenyon_Cell,,cb_intrinsic,14292,KCg-m,KCg-m,,VFB_jrmc2kkf,R,,,Prelim Roughly traced,
1522,69620,79,44,9.172128340135028e-05,KCg-m,KCg-m_R,Kenyon_Cell,,cb_intrinsic,14292,KCg-m,KCg-m,,VFB_jrmc2da9,R,,,Prelim Roughly traced,
1523,70029,79,43,9.172128340135028e-05,KCg-m,KCg-m_R,Kenyon_Cell,,cb_intrinsic,14292,KCg-m,KCg-m,,VFB_jrmc2dab,R,,,Prelim Roughly traced,
1524,70185,79,32,9.172128340135028e-05,KCa'b'-ap2,KCa'b'-ap2_R,Kenyon_Cell,,cb_intrinsic,17488,KCapbp-ap2,KCa'b'-ap2,,VFB_jrmc2ic7,R,,,Roughly traced,
1525,72049,79,38,9.172128340135028e-05,KCg-m,KCg-m_R,Kenyon_Cell,,cb_intrinsic,14292,KCg-m,KCg-m,,VFB_jrmc2k7o,R,,,Prelim Roughly traced,
1526,72387,79,45,9.172128340135028e-05,KCg-m,KCg-m_R,Kenyon_Cell,,cb_intrinsic,14292,KCg-m,KCg-m,,VFB_jrmc2d5v,R,,,Prelim Roughly traced,
1527,74064,79,39,9.172128340135028e-05,KCa'b'-ap2,KCa'b'-ap2_L,Kenyon_Cell,,cb_intrinsic,17488,KCapbp-ap2,KCa'b'-ap2,,VFB_jrmc2i9e,L,,,Roughly traced,
1528,75216,79,31,9.172128340135028e-05,KCa'b'-m,KCa'b'-m_R,Kenyon_Cell,,cb_intrinsic,17488,KCapbp-m,KCa'b'-m,,VFB_jrmc2ih9,R,,,Roughly traced,
1529,77858,79,36,9.172128340135028e-05,KCa'b'-m,KCa'b'-m_L,Kenyon_Cell,,cb_intrinsic,17488,KCapbp-m,KCa'b'-m,,VFB_jrmc2ijc,L,,,Roughly traced,
1530,79372,79,50,9.172128340135028e-05,KCg-m,KCg-m_R,Kenyon_Cell,,cb_intrinsic,14292,KCg-m,KCg-m,,VFB_jrmc2dbo,R,,,Prelim Roughly traced,
1531,82132,79,42,9.172128340135028e-05,KCg-m,KCg-m_R,Kenyon_Cell,,cb_intrinsic,14292,KCg-m,KCg-m,,VFB_jrmc2kl3,R,,,Prelim Roughly traced,
1532,82582,79,44,9.172128340135028e-05,KCg-m,KCg-m_R,Kenyon_Cell,,cb_intrinsic,14292,KCg-m,KCg-m,,VFB_jrmc2kol,R,,,Prelim Roughly traced,
1533,82904,79,47,9.172128340135028e-05,KCg-m,KCg-m_L,Kenyon_Cell,,cb_intrinsic,14292,KCg-m,KCg-m,,VFB_jrmc2d6a,L,,,Prelim Roughly traced,
1534,83608,79,45,9.172128340135028e-05,KCg-m,KCg-m_R,Kenyon_Cell,,cb_intrinsic,14292,KCg-m,KCg-m,,VFB_jrmc2d70,R,,,Prelim Roughly traced,
1535,87276,79,46,9.172128340135028e-05,KCg-m,KCg-m_L,Kenyon_Cell,,cb_intrinsic,14292,KCg-m,KCg-m,,VFB_jrmc2kg3,L,,,Prelim Roughly traced,
1536,90367,79,43,9.172128340135028e-05,KCg-m,KCg-m_R,Kenyon_Cell,,cb_intrinsic,14292,KCg-m,KCg-m,,VFB_jrmc2koq,R,,,Prelim Roughly traced,
1537,95639,79,40,9.172128340135028e-05,KCa'b'-ap2,KCa'b'-ap2_L,Kenyon_Cell,,cb_intrinsic,17488,KCapbp-ap2,KCa'b'-ap2,,VFB_jrmc2if6,L,,,Roughly traced,
1538,100773,79,50,9.172128340135028e-05,KCg-m,KCg-m_L,Kenyon_Cell,,cb_intrinsic,14292,KCg-m,KCg-m,,VFB_jrmc2d9n,L,,,Roughly traced,
1539,104983,79,46,9.172128340135028e-05,KCg-m,KCg-m_L,Kenyon_Cell,,cb_intrinsic,14292,KCg-m,KCg-m,,VFB_jrmc2d9o,L,,,Roughly traced,
1540,116084,79,40,9.172128340135028e-05,KCg-m,KCg-m_L,Kenyon_Cell,,cb_intrinsic,14292,KCg-m,KCg-m,,VFB_jrmc2ddx,L,,,Roughly traced,
1541,117936,79,41,9.172128340135028e-05,KCg-d,KCg-d_L,Kenyon_Cell,,cb_intrinsic,19102,KCg-d,KCg-d,,VFB_jrmc2k3g,L,,,Roughly traced,
1542,119591,79,46,9.172128340135028e-05,KCg-m,KCg-m_R,Kenyon_Cell,,cb_intrinsic,14292,KCg-m,KCg-m,,VFB_jrmc2kln,R,,,Prelim Roughly traced,
1543,124242,79,40,9.172128340135028e-05,KCg-m,KCg-m_R,Kenyon_Cell,,cb_intrinsic,14292,KCg-m,KCg-m,,VFB_jrmc2klt,R,,,Prelim Roughly traced,
1544,125552,79,41,9.172128340135028e-05,KCg-m,KCg-m_L,Kenyon_Cell,,cb_intrinsic,14292,KCg-m,KCg-m,,VFB_jrmc2khc,L,,,Roughly traced,
1545,127046,79,34,9.172128340135028e-05,KCg-d,KCg-d_R,Kenyon_Cell,,cb_intrinsic,19102,KCg-d,KCg-d,,VFB_jrmc2k42,R,,,Roughly traced,
1546,128925,79,36,9.172128340135028e-05,KCg-d,KCg-d_R,Kenyon_Cell,,cb_intrinsic,19102,KCg-d,KCg-d,,VFB_jrmc2k52,R,,,Roughly traced,
1547,135238,79,41,9.172128340135028e-05,KCg-m,KCg-m_R,Kenyon_Cell,,cb_intrinsic,14292,KCg-m,KCg-m,,VFB_jrmc2k99,R,,,Prelim Roughly traced,
1548,137283,79,35,9.172128340135028e-05,KCg-d,KCg-d_L,Kenyon_Cell,,cb_intrinsic,19102,KCg-d,KCg-d,,VFB_jrmc2k45,L,,,Prelim Roughly traced,
1549,138335,79,48,9.172128340135028e-05,KCg-m,KCg-m_R,Kenyon_Cell,,cb_intrinsic,14292,KCg-m,KCg-m,,VFB_jrmc2k9c,R,,,Prelim Roughly traced,
1550,140726,79,43,9.172128340135028e-05,KCg-m,KCg-m_L,Kenyon_Cell,,cb_intrinsic,14292,KCg-m,KCg-m,,VFB_jrmc2dbx,L,,,Prelim Roughly traced,
1551,141772,79,38,9.172128340135028e-05,KCg-m,KCg-m_L,Kenyon_Cell,,cb_intrinsic,14292,KCg-m,KCg-m,,VFB_jrmc2kqf,L,,,Roughly traced,
1552,143757,79,42,9.172128340135028e-05,KCg-m,KCg-m_L,Kenyon_Cell,,cb_intrinsic,14292,KCg-m,KCg-m,,VFB_jrmc2kt2,L,,,Roughly traced,
1553,145352,79,51,9.172128340135028e-05,KCg-m,KCg-m_R,Kenyon_Cell,,cb_intrinsic,14292,KCg-m,KCg-m,,VFB_jrmc2dcq,R,,,Prelim Roughly traced,
1554,152470,79,45,9.172128340135028e-05,KCg-d,KCg-d_L,Kenyon_Cell,,cb_intrinsic,19102,KCg-d,KCg-d,,VFB_jrmc2k46,L,,,Roughly traced,
1555,154739,79,46,9.172128340135028e-05,KCg-m,KCg-m_L,Kenyon_Cell,,cb_intrinsic,14292,KCg-m,KCg-m,,VFB_jrmc2kih,L,,,Roughly traced,
1556,180494,79,39,9.172128340135028e-05,KCg-m,KCg-m_L,Kenyon_Cell,,cb_intrinsic,14292,KCg-m,KCg-m,,VFB_jrmc2ddp,L,,,Roughly traced,
1557,180905,79,38,9.172128340135028e-05,KCg-m,KCg-m_R,Kenyon_Cell,,cb_intrinsic,14292,KCg-m,KCg-m,,VFB_jrmc2d76,R,,,Prelim Roughly traced,
1558,512077,79,2,9.172128340135028e-05,LAL082,LAL082_R,,,cb_intrinsic,,LAL082,LAL082,,VFB_jrmc2cs8,R,,,Roughly traced,
1559,513133,79,7,9.172128340135028e-05,CB4166,CB4166_R,,,cb_intrinsic,10657,CB4166,,,VFB_jrmc3bip,R,,,Prelim Roughly traced,
1560,526724,79,34,9.172128340135028e-05,KCa'b'-ap1,KCa'b'-ap1_R,Kenyon_Cell,,cb_intrinsic,17488,KCapbp-ap1,KCa'b'-ap1,,VFB_jrmc2i3w,R,,,Roughly traced,
1561,532284,79,40,9.172128340135028e-05,KCg-m,KCg-m_L,Kenyon_Cell,,cb_intrinsic,14292,KCg-m,KCg-m,,VFB_jrmc2ktz,L,,,Roughly traced,
1562,535795,79,35,9.172128340135028e-05,KCg-d,KCg-d_L,Kenyon_Cell,,cb_intrinsic,19102,KCg-d,KCg-d,,VFB_jrmc2k3r,L,,,Roughly traced,
1563,548654,79,44,9.172128340135028e-05,KCa'b'-ap2,KCa'b'-ap2_R,Kenyon_Cell,,cb_intrinsic,17488,KCapbp-ap2,KCa'b'-ap2,,VFB_jrmc2ib2,R,,,Roughly traced,
1564,552118,79,49,9.172128340135028e-05,KCg-m,KCg-m_L,Kenyon_Cell,,cb_intrinsic,14292,KCg-m,KCg-m,,VFB_jrmc2kem,L,,,Roughly traced,
1565,569213,79,47,9.172128340135028e-05,KCg-m,KCg-m_R,Kenyon_Cell,,cb_intrinsic,14292,KCg-m,KCg-m,,VFB_jrmc2d7n,R,,,Roughly traced,
1566,11050,78,3,9.056025449753572e-05,VP1d+VP4_l2PN1,VP1d+VP4_l2PN1_L,ALPN,BI,cb_intrinsic,11050,VP1d+VP4_l2PN1,VP1d+VP4_l2PN1,,VFB_jrmc001p,L,DC,,Roughly traced,
1567,12390,78,15,9.056025449753572e-05,AVLP562,AVLP562_R,,,cb_intrinsic,11115,AVLP562,AVLP562,,VFB_jrmc3j5h,R,CG,,Roughly traced,
1568,15920,78,5,9.056025449753572e-05,LHAV2b2_d,LHAV2b2_d_R,,,cb_intrinsic,13095,LHAV2b2a,LHAV2b2,,VFB_jrmc293b,R,,,Roughly traced,
1569,27926,78,11,9.056025449753572e-05,hDeltaJ,hDeltaJ_14_C12b,CX,,cb_intrinsic,11512,hDeltaJ,hDeltaJ,,VFB_jrmc02ls,L,,,Prelim Roughly traced,
1570,32865,78,27,9.056025449753572e-05,PAM10,PAM10(B1)_L,DAN,,cb_intrinsic,28434,PAM10,PAM10,,VFB_jrmc1pwn,L,,,Prelim Roughly traced,
1571,35429,78,12,9.056025449753572e-05,hDeltaJ,hDeltaJ_05_C5,CX,,cb_intrinsic,11512,hDeltaJ,hDeltaJ,,VFB_jrmc02l7,R,,,Prelim Roughly traced,
1572,36245,78,34,9.056025449753572e-05,SMP145,SMP145_L,,,cb_intrinsic,,"SMP142,SMP145",SMP145,,VFB_jrmc1d4i,L,,,Roughly traced,
1573,37293,78,37,9.056025449753572e-05,KCa'b'-ap1,KCa'b'-ap1_R,Kenyon_Cell,,cb_intrinsic,17488,KCapbp-ap1,KCa'b'-ap1,,VFB_jrmc2i30,R,,,Roughly traced,
1574,37916,78,48,9.056025449753572e-05,KCg-m,KCg-m_L,Kenyon_Cell,,cb_intrinsic,14292,KCg-m,KCg-m,,VFB_jrmc2kab,L,,,Roughly traced,
1575,38962,78,40,9.056025449753572e-05,KCg-m,KCg-m_L,Kenyon_Cell,,cb_intrinsic,14292,KCg-m,KCg-m,,VFB_jrmc2dde,L,,,Roughly traced,
1576,44054,78,40,9.056025449753572e-05,KCg-m,KCg-m_R,Kenyon_Cell,,cb_intrinsic,14292,KCg-m,KCg-m,,VFB_jrmc2kj6,R,,,Roughly traced,
1577,44840,78,35,9.056025449753572e-05,KCg-m,KCg-m_R,Kenyon_Cell,,cb_intrinsic,14292,KCg-m,KCg-m,,VFB_jrmc2kmo,R,,,Roughly traced,
1578,46266,78,43,9.056025449753572e-05,KCg-m,KCg-m_R,Kenyon_Cell,,cb_intrinsic,14292,KCg-m,KCg-m,,VFB_jrmc2kmt,R,,,Roughly traced,
1579,48009,78,37,9.056025449753572e-05,KCa'b'-ap2,KCa'b'-ap2_R,Kenyon_Cell,,cb_intrinsic,17488,KCapbp-ap2,KCa'b'-ap2,,VFB_jrmc2i9j,R,,,Roughly traced,
1580,48904,78,52,9.056025449753572e-05,KCg-m,KCg-m_R,Kenyon_Cell,,cb_intrinsic,14292,KCg-m,KCg-m,,VFB_jrmc2kjh,R,,,Roughly traced,
1581,49867,78,45,9.056025449753572e-05,KCg-m,KCg-m_L,Kenyon_Cell,,cb_intrinsic,14292,KCg-m,KCg-m,,VFB_jrmc2dbr,L,,,Roughly traced,
1582,52706,78,38,9.056025449753572e-05,KCa'b'-m,KCa'b'-m_R,Kenyon_Cell,,cb_intrinsic,17488,KCapbp-m,KCa'b'-m,,VFB_jrmc2ig1,R,,,Roughly traced,
1583,52933,78,43,9.056025449753572e-05,KCa'b'-ap2,KCa'b'-ap2_R,Kenyon_Cell,,cb_intrinsic,17488,KCapbp-ap2,KCa'b'-ap2,,VFB_jrmc2i9m,R,,,Roughly traced,
1584,53250,78,43,9.056025449753572e-05,KCa'b'-ap2,KCa'b'-ap2_R,Kenyon_Cell,,cb_intrinsic,17488,KCapbp-ap2,KCa'b'-ap2,,VFB_jrmc2i85,R,,,Roughly traced,
1585,53397,78,41,9.056025449753572e-05,KCa'b'-ap2,KCa'b'-ap2_L,Kenyon_Cell,,cb_intrinsic,17488,KCapbp-ap2,KCa'b'-ap2,,VFB_jrmc2ifj,L,,,Roughly traced,
1586,54443,78,11,9.056025449753572e-05,hDeltaA,hDeltaA_12_C10,CX,,cb_intrinsic,11512,hDeltaA,hDeltaA,,VFB_jrmc02i5,L,,,Roughly traced,
1587,54455,78,45,9.056025449753572e-05,KCg-m,KCg-m_R,Kenyon_Cell,,cb_intrinsic,14292,KCg-m,KCg-m,,VFB_jrmc2k6k,R,,,Roughly traced,
1588,55460,78,40,9.056025449753572e-05,KCa'b'-ap2,KCa'b'-ap2_R,Kenyon_Cell,,cb_intrinsic,17488,KCapbp-ap2,KCa'b'-ap2,,VFB_jrmc2ibq,R,,,Roughly traced,
1589,59715,78,39,9.056025449753572e-05,KCa'b'-ap2,KCa'b'-ap2_R,Kenyon_Cell,,cb_intrinsic,17488,KCapbp-ap2,KCa'b'-ap2,,VFB_jrmc2ibs,R,,,Roughly traced,
1590,59932,78,44,9.056025449753572e-05,KCg-m,KCg-m_R,Kenyon_Cell,,cb_intrinsic,14292,KCg-m,KCg-m,,VFB_jrmc2kk0,R,,,Prelim Roughly traced,
1591,62159,78,49,9.056025449753572e-05,KCg-m,KCg-m_R,Kenyon_Cell,,cb_intrinsic,14292,KCg-m,KCg-m,,VFB_jrmc2dd1,R,,,Prelim Roughly traced,
1592,64310,78,35,9.056025449753572e-05,KCg-d,KCg-d_R,Kenyon_Cell,,cb_intrinsic,19102,KCg-d,KCg-d,,VFB_jrmc2k17,R,,,Roughly traced,
1593,64440,78,43,9.056025449753572e-05,KCg-m,KCg-m_R,Kenyon_Cell,,cb_intrinsic,14292,KCg-m,KCg-m,,VFB_jrmc2kka,R,,,Prelim Roughly traced,
1594,65729,78,44,9.056025449753572e-05,KCa'b'-ap2,KCa'b'-ap2_R,Kenyon_Cell,,cb_intrinsic,17488,KCapbp-ap2,KCa'b'-ap2,,VFB_jrmc2ia0,R,,,Roughly traced,
1595,69037,78,42,9.056025449753572e-05,KCa'b'-ap2,KCa'b'-ap2_R,Kenyon_Cell,,cb_intrinsic,17488,KCapbp-ap2,KCa'b'-ap2,,VFB_jrmc2ia3,R,,,Roughly traced,
1596,69742,78,39,9.056025449753572e-05,KCa'b'-m,KCa'b'-m_L,Kenyon_Cell,,cb_intrinsic,17488,KCapbp-m,KCa'b'-m,,VFB_jrmc2iko,L,,,Roughly traced,
1597,72097,78,42,9.056025449753572e-05,KCg-m,KCg-m_L,Kenyon_Cell,,cb_intrinsic,14292,KCg-m,KCg-m,,VFB_jrmc2kfl,L,,,Roughly traced,
1598,72865,78,41,9.056025449753572e-05,KCa'b'-ap2,KCa'b'-ap2_R,Kenyon_Cell,,cb_intrinsic,17488,KCapbp-ap2,KCa'b'-ap2,,VFB_jrmc2iac,R,,,Roughly traced,
1599,73744,78,40,9.056025449753572e-05,KCg-m,KCg-m_L,Kenyon_Cell,,cb_intrinsic,14292,KCg-m,KCg-m,,VFB_jrmc2kb7,L,,,Roughly traced,
1600,74434,78,43,9.056025449753572e-05,KCg-m,KCg-m_L,Kenyon_Cell,,cb_intrinsic,14292,KCg-m,KCg-m,,VFB_jrmc2kb9,L,,,Roughly traced,
1601,75597,78,44,9.056025449753572e-05,KCg-m,KCg-m_L,Kenyon_Cell,,cb_intrinsic,14292,KCg-m,KCg-m,,VFB_jrmc2kbe,L,,,Roughly traced,
1602,75718,78,32,9.056025449753572e-05,KCa'b'-ap1,KCa'b'-ap1_R,Kenyon_Cell,,cb_intrinsic,17488,KCapbp-ap1,KCa'b'-ap1,,VFB_jrmc2i5o,R,,,Roughly traced,
1603,76443,78,38,9.056025449753572e-05,KCg-m,KCg-m_R,Kenyon_Cell,,cb_intrinsic,14292,KCg-m,KCg-m,,VFB_jrmc2dbm,R,,,Prelim Roughly traced,
1604,77054,78,44,9.056025449753572e-05,KCg-m,KCg-m_R,Kenyon_Cell,,cb_intrinsic,14292,KCg-m,KCg-m,,VFB_jrmc2kr0,R,,,Prelim Roughly traced,
1605,77281,78,41,9.056025449753572e-05,KCg-m,KCg-m_R,Kenyon_Cell,,cb_intrinsic,14292,KCg-m,KCg-m,,VFB_jrmc2dbg,R,,,Prelim Roughly traced,
1606,79275,78,42,9.056025449753572e-05,KCg-m,KCg-m_L,Kenyon_Cell,,cb_intrinsic,14292,KCg-m,KCg-m,,VFB_jrmc2kbo,L,,,Roughly traced,
1607,82025,78,37,9.056025449753572e-05,KCa'b'-m,KCa'b'-m_R,Kenyon_Cell,,cb_intrinsic,17488,KCapbp-m,KCa'b'-m,,VFB_jrmc2igd,R,,,Prelim Roughly traced,
1608,82939,78,39,9.056025449753572e-05,KCg-m,KCg-m_R,Kenyon_Cell,,cb_intrinsic,14292,KCg-m,KCg-m,,VFB_jrmc2k84,R,,,Prelim Roughly traced,
1609,83270,78,43,9.056025449753572e-05,KCg-m,KCg-m_L,Kenyon_Cell,,cb_intrinsic,14292,KCg-m,KCg-m,,VFB_jrmc2ku8,L,,,Prelim Roughly traced,
1610,83820,78,45,9.056025449753572e-05,KCg-m,KCg-m_R,Kenyon_Cell,,cb_intrinsic,14292,KCg-m,KCg-m,,VFB_jrmc2kl6,R,,,Prelim Roughly traced,
1611,84536,78,39,9.056025449753572e-05,KCa'b'-ap2,KCa'b'-ap2_L,Kenyon_Cell,,cb_intrinsic,17488,KCapbp-ap2,KCa'b'-ap2,,VFB_jrmc2ids,L,,,Roughly traced,
1612,85121,78,41,9.056025449753572e-05,KCg-m,KCg-m_L,Kenyon_Cell,,cb_intrinsic,14292,KCg-m,KCg-m,,VFB_jrmc2kc4,L,,,Prelim Roughly traced,
1613,85242,78,41,9.056025449753572e-05,KCa'b'-m,KCa'b'-m_R,Kenyon_Cell,,cb_intrinsic,17488,KCapbp-m,KCa'b'-m,,VFB_jrmc2ihf,R,,,Roughly traced,
1614,86437,78,37,9.056025449753572e-05,KCa'b'-m,KCa'b'-m_R,Kenyon_Cell,,cb_intrinsic,17488,KCapbp-m,KCa'b'-m,,VFB_jrmc2igg,R,,,Roughly traced,
1615,86555,78,50,9.056025449753572e-05,KCg-m,KCg-m_L,Kenyon_Cell,,cb_intrinsic,14292,KCg-m,KCg-m,,VFB_jrmc2kv1,L,,,Prelim Roughly traced,
1616,86940,78,33,9.056025449753572e-05,KCg-d,KCg-d_L,Kenyon_Cell,,cb_intrinsic,19102,KCg-d,KCg-d,,VFB_jrmc2k5m,L,,,Prelim Roughly traced,
1617,92008,78,33,9.056025449753572e-05,KCg-d,KCg-d_L,Kenyon_Cell,,cb_intrinsic,19102,KCg-d,KCg-d,,VFB_jrmc2k1o,L,,,Prelim Roughly traced,
1618,94674,78,42,9.056025449753572e-05,KCg-m,KCg-m_R,Kenyon_Cell,,cb_intrinsic,14292,KCg-m,KCg-m,,VFB_jrmc2kot,R,,,Prelim Roughly traced,
1619,98275,78,48,9.056025449753572e-05,KCg-m,KCg-m_L,Kenyon_Cell,,cb_intrinsic,14292,KCg-m,KCg-m,,VFB_jrmc2kpt,L,,,Roughly traced,
1620,133249,78,42,9.056025449753572e-05,KCg-m,KCg-m_L,Kenyon_Cell,,cb_intrinsic,14292,KCg-m,KCg-m,,VFB_jrmc2kdm,L,,,Prelim Roughly traced,
1621,133630,78,39,9.056025449753572e-05,KCg-m,KCg-m_L,Kenyon_Cell,,cb_intrinsic,14292,KCg-m,KCg-m,,VFB_jrmc2dbw,L,,,Prelim Roughly traced,
1622,134161,78,38,9.056025449753572e-05,KCg-m,KCg-m_L,Kenyon_Cell,,cb_intrinsic,14292,KCg-m,KCg-m,,VFB_jrmc2khk,L,,,Prelim Roughly traced,
1623,137890,78,41,9.056025449753572e-05,KCg-m,KCg-m_L,Kenyon_Cell,,cb_intrinsic,14292,KCg-m,KCg-m,,VFB_jrmc2kds,L,,,Prelim Roughly traced,
1624,138968,78,39,9.056025449753572e-05,KCg-m,KCg-m_L,Kenyon_Cell,,cb_intrinsic,14292,KCg-m,KCg-m,,VFB_jrmc2khs,L,,,Prelim Roughly traced,
1625,139685,78,42,9.056025449753572e-05,KCg-m,KCg-m_L,Kenyon_Cell,,cb_intrinsic,14292,KCg-m,KCg-m,,VFB_jrmc2dal,L,,,Prelim Roughly traced,
1626,140661,78,49,9.056025449753572e-05,KCg-m,KCg-m_L,Kenyon_Cell,,cb_intrinsic,14292,KCg-m,KCg-m,,VFB_jrmc2kdv,L,,,Prelim Roughly traced,
1627,140867,78,40,9.056025449753572e-05,KCg-m,KCg-m_L,Kenyon_Cell,,cb_intrinsic,14292,KCg-m,KCg-m,,VFB_jrmc2dfe,L,,,Prelim Roughly traced,
1628,145143,78,39,9.056025449753572e-05,KCg-m,KCg-m_L,Kenyon_Cell,,cb_intrinsic,14292,KCg-m,KCg-m,,VFB_jrmc2d9q,L,,,Roughly traced,
1629,145268,78,41,9.056025449753572e-05,KCg-m,KCg-m_L,Kenyon_Cell,,cb_intrinsic,14292,KCg-m,KCg-m,,VFB_jrmc2ktu,L,,,Roughly traced,
1630,145610,78,41,9.056025449753572e-05,KCg-m,KCg-m_L,Kenyon_Cell,,cb_intrinsic,14292,KCg-m,KCg-m,,VFB_jrmc2d6l,L,,,Roughly traced,
1631,146925,78,38,9.056025449753572e-05,KCg-m,KCg-m_L,Kenyon_Cell,,cb_intrinsic,14292,KCg-m,KCg-m,,VFB_jrmc2ke6,L,,,Roughly traced,
1632,148122,78,47,9.056025449753572e-05,KCg-m,KCg-m_L,Kenyon_Cell,,cb_intrinsic,14292,KCg-m,KCg-m,,VFB_jrmc2ks7,L,,,Roughly traced,
1633,171985,78,39,9.056025449753572e-05,KCg-m,KCg-m_L,Kenyon_Cell,,cb_intrinsic,14292,KCg-m,KCg-m,,VFB_jrmc2d9f,L,,,Roughly traced,
1634,513217,78,12,9.056025449753572e-05,LNO1,LNO1_L,CX,,cb_intrinsic,,LNO1,LNO1,,VFB_jrmc238b,L,,,Roughly traced,
1635,534301,78,10,9.056025449753572e-05,CRE041,CRE041_R,,,cb_intrinsic,,CRE041,CRE041,,VFB_jrmc34tw,R,,,Roughly traced,
1636,552080,78,44,9.056025449753572e-05,KCa'b'-ap2,KCa'b'-ap2_R,Kenyon_Cell,,cb_intrinsic,17488,KCapbp-ap2,KCa'b'-ap2,,VFB_jrmc2ic1,R,,,Roughly traced,
1637,901937,78,33,9.056025449753572e-05,KCab-p,KCab-p_L,Kenyon_Cell,,cb_intrinsic,11862,KCab-p,KCab-p,,VFB_jrmc2jf0,L,,,Roughly traced,
1638,10624,77,21,8.939922559372116e-05,ExR5,ExR5_R,CX,,cb_intrinsic,,ExR5,ExR5,,VFB_jrmc2zz5,R,,,Roughly traced,
1639,19083,77,48,8.939922559372116e-05,KCg-m,KCg-m_L,Kenyon_Cell,,cb_intrinsic,14292,KCg-m,KCg-m,,VFB_jrmc2ksa,L,,,Roughly traced,
1640,39531,77,36,8.939922559372116e-05,KCg-m,KCg-m_L,Kenyon_Cell,,cb_intrinsic,14292,KCg-m,KCg-m,,VFB_jrmc2ksb,L,,,Roughly traced,
1641,40788,77,43,8.939922559372116e-05,KCa'b'-ap2,KCa'b'-ap2_R,Kenyon_Cell,,cb_intrinsic,17488,KCapbp-ap2,KCa'b'-ap2,,VFB_jrmc2i7x,R,,,Roughly traced,
1642,41295,77,37,8.939922559372116e-05,KCg-m,KCg-m_R,Kenyon_Cell,,cb_intrinsic,14292,KCg-m,KCg-m,,VFB_jrmc2k63,R,,,Roughly traced,
1643,41968,77,34,8.939922559372116e-05,KCa'b'-ap1,KCa'b'-ap1_R,Kenyon_Cell,,cb_intrinsic,17488,KCapbp-ap1,KCa'b'-ap1,,VFB_jrmc2i31,R,,,Roughly traced,
1644,45392,77,42,8.939922559372116e-05,KCg-m,KCg-m_R,Kenyon_Cell,,cb_intrinsic,14292,KCg-m,KCg-m,,VFB_jrmc2kj9,R,,,Roughly traced,
1645,48729,77,33,8.939922559372116e-05,KCa'b'-ap1,KCa'b'-ap1_R,Kenyon_Cell,,cb_intrinsic,17488,KCapbp-ap1,KCa'b'-ap1,,VFB_jrmc2i3a,R,,,Roughly traced,
1646,49363,77,40,8.939922559372116e-05,KCa'b'-ap2,KCa'b'-ap2_L,Kenyon_Cell,,cb_intrinsic,17488,KCapbp-ap2,KCa'b'-ap2,,VFB_jrmc2iep,L,,,Roughly traced,
1647,49420,77,39,8.939922559372116e-05,KCa'b'-m,KCa'b'-m_L,Kenyon_Cell,,cb_intrinsic,17488,KCapbp-m,KCa'b'-m,,VFB_jrmc2ik4,L,,,Roughly traced,
1648,49709,77,35,8.939922559372116e-05,KCg-d,KCg-d_R,Kenyon_Cell,,cb_intrinsic,19102,KCg-d,KCg-d,,VFB_jrmc2k57,R,,,Roughly traced,
1649,49903,77,34,8.939922559372116e-05,KCg-m,KCg-m_R,Kenyon_Cell,,cb_intrinsic,14292,KCg-m,KCg-m,,VFB_jrmc2kn1,R,,,Roughly traced,
1650,50839,77,43,8.939922559372116e-05,KCg-m,KCg-m_R,Kenyon_Cell,,cb_intrinsic,14292,KCg-m,KCg-m,,VFB_jrmc2dcc,R,,,Roughly traced,
1651,51391,77,43,8.939922559372116e-05,KCg-m,KCg-m_R,Kenyon_Cell,,cb_intrinsic,14292,KCg-m,KCg-m,,VFB_jrmc2kn4,R,,,Roughly traced,
1652,52613,77,39,8.939922559372116e-05,KCa'b'-m,KCa'b'-m_R,Kenyon_Cell,,cb_intrinsic,17488,KCapbp-m,KCa'b'-m,,VFB_jrmc2ij1,R,,,Roughly traced,
1653,52938,77,48,8.939922559372116e-05,KCg-m,KCg-m_L,Kenyon_Cell,,cb_intrinsic,14292,KCg-m,KCg-m,,VFB_jrmc2kau,L,,,Roughly traced,
1654,53655,77,38,8.939922559372116e-05,KCg-m,KCg-m_R,Kenyon_Cell,,cb_intrinsic,14292,KCg-m,KCg-m,,VFB_jrmc2d5m,R,,,Roughly traced,
1655,58013,77,40,8.939922559372116e-05,KCg-m,KCg-m_R,Kenyon_Cell,,cb_intrinsic,14292,KCg-m,KCg-m,,VFB_jrmc2d7d,R,,,Roughly traced,
1656,60172,77,44,8.939922559372116e-05,KCg-m,KCg-m_R,Kenyon_Cell,,cb_intrinsic,14292,KCg-m,KCg-m,,VFB_jrmc2knk,R,,,Prelim Roughly traced,
1657,60471,77,40,8.939922559372116e-05,KCg-m,KCg-m_L,Kenyon_Cell,,cb_intrinsic,14292,KCg-m,KCg-m,,VFB_jrmc2kf5,L,,,Roughly traced,
1658,63398,77,41,8.939922559372116e-05,KCg-m,KCg-m_R,Kenyon_Cell,,cb_intrinsic,14292,KCg-m,KCg-m,,VFB_jrmc2k6z,R,,,Prelim Roughly traced,
1659,65606,77,41,8.939922559372116e-05,KCg-m,KCg-m_R,Kenyon_Cell,,cb_intrinsic,14292,KCg-m,KCg-m,,VFB_jrmc2k74,R,,,Prelim Roughly traced,
1660,66601,77,38,8.939922559372116e-05,KCg-m,KCg-m_R,Kenyon_Cell,,cb_intrinsic,14292,KCg-m,KCg-m,,VFB_jrmc2dfw,R,,,Prelim Roughly traced,
1661,67853,77,36,8.939922559372116e-05,KCg-d,KCg-d_R,Kenyon_Cell,,cb_intrinsic,19102,KCg-d,KCg-d,,VFB_jrmc2k40,R,,,Roughly traced,
1662,69347,77,38,8.939922559372116e-05,KCg-m,KCg-m_R,Kenyon_Cell,,cb_intrinsic,14292,KCg-m,KCg-m,,VFB_jrmc2k7g,R,,,Prelim Roughly traced,
1663,70143,77,37,8.939922559372116e-05,KCg-m,KCg-m_L,Kenyon_Cell,,cb_intrinsic,14292,KCg-m,KCg-m,,VFB_jrmc2dad,L,,,Roughly traced,
1664,70614,77,45,8.939922559372116e-05,KCg-m,KCg-m_L,Kenyon_Cell,,cb_intrinsic,14292,KCg-m,KCg-m,,VFB_jrmc2kfj,L,,,Roughly traced,
1665,71474,77,49,8.939922559372116e-05,KCg-m,KCg-m_L,Kenyon_Cell,,cb_intrinsic,14292,KCg-m,KCg-m,,VFB_jrmc2d8y,L,,,Roughly traced,
1666,71770,77,44,8.939922559372116e-05,KCg-m,KCg-m_R,Kenyon_Cell,,cb_intrinsic,14292,KCg-m,KCg-m,,VFB_jrmc2kkn,R,,,Prelim Roughly traced,
1667,72916,77,37,8.939922559372116e-05,KCg-m,KCg-m_R,Kenyon_Cell,,cb_intrinsic,14292,KCg-m,KCg-m,,VFB_jrmc2kkp,R,,,Prelim Roughly traced,
1668,73354,77,45,8.939922559372116e-05,KCg-m,KCg-m_L,Kenyon_Cell,,cb_intrinsic,14292,KCg-m,KCg-m,,VFB_jrmc2ku3,L,,,Roughly traced,
1669,75688,77,13,8.939922559372116e-05,hDeltaJ,hDeltaJ_03_C3,CX,,cb_intrinsic,11512,hDeltaJ,hDeltaJ,,VFB_jrmc02lh,R,,,Prelim Roughly traced,
1670,75774,77,47,8.939922559372116e-05,KCg-m,KCg-m_R,Kenyon_Cell,,cb_intrinsic,14292,KCg-m,KCg-m,,VFB_jrmc2d8p,R,,,Prelim Roughly traced,
1671,77060,77,45,8.939922559372116e-05,KCa'b'-ap2,KCa'b'-ap2_R,Kenyon_Cell,,cb_intrinsic,17488,KCapbp-ap2,KCa'b'-ap2,,VFB_jrmc2iaj,R,,,Roughly traced,
1672,77158,77,48,8.939922559372116e-05,KCg-m,KCg-m_R,Kenyon_Cell,,cb_intrinsic,14292,KCg-m,KCg-m,,VFB_jrmc2dbn,R,,,Prelim Roughly traced,
1673,77199,77,39,8.939922559372116e-05,KCa'b'-m,KCa'b'-m_R,Kenyon_Cell,,cb_intrinsic,17488,KCapbp-m,KCa'b'-m,,VFB_jrmc2iha,R,,,Roughly traced,
1674,77442,77,43,8.939922559372116e-05,KCg-m,KCg-m_R,Kenyon_Cell,,cb_intrinsic,14292,KCg-m,KCg-m,,VFB_jrmc2kks,R,,,Prelim Roughly traced,
1675,78379,77,47,8.939922559372116e-05,KCa'b'-ap2,KCa'b'-ap2_R,Kenyon_Cell,,cb_intrinsic,17488,KCapbp-ap2,KCa'b'-ap2,,VFB_jrmc2ial,R,,,Roughly traced,
1676,78862,77,37,8.939922559372116e-05,KCg-m,KCg-m_L,Kenyon_Cell,,cb_intrinsic,14292,KCg-m,KCg-m,,VFB_jrmc2kbl,L,,,Roughly traced,
1677,79364,77,37,8.939922559372116e-05,KCa'b'-ap1,KCa'b'-ap1_R,Kenyon_Cell,,cb_intrinsic,17488,KCapbp-ap1,KCa'b'-ap1,,VFB_jrmc2i6x,R,,,Roughly traced,
1678,80614,77,43,8.939922559372116e-05,KCg-m,KCg-m_R,Kenyon_Cell,,cb_intrinsic,14292,KCg-m,KCg-m,,VFB_jrmc2k7y,R,,,Prelim Roughly traced,
1679,81056,77,33,8.939922559372116e-05,KCg-d,KCg-d_R,Kenyon_Cell,,cb_intrinsic,19102,KCg-d,KCg-d,,VFB_jrmc2k1f,R,,,Roughly traced,
1680,81143,77,38,8.939922559372116e-05,KCg-m,KCg-m_L,Kenyon_Cell,,cb_intrinsic,14292,KCg-m,KCg-m,,VFB_jrmc2kbt,L,,,Prelim Roughly traced,
1681,81251,77,44,8.939922559372116e-05,KCg-m,KCg-m_L,Kenyon_Cell,,cb_intrinsic,14292,KCg-m,KCg-m,,VFB_jrmc2ksk,L,,,Prelim Roughly traced,
1682,81273,77,44,8.939922559372116e-05,KCa'b'-ap2,KCa'b'-ap2_R,Kenyon_Cell,,cb_intrinsic,17488,KCapbp-ap2,KCa'b'-ap2,,VFB_jrmc2ibl,R,,,Roughly traced,
1683,81502,77,37,8.939922559372116e-05,KCg-m,KCg-m_L,Kenyon_Cell,,cb_intrinsic,14292,KCg-m,KCg-m,,VFB_jrmc2dcl,L,,,Prelim Roughly traced,
1684,85452,77,44,8.939922559372116e-05,KCa'b'-ap2,KCa'b'-ap2_R,Kenyon_Cell,,cb_intrinsic,17488,KCapbp-ap2,KCa'b'-ap2,,VFB_jrmc2if1,R,,,Roughly traced,
1685,88808,77,34,8.939922559372116e-05,KCa'b'-m,KCa'b'-m_L,Kenyon_Cell,,cb_intrinsic,17488,KCapbp-m,KCa'b'-m,,VFB_jrmc2iix,L,,,Roughly traced,
1686,91386,77,37,8.939922559372116e-05,KCa'b'-m,KCa'b'-m_R,Kenyon_Cell,,cb_intrinsic,17488,KCapbp-m,KCa'b'-m,,VFB_jrmc2igh,R,,,Roughly traced,
1687,92030,77,50,8.939922559372116e-05,KCg-m,KCg-m_L,Kenyon_Cell,,cb_intrinsic,14292,KCg-m,KCg-m,,VFB_jrmc2d7t,L,,,Prelim Roughly traced,
1688,94974,77,40,8.939922559372116e-05,KCg-m,KCg-m_R,Kenyon_Cell,,cb_intrinsic,14292,KCg-m,KCg-m,,VFB_jrmc2dbi,R,,,Prelim Roughly traced,
1689,95861,77,41,8.939922559372116e-05,KCg-m,KCg-m_L,Kenyon_Cell,,cb_intrinsic,14292,KCg-m,KCg-m,,VFB_jrmc2kck,L,,,Prelim Roughly traced,
1690,97999,77,38,8.939922559372116e-05,KCg-m,KCg-m_R,Kenyon_Cell,,cb_intrinsic,14292,KCg-m,KCg-m,,VFB_jrmc2k8n,R,,,Prelim Roughly traced,
1691,99608,77,34,8.939922559372116e-05,KCg-m,KCg-m_R,Kenyon_Cell,,cb_intrinsic,14292,KCg-m,KCg-m,,VFB_jrmc2k8p,R,,,Prelim Roughly traced,
1692,100592,77,30,8.939922559372116e-05,KCg-d,KCg-d_L,Kenyon_Cell,,cb_intrinsic,19102,KCg-d,KCg-d,,VFB_jrmc2k07,L,,,Roughly traced,
1693,102095,77,46,8.939922559372116e-05,KCg-m,KCg-m_L,Kenyon_Cell,,cb_intrinsic,14292,KCg-m,KCg-m,,VFB_jrmc2krt,L,,,Roughly traced,
1694,116917,77,31,8.939922559372116e-05,KCg-d,KCg-d_L,Kenyon_Cell,,cb_intrinsic,19102,KCg-d,KCg-d,,VFB_jrmc2k3a,L,,,Roughly traced,
1695,117051,77,40,8.939922559372116e-05,KCg-m,KCg-m_L,Kenyon_Cell,,cb_intrinsic,14292,KCg-m,KCg-m,,VFB_jrmc2kug,L,,,Roughly traced,
1696,121103,77,34,8.939922559372116e-05,KCg-m,KCg-m_R,Kenyon_Cell,,cb_intrinsic,14292,KCg-m,KCg-m,,VFB_jrmc2k8y,R,,,Prelim Roughly traced,
1697,121501,77,50,8.939922559372116e-05,KCg-m,KCg-m_L,Kenyon_Cell,,cb_intrinsic,14292,KCg-m,KCg-m,,VFB_jrmc2krx,L,,,Roughly traced,
1698,123894,77,37,8.939922559372116e-05,KCg-m,KCg-m_R,Kenyon_Cell,,cb_intrinsic,14292,KCg-m,KCg-m,,VFB_jrmc2daw,R,,,Prelim Roughly traced,
1699,129287,77,43,8.939922559372116e-05,KCg-m,KCg-m_R,Kenyon_Cell,,cb_intrinsic,14292,KCg-m,KCg-m,,VFB_jrmc2d8g,R,,,Prelim Roughly traced,
1700,132598,77,47,8.939922559372116e-05,KCg-m,KCg-m_L,Kenyon_Cell,,cb_intrinsic,14292,KCg-m,KCg-m,,VFB_jrmc2kq6,L,,,Prelim Roughly traced,
1701,135847,77,37,8.939922559372116e-05,KCg-m,KCg-m_L,Kenyon_Cell,,cb_intrinsic,14292,KCg-m,KCg-m,,VFB_jrmc2kul,L,,,Prelim Roughly traced,
1702,136101,77,43,8.939922559372116e-05,KCg-m,KCg-m_L,Kenyon_Cell,,cb_intrinsic,14292,KCg-m,KCg-m,,VFB_jrmc2d6i,L,,,Prelim Roughly traced,
1703,138352,77,42,8.939922559372116e-05,KCg-m,KCg-m_R,Kenyon_Cell,,cb_intrinsic,14292,KCg-m,KCg-m,,VFB_jrmc2kra,R,,,Prelim Roughly traced,
1704,138634,77,38,8.939922559372116e-05,KCg-m,KCg-m_L,Kenyon_Cell,,cb_intrinsic,14292,KCg-m,KCg-m,,VFB_jrmc2kvd,L,,,Prelim Roughly traced,
1705,142203,77,29,8.939922559372116e-05,KCg-d,KCg-d_L,Kenyon_Cell,,cb_intrinsic,19102,KCg-d,KCg-d,,VFB_jrmc2k5e,L,,,Roughly traced,
1706,142733,77,35,8.939922559372116e-05,KCg-d,KCg-d_L,Kenyon_Cell,,cb_intrinsic,19102,KCg-d,KCg-d,,VFB_jrmc2k2h,L,,,Roughly traced,
1707,155211,77,42,8.939922559372116e-05,KCa'b'-m,KCa'b'-m_L,Kenyon_Cell,,cb_intrinsic,17488,KCapbp-m,KCa'b'-m,,VFB_jrmc2ijp,L,,,Roughly traced,
1708,165036,77,47,8.939922559372116e-05,KCg-m,KCg-m_R,Kenyon_Cell,,cb_intrinsic,14292,KCg-m,KCg-m,,VFB_jrmc2d62,R,,,Prelim Roughly traced,
1709,170450,77,24,8.939922559372116e-05,PAM10,PAM10(B1)_L,DAN,,cb_intrinsic,28434,PAM10,PAM10,,VFB_jrmc1pwt,L,,,Roughly traced,
1710,175918,77,42,8.939922559372116e-05,KCg-m,KCg-m_L,Kenyon_Cell,,cb_intrinsic,14292,KCg-m,KCg-m,,VFB_jrmc2kim,L,,,Roughly traced,
1711,184619,77,41,8.939922559372116e-05,KCg-m,KCg-m_L,Kenyon_Cell,,cb_intrinsic,14292,KCg-m,KCg-m,,VFB_jrmc2dan,L,,,Roughly traced,
1712,195297,77,35,8.939922559372116e-05,KCa'b'-m,KCa'b'-m_R,Kenyon_Cell,,cb_intrinsic,17488,KCapbp-m,KCa'b'-m,,VFB_jrmc2ij5,R,,,Roughly traced,
1713,518333,77,36,8.939922559372116e-05,KCa'b'-ap1,KCa'b'-ap1_R,Kenyon_Cell,,cb_intrinsic,17488,KCapbp-ap1,KCa'b'-ap1,,VFB_jrmc2i3v,R,,,Roughly traced,
1714,520435,77,10,8.939922559372116e-05,FB5A,FB5A_L,CX,,cb_intrinsic,10744,CB.FB5F1,FB5A,,VFB_jrmc306r,L,,,Roughly traced,
1715,523512,77,7,8.939922559372116e-05,AVLP538,AVLP538_L,,,cb_intrinsic,,AVLP538,AVLP538,,VFB_jrmc3j2h,L,,,Roughly traced,
1716,539227,77,10,8.939922559372116e-05,FB1C,FB1C_L,CX,,cb_intrinsic,11255,CB.FB1H0,FB1C,,VFB_jrmc2zzr,L,,,Roughly traced,
1717,12123,76,4,8.82381966899066e-05,GNG316,GNG316_R,,,cb_intrinsic,,CB0191,,,VFB_jrmc2try,R,LB,,Prelim Roughly traced,
1718,19995,76,14,8.82381966899066e-05,CRE102,CRE102_L,,,cb_intrinsic,,CRE102,CRE102,,VFB_jrmc34zq,L,,,Roughly traced,
1719,36839,76,43,8.82381966899066e-05,KCg-m,KCg-m_R,Kenyon_Cell,,cb_intrinsic,14292,KCg-m,KCg-m,,VFB_jrmc2k5z,R,,,Roughly traced,
1720,38859,76,8,8.82381966899066e-05,MBON15-like,MBON15-like(a'1a'2)_L,MBON,,cb_intrinsic,11777,MBON15-like,MBON15-like,,VFB_jrmc20ad,L,,,Roughly traced,
1721,47354,76,38,8.82381966899066e-05,KCg-d,KCg-d_R,Kenyon_Cell,,cb_intrinsic,19102,KCg-d,KCg-d,,VFB_jrmc2k0f,R,,,Roughly traced,
1722,48309,76,44,8.82381966899066e-05,KCg-m,KCg-m_R,Kenyon_Cell,,cb_intrinsic,14292,KCg-m,KCg-m,,VFB_jrmc2kjg,R,,,Roughly traced,
1723,48438,76,30,8.82381966899066e-05,KCg-d,KCg-d_R,Kenyon_Cell,,cb_intrinsic,19102,KCg-d,KCg-d,,VFB_jrmc2k3v,R,,,Roughly traced,
1724,48779,76,43,8.82381966899066e-05,KCa'b'-ap2,KCa'b'-ap2_R,Kenyon_Cell,,cb_intrinsic,17488,KCapbp-ap2,KCa'b'-ap2,,VFB_jrmc2i9k,R,,,Roughly traced,
1725,48886,76,41,8.82381966899066e-05,KCg-m,KCg-m_R,Kenyon_Cell,,cb_intrinsic,14292,KCg-m,KCg-m,,VFB_jrmc2kmy,R,,,Roughly traced,
1726,49544,76,36,8.82381966899066e-05,KCg-m,KCg-m_L,Kenyon_Cell,,cb_intrinsic,14292,KCg-m,KCg-m,,VFB_jrmc2kal,L,,,Roughly traced,
1727,51742,76,41,8.82381966899066e-05,KCg-m,KCg-m_L,Kenyon_Cell,,cb_intrinsic,14292,KCg-m,KCg-m,,VFB_jrmc2krg,L,,,Roughly traced,
1728,53756,76,46,8.82381966899066e-05,KCg-m,KCg-m_L,Kenyon_Cell,,cb_intrinsic,14292,KCg-m,KCg-m,,VFB_jrmc2ku1,L,,,Roughly traced,
1729,61456,76,42,8.82381966899066e-05,KCg-m,KCg-m_R,Kenyon_Cell,,cb_intrinsic,14292,KCg-m,KCg-m,,VFB_jrmc2dat,R,,,Prelim Roughly traced,
1730,62457,76,31,8.82381966899066e-05,KCab-p,KCab-p_R,Kenyon_Cell,,cb_intrinsic,11862,KCab-p,KCab-p,,VFB_jrmc2jed,R,,,Roughly traced,
1731,63100,76,43,8.82381966899066e-05,KCg-m,KCg-m_R,Kenyon_Cell,,cb_intrinsic,14292,KCg-m,KCg-m,,VFB_jrmc2k6y,R,,,Prelim Roughly traced,
1732,63394,76,44,8.82381966899066e-05,KCg-m,KCg-m_R,Kenyon_Cell,,cb_intrinsic,14292,KCg-m,KCg-m,,VFB_jrmc2kvq,R,,,Prelim Roughly traced,
1733,65122,76,47,8.82381966899066e-05,KCg-m,KCg-m_R,Kenyon_Cell,,cb_intrinsic,14292,KCg-m,KCg-m,,VFB_jrmc2k73,R,,,Prelim Roughly traced,
1734,66594,76,42,8.82381966899066e-05,KCg-m,KCg-m_R,Kenyon_Cell,,cb_intrinsic,14292,KCg-m,KCg-m,,VFB_jrmc2k79,R,,,Prelim Roughly traced,
1735,67468,76,48,8.82381966899066e-05,KCg-m,KCg-m_L,Kenyon_Cell,,cb_intrinsic,14292,KCg-m,KCg-m,,VFB_jrmc2kfe,L,,,Roughly traced,
1736,68226,76,45,8.82381966899066e-05,KCg-m,KCg-m_R,Kenyon_Cell,,cb_intrinsic,14292,KCg-m,KCg-m,,VFB_jrmc2ko5,R,,,Prelim Roughly traced,
1737,68790,76,39,8.82381966899066e-05,KCg-m,KCg-m_R,Kenyon_Cell,,cb_intrinsic,14292,KCg-m,KCg-m,,VFB_jrmc2k7d,R,,,Prelim Roughly traced,
1738,69854,76,39,8.82381966899066e-05,KCg-m,KCg-m_L,Kenyon_Cell,,cb_intrinsic,14292,KCg-m,KCg-m,,VFB_jrmc2kfg,L,,,Roughly traced,
1739,70030,76,40,8.82381966899066e-05,KCg-m,KCg-m_R,Kenyon_Cell,,cb_intrinsic,14292,KCg-m,KCg-m,,VFB_jrmc2kkl,R,,,Prelim Roughly traced,
1740,71688,76,34,8.82381966899066e-05,KCg-d,KCg-d_R,Kenyon_Cell,,cb_intrinsic,19102,KCg-d,KCg-d,,VFB_jrmc2k19,R,,,Roughly traced,
1741,72684,76,38,8.82381966899066e-05,KCg-m,KCg-m_L,Kenyon_Cell,,cb_intrinsic,14292,KCg-m,KCg-m,,VFB_jrmc2d7q,L,,,Roughly traced,
1742,72695,76,43,8.82381966899066e-05,KCg-m,KCg-m_R,Kenyon_Cell,,cb_intrinsic,14292,KCg-m,KCg-m,,VFB_jrmc2dg8,R,,,Prelim Roughly traced,
1743,75830,76,41,8.82381966899066e-05,KCg-m,KCg-m_L,Kenyon_Cell,,cb_intrinsic,14292,KCg-m,KCg-m,,VFB_jrmc2kfp,L,,,Roughly traced,
1744,75907,76,38,8.82381966899066e-05,KCg-m,KCg-m_L,Kenyon_Cell,,cb_intrinsic,14292,KCg-m,KCg-m,,VFB_jrmc2dfs,L,,,Roughly traced,
1745,76455,76,33,8.82381966899066e-05,KCg-d,KCg-d_L,Kenyon_Cell,,cb_intrinsic,19102,KCg-d,KCg-d,,VFB_jrmc2k1z,L,,,Roughly traced,
1746,77093,76,42,8.82381966899066e-05,KCg-m,KCg-m_L,Kenyon_Cell,,cb_intrinsic,14292,KCg-m,KCg-m,,VFB_jrmc2kfr,L,,,Roughly traced,
1747,78880,76,38,8.82381966899066e-05,KCg-m,KCg-m_L,Kenyon_Cell,,cb_intrinsic,14292,KCg-m,KCg-m,,VFB_jrmc2kbm,L,,,Roughly traced,
1748,79419,76,44,8.82381966899066e-05,KCg-d,KCg-d_L,Kenyon_Cell,,cb_intrinsic,19102,KCg-d,KCg-d,,VFB_jrmc2k30,L,,,Roughly traced,
1749,80123,76,39,8.82381966899066e-05,KCg-m,KCg-m_R,Kenyon_Cell,,cb_intrinsic,14292,KCg-m,KCg-m,,VFB_jrmc2kof,R,,,Prelim Roughly traced,
1750,81187,76,43,8.82381966899066e-05,KCa'b'-m,KCa'b'-m_R,Kenyon_Cell,,cb_intrinsic,17488,KCapbp-m,KCa'b'-m,,VFB_jrmc2ihc,R,,,Roughly traced,
1751,86209,76,40,8.82381966899066e-05,KCg-m,KCg-m_L,Kenyon_Cell,,cb_intrinsic,14292,KCg-m,KCg-m,,VFB_jrmc2kg2,L,,,Prelim Roughly traced,
1752,87077,76,9,8.82381966899066e-05,MBON25,MBON25(y1y2)_L,MBON,,cb_intrinsic,25975,"MBON25,MBON34",MBON25,,VFB_jrmc20b2,L,,,Roughly traced,
1753,88584,76,45,8.82381966899066e-05,KCg-m,KCg-m_R,Kenyon_Cell,,cb_intrinsic,14292,KCg-m,KCg-m,,VFB_jrmc2kla,R,,,Prelim Roughly traced,
1754,91344,76,37,8.82381966899066e-05,KCg-m,KCg-m_L,Kenyon_Cell,,cb_intrinsic,14292,KCg-m,KCg-m,,VFB_jrmc2kpp,L,,,Prelim Roughly traced,
1755,95358,76,36,8.82381966899066e-05,KCa'b'-ap1,KCa'b'-ap1_R,Kenyon_Cell,,cb_intrinsic,17488,KCapbp-ap1,KCa'b'-ap1,,VFB_jrmc2i5p,R,,,Roughly traced,
1756,95591,76,38,8.82381966899066e-05,KCab-p,KCab-p_R,Kenyon_Cell,,cb_intrinsic,11862,KCab-p,KCab-p,,VFB_jrmc2je8,R,,,Roughly traced,
1757,101133,76,50,8.82381966899066e-05,KCg-m,KCg-m_L,Kenyon_Cell,,cb_intrinsic,14292,KCg-m,KCg-m,,VFB_jrmc2kcq,L,,,Roughly traced,
1758,104535,76,41,8.82381966899066e-05,KCa'b'-ap2,KCa'b'-ap2_L,Kenyon_Cell,,cb_intrinsic,17488,KCapbp-ap2,KCa'b'-ap2,,VFB_jrmc2idt,L,,,Roughly traced,
1759,107312,76,41,8.82381966899066e-05,KCa'b'-m,KCa'b'-m_L,Kenyon_Cell,,cb_intrinsic,17488,KCapbp-m,KCa'b'-m,,VFB_jrmc2ik1,L,,,Roughly traced,
1760,109161,76,42,8.82381966899066e-05,KCg-m,KCg-m_L,Kenyon_Cell,,cb_intrinsic,14292,KCg-m,KCg-m,,VFB_jrmc2ksp,L,,,Roughly traced,
1761,112009,76,38,8.82381966899066e-05,KCg-m,KCg-m_L,Kenyon_Cell,,cb_intrinsic,14292,KCg-m,KCg-m,,VFB_jrmc2kd2,L,,,Roughly traced,
1762,112040,76,40,8.82381966899066e-05,KCg-m,KCg-m_R,Kenyon_Cell,,cb_intrinsic,14292,KCg-m,KCg-m,,VFB_jrmc2klj,R,,,Prelim Roughly traced,
1763,112359,76,43,8.82381966899066e-05,KCg-m,KCg-m_L,Kenyon_Cell,,cb_intrinsic,14292,KCg-m,KCg-m,,VFB_jrmc2kd3,L,,,Roughly traced,
1764,116218,76,47,8.82381966899066e-05,KCg-m,KCg-m_L,Kenyon_Cell,,cb_intrinsic,14292,KCg-m,KCg-m,,VFB_jrmc2kd6,L,,,Roughly traced,
1765,118629,76,44,8.82381966899066e-05,KCg-m,KCg-m_R,Kenyon_Cell,,cb_intrinsic,14292,KCg-m,KCg-m,,VFB_jrmc2kw3,R,,,Prelim Roughly traced,
1766,121712,76,38,8.82381966899066e-05,KCg-m,KCg-m_L,Kenyon_Cell,,cb_intrinsic,14292,KCg-m,KCg-m,,VFB_jrmc2kh8,L,,,Roughly traced,
1767,123684,76,41,8.82381966899066e-05,KCg-m,KCg-m_L,Kenyon_Cell,,cb_intrinsic,14292,KCg-m,KCg-m,,VFB_jrmc2kq2,L,,,Roughly traced,
1768,126815,76,41,8.82381966899066e-05,KCg-m,KCg-m_L,Kenyon_Cell,,cb_intrinsic,14292,KCg-m,KCg-m,,VFB_jrmc2kdd,L,,,Roughly traced,
1769,133083,76,36,8.82381966899066e-05,KCa'b'-ap2,KCa'b'-ap2_L,Kenyon_Cell,,cb_intrinsic,17488,KCapbp-ap2,KCa'b'-ap2,,VFB_jrmc2iew,L,,,Roughly traced,
1770,135158,76,38,8.82381966899066e-05,KCg-m,KCg-m_L,Kenyon_Cell,,cb_intrinsic,14292,KCg-m,KCg-m,,VFB_jrmc2kdo,L,,,Prelim Roughly traced,
1771,136531,76,41,8.82381966899066e-05,KCg-m,KCg-m_R,Kenyon_Cell,,cb_intrinsic,14292,KCg-m,KCg-m,,VFB_jrmc2dev,R,,,Prelim Roughly traced,
1772,137484,76,42,8.82381966899066e-05,KCg-m,KCg-m_L,Kenyon_Cell,,cb_intrinsic,14292,KCg-m,KCg-m,,VFB_jrmc2khq,L,,,Prelim Roughly traced,
1773,138198,76,35,8.82381966899066e-05,KCg-d,KCg-d_L,Kenyon_Cell,,cb_intrinsic,19102,KCg-d,KCg-d,,VFB_jrmc2k2z,L,,,Prelim Roughly traced,
1774,144730,76,47,8.82381966899066e-05,KCg-m,KCg-m_L,Kenyon_Cell,,cb_intrinsic,14292,KCg-m,KCg-m,,VFB_jrmc2d95,L,,,Roughly traced,
1775,147068,76,35,8.82381966899066e-05,KCg-m,KCg-m_L,Kenyon_Cell,,cb_intrinsic,14292,KCg-m,KCg-m,,VFB_jrmc2ke7,L,,,Roughly traced,
1776,147185,76,41,8.82381966899066e-05,KCg-m,KCg-m_L,Kenyon_Cell,,cb_intrinsic,14292,KCg-m,KCg-m,,VFB_jrmc2db6,L,,,Roughly traced,
1777,148198,76,39,8.82381966899066e-05,KCg-m,KCg-m_L,Kenyon_Cell,,cb_intrinsic,14292,KCg-m,KCg-m,,VFB_jrmc2ke8,L,,,Roughly traced,
1778,155312,76,45,8.82381966899066e-05,KCg-m,KCg-m_L,Kenyon_Cell,,cb_intrinsic,14292,KCg-m,KCg-m,,VFB_jrmc2kqm,L,,,Roughly traced,
1779,159580,76,34,8.82381966899066e-05,KCg-d,KCg-d_R,Kenyon_Cell,,cb_intrinsic,19102,KCg-d,KCg-d,,VFB_jrmc2k43,R,,,Roughly traced,
1780,520721,76,15,8.82381966899066e-05,SMP471,SMP471_R,,,cb_intrinsic,12216,SMP471,SMP471,,VFB_jrmc1dzl,R,,,Roughly traced,
1781,520727,76,17,8.82381966899066e-05,FB4K,FB4K_R,CX,,cb_intrinsic,,FB4K,FB4K,,VFB_jrmc3052,R,,,Roughly traced,
1782,521384,76,42,8.82381966899066e-05,KCg-m,KCg-m_R,Kenyon_Cell,,cb_intrinsic,14292,KCg-m,KCg-m,,VFB_jrmc2d8t,R,,,Prelim Roughly traced,
1783,523630,76,42,8.82381966899066e-05,KCg-m,KCg-m_R,Kenyon_Cell,,cb_intrinsic,14292,KCg-m,KCg-m,,VFB_jrmc2d8u,R,,,Prelim Roughly traced,
1784,529371,76,39,8.82381966899066e-05,KCg-m,KCg-m_L,Kenyon_Cell,,cb_intrinsic,14292,KCg-m,KCg-m,,VFB_jrmc2dby,L,,,Roughly traced,
1785,539245,76,47,8.82381966899066e-05,KCg-m,KCg-m_L,Kenyon_Cell,,cb_intrinsic,14292,KCg-m,KCg-m,,VFB_jrmc2kup,L,,,Roughly traced,
1786,540535,76,46,8.82381966899066e-05,KCg-m,KCg-m_L,Kenyon_Cell,,cb_intrinsic,14292,KCg-m,KCg-m,,VFB_jrmc2ddd,L,,,Roughly traced,
1787,567978,76,42,8.82381966899066e-05,KCg-m,KCg-m_L,Kenyon_Cell,,cb_intrinsic,14292,KCg-m,KCg-m,,VFB_jrmc2d83,L,,,Roughly traced,
1788,581328,76,41,8.82381966899066e-05,KCg-m,KCg-m_L,Kenyon_Cell,,cb_intrinsic,14292,KCg-m,KCg-m,,VFB_jrmc2kep,L,,,Roughly traced,
1789,10799,75,16,8.707716778609203e-05,OA-VUMa4,OA-VUMa4_M,,,cb_intrinsic,10799,OA-VUMa4,,,VFB_jrmc1ng5,M,MX,,Roughly traced,
1790,14120,75,9,8.707716778609203e-05,FB2D,FB2D_R,CX,,cb_intrinsic,12083,CB.FB2I3,FB2D,,VFB_jrmc3012,R,CG,,Roughly traced,
1791,14292,75,35,8.707716778609203e-05,KCg-m,KCg-m_R,Kenyon_Cell,,cb_intrinsic,14292,KCg-m,KCg-m,,VFB_jrmc2kmi,R,,,Roughly traced,
1792,17488,75,43,8.707716778609203e-05,KCa'b'-ap2,KCa'b'-ap2_R,Kenyon_Cell,,cb_intrinsic,17488,KCapbp-ap2,KCa'b'-ap2,,VFB_jrmc2iey,R,,,Roughly traced,
1793,20835,75,5,8.707716778609203e-05,MBON23,MBON23(a2sp)_R,MBON,,cb_intrinsic,20835,MBON23,MBON23,,VFB_jrmc20ay,R,,,Roughly traced,
1794,29493,75,8,8.707716778609203e-05,PFNv,PFNv(PB05)_R7_C3,CX,,cb_intrinsic,10817,PFNv,PFNv,,VFB_jrmc1iiz,R,,,Roughly traced,
1795,38774,75,34,8.707716778609203e-05,KCa'b'-ap1,KCa'b'-ap1_R,Kenyon_Cell,,cb_intrinsic,17488,KCapbp-ap1,KCa'b'-ap1,,VFB_jrmc2i7s,R,,,Roughly traced,
1796,43850,75,43,8.707716778609203e-05,KCg-m,KCg-m_R,Kenyon_Cell,,cb_intrinsic,14292,KCg-m,KCg-m,,VFB_jrmc2k65,R,,,Roughly traced,
1797,44948,75,37,8.707716778609203e-05,KCg-d,KCg-d_R,Kenyon_Cell,,cb_intrinsic,19102,KCg-d,KCg-d,,VFB_jrmc2k0e,R,,,Roughly traced,
1798,46497,75,42,8.707716778609203e-05,KCg-m,KCg-m_L,Kenyon_Cell,,cb_intrinsic,14292,KCg-m,KCg-m,,VFB_jrmc2ksc,L,,,Roughly traced,
1799,46670,75,42,8.707716778609203e-05,KCg-m,KCg-m_R,Kenyon_Cell,,cb_intrinsic,14292,KCg-m,KCg-m,,VFB_jrmc2kjb,R,,,Roughly traced,
1800,47181,75,33,8.707716778609203e-05,KCg-d,KCg-d_L,Kenyon_Cell,,cb_intrinsic,19102,KCg-d,KCg-d,,VFB_jrmc2k2m,L,,,Roughly traced,
1801,47348,75,14,8.707716778609203e-05,hDeltaJ,hDeltaJ_11_C9,CX,,cb_intrinsic,11512,hDeltaJ,hDeltaJ,,VFB_jrmc02la,L,,,Prelim Roughly traced,
1802,47694,75,43,8.707716778609203e-05,KCg-m,KCg-m_L,Kenyon_Cell,,cb_intrinsic,14292,KCg-m,KCg-m,,VFB_jrmc2krf,L,,,Roughly traced,
1803,47847,75,38,8.707716778609203e-05,KCg-d,KCg-d_R,Kenyon_Cell,,cb_intrinsic,19102,KCg-d,KCg-d,,VFB_jrmc2k32,R,,,Roughly traced,
1804,47988,75,45,8.707716778609203e-05,KCg-m,KCg-m_L,Kenyon_Cell,,cb_intrinsic,14292,KCg-m,KCg-m,,VFB_jrmc2kse,L,,,Roughly traced,
1805,51195,75,34,8.707716778609203e-05,KCg-m,KCg-m_R,Kenyon_Cell,,cb_intrinsic,14292,KCg-m,KCg-m,,VFB_jrmc2dap,R,,,Roughly traced,
1806,52903,75,12,8.707716778609203e-05,PFNd,PFNd(PB04)_R6_C4,CX,,cb_intrinsic,10817,PFNd,PFNd,,VFB_jrmc1i8w,R,,,Prelim Roughly traced,
1807,53144,75,36,8.707716778609203e-05,KCg-m,KCg-m_R,Kenyon_Cell,,cb_intrinsic,14292,KCg-m,KCg-m,,VFB_jrmc2d5l,R,,,Roughly traced,
1808,53851,75,45,8.707716778609203e-05,KCa'b'-ap2,KCa'b'-ap2_R,Kenyon_Cell,,cb_intrinsic,17488,KCapbp-ap2,KCa'b'-ap2,,VFB_jrmc2i86,R,,,Roughly traced,
1809,53957,75,36,8.707716778609203e-05,KCa'b'-m,KCa'b'-m_R,Kenyon_Cell,,cb_intrinsic,17488,KCapbp-m,KCa'b'-m,,VFB_jrmc2ig2,R,,,Roughly traced,
1810,56866,75,43,8.707716778609203e-05,KCg-m,KCg-m_L,Kenyon_Cell,,cb_intrinsic,14292,KCg-m,KCg-m,,VFB_jrmc2d8w,L,,,Roughly traced,
1811,58586,75,43,8.707716778609203e-05,KCg-m,KCg-m_R,Kenyon_Cell,,cb_intrinsic,14292,KCg-m,KCg-m,,VFB_jrmc2kng,R,,,Roughly traced,
1812,59978,75,44,8.707716778609203e-05,KCg-m,KCg-m_R,Kenyon_Cell,,cb_intrinsic,14292,KCg-m,KCg-m,,VFB_jrmc2d89,R,,,Prelim Roughly traced,
1813,60834,75,42,8.707716778609203e-05,KCg-m,KCg-m_L,Kenyon_Cell,,cb_intrinsic,14292,KCg-m,KCg-m,,VFB_jrmc2kuw,L,,,Roughly traced,
1814,60957,75,46,8.707716778609203e-05,KCg-m,KCg-m_R,Kenyon_Cell,,cb_intrinsic,14292,KCg-m,KCg-m,,VFB_jrmc2kno,R,,,Prelim Roughly traced,
1815,60960,75,33,8.707716778609203e-05,KCa'b'-ap2,KCa'b'-ap2_R,Kenyon_Cell,,cb_intrinsic,17488,KCapbp-ap2,KCa'b'-ap2,,VFB_jrmc2ibt,R,,,Roughly traced,
1816,61126,75,50,8.707716778609203e-05,KCg-m,KCg-m_R,Kenyon_Cell,,cb_intrinsic,14292,KCg-m,KCg-m,,VFB_jrmc2kk1,R,,,Prelim Roughly traced,
1817,61339,75,35,8.707716778609203e-05,KCa'b'-ap2,KCa'b'-ap2_R,Kenyon_Cell,,cb_intrinsic,17488,KCapbp-ap2,KCa'b'-ap2,,VFB_jrmc2i9w,R,,,Roughly traced,
1818,61570,75,38,8.707716778609203e-05,KCa'b'-ap2,KCa'b'-ap2_L,Kenyon_Cell,,cb_intrinsic,17488,KCapbp-ap2,KCa'b'-ap2,,VFB_jrmc2i97,L,,,Roughly traced,
1819,61802,75,41,8.707716778609203e-05,KCg-m,KCg-m_L,Kenyon_Cell,,cb_intrinsic,14292,KCg-m,KCg-m,,VFB_jrmc2kf6,L,,,Roughly traced,
1820,61936,75,44,8.707716778609203e-05,KCa'b'-ap2,KCa'b'-ap2_R,Kenyon_Cell,,cb_intrinsic,17488,KCapbp-ap2,KCa'b'-ap2,,VFB_jrmc2i9x,R,,,Roughly traced,
1821,63153,75,41,8.707716778609203e-05,KCg-m,KCg-m_R,Kenyon_Cell,,cb_intrinsic,14292,KCg-m,KCg-m,,VFB_jrmc2knr,R,,,Prelim Roughly traced,
1822,64437,75,44,8.707716778609203e-05,KCg-m,KCg-m_R,Kenyon_Cell,,cb_intrinsic,14292,KCg-m,KCg-m,,VFB_jrmc2knv,R,,,Prelim Roughly traced,
1823,65427,75,42,8.707716778609203e-05,KCg-m,KCg-m_R,Kenyon_Cell,,cb_intrinsic,14292,KCg-m,KCg-m,,VFB_jrmc2dez,R,,,Prelim Roughly traced,
1824,67474,75,32,8.707716778609203e-05,KCa'b'-ap1,KCa'b'-ap1_R,Kenyon_Cell,,cb_intrinsic,17488,KCapbp-ap1,KCa'b'-ap1,,VFB_jrmc2i3k,R,,,Roughly traced,
1825,67828,75,41,8.707716778609203e-05,KCg-m,KCg-m_R,Kenyon_Cell,,cb_intrinsic,14292,KCg-m,KCg-m,,VFB_jrmc2k7b,R,,,Prelim Roughly traced,
1826,69114,75,40,8.707716778609203e-05,KCg-m,KCg-m_L,Kenyon_Cell,,cb_intrinsic,14292,KCg-m,KCg-m,,VFB_jrmc2dae,L,,,Roughly traced,
1827,69175,75,50,8.707716778609203e-05,KCg-m,KCg-m_R,Kenyon_Cell,,cb_intrinsic,14292,KCg-m,KCg-m,,VFB_jrmc2k7f,R,,,Prelim Roughly traced,
1828,69716,75,42,8.707716778609203e-05,KCg-m,KCg-m_R,Kenyon_Cell,,cb_intrinsic,14292,KCg-m,KCg-m,,VFB_jrmc2d5u,R,,,Prelim Roughly traced,
1829,71618,75,45,8.707716778609203e-05,KCg-m,KCg-m_L,Kenyon_Cell,,cb_intrinsic,14292,KCg-m,KCg-m,,VFB_jrmc2kb4,L,,,Roughly traced,
1830,71908,75,37,8.707716778609203e-05,KCa'b'-m,KCa'b'-m_R,Kenyon_Cell,,cb_intrinsic,17488,KCapbp-m,KCa'b'-m,,VFB_jrmc2ikt,R,,,Roughly traced,
1831,72111,75,42,8.707716778609203e-05,KCg-m,KCg-m_R,Kenyon_Cell,,cb_intrinsic,14292,KCg-m,KCg-m,,VFB_jrmc2kko,R,,,Prelim Roughly traced,
1832,74683,75,44,8.707716778609203e-05,KCa'b'-ap2,KCa'b'-ap2_R,Kenyon_Cell,,cb_intrinsic,17488,KCapbp-ap2,KCa'b'-ap2,,VFB_jrmc2iee,R,,,Roughly traced,
1833,75368,75,42,8.707716778609203e-05,KCg-m,KCg-m_L,Kenyon_Cell,,cb_intrinsic,14292,KCg-m,KCg-m,,VFB_jrmc2kbc,L,,,Roughly traced,
1834,77631,75,39,8.707716778609203e-05,KCg-m,KCg-m_L,Kenyon_Cell,,cb_intrinsic,14292,KCg-m,KCg-m,,VFB_jrmc2kft,L,,,Roughly traced,
1835,79653,75,40,8.707716778609203e-05,KCg-m,KCg-m_R,Kenyon_Cell,,cb_intrinsic,14292,KCg-m,KCg-m,,VFB_jrmc2kkw,R,,,Prelim Roughly traced,
1836,79893,75,44,8.707716778609203e-05,KCa'b'-ap2,KCa'b'-ap2_L,Kenyon_Cell,,cb_intrinsic,17488,KCapbp-ap2,KCa'b'-ap2,,VFB_jrmc2idz,L,,,Roughly traced,
1837,80143,75,41,8.707716778609203e-05,KCg-m,KCg-m_L,Kenyon_Cell,,cb_intrinsic,14292,KCg-m,KCg-m,,VFB_jrmc2kfv,L,,,Roughly traced,
1838,80415,75,10,8.707716778609203e-05,FB4A_b,FB4A_b_R,CX,,cb_intrinsic,11994,FB4A,FB4A,,VFB_jrmc303t,R,CG,,Roughly traced,
1839,81233,75,41,8.707716778609203e-05,KCg-m,KCg-m_R,Kenyon_Cell,,cb_intrinsic,14292,KCg-m,KCg-m,,VFB_jrmc2d8q,R,,,Prelim Roughly traced,
1840,81349,75,37,8.707716778609203e-05,KCg-m,KCg-m_L,Kenyon_Cell,,cb_intrinsic,14292,KCg-m,KCg-m,,VFB_jrmc2db3,L,,,Prelim Roughly traced,
1841,85349,75,33,8.707716778609203e-05,KCg-d,KCg-d_R,Kenyon_Cell,,cb_intrinsic,19102,KCg-d,KCg-d,,VFB_jrmc2k1g,R,,,Roughly traced,
1842,87576,75,39,8.707716778609203e-05,KCab-s,KCab-s_R,Kenyon_Cell,,cb_intrinsic,11862,KCab,"KCab-m,KCab-c,KCab-s",,VFB_jrmc2jyy,R,,,Roughly traced,
1843,88428,75,42,8.707716778609203e-05,KCg-m,KCg-m_L,Kenyon_Cell,,cb_intrinsic,14292,KCg-m,KCg-m,,VFB_jrmc2db1,L,,,Prelim Roughly traced,
1844,89041,75,45,8.707716778609203e-05,KCg-m,KCg-m_L,Kenyon_Cell,,cb_intrinsic,14292,KCg-m,KCg-m,,VFB_jrmc2kg8,L,,,Prelim Roughly traced,
1845,89471,75,39,8.707716778609203e-05,KCg-m,KCg-m_R,Kenyon_Cell,,cb_intrinsic,14292,KCg-m,KCg-m,,VFB_jrmc2klc,R,,,Prelim Roughly traced,
1846,90153,75,36,8.707716778609203e-05,KCa'b'-ap1,KCa'b'-ap1_L,Kenyon_Cell,,cb_intrinsic,17488,KCapbp-ap1,KCa'b'-ap1,,VFB_jrmc2i7c,L,,,Roughly traced,
1847,90323,75,34,8.707716778609203e-05,KCa'b'-ap1,KCa'b'-ap1_R,Kenyon_Cell,,cb_intrinsic,17488,KCapbp-ap1,KCa'b'-ap1,,VFB_jrmc2i6z,R,,,Roughly traced,
1848,90363,75,36,8.707716778609203e-05,KCg-m,KCg-m_L,Kenyon_Cell,,cb_intrinsic,14292,KCg-m,KCg-m,,VFB_jrmc2ktf,L,,,Prelim Roughly traced,
1849,92149,75,40,8.707716778609203e-05,KCa'b'-ap2,KCa'b'-ap2_R,Kenyon_Cell,,cb_intrinsic,17488,KCapbp-ap2,KCa'b'-ap2,,VFB_jrmc2if3,R,,,Roughly traced,
1850,92168,75,35,8.707716778609203e-05,KCg-d,KCg-d_L,Kenyon_Cell,,cb_intrinsic,19102,KCg-d,KCg-d,,VFB_jrmc2k2v,L,,,Prelim Roughly traced,
1851,96497,75,12,8.707716778609203e-05,PAM07,PAM07(y4<y1y2)_R,DAN,,cb_intrinsic,39617,PAM07,PAM07,,VFB_jrmc1pun,R,,,Roughly traced,
1852,96721,75,46,8.707716778609203e-05,KCg-m,KCg-m_L,Kenyon_Cell,,cb_intrinsic,14292,KCg-m,KCg-m,,VFB_jrmc2kcn,L,,,Prelim Roughly traced,
1853,98665,75,41,8.707716778609203e-05,KCg-m,KCg-m_L,Kenyon_Cell,,cb_intrinsic,14292,KCg-m,KCg-m,,VFB_jrmc2kcp,L,,,Roughly traced,
1854,102283,75,37,8.707716778609203e-05,KCg-d,KCg-d_R,Kenyon_Cell,,cb_intrinsic,19102,KCg-d,KCg-d,,VFB_jrmc2k06,R,,,Roughly traced,
1855,103144,75,41,8.707716778609203e-05,KCg-m,KCg-m_R,Kenyon_Cell,,cb_intrinsic,14292,KCg-m,KCg-m,,VFB_jrmc2k8r,R,,,Prelim Roughly traced,
1856,108002,75,46,8.707716778609203e-05,KCg-m,KCg-m_R,Kenyon_Cell,,cb_intrinsic,14292,KCg-m,KCg-m,,VFB_jrmc2d8r,R,,,Prelim Roughly traced,
1857,108389,75,42,8.707716778609203e-05,KCg-m,KCg-m_L,Kenyon_Cell,,cb_intrinsic,14292,KCg-m,KCg-m,,VFB_jrmc2kue,L,,,Roughly traced,
1858,110950,75,34,8.707716778609203e-05,KCg-m,KCg-m_L,Kenyon_Cell,,cb_intrinsic,14292,KCg-m,KCg-m,,VFB_jrmc2kgq,L,,,Roughly traced,
1859,112697,75,45,8.707716778609203e-05,KCg-m,KCg-m_L,Kenyon_Cell,,cb_intrinsic,14292,KCg-m,KCg-m,,VFB_jrmc2kgv,L,,,Roughly traced,
1860,112749,75,41,8.707716778609203e-05,KCg-m,KCg-m_R,Kenyon_Cell,,cb_intrinsic,14292,KCg-m,KCg-m,,VFB_jrmc2k8w,R,,,Prelim Roughly traced,
1861,124632,75,43,8.707716778609203e-05,KCg-m,KCg-m_R,Kenyon_Cell,,cb_intrinsic,14292,KCg-m,KCg-m,,VFB_jrmc2koy,R,,,Prelim Roughly traced,
1862,129965,75,44,8.707716778609203e-05,KCg-m,KCg-m_R,Kenyon_Cell,,cb_intrinsic,14292,KCg-m,KCg-m,,VFB_jrmc2klw,R,,,Prelim Roughly traced,
1863,130317,75,41,8.707716778609203e-05,KCg-m,KCg-m_R,Kenyon_Cell,,cb_intrinsic,14292,KCg-m,KCg-m,,VFB_jrmc2k93,R,,,Prelim Roughly traced,
1864,130439,75,43,8.707716778609203e-05,KCg-m,KCg-m_L,Kenyon_Cell,,cb_intrinsic,14292,KCg-m,KCg-m,,VFB_jrmc2kdh,L,,,Prelim Roughly traced,
1865,130603,75,39,8.707716778609203e-05,KCg-m,KCg-m_R,Kenyon_Cell,,cb_intrinsic,14292,KCg-m,KCg-m,,VFB_jrmc2k94,R,,,Prelim Roughly traced,
1866,136581,75,40,8.707716778609203e-05,KCg-m,KCg-m_L,Kenyon_Cell,,cb_intrinsic,14292,KCg-m,KCg-m,,VFB_jrmc2ktp,L,,,Prelim Roughly traced,
1867,137174,75,42,8.707716778609203e-05,KCg-m,KCg-m_L,Kenyon_Cell,,cb_intrinsic,14292,KCg-m,KCg-m,,VFB_jrmc2db5,L,,,Prelim Roughly traced,
1868,138378,75,40,8.707716778609203e-05,KCg-m,KCg-m_L,Kenyon_Cell,,cb_intrinsic,14292,KCg-m,KCg-m,,VFB_jrmc2kt1,L,,,Prelim Roughly traced,
1869,139970,75,44,8.707716778609203e-05,KCg-m,KCg-m_L,Kenyon_Cell,,cb_intrinsic,14292,KCg-m,KCg-m,,VFB_jrmc2d6j,L,,,Prelim Roughly traced,
1870,141602,75,44,8.707716778609203e-05,KCg-m,KCg-m_L,Kenyon_Cell,,cb_intrinsic,14292,KCg-m,KCg-m,,VFB_jrmc2kdy,L,,,Prelim Roughly traced,
1871,146099,75,41,8.707716778609203e-05,KCa'b'-ap2,KCa'b'-ap2_R,Kenyon_Cell,,cb_intrinsic,17488,KCapbp-ap2,KCa'b'-ap2,,VFB_jrmc2i8n,R,,,Roughly traced,
1872,147585,75,37,8.707716778609203e-05,KCg-d,KCg-d_L,Kenyon_Cell,,cb_intrinsic,19102,KCg-d,KCg-d,,VFB_jrmc2k2j,L,,,Roughly traced,
1873,148493,75,46,8.707716778609203e-05,KCg-m,KCg-m_R,Kenyon_Cell,,cb_intrinsic,14292,KCg-m,KCg-m,,VFB_jrmc2km2,R,,,Prelim Roughly traced,
1874,155793,75,40,8.707716778609203e-05,KCa'b'-ap1,KCa'b'-ap1_R,Kenyon_Cell,,cb_intrinsic,17488,KCapbp-ap1,KCa'b'-ap1,,VFB_jrmc2i65,R,,,Roughly traced,
1875,156528,75,44,8.707716778609203e-05,KCg-m,KCg-m_L,Kenyon_Cell,,cb_intrinsic,14292,KCg-m,KCg-m,,VFB_jrmc2d7z,L,,,Roughly traced,
1876,158007,75,41,8.707716778609203e-05,KCab-s,KCab-s_L,Kenyon_Cell,,cb_intrinsic,11862,KCab,"KCab-m,KCab-c,KCab-s",,VFB_jrmc2jx3,L,,,Roughly traced,
1877,160878,75,36,8.707716778609203e-05,KCg-m,KCg-m_R,Kenyon_Cell,,cb_intrinsic,14292,KCg-m,KCg-m,,VFB_jrmc2dbj,R,,,Prelim Roughly traced,
1878,164103,75,40,8.707716778609203e-05,KCg-m,KCg-m_R,Kenyon_Cell,,cb_intrinsic,14292,KCg-m,KCg-m,,VFB_jrmc2dbq,R,,,Prelim Roughly traced,
1879,164355,75,36,8.707716778609203e-05,KCab-s,KCab-s_L,Kenyon_Cell,,cb_intrinsic,11862,KCab,"KCab-m,KCab-c,KCab-s",,VFB_jrmc2juz,L,,,Roughly traced,
1880,188198,75,51,8.707716778609203e-05,KCg-m,KCg-m_L,Kenyon_Cell,,cb_intrinsic,14292,KCg-m,KCg-m,,VFB_jrmc2keg,L,,,Roughly traced,
1881,197895,75,46,8.707716778609203e-05,KCg-m,KCg-m_L,Kenyon_Cell,,cb_intrinsic,14292,KCg-m,KCg-m,,VFB_jrmc2keh,L,,,Roughly traced,
1882,524851,75,45,8.707716778609203e-05,KCg-m,KCg-m_R,Kenyon_Cell,,cb_intrinsic,14292,KCg-m,KCg-m,,VFB_jrmc2k9z,R,,,Prelim Roughly traced,
1883,526720,75,40,8.707716778609203e-05,KCa'b'-ap2,KCa'b'-ap2_R,Kenyon_Cell,,cb_intrinsic,17488,KCapbp-ap2,KCa'b'-ap2,,VFB_jrmc2ic0,R,,,Roughly traced,
1884,547276,75,44,8.707716778609203e-05,KCg-m,KCg-m_R,Kenyon_Cell,,cb_intrinsic,14292,KCg-m,KCg-m,,VFB_jrmc2ka4,R,,,Prelim Roughly traced,
1885,10063,74,19,8.591613888227747e-05,DNp27,DNp27_R,,xn,descending_neuron,,DNp27,DNp27,DNp27,VFB_jrmc30oz,R,,,Roughly traced,
1886,22446,74,11,8.591613888227747e-05,hDeltaH,hDeltaH_11_C6,CX,,cb_intrinsic,11512,hDeltaH,hDeltaH,,VFB_jrmc02kh,L,,,Prelim Roughly traced,
1887,23850,74,17,8.591613888227747e-05,OA-ASM2,OA-ASM2_R,,,cb_intrinsic,,OA-ASM2,OA-ASM2,,VFB_jrmc1nfs,R,,,Roughly traced,
1888,36378,74,47,8.591613888227747e-05,KCg-m,KCg-m_R,Kenyon_Cell,,cb_intrinsic,14292,KCg-m,KCg-m,,VFB_jrmc2d79,R,,,Roughly traced,
1889,38967,74,48,8.591613888227747e-05,KCg-m,KCg-m_R,Kenyon_Cell,,cb_intrinsic,14292,KCg-m,KCg-m,,VFB_jrmc2kvo,R,,,Roughly traced,
1890,39909,74,35,8.591613888227747e-05,KCg-m,KCg-m_R,Kenyon_Cell,,cb_intrinsic,14292,KCg-m,KCg-m,,VFB_jrmc2kix,R,,,Roughly traced,
1891,42185,74,36,8.591613888227747e-05,KCab-p,KCab-p_R,Kenyon_Cell,,cb_intrinsic,11862,KCab-p,KCab-p,,VFB_jrmc2jh4,R,,,Roughly traced,
1892,42425,74,48,8.591613888227747e-05,KCg-m,KCg-m_R,Kenyon_Cell,,cb_intrinsic,14292,KCg-m,KCg-m,,VFB_jrmc2d84,R,,,Roughly traced,
1893,43616,74,49,8.591613888227747e-05,KCg-m,KCg-m_R,Kenyon_Cell,,cb_intrinsic,14292,KCg-m,KCg-m,,VFB_jrmc2kj2,R,,,Roughly traced,
1894,44485,74,29,8.591613888227747e-05,KCg-d,KCg-d_R,Kenyon_Cell,,cb_intrinsic,19102,KCg-d,KCg-d,,VFB_jrmc2k3z,R,,,Roughly traced,
1895,45467,74,39,8.591613888227747e-05,KCg-m,KCg-m_L,Kenyon_Cell,,cb_intrinsic,14292,KCg-m,KCg-m,,VFB_jrmc2kev,L,,,Roughly traced,
1896,45881,74,42,8.591613888227747e-05,KCg-m,KCg-m_R,Kenyon_Cell,,cb_intrinsic,14292,KCg-m,KCg-m,,VFB_jrmc2kms,R,,,Roughly traced,
1897,51552,74,45,8.591613888227747e-05,KCg-m,KCg-m_L,Kenyon_Cell,,cb_intrinsic,14292,KCg-m,KCg-m,,VFB_jrmc2kar,L,,,Roughly traced,
1898,51688,74,43,8.591613888227747e-05,KCa'b'-ap2,KCa'b'-ap2_R,Kenyon_Cell,,cb_intrinsic,17488,KCapbp-ap2,KCa'b'-ap2,,VFB_jrmc2i82,R,,,Roughly traced,
1899,52337,74,41,8.591613888227747e-05,KCa'b'-ap2,KCa'b'-ap2_R,Kenyon_Cell,,cb_intrinsic,17488,KCapbp-ap2,KCa'b'-ap2,,VFB_jrmc2i83,R,,,Roughly traced,
1900,52773,74,49,8.591613888227747e-05,KCg-m,KCg-m_R,Kenyon_Cell,,cb_intrinsic,14292,KCg-m,KCg-m,,VFB_jrmc2kn9,R,,,Roughly traced,
1901,53217,74,38,8.591613888227747e-05,KCg-d,KCg-d_R,Kenyon_Cell,,cb_intrinsic,19102,KCg-d,KCg-d,,VFB_jrmc2k0m,R,,,Roughly traced,
1902,55278,74,40,8.591613888227747e-05,KCg-m,KCg-m_R,Kenyon_Cell,,cb_intrinsic,14292,KCg-m,KCg-m,,VFB_jrmc2kna,R,,,Roughly traced,
1903,55542,74,43,8.591613888227747e-05,KCg-m,KCg-m_L,Kenyon_Cell,,cb_intrinsic,14292,KCg-m,KCg-m,,VFB_jrmc2kf1,L,,,Roughly traced,
1904,57075,74,41,8.591613888227747e-05,KCg-m,KCg-m_R,Kenyon_Cell,,cb_intrinsic,14292,KCg-m,KCg-m,,VFB_jrmc2kjx,R,,,Roughly traced,
1905,57355,74,33,8.591613888227747e-05,KCg-m,KCg-m_R,Kenyon_Cell,,cb_intrinsic,14292,KCg-m,KCg-m,,VFB_jrmc2d5q,R,,,Roughly traced,
1906,57545,74,33,8.591613888227747e-05,KCg-d,KCg-d_R,Kenyon_Cell,,cb_intrinsic,19102,KCg-d,KCg-d,,VFB_jrmc2k15,R,,,Roughly traced,
1907,58471,74,44,8.591613888227747e-05,KCg-m,KCg-m_L,Kenyon_Cell,,cb_intrinsic,14292,KCg-m,KCg-m,,VFB_jrmc2kp9,L,,,Roughly traced,
1908,58501,74,30,8.591613888227747e-05,KCg-d,KCg-d_R,Kenyon_Cell,,cb_intrinsic,19102,KCg-d,KCg-d,,VFB_jrmc2k5g,R,,,Roughly traced,
1909,60443,74,38,8.591613888227747e-05,KCa'b'-ap2,KCa'b'-ap2_R,Kenyon_Cell,,cb_intrinsic,17488,KCapbp-ap2,KCa'b'-ap2,,VFB_jrmc2i88,R,,,Roughly traced,
1910,61382,74,43,8.591613888227747e-05,KCg-m,KCg-m_R,Kenyon_Cell,,cb_intrinsic,14292,KCg-m,KCg-m,,VFB_jrmc2k6u,R,,,Prelim Roughly traced,
1911,66973,74,31,8.591613888227747e-05,KCg-d,KCg-d_R,Kenyon_Cell,,cb_intrinsic,19102,KCg-d,KCg-d,,VFB_jrmc2k18,R,,,Roughly traced,
1912,67257,74,40,8.591613888227747e-05,KCg-m,KCg-m_L,Kenyon_Cell,,cb_intrinsic,14292,KCg-m,KCg-m,,VFB_jrmc2dfp,L,,,Roughly traced,
1913,67774,74,37,8.591613888227747e-05,KCg-m,KCg-m_R,Kenyon_Cell,,cb_intrinsic,14292,KCg-m,KCg-m,,VFB_jrmc2ko4,R,,,Prelim Roughly traced,
1914,68979,74,44,8.591613888227747e-05,KCg-m,KCg-m_L,Kenyon_Cell,,cb_intrinsic,14292,KCg-m,KCg-m,,VFB_jrmc2dc5,L,,,Roughly traced,
1915,69539,74,43,8.591613888227747e-05,KCg-m,KCg-m_L,Kenyon_Cell,,cb_intrinsic,14292,KCg-m,KCg-m,,VFB_jrmc2kpf,L,,,Roughly traced,
1916,70283,74,38,8.591613888227747e-05,KCg-m,KCg-m_R,Kenyon_Cell,,cb_intrinsic,14292,KCg-m,KCg-m,,VFB_jrmc2k7i,R,,,Prelim Roughly traced,
1917,71406,74,38,8.591613888227747e-05,KCg-m,KCg-m_L,Kenyon_Cell,,cb_intrinsic,14292,KCg-m,KCg-m,,VFB_jrmc2kb3,L,,,Roughly traced,
1918,72512,74,41,8.591613888227747e-05,KCg-d,KCg-d_R,Kenyon_Cell,,cb_intrinsic,19102,KCg-d,KCg-d,,VFB_jrmc2k05,R,,,Roughly traced,
1919,73039,74,45,8.591613888227747e-05,KCa'b'-ap2,KCa'b'-ap2_R,Kenyon_Cell,,cb_intrinsic,17488,KCapbp-ap2,KCa'b'-ap2,,VFB_jrmc2iad,R,,,Roughly traced,
1920,73196,74,46,8.591613888227747e-05,KCg-m,KCg-m_L,Kenyon_Cell,,cb_intrinsic,14292,KCg-m,KCg-m,,VFB_jrmc2ksi,L,,,Roughly traced,
1921,75513,74,42,8.591613888227747e-05,KCg-m,KCg-m_L,Kenyon_Cell,,cb_intrinsic,14292,KCg-m,KCg-m,,VFB_jrmc2kbd,L,,,Roughly traced,
1922,78066,74,35,8.591613888227747e-05,KCg-m,KCg-m_L,Kenyon_Cell,,cb_intrinsic,14292,KCg-m,KCg-m,,VFB_jrmc2kbk,L,,,Roughly traced,
1923,81369,74,40,8.591613888227747e-05,KCg-m,KCg-m_L,Kenyon_Cell,,cb_intrinsic,14292,KCg-m,KCg-m,,VFB_jrmc2ddg,L,,,Prelim Roughly traced,
1924,81606,74,46,8.591613888227747e-05,KCg-m,KCg-m_R,Kenyon_Cell,,cb_intrinsic,14292,KCg-m,KCg-m,,VFB_jrmc2k80,R,,,Prelim Roughly traced,
1925,82188,74,45,8.591613888227747e-05,KCg-m,KCg-m_R,Kenyon_Cell,,cb_intrinsic,14292,KCg-m,KCg-m,,VFB_jrmc2koi,R,,,Prelim Roughly traced,
1926,86553,74,37,8.591613888227747e-05,KCg-m,KCg-m_R,Kenyon_Cell,,cb_intrinsic,14292,KCg-m,KCg-m,,VFB_jrmc2kop,R,,,Prelim Roughly traced,
1927,86985,74,39,8.591613888227747e-05,KCg-m,KCg-m_R,Kenyon_Cell,,cb_intrinsic,14292,KCg-m,KCg-m,,VFB_jrmc2k8b,R,,,Prelim Roughly traced,
1928,90393,74,39,8.591613888227747e-05,KCg-m,KCg-m_L,Kenyon_Cell,,cb_intrinsic,14292,KCg-m,KCg-m,,VFB_jrmc2ktg,L,,,Prelim Roughly traced,
1929,97181,74,42,8.591613888227747e-05,KCg-m,KCg-m_L,Kenyon_Cell,,cb_intrinsic,14292,KCg-m,KCg-m,,VFB_jrmc2kps,L,,,Prelim Roughly traced,
1930,97772,74,42,8.591613888227747e-05,KCg-m,KCg-m_R,Kenyon_Cell,,cb_intrinsic,14292,KCg-m,KCg-m,,VFB_jrmc2k8m,R,,,Prelim Roughly traced,
1931,98901,74,34,8.591613888227747e-05,KCg-d,KCg-d_L,Kenyon_Cell,,cb_intrinsic,19102,KCg-d,KCg-d,,VFB_jrmc2k1r,L,,,Roughly traced,
1932,99436,74,42,8.591613888227747e-05,KCg-m,KCg-m_L,Kenyon_Cell,,cb_intrinsic,14292,KCg-m,KCg-m,,VFB_jrmc2kpu,L,,,Roughly traced,
1933,106236,74,42,8.591613888227747e-05,KCa'b'-ap2,KCa'b'-ap2_R,Kenyon_Cell,,cb_intrinsic,17488,KCapbp-ap2,KCa'b'-ap2,,VFB_jrmc2i8l,R,,,Roughly traced,
1934,109755,74,37,8.591613888227747e-05,KCab-s,KCab-s_R,Kenyon_Cell,,cb_intrinsic,11862,KCab,"KCab-m,KCab-c,KCab-s",,VFB_jrmc2jm4,R,,,Roughly traced,
1935,111655,74,41,8.591613888227747e-05,KCg-m,KCg-m_L,Kenyon_Cell,,cb_intrinsic,14292,KCg-m,KCg-m,,VFB_jrmc2kd0,L,,,Roughly traced,
1936,111795,74,38,8.591613888227747e-05,KCg-m,KCg-m_L,Kenyon_Cell,,cb_intrinsic,14292,KCg-m,KCg-m,,VFB_jrmc2dec,L,,,Roughly traced,
1937,118508,74,40,8.591613888227747e-05,KCg-m,KCg-m_L,Kenyon_Cell,,cb_intrinsic,14292,KCg-m,KCg-m,,VFB_jrmc2kst,L,,,Roughly traced,
1938,119280,74,46,8.591613888227747e-05,KCg-m,KCg-m_R,Kenyon_Cell,,cb_intrinsic,14292,KCg-m,KCg-m,,VFB_jrmc2klm,R,,,Prelim Roughly traced,
1939,123477,74,42,8.591613888227747e-05,KCg-m,KCg-m_L,Kenyon_Cell,,cb_intrinsic,14292,KCg-m,KCg-m,,VFB_jrmc2kq1,L,,,Roughly traced,
1940,124046,74,36,8.591613888227747e-05,KCg-m,KCg-m_L,Kenyon_Cell,,cb_intrinsic,14292,KCg-m,KCg-m,,VFB_jrmc2khb,L,,,Roughly traced,
1941,130324,74,38,8.591613888227747e-05,KCg-m,KCg-m_L,Kenyon_Cell,,cb_intrinsic,14292,KCg-m,KCg-m,,VFB_jrmc2ks0,L,,,Prelim Roughly traced,
1942,130556,74,45,8.591613888227747e-05,KCg-m,KCg-m_L,Kenyon_Cell,,cb_intrinsic,14292,KCg-m,KCg-m,,VFB_jrmc2khh,L,,,Prelim Roughly traced,
1943,131946,74,47,8.591613888227747e-05,KCg-m,KCg-m_R,Kenyon_Cell,,cb_intrinsic,14292,KCg-m,KCg-m,,VFB_jrmc2dbp,R,,,Prelim Roughly traced,
1944,135825,74,39,8.591613888227747e-05,KCg-m,KCg-m_L,Kenyon_Cell,,cb_intrinsic,14292,KCg-m,KCg-m,,VFB_jrmc2kvc,L,,,Prelim Roughly traced,
1945,136046,74,34,8.591613888227747e-05,KCg-d,KCg-d_L,Kenyon_Cell,,cb_intrinsic,19102,KCg-d,KCg-d,,VFB_jrmc2k2f,L,,,Prelim Roughly traced,
1946,140175,74,28,8.591613888227747e-05,KCg-d,KCg-d_L,Kenyon_Cell,,cb_intrinsic,19102,KCg-d,KCg-d,,VFB_jrmc2k1u,L,,,Prelim Roughly traced,
1947,142189,74,43,8.591613888227747e-05,KCg-m,KCg-m_R,Kenyon_Cell,,cb_intrinsic,14292,KCg-m,KCg-m,,VFB_jrmc2kp1,R,,,Prelim Roughly traced,
1948,148137,74,33,8.591613888227747e-05,KCg-d,KCg-d_L,Kenyon_Cell,,cb_intrinsic,19102,KCg-d,KCg-d,,VFB_jrmc2k29,L,,,Roughly traced,
1949,150014,74,27,8.591613888227747e-05,KCg-d,KCg-d_R,Kenyon_Cell,,cb_intrinsic,19102,KCg-d,KCg-d,,VFB_jrmc2k0w,R,,,Roughly traced,
1950,152688,74,29,8.591613888227747e-05,KCg-d,KCg-d_L,Kenyon_Cell,,cb_intrinsic,19102,KCg-d,KCg-d,,VFB_jrmc2k4t,L,,,Roughly traced,
1951,153545,74,30,8.591613888227747e-05,KCg-d,KCg-d_R,Kenyon_Cell,,cb_intrinsic,19102,KCg-d,KCg-d,,VFB_jrmc2k0x,R,,,Roughly traced,
1952,163698,74,43,8.591613888227747e-05,KCg-m,KCg-m_L,Kenyon_Cell,,cb_intrinsic,14292,KCg-m,KCg-m,,VFB_jrmc2kqn,L,,,Roughly traced,
1953,194678,74,39,8.591613888227747e-05,KCa'b'-m,KCa'b'-m_R,Kenyon_Cell,,cb_intrinsic,17488,KCapbp-m,KCa'b'-m,,VFB_jrmc2il9,R,,,Roughly traced,
1954,212767,74,39,8.591613888227747e-05,KCg-m,KCg-m_R,Kenyon_Cell,,cb_intrinsic,14292,KCg-m,KCg-m,,VFB_jrmc2km3,R,,,Prelim Roughly traced,
1955,520616,74,26,8.591613888227747e-05,PAM11,PAM11(a1)_L,DAN,,cb_intrinsic,114661,PAM11,PAM11,,VFB_jrmc1pwz,L,,,Roughly traced,
1956,10115,73,11,8.475510997846291e-05,AVLP016,AVLP016_L,,,cb_intrinsic,,AVLP016,AVLP016,,VFB_jrmc3htr,L,,,Roughly traced,
1957,11252,73,6,8.475510997846291e-05,PVLP017,PVLP017_L,,,cb_intrinsic,11252,PVLP017,PVLP017,,VFB_jrmc1k7f,L,,,Roughly traced,
1958,20322,73,41,8.475510997846291e-05,KCa'b'-ap2,KCa'b'-ap2_R,Kenyon_Cell,,cb_intrinsic,17488,KCapbp-ap2,KCa'b'-ap2,,VFB_jrmc2ibo,R,,,Roughly traced,
1959,20773,73,43,8.475510997846291e-05,KCg-m,KCg-m_R,Kenyon_Cell,,cb_intrinsic,14292,KCg-m,KCg-m,,VFB_jrmc2de4,R,,,Roughly traced,
1960,22884,73,21,8.475510997846291e-05,ExR5,ExR5_L,CX,,cb_intrinsic,,ExR5,ExR5,,VFB_jrmc2zz6,L,,,Roughly traced,
1961,22995,73,40,8.475510997846291e-05,KCa'b'-ap2,KCa'b'-ap2_R,Kenyon_Cell,,cb_intrinsic,17488,KCapbp-ap2,KCa'b'-ap2,,VFB_jrmc2ie7,R,,,Roughly traced,
1962,38113,73,43,8.475510997846291e-05,KCg-m,KCg-m_L,Kenyon_Cell,,cb_intrinsic,14292,KCg-m,KCg-m,,VFB_jrmc2kac,L,,,Roughly traced,
1963,40027,73,36,8.475510997846291e-05,KCg-d,KCg-d_L,Kenyon_Cell,,cb_intrinsic,19102,KCg-d,KCg-d,,VFB_jrmc2k0a,L,,,Roughly traced,
1964,40289,73,15,8.475510997846291e-05,CRE039,CRE039_R,,,cb_intrinsic,19594,CB1251,CRE039,,VFB_jrmc350l,R,,,Roughly traced,
1965,46457,73,44,8.475510997846291e-05,KCg-m,KCg-m_R,Kenyon_Cell,,cb_intrinsic,14292,KCg-m,KCg-m,,VFB_jrmc2kmu,R,,,Roughly traced,
1966,47984,73,39,8.475510997846291e-05,KCg-m,KCg-m_R,Kenyon_Cell,,cb_intrinsic,14292,KCg-m,KCg-m,,VFB_jrmc2k6b,R,,,Roughly traced,
1967,48313,73,42,8.475510997846291e-05,KCg-m,KCg-m_R,Kenyon_Cell,,cb_intrinsic,14292,KCg-m,KCg-m,,VFB_jrmc2kmx,R,,,Roughly traced,
1968,51937,73,41,8.475510997846291e-05,KCg-m,KCg-m_L,Kenyon_Cell,,cb_intrinsic,14292,KCg-m,KCg-m,,VFB_jrmc2ddi,L,,,Roughly traced,
1969,53173,73,39,8.475510997846291e-05,KCg-m,KCg-m_R,Kenyon_Cell,,cb_intrinsic,14292,KCg-m,KCg-m,,VFB_jrmc2d9v,R,,,Roughly traced,
1970,53271,73,38,8.475510997846291e-05,KCg-d,KCg-d_L,Kenyon_Cell,,cb_intrinsic,19102,KCg-d,KCg-d,,VFB_jrmc2k1l,L,,,Roughly traced,
1971,54746,73,42,8.475510997846291e-05,KCg-m,KCg-m_R,Kenyon_Cell,,cb_intrinsic,14292,KCg-m,KCg-m,,VFB_jrmc2dar,R,,,Roughly traced,
1972,58111,73,39,8.475510997846291e-05,KCa'b'-ap1,KCa'b'-ap1_R,Kenyon_Cell,,cb_intrinsic,17488,KCapbp-ap1,KCa'b'-ap1,,VFB_jrmc2i3g,R,,,Roughly traced,
1973,63253,73,37,8.475510997846291e-05,KCab-s,KCab-s_L,Kenyon_Cell,,cb_intrinsic,11862,KCab,"KCab-m,KCab-c,KCab-s",,VFB_jrmc2jxd,L,,,Roughly traced,
1974,63499,73,39,8.475510997846291e-05,KCa'b'-m,KCa'b'-m_R,Kenyon_Cell,,cb_intrinsic,17488,KCapbp-m,KCa'b'-m,,VFB_jrmc2ilj,R,,,Roughly traced,
1975,66246,73,6,8.475510997846291e-05,vDeltaH,vDeltaH_C5,CX,,cb_intrinsic,11512,"vDeltaG,vDeltaH",vDeltaH,,VFB_jrmc039v,L,,,Roughly traced,
1976,67120,73,35,8.475510997846291e-05,KCg-m,KCg-m_R,Kenyon_Cell,,cb_intrinsic,14292,KCg-m,KCg-m,,VFB_jrmc2d8k,R,,,Prelim Roughly traced,
1977,67984,73,29,8.475510997846291e-05,KCg-d,KCg-d_R,Kenyon_Cell,,cb_intrinsic,19102,KCg-d,KCg-d,,VFB_jrmc2k4h,R,,,Roughly traced,
1978,70322,73,41,8.475510997846291e-05,KCg-m,KCg-m_L,Kenyon_Cell,,cb_intrinsic,14292,KCg-m,KCg-m,,VFB_jrmc2kfi,L,,,Roughly traced,
1979,70928,73,42,8.475510997846291e-05,KCg-m,KCg-m_R,Kenyon_Cell,,cb_intrinsic,14292,KCg-m,KCg-m,,VFB_jrmc2ko7,R,,,Prelim Roughly traced,
1980,76431,73,40,8.475510997846291e-05,KCg-m,KCg-m_L,Kenyon_Cell,,cb_intrinsic,14292,KCg-m,KCg-m,,VFB_jrmc2k5t,L,,,Roughly traced,
1981,76508,73,41,8.475510997846291e-05,KCg-m,KCg-m_L,Kenyon_Cell,,cb_intrinsic,14292,KCg-m,KCg-m,,VFB_jrmc2dfc,L,,,Roughly traced,
1982,77628,73,33,8.475510997846291e-05,KCg-m,KCg-m_L,Kenyon_Cell,,cb_intrinsic,14292,KCg-m,KCg-m,,VFB_jrmc2krj,L,,,Roughly traced,
1983,78480,73,47,8.475510997846291e-05,KCa'b'-ap2,KCa'b'-ap2_R,Kenyon_Cell,,cb_intrinsic,17488,KCapbp-ap2,KCa'b'-ap2,,VFB_jrmc2iam,R,,,Roughly traced,
1984,78483,73,38,8.475510997846291e-05,KCg-m,KCg-m_L,Kenyon_Cell,,cb_intrinsic,14292,KCg-m,KCg-m,,VFB_jrmc2dfo,L,,,Roughly traced,
1985,78811,73,47,8.475510997846291e-05,KCg-m,KCg-m_R,Kenyon_Cell,,cb_intrinsic,14292,KCg-m,KCg-m,,VFB_jrmc2k7v,R,,,Prelim Roughly traced,
1986,81001,73,44,8.475510997846291e-05,KCg-m,KCg-m_L,Kenyon_Cell,,cb_intrinsic,14292,KCg-m,KCg-m,,VFB_jrmc2kbs,L,,,Prelim Roughly traced,
1987,81427,73,40,8.475510997846291e-05,KCg-m,KCg-m_R,Kenyon_Cell,,cb_intrinsic,14292,KCg-m,KCg-m,,VFB_jrmc2kvx,R,,,Prelim Roughly traced,
1988,81820,73,45,8.475510997846291e-05,KCg-m,KCg-m_R,Kenyon_Cell,,cb_intrinsic,14292,KCg-m,KCg-m,,VFB_jrmc2k81,R,,,Prelim Roughly traced,
1989,82474,73,39,8.475510997846291e-05,KCa'b'-m,KCa'b'-m_R,Kenyon_Cell,,cb_intrinsic,17488,KCapbp-m,KCa'b'-m,,VFB_jrmc2ihe,R,,,Prelim Roughly traced,
1990,82543,73,39,8.475510997846291e-05,KCg-m,KCg-m_L,Kenyon_Cell,,cb_intrinsic,14292,KCg-m,KCg-m,,VFB_jrmc2kbx,L,,,Prelim Roughly traced,
1991,83584,73,30,8.475510997846291e-05,KCg-d,KCg-d_R,Kenyon_Cell,,cb_intrinsic,19102,KCg-d,KCg-d,,VFB_jrmc2k4o,R,,,Roughly traced,
1992,84011,73,32,8.475510997846291e-05,KCg-d,KCg-d_R,Kenyon_Cell,,cb_intrinsic,19102,KCg-d,KCg-d,,VFB_jrmc2k4q,R,,,Roughly traced,
1993,84628,73,30,8.475510997846291e-05,KCg-d,KCg-d_R,Kenyon_Cell,,cb_intrinsic,19102,KCg-d,KCg-d,,VFB_jrmc2k4r,R,,,Roughly traced,
1994,86608,73,38,8.475510997846291e-05,KCg-m,KCg-m_L,Kenyon_Cell,,cb_intrinsic,14292,KCg-m,KCg-m,,VFB_jrmc2dah,L,,,Prelim Roughly traced,
1995,87759,73,44,8.475510997846291e-05,KCg-m,KCg-m_R,Kenyon_Cell,,cb_intrinsic,14292,KCg-m,KCg-m,,VFB_jrmc2k8e,R,,,Prelim Roughly traced,
1996,90640,73,44,8.475510997846291e-05,KCg-m,KCg-m_L,Kenyon_Cell,,cb_intrinsic,14292,KCg-m,KCg-m,,VFB_jrmc2kth,L,,,Prelim Roughly traced,
1997,93216,73,50,8.475510997846291e-05,KCg-m,KCg-m_L,Kenyon_Cell,,cb_intrinsic,14292,KCg-m,KCg-m,,VFB_jrmc2d6c,L,,,Prelim Roughly traced,
1998,95158,73,48,8.475510997846291e-05,KCg-m,KCg-m_R,Kenyon_Cell,,cb_intrinsic,14292,KCg-m,KCg-m,,VFB_jrmc2k8l,R,,,Prelim Roughly traced,
1999,95349,73,32,8.475510997846291e-05,KCab-p,KCab-p_L,Kenyon_Cell,,cb_intrinsic,11862,KCab-p,KCab-p,,VFB_jrmc2jga,L,,,Roughly traced,
2000,95368,73,41,8.475510997846291e-05,KCg-m,KCg-m_L,Kenyon_Cell,,cb_intrinsic,14292,KCg-m,KCg-m,,VFB_jrmc2ktj,L,,,Prelim Roughly traced,
2001,96688,73,43,8.475510997846291e-05,KCg-m,KCg-m_L,Kenyon_Cell,,cb_intrinsic,14292,KCg-m,KCg-m,,VFB_jrmc2kcm,L,,,Prelim Roughly traced,
2002,99139,73,42,8.475510997846291e-05,KCg-m,KCg-m_R,Kenyon_Cell,,cb_intrinsic,14292,KCg-m,KCg-m,,VFB_jrmc2k8o,R,,,Prelim Roughly traced,
2003,102199,73,45,8.475510997846291e-05,KCg-m,KCg-m_L,Kenyon_Cell,,cb_intrinsic,14292,KCg-m,KCg-m,,VFB_jrmc2kcu,L,,,Roughly traced,
2004,102954,73,48,8.475510997846291e-05,KCg-m,KCg-m_L,Kenyon_Cell,,cb_intrinsic,14292,KCg-m,KCg-m,,VFB_jrmc2kub,L,,,Roughly traced,
2005,106691,73,38,8.475510997846291e-05,KCg-m,KCg-m_R,Kenyon_Cell,,cb_intrinsic,14292,KCg-m,KCg-m,,VFB_jrmc2kou,R,,,Prelim Roughly traced,
2006,108406,73,31,8.475510997846291e-05,KCa'b'-m,KCa'b'-m_R,Kenyon_Cell,,cb_intrinsic,17488,KCapbp-m,KCa'b'-m,,VFB_jrmc2ikz,R,,,Roughly traced,
2007,111695,73,43,8.475510997846291e-05,KCg-m,KCg-m_L,Kenyon_Cell,,cb_intrinsic,14292,KCg-m,KCg-m,,VFB_jrmc2kd1,L,,,Roughly traced,
2008,115240,73,44,8.475510997846291e-05,KCg-m,KCg-m_R,Kenyon_Cell,,cb_intrinsic,14292,KCg-m,KCg-m,,VFB_jrmc2kll,R,,,Prelim Roughly traced,
2009,118000,73,43,8.475510997846291e-05,KCg-m,KCg-m_L,Kenyon_Cell,,cb_intrinsic,14292,KCg-m,KCg-m,,VFB_jrmc2d6f,L,,,Roughly traced,
2010,127944,73,43,8.475510997846291e-05,KCg-m,KCg-m_L,Kenyon_Cell,,cb_intrinsic,14292,KCg-m,KCg-m,,VFB_jrmc2khf,L,,,Prelim Roughly traced,
2011,129189,73,44,8.475510997846291e-05,KCg-m,KCg-m_R,Kenyon_Cell,,cb_intrinsic,14292,KCg-m,KCg-m,,VFB_jrmc2klu,R,,,Prelim Roughly traced,
2012,129866,73,44,8.475510997846291e-05,KCg-m,KCg-m_L,Kenyon_Cell,,cb_intrinsic,14292,KCg-m,KCg-m,,VFB_jrmc2kdg,L,,,Prelim Roughly traced,
2013,130231,73,36,8.475510997846291e-05,KCg-d,KCg-d_L,Kenyon_Cell,,cb_intrinsic,19102,KCg-d,KCg-d,,VFB_jrmc2k59,L,,,Prelim Roughly traced,
2014,136943,73,40,8.475510997846291e-05,KCg-m,KCg-m_L,Kenyon_Cell,,cb_intrinsic,14292,KCg-m,KCg-m,,VFB_jrmc2d7x,L,,,Prelim Roughly traced,
2015,137072,73,40,8.475510997846291e-05,KCg-m,KCg-m_L,Kenyon_Cell,,cb_intrinsic,14292,KCg-m,KCg-m,,VFB_jrmc2ks2,L,,,Prelim Roughly traced,
2016,139952,73,39,8.475510997846291e-05,KCg-m,KCg-m_R,Kenyon_Cell,,cb_intrinsic,14292,KCg-m,KCg-m,,VFB_jrmc2k9g,R,,,Prelim Roughly traced,
2017,143569,73,43,8.475510997846291e-05,KCg-m,KCg-m_R,Kenyon_Cell,,cb_intrinsic,14292,KCg-m,KCg-m,,VFB_jrmc2kw7,R,,,Prelim Roughly traced,
2018,144118,73,42,8.475510997846291e-05,KCg-m,KCg-m_R,Kenyon_Cell,,cb_intrinsic,14292,KCg-m,KCg-m,,VFB_jrmc2kw8,R,,,Roughly traced,
2019,148145,73,39,8.475510997846291e-05,KCg-d,KCg-d_L,Kenyon_Cell,,cb_intrinsic,19102,KCg-d,KCg-d,,VFB_jrmc2k4u,L,,,Roughly traced,
2020,151134,73,43,8.475510997846291e-05,KCg-m,KCg-m_R,Kenyon_Cell,,cb_intrinsic,14292,KCg-m,KCg-m,,VFB_jrmc2k9n,R,,,Prelim Roughly traced,
2021,153672,73,35,8.475510997846291e-05,KCa'b'-ap2,KCa'b'-ap2_R,Kenyon_Cell,,cb_intrinsic,17488,KCapbp-ap2,KCa'b'-ap2,,VFB_jrmc2ibm,R,,,Roughly traced,
2022,157751,73,42,8.475510997846291e-05,KCa'b'-ap2,KCa'b'-ap2_R,Kenyon_Cell,,cb_intrinsic,17488,KCapbp-ap2,KCa'b'-ap2,,VFB_jrmc2i8o,R,,,Roughly traced,
2023,158676,73,40,8.475510997846291e-05,KCg-m,KCg-m_L,Kenyon_Cell,,cb_intrinsic,14292,KCg-m,KCg-m,,VFB_jrmc2kii,L,,,Roughly traced,
2024,200482,73,45,8.475510997846291e-05,KCg-m,KCg-m_R,Kenyon_Cell,,cb_intrinsic,14292,KCg-m,KCg-m,,VFB_jrmc2k9u,R,,,Prelim Roughly traced,
2025,221876,73,43,8.475510997846291e-05,KCg-m,KCg-m_R,Kenyon_Cell,,cb_intrinsic,14292,KCg-m,KCg-m,,VFB_jrmc2ddq,R,,,Prelim Roughly traced,
2026,524809,73,44,8.475510997846291e-05,KCg-m,KCg-m_R,Kenyon_Cell,,cb_intrinsic,14292,KCg-m,KCg-m,,VFB_jrmc2kre,R,,,Prelim Roughly traced,
2027,535720,73,29,8.475510997846291e-05,KCg-d,KCg-d_R,Kenyon_Cell,,cb_intrinsic,19102,KCg-d,KCg-d,,VFB_jrmc2k5i,R,,,Roughly traced,
2028,536292,73,43,8.475510997846291e-05,KCg-m,KCg-m_R,Kenyon_Cell,,cb_intrinsic,14292,KCg-m,KCg-m,,VFB_jrmc2dcg,R,,,Prelim Roughly traced,
2029,538096,73,42,8.475510997846291e-05,KCg-m,KCg-m_L,Kenyon_Cell,,cb_intrinsic,14292,KCg-m,KCg-m,,VFB_jrmc2kiq,L,,,Roughly traced,
2030,541683,73,37,8.475510997846291e-05,KCg-m,KCg-m_R,Kenyon_Cell,,cb_intrinsic,14292,KCg-m,KCg-m,,VFB_jrmc2km7,R,,,Prelim Roughly traced,
2031,552693,73,44,8.475510997846291e-05,KCg-m,KCg-m_R,Kenyon_Cell,,cb_intrinsic,14292,KCg-m,KCg-m,,VFB_jrmc2d7m,R,,,Prelim Roughly traced,
2032,555383,73,8,8.475510997846291e-05,PVLP076,PVLP076_L,,,cb_intrinsic,,PVLP076,PVLP076,,VFB_jrmc1kbq,L,,,Prelim Roughly traced,
2033,580641,73,43,8.475510997846291e-05,KCg-m,KCg-m_L,Kenyon_Cell,,cb_intrinsic,14292,KCg-m,KCg-m,,VFB_jrmc2kis,L,,,Roughly traced,
2034,15753,72,6,8.359408107464835e-05,LHAV2b2_d,LHAV2b2_d_L,,,cb_intrinsic,13095,LHAV2b2a,LHAV2b2,,VFB_jrmc293c,L,,,Roughly traced,
2035,17037,72,5,8.359408107464835e-05,MeVP17,MeVP17_R,,,visual_projection,,MTe08,,,VFB_jrmc1v2z,R,,,Roughly traced,
2036,25554,72,13,8.359408107464835e-05,FB4F_c,FB4F_c_R,CX,,cb_intrinsic,11994,FB4F,FB4F_a,,VFB_jrmc304p,R,CG,,Prelim Roughly traced,
2037,33808,72,39,8.359408107464835e-05,KCg-m,KCg-m_L,Kenyon_Cell,,cb_intrinsic,14292,KCg-m,KCg-m,,VFB_jrmc2ku0,L,,,Roughly traced,
2038,37860,72,35,8.359408107464835e-05,KCa'b'-ap2,KCa'b'-ap2_R,Kenyon_Cell,,cb_intrinsic,17488,KCapbp-ap2,KCa'b'-ap2,,VFB_jrmc2ic2,R,,,Roughly traced,
2039,41920,72,38,8.359408107464835e-05,KCg-m,KCg-m_L,Kenyon_Cell,,cb_intrinsic,14292,KCg-m,KCg-m,,VFB_jrmc2ker,L,,,Roughly traced,
2040,42370,72,31,8.359408107464835e-05,KCg-d,KCg-d_R,Kenyon_Cell,,cb_intrinsic,19102,KCg-d,KCg-d,,VFB_jrmc2k0d,R,,,Roughly traced,
2041,44035,72,35,8.359408107464835e-05,KCa'b'-ap1,KCa'b'-ap1_L,Kenyon_Cell,,cb_intrinsic,17488,KCapbp-ap1,KCa'b'-ap1,,VFB_jrmc2i44,L,,,Roughly traced,
2042,45736,72,39,8.359408107464835e-05,KCg-m,KCg-m_R,Kenyon_Cell,,cb_intrinsic,14292,KCg-m,KCg-m,,VFB_jrmc2kmb,R,,,Roughly traced,
2043,47446,72,37,8.359408107464835e-05,KCg-m,KCg-m_R,Kenyon_Cell,,cb_intrinsic,14292,KCg-m,KCg-m,,VFB_jrmc2kje,R,,,Roughly traced,
2044,48347,72,39,8.359408107464835e-05,KCg-m,KCg-m_R,Kenyon_Cell,,cb_intrinsic,14292,KCg-m,KCg-m,,VFB_jrmc2k6c,R,,,Roughly traced,
2045,49160,72,46,8.359408107464835e-05,KCg-m,KCg-m_L,Kenyon_Cell,,cb_intrinsic,14292,KCg-m,KCg-m,,VFB_jrmc2kak,L,,,Roughly traced,
2046,51354,72,40,8.359408107464835e-05,KCg-m,KCg-m_R,Kenyon_Cell,,cb_intrinsic,14292,KCg-m,KCg-m,,VFB_jrmc2kn3,R,,,Roughly traced,
2047,52581,72,38,8.359408107464835e-05,KCa'b'-ap1,KCa'b'-ap1_R,Kenyon_Cell,,cb_intrinsic,17488,KCapbp-ap1,KCa'b'-ap1,,VFB_jrmc2i2r,R,,,Roughly traced,
2048,53633,72,38,8.359408107464835e-05,KCg-m,KCg-m_R,Kenyon_Cell,,cb_intrinsic,14292,KCg-m,KCg-m,,VFB_jrmc2kjs,R,,,Roughly traced,
2049,53645,72,35,8.359408107464835e-05,KCa'b'-ap2,KCa'b'-ap2_R,Kenyon_Cell,,cb_intrinsic,17488,KCapbp-ap2,KCa'b'-ap2,,VFB_jrmc2ie8,R,,,Roughly traced,
2050,56315,72,45,8.359408107464835e-05,KCg-m,KCg-m_R,Kenyon_Cell,,cb_intrinsic,14292,KCg-m,KCg-m,,VFB_jrmc2knc,R,,,Roughly traced,
2051,59090,72,38,8.359408107464835e-05,KCa'b'-ap2,KCa'b'-ap2_R,Kenyon_Cell,,cb_intrinsic,17488,KCapbp-ap2,KCa'b'-ap2,,VFB_jrmc2i9u,R,,,Roughly traced,
2052,59765,72,32,8.359408107464835e-05,KCa'b'-m,KCa'b'-m_R,Kenyon_Cell,,cb_intrinsic,17488,KCapbp-m,KCa'b'-m,,VFB_jrmc2ih1,R,,,Roughly traced,
2053,60086,72,16,8.359408107464835e-05,hDeltaJ,hDeltaJ_11_C9,CX,,cb_intrinsic,11512,hDeltaJ,hDeltaJ,,VFB_jrmc02lc,L,,,Prelim Roughly traced,
2054,61279,72,42,8.359408107464835e-05,KCg-m,KCg-m_R,Kenyon_Cell,,cb_intrinsic,14292,KCg-m,KCg-m,,VFB_jrmc2k6t,R,,,Prelim Roughly traced,
2055,62891,72,41,8.359408107464835e-05,KCg-m,KCg-m_R,Kenyon_Cell,,cb_intrinsic,14292,KCg-m,KCg-m,,VFB_jrmc2kqr,R,,,Prelim Roughly traced,
2056,63269,72,45,8.359408107464835e-05,KCg-m,KCg-m_R,Kenyon_Cell,,cb_intrinsic,14292,KCg-m,KCg-m,,VFB_jrmc2kk8,R,,,Prelim Roughly traced,
2057,64115,72,35,8.359408107464835e-05,KCg-m,KCg-m_R,Kenyon_Cell,,cb_intrinsic,14292,KCg-m,KCg-m,,VFB_jrmc2k70,R,,,Prelim Roughly traced,
2058,66113,72,40,8.359408107464835e-05,KCg-m,KCg-m_L,Kenyon_Cell,,cb_intrinsic,14292,KCg-m,KCg-m,,VFB_jrmc2kfc,L,,,Roughly traced,
2059,69042,72,39,8.359408107464835e-05,KCg-m,KCg-m_R,Kenyon_Cell,,cb_intrinsic,14292,KCg-m,KCg-m,,VFB_jrmc2d6t,R,,,Roughly traced,
2060,69704,72,16,8.359408107464835e-05,hDeltaI,hDeltaI_02_C2,CX,,cb_intrinsic,11512,hDeltaI,hDeltaI,,VFB_jrmc02ko,R,,,Prelim Roughly traced,
2061,69855,72,35,8.359408107464835e-05,KCg-m,KCg-m_L,Kenyon_Cell,,cb_intrinsic,14292,KCg-m,KCg-m,,VFB_jrmc2kfh,L,,,Roughly traced,
2062,72643,72,43,8.359408107464835e-05,KCg-m,KCg-m_R,Kenyon_Cell,,cb_intrinsic,14292,KCg-m,KCg-m,,VFB_jrmc2d7h,R,,,Prelim Roughly traced,
2063,74094,72,39,8.359408107464835e-05,KCg-d,KCg-d_R,Kenyon_Cell,,cb_intrinsic,19102,KCg-d,KCg-d,,VFB_jrmc2k1b,R,,,Roughly traced,
2064,77679,72,42,8.359408107464835e-05,KCa'b'-ap1,KCa'b'-ap1_R,Kenyon_Cell,,cb_intrinsic,17488,KCapbp-ap1,KCa'b'-ap1,,VFB_jrmc2i64,R,,,Roughly traced,
2065,79950,72,43,8.359408107464835e-05,KCg-m,KCg-m_L,Kenyon_Cell,,cb_intrinsic,14292,KCg-m,KCg-m,,VFB_jrmc2kpk,L,,,Roughly traced,
2066,81740,72,46,8.359408107464835e-05,KCg-m,KCg-m_L,Kenyon_Cell,,cb_intrinsic,14292,KCg-m,KCg-m,,VFB_jrmc2kbw,L,,,Prelim Roughly traced,
2067,81979,72,32,8.359408107464835e-05,KCa'b'-ap2,KCa'b'-ap2_R,Kenyon_Cell,,cb_intrinsic,17488,KCapbp-ap2,KCa'b'-ap2,,VFB_jrmc2iao,R,,,Roughly traced,
2068,82646,72,41,8.359408107464835e-05,KCg-m,KCg-m_L,Kenyon_Cell,,cb_intrinsic,14292,KCg-m,KCg-m,,VFB_jrmc2d9a,L,,,Prelim Roughly traced,
2069,82996,72,44,8.359408107464835e-05,KCg-m,KCg-m_L,Kenyon_Cell,,cb_intrinsic,14292,KCg-m,KCg-m,,VFB_jrmc2ksm,L,,,Prelim Roughly traced,
2070,85665,72,39,8.359408107464835e-05,KCg-m,KCg-m_L,Kenyon_Cell,,cb_intrinsic,14292,KCg-m,KCg-m,,VFB_jrmc2dck,L,,,Prelim Roughly traced,
2071,86610,72,40,8.359408107464835e-05,KCg-m,KCg-m_L,Kenyon_Cell,,cb_intrinsic,14292,KCg-m,KCg-m,,VFB_jrmc2ktd,L,,,Prelim Roughly traced,
2072,87232,72,38,8.359408107464835e-05,KCa'b'-ap2,KCa'b'-ap2_R,Kenyon_Cell,,cb_intrinsic,17488,KCapbp-ap2,KCa'b'-ap2,,VFB_jrmc2i8j,R,,,Roughly traced,
2073,87776,72,23,8.359408107464835e-05,KCab-p,KCab-p_R,Kenyon_Cell,,cb_intrinsic,11862,KCab-p,KCab-p,,VFB_jrmc2jgc,R,,,Roughly traced,
2074,88000,72,38,8.359408107464835e-05,KCg-m,KCg-m_L,Kenyon_Cell,,cb_intrinsic,14292,KCg-m,KCg-m,,VFB_jrmc2kg5,L,,,Prelim Roughly traced,
2075,88884,72,36,8.359408107464835e-05,KCg-m,KCg-m_R,Kenyon_Cell,,cb_intrinsic,14292,KCg-m,KCg-m,,VFB_jrmc2df2,R,,,Prelim Roughly traced,
2076,89858,72,43,8.359408107464835e-05,KCg-m,KCg-m_L,Kenyon_Cell,,cb_intrinsic,14292,KCg-m,KCg-m,,VFB_jrmc2kga,L,,,Prelim Roughly traced,
2077,91910,72,39,8.359408107464835e-05,KCg-m,KCg-m_L,Kenyon_Cell,,cb_intrinsic,14292,KCg-m,KCg-m,,VFB_jrmc2d7s,L,,,Prelim Roughly traced,
2078,100615,72,46,8.359408107464835e-05,KCg-m,KCg-m_L,Kenyon_Cell,,cb_intrinsic,14292,KCg-m,KCg-m,,VFB_jrmc2kpw,L,,,Roughly traced,
2079,108536,72,44,8.359408107464835e-05,KCg-m,KCg-m_L,Kenyon_Cell,,cb_intrinsic,14292,KCg-m,KCg-m,,VFB_jrmc2d9p,L,,,Roughly traced,
2080,109676,72,43,8.359408107464835e-05,KCg-m,KCg-m_L,Kenyon_Cell,,cb_intrinsic,14292,KCg-m,KCg-m,,VFB_jrmc2d7u,L,,,Roughly traced,
2081,109708,72,38,8.359408107464835e-05,KCg-m,KCg-m_L,Kenyon_Cell,,cb_intrinsic,14292,KCg-m,KCg-m,,VFB_jrmc2kcy,L,,,Roughly traced,
2082,109873,72,43,8.359408107464835e-05,KCg-m,KCg-m_R,Kenyon_Cell,,cb_intrinsic,14292,KCg-m,KCg-m,,VFB_jrmc2d60,R,,,Prelim Roughly traced,
2083,110282,72,42,8.359408107464835e-05,KCg-m,KCg-m_L,Kenyon_Cell,,cb_intrinsic,14292,KCg-m,KCg-m,,VFB_jrmc2krw,L,,,Roughly traced,
2084,115470,72,28,8.359408107464835e-05,KCg-d,KCg-d_L,Kenyon_Cell,,cb_intrinsic,19102,KCg-d,KCg-d,,VFB_jrmc2k39,L,,,Roughly traced,
2085,128858,72,36,8.359408107464835e-05,KCa'b'-ap2,KCa'b'-ap2_R,Kenyon_Cell,,cb_intrinsic,17488,KCapbp-ap2,KCa'b'-ap2,,VFB_jrmc2i8m,R,,,Roughly traced,
2086,132978,72,38,8.359408107464835e-05,KCg-m,KCg-m_L,Kenyon_Cell,,cb_intrinsic,14292,KCg-m,KCg-m,,VFB_jrmc2kdl,L,,,Prelim Roughly traced,
2087,134430,72,38,8.359408107464835e-05,KCg-m,KCg-m_L,Kenyon_Cell,,cb_intrinsic,14292,KCg-m,KCg-m,,VFB_jrmc2kuk,L,,,Prelim Roughly traced,
2088,135219,72,31,8.359408107464835e-05,KCg-d,KCg-d_L,Kenyon_Cell,,cb_intrinsic,19102,KCg-d,KCg-d,,VFB_jrmc2k3p,L,,,Prelim Roughly traced,
2089,138053,72,47,8.359408107464835e-05,KCg-m,KCg-m_L,Kenyon_Cell,,cb_intrinsic,14292,KCg-m,KCg-m,,VFB_jrmc2kdt,L,,,Prelim Roughly traced,
2090,138451,72,31,8.359408107464835e-05,KCg-m,KCg-m_L,Kenyon_Cell,,cb_intrinsic,14292,KCg-m,KCg-m,,VFB_jrmc2ks3,L,,,Prelim Roughly traced,
2091,139591,72,30,8.359408107464835e-05,KCg-d,KCg-d_L,Kenyon_Cell,,cb_intrinsic,19102,KCg-d,KCg-d,,VFB_jrmc2k4l,L,,,Prelim Roughly traced,
2092,140795,72,39,8.359408107464835e-05,KCg-m,KCg-m_L,Kenyon_Cell,,cb_intrinsic,14292,KCg-m,KCg-m,,VFB_jrmc2kqd,L,,,Prelim Roughly traced,
2093,141249,72,37,8.359408107464835e-05,KCg-m,KCg-m_L,Kenyon_Cell,,cb_intrinsic,14292,KCg-m,KCg-m,,VFB_jrmc2ktt,L,,,Prelim Roughly traced,
2094,141343,72,42,8.359408107464835e-05,KCg-m,KCg-m_L,Kenyon_Cell,,cb_intrinsic,14292,KCg-m,KCg-m,,VFB_jrmc2ks6,L,,,Prelim Roughly traced,
2095,144012,72,45,8.359408107464835e-05,KCg-m,KCg-m_R,Kenyon_Cell,,cb_intrinsic,14292,KCg-m,KCg-m,,VFB_jrmc2k9i,R,,,Prelim Roughly traced,
2096,144570,72,37,8.359408107464835e-05,KCg-m,KCg-m_L,Kenyon_Cell,,cb_intrinsic,14292,KCg-m,KCg-m,,VFB_jrmc2kt3,L,,,Roughly traced,
2097,145355,72,41,8.359408107464835e-05,KCg-m,KCg-m_L,Kenyon_Cell,,cb_intrinsic,14292,KCg-m,KCg-m,,VFB_jrmc2ddc,L,,,Roughly traced,
2098,145641,72,41,8.359408107464835e-05,KCg-m,KCg-m_L,Kenyon_Cell,,cb_intrinsic,14292,KCg-m,KCg-m,,VFB_jrmc2ke4,L,,,Roughly traced,
2099,145974,72,38,8.359408107464835e-05,KCg-m,KCg-m_L,Kenyon_Cell,,cb_intrinsic,14292,KCg-m,KCg-m,,VFB_jrmc2ki2,L,,,Roughly traced,
2100,150633,72,38,8.359408107464835e-05,KCg-m,KCg-m_L,Kenyon_Cell,,cb_intrinsic,14292,KCg-m,KCg-m,,VFB_jrmc2dfi,L,,,Roughly traced,
2101,156450,72,36,8.359408107464835e-05,KCg-m,KCg-m_L,Kenyon_Cell,,cb_intrinsic,14292,KCg-m,KCg-m,,VFB_jrmc2ked,L,,,Roughly traced,
2102,158328,72,47,8.359408107464835e-05,KCg-m,KCg-m_L,Kenyon_Cell,,cb_intrinsic,14292,KCg-m,KCg-m,,VFB_jrmc2kvi,L,,,Roughly traced,
2103,163102,72,35,8.359408107464835e-05,KCa'b'-ap1,KCa'b'-ap1_R,Kenyon_Cell,,cb_intrinsic,17488,KCapbp-ap1,KCa'b'-ap1,,VFB_jrmc2i6a,R,,,Roughly traced,
2104,243735,72,40,8.359408107464835e-05,KCg-m,KCg-m_R,Kenyon_Cell,,cb_intrinsic,14292,KCg-m,KCg-m,,VFB_jrmc2de8,R,,,Prelim Roughly traced,
2105,523776,72,15,8.359408107464835e-05,FB1C,FB1C_R,CX,,cb_intrinsic,11255,CB.FB1H0,FB1C,,VFB_jrmc2zzs,R,,,Roughly traced,
2106,524455,72,27,8.359408107464835e-05,KCg-d,KCg-d_L,Kenyon_Cell,,cb_intrinsic,19102,KCg-d,KCg-d,,VFB_jrmc2k1w,L,,,Roughly traced,
2107,531133,72,14,8.359408107464835e-05,OA-ASM3,OA-ASM3_R,,,cb_intrinsic,,OA-ASM3,OA-ASM3,,VFB_jrmc1nfu,R,,,Roughly traced,
2108,537099,72,40,8.359408107464835e-05,KCg-m,KCg-m_L,Kenyon_Cell,,cb_intrinsic,14292,KCg-m,KCg-m,,VFB_jrmc2kvj,L,,,Roughly traced,
2109,543948,72,43,8.359408107464835e-05,KCg-m,KCg-m_R,Kenyon_Cell,,cb_intrinsic,14292,KCg-m,KCg-m,,VFB_jrmc2km9,R,,,Prelim Roughly traced,
2110,545674,72,38,8.359408107464835e-05,KCg-m,KCg-m_L,Kenyon_Cell,,cb_intrinsic,14292,KCg-m,KCg-m,,VFB_jrmc2d82,L,,,Roughly traced,
2111,10167,71,16,8.243305217083379e-05,VES041,VES041_R,,,cb_intrinsic,,VES041,VES041,,VFB_jrmc077r,R,,,Roughly traced,
2112,11394,71,4,8.243305217083379e-05,Li16,Li16_R,,,ol_intrinsic,,Li28,Li16,,VFB_jrmc1yoa,R,,,Roughly traced,
2113,12276,71,5,8.243305217083379e-05,AVLP537,AVLP537_L,,,cb_intrinsic,,AVLP537,AVLP537,,VFB_jrmc3j2f,L,,,Roughly traced,
2114,14192,71,5,8.243305217083379e-05,LAL051,LAL051_L,,,cb_intrinsic,12910,LAL051,LAL051,,VFB_jrmc2cq4,L,,,Roughly traced,
2115,15090,71,3,8.243305217083379e-05,ATL008,ATL008_L,,,cb_intrinsic,,ATL008,ATL008,,VFB_jrmc3hq2,L,,,Roughly traced,
2116,28434,71,24,8.243305217083379e-05,PAM10,PAM10(B1)_R,DAN,,cb_intrinsic,28434,PAM10,PAM10,,VFB_jrmc1pwg,R,,,Roughly traced,
2117,29701,71,9,8.243305217083379e-05,hDeltaJ,hDeltaJ_01_C1b,CX,,cb_intrinsic,11512,hDeltaJ,hDeltaJ,,VFB_jrmc02lu,R,,,Prelim Roughly traced,
2118,36251,71,44,8.243305217083379e-05,KCg-m,KCg-m_R,Kenyon_Cell,,cb_intrinsic,14292,KCg-m,KCg-m,,VFB_jrmc2k5y,R,,,Roughly traced,
2119,40921,71,39,8.243305217083379e-05,KCg-m,KCg-m_R,Kenyon_Cell,,cb_intrinsic,14292,KCg-m,KCg-m,,VFB_jrmc2db9,R,,,Roughly traced,
2120,41899,71,38,8.243305217083379e-05,KCa'b'-ap2,KCa'b'-ap2_R,Kenyon_Cell,,cb_intrinsic,17488,KCapbp-ap2,KCa'b'-ap2,,VFB_jrmc2i9f,R,,,Roughly traced,
2121,45016,71,41,8.243305217083379e-05,KCg-m,KCg-m_R,Kenyon_Cell,,cb_intrinsic,14292,KCg-m,KCg-m,,VFB_jrmc2kmp,R,,,Roughly traced,
2122,46287,71,44,8.243305217083379e-05,KCg-m,KCg-m_R,Kenyon_Cell,,cb_intrinsic,14292,KCg-m,KCg-m,,VFB_jrmc2k69,R,,,Roughly traced,
2123,48122,71,33,8.243305217083379e-05,KCg-d,KCg-d_L,Kenyon_Cell,,cb_intrinsic,19102,KCg-d,KCg-d,,VFB_jrmc2k2s,L,,,Roughly traced,
2124,49073,71,42,8.243305217083379e-05,KCg-m,KCg-m_R,Kenyon_Cell,,cb_intrinsic,14292,KCg-m,KCg-m,,VFB_jrmc2kvp,R,,,Roughly traced,
2125,49899,71,34,8.243305217083379e-05,KCa'b'-m,KCa'b'-m_R,Kenyon_Cell,,cb_intrinsic,17488,KCapbp-m,KCa'b'-m,,VFB_jrmc2igy,R,,,Roughly traced,
2126,50185,71,42,8.243305217083379e-05,KCg-m,KCg-m_R,Kenyon_Cell,,cb_intrinsic,14292,KCg-m,KCg-m,,VFB_jrmc2k6f,R,,,Roughly traced,
2127,51428,71,41,8.243305217083379e-05,KCg-m,KCg-m_R,Kenyon_Cell,,cb_intrinsic,14292,KCg-m,KCg-m,,VFB_jrmc2d6s,R,,,Roughly traced,
2128,51458,71,11,8.243305217083379e-05,hDeltaJ,hDeltaJ_05_C5,CX,,cb_intrinsic,11512,hDeltaJ,hDeltaJ,,VFB_jrmc02lb,R,,,Prelim Roughly traced,
2129,51894,71,41,8.243305217083379e-05,KCa'b'-ap2,KCa'b'-ap2_R,Kenyon_Cell,,cb_intrinsic,17488,KCapbp-ap2,KCa'b'-ap2,,VFB_jrmc2id0,R,,,Roughly traced,
2130,52856,71,47,8.243305217083379e-05,KCg-m,KCg-m_L,Kenyon_Cell,,cb_intrinsic,14292,KCg-m,KCg-m,,VFB_jrmc2d66,L,,,Roughly traced,
2131,56943,71,38,8.243305217083379e-05,KCa'b'-ap2,KCa'b'-ap2_R,Kenyon_Cell,,cb_intrinsic,17488,KCapbp-ap2,KCa'b'-ap2,,VFB_jrmc2i9s,R,,,Roughly traced,
2132,59320,71,42,8.243305217083379e-05,KCa'b'-ap2,KCa'b'-ap2_R,Kenyon_Cell,,cb_intrinsic,17488,KCapbp-ap2,KCa'b'-ap2,,VFB_jrmc2i9v,R,,,Roughly traced,
2133,60314,71,39,8.243305217083379e-05,KCa'b'-m,KCa'b'-m_R,Kenyon_Cell,,cb_intrinsic,17488,KCapbp-m,KCa'b'-m,,VFB_jrmc2ikx,R,,,Roughly traced,
2134,60739,71,43,8.243305217083379e-05,KCg-m,KCg-m_R,Kenyon_Cell,,cb_intrinsic,14292,KCg-m,KCg-m,,VFB_jrmc2dbb,R,,,Prelim Roughly traced,
2135,61605,71,41,8.243305217083379e-05,KCg-m,KCg-m_R,Kenyon_Cell,,cb_intrinsic,14292,KCg-m,KCg-m,,VFB_jrmc2dbc,R,,,Prelim Roughly traced,
2136,62174,71,36,8.243305217083379e-05,KCg-m,KCg-m_R,Kenyon_Cell,,cb_intrinsic,14292,KCg-m,KCg-m,,VFB_jrmc2kk5,R,,,Prelim Roughly traced,
2137,62241,71,36,8.243305217083379e-05,KCg-m,KCg-m_R,Kenyon_Cell,,cb_intrinsic,14292,KCg-m,KCg-m,,VFB_jrmc2knq,R,,,Prelim Roughly traced,
2138,62344,71,35,8.243305217083379e-05,KCg-m,KCg-m_R,Kenyon_Cell,,cb_intrinsic,14292,KCg-m,KCg-m,,VFB_jrmc2k6w,R,,,Prelim Roughly traced,
2139,64133,71,47,8.243305217083379e-05,KCg-m,KCg-m_R,Kenyon_Cell,,cb_intrinsic,14292,KCg-m,KCg-m,,VFB_jrmc2knt,R,,,Prelim Roughly traced,
2140,66038,71,44,8.243305217083379e-05,KCg-m,KCg-m_R,Kenyon_Cell,,cb_intrinsic,14292,KCg-m,KCg-m,,VFB_jrmc2k76,R,,,Prelim Roughly traced,
2141,66611,71,42,8.243305217083379e-05,KCg-m,KCg-m_R,Kenyon_Cell,,cb_intrinsic,14292,KCg-m,KCg-m,,VFB_jrmc2knz,R,,,Prelim Roughly traced,
2142,68239,71,46,8.243305217083379e-05,KCg-m,KCg-m_L,Kenyon_Cell,,cb_intrinsic,14292,KCg-m,KCg-m,,VFB_jrmc2kff,L,,,Roughly traced,
2143,68487,71,39,8.243305217083379e-05,KCg-m,KCg-m_R,Kenyon_Cell,,cb_intrinsic,14292,KCg-m,KCg-m,,VFB_jrmc2kkj,R,,,Prelim Roughly traced,
2144,69077,71,38,8.243305217083379e-05,KCg-m,KCg-m_R,Kenyon_Cell,,cb_intrinsic,14292,KCg-m,KCg-m,,VFB_jrmc2k7e,R,,,Prelim Roughly traced,
2145,71053,71,39,8.243305217083379e-05,KCa'b'-ap1,KCa'b'-ap1_R,Kenyon_Cell,,cb_intrinsic,17488,KCapbp-ap1,KCa'b'-ap1,,VFB_jrmc2i7r,R,,,Roughly traced,
2146,72002,71,31,8.243305217083379e-05,KCg-m,KCg-m_L,Kenyon_Cell,,cb_intrinsic,14292,KCg-m,KCg-m,,VFB_jrmc2kfk,L,,,Roughly traced,
2147,72755,71,40,8.243305217083379e-05,KCa'b'-ap2,KCa'b'-ap2_R,Kenyon_Cell,,cb_intrinsic,17488,KCapbp-ap2,KCa'b'-ap2,,VFB_jrmc2iab,R,,,Roughly traced,
2148,73125,71,43,8.243305217083379e-05,KCg-m,KCg-m_L,Kenyon_Cell,,cb_intrinsic,14292,KCg-m,KCg-m,,VFB_jrmc2kfm,L,,,Roughly traced,
2149,73195,71,42,8.243305217083379e-05,KCg-m,KCg-m_R,Kenyon_Cell,,cb_intrinsic,14292,KCg-m,KCg-m,,VFB_jrmc2d8n,R,,,Prelim Roughly traced,
2150,73453,71,38,8.243305217083379e-05,KCa'b'-ap2,KCa'b'-ap2_L,Kenyon_Cell,,cb_intrinsic,17488,KCapbp-ap2,KCa'b'-ap2,,VFB_jrmc2idi,L,,,Roughly traced,
2151,75070,71,49,8.243305217083379e-05,KCg-m,KCg-m_L,Kenyon_Cell,,cb_intrinsic,14292,KCg-m,KCg-m,,VFB_jrmc2kph,L,,,Roughly traced,
2152,75260,71,36,8.243305217083379e-05,KCa'b'-ap1,KCa'b'-ap1_R,Kenyon_Cell,,cb_intrinsic,17488,KCapbp-ap1,KCa'b'-ap1,,VFB_jrmc2i3o,R,,,Roughly traced,
2153,77367,71,37,8.243305217083379e-05,KCg-m,KCg-m_L,Kenyon_Cell,,cb_intrinsic,14292,KCg-m,KCg-m,,VFB_jrmc2kbj,L,,,Roughly traced,
2154,77454,71,41,8.243305217083379e-05,KCg-m,KCg-m_L,Kenyon_Cell,,cb_intrinsic,14292,KCg-m,KCg-m,,VFB_jrmc2dcj,L,,,Roughly traced,
2155,80637,71,39,8.243305217083379e-05,KCa'b'-ap2,KCa'b'-ap2_R,Kenyon_Cell,,cb_intrinsic,17488,KCapbp-ap2,KCa'b'-ap2,,VFB_jrmc2ian,R,,,Roughly traced,
2156,82118,71,42,8.243305217083379e-05,KCg-m,KCg-m_R,Kenyon_Cell,,cb_intrinsic,14292,KCg-m,KCg-m,,VFB_jrmc2k82,R,,,Prelim Roughly traced,
2157,82895,71,38,8.243305217083379e-05,KCg-m,KCg-m_R,Kenyon_Cell,,cb_intrinsic,14292,KCg-m,KCg-m,,VFB_jrmc2kom,R,,,Prelim Roughly traced,
2158,83894,71,33,8.243305217083379e-05,KCa'b'-m,KCa'b'-m_R,Kenyon_Cell,,cb_intrinsic,17488,KCapbp-m,KCa'b'-m,,VFB_jrmc2iky,R,,,Roughly traced,
2159,84256,71,9,8.243305217083379e-05,vDeltaH,vDeltaH_C5,CX,,cb_intrinsic,11512,"vDeltaG,vDeltaH",vDeltaH,,VFB_jrmc039w,R,,,Roughly traced,
2160,84498,71,42,8.243305217083379e-05,KCa'b'-ap2,KCa'b'-ap2_R,Kenyon_Cell,,cb_intrinsic,17488,KCapbp-ap2,KCa'b'-ap2,,VFB_jrmc2ief,R,,,Roughly traced,
2161,85141,71,37,8.243305217083379e-05,KCg-m,KCg-m_R,Kenyon_Cell,,cb_intrinsic,14292,KCg-m,KCg-m,,VFB_jrmc2kl8,R,,,Prelim Roughly traced,
2162,86751,71,40,8.243305217083379e-05,KCg-m,KCg-m_R,Kenyon_Cell,,cb_intrinsic,14292,KCg-m,KCg-m,,VFB_jrmc2kr2,R,,,Prelim Roughly traced,
2163,88655,71,36,8.243305217083379e-05,KCg-m,KCg-m_R,Kenyon_Cell,,cb_intrinsic,14292,KCg-m,KCg-m,,VFB_jrmc2k8g,R,,,Prelim Roughly traced,
2164,95189,71,42,8.243305217083379e-05,KCg-m,KCg-m_L,Kenyon_Cell,,cb_intrinsic,14292,KCg-m,KCg-m,,VFB_jrmc2kge,L,,,Prelim Roughly traced,
2165,99583,71,34,8.243305217083379e-05,KCa'b'-ap2,KCa'b'-ap2_R,Kenyon_Cell,,cb_intrinsic,17488,KCapbp-ap2,KCa'b'-ap2,,VFB_jrmc2if7,R,,,Roughly traced,
2166,103663,71,32,8.243305217083379e-05,KCg-d,KCg-d_R,Kenyon_Cell,,cb_intrinsic,19102,KCg-d,KCg-d,,VFB_jrmc2k4n,R,,,Roughly traced,
2167,106905,71,46,8.243305217083379e-05,KCg-m,KCg-m_L,Kenyon_Cell,,cb_intrinsic,14292,KCg-m,KCg-m,,VFB_jrmc2d92,L,,,Roughly traced,
2168,106931,71,44,8.243305217083379e-05,KCa'b'-ap2,KCa'b'-ap2_R,Kenyon_Cell,,cb_intrinsic,17488,KCapbp-ap2,KCa'b'-ap2,,VFB_jrmc2iat,R,,,Roughly traced,
2169,107452,71,42,8.243305217083379e-05,KCg-m,KCg-m_R,Kenyon_Cell,,cb_intrinsic,14292,KCg-m,KCg-m,,VFB_jrmc2kov,R,,,Prelim Roughly traced,
2170,114090,71,39,8.243305217083379e-05,KCg-m,KCg-m_L,Kenyon_Cell,,cb_intrinsic,14292,KCg-m,KCg-m,,VFB_jrmc2kuf,L,,,Roughly traced,
2171,133053,71,39,8.243305217083379e-05,KCg-m,KCg-m_R,Kenyon_Cell,,cb_intrinsic,14292,KCg-m,KCg-m,,VFB_jrmc2dft,R,,,Prelim Roughly traced,
2172,133316,71,44,8.243305217083379e-05,KCg-m,KCg-m_L,Kenyon_Cell,,cb_intrinsic,14292,KCg-m,KCg-m,,VFB_jrmc2khj,L,,,Prelim Roughly traced,
2173,136896,71,38,8.243305217083379e-05,KCg-m,KCg-m_L,Kenyon_Cell,,cb_intrinsic,14292,KCg-m,KCg-m,,VFB_jrmc2khp,L,,,Prelim Roughly traced,
2174,138353,71,40,8.243305217083379e-05,KCg-m,KCg-m_R,Kenyon_Cell,,cb_intrinsic,14292,KCg-m,KCg-m,,VFB_jrmc2kly,R,,,Prelim Roughly traced,
2175,139008,71,39,8.243305217083379e-05,KCg-m,KCg-m_R,Kenyon_Cell,,cb_intrinsic,14292,KCg-m,KCg-m,,VFB_jrmc2kmf,R,,,Prelim Roughly traced,
2176,141840,71,34,8.243305217083379e-05,KCg-m,KCg-m_L,Kenyon_Cell,,cb_intrinsic,14292,KCg-m,KCg-m,,VFB_jrmc2dbk,L,,,Roughly traced,
2177,144464,71,38,8.243305217083379e-05,KCg-m,KCg-m_R,Kenyon_Cell,,cb_intrinsic,14292,KCg-m,KCg-m,,VFB_jrmc2dce,R,,,Prelim Roughly traced,
2178,147700,71,30,8.243305217083379e-05,KCg-m,KCg-m_L,Kenyon_Cell,,cb_intrinsic,14292,KCg-m,KCg-m,,VFB_jrmc2ktv,L,,,Roughly traced,
2179,150259,71,34,8.243305217083379e-05,KCg-d,KCg-d_L,Kenyon_Cell,,cb_intrinsic,19102,KCg-d,KCg-d,,VFB_jrmc2k3c,L,,,Roughly traced,
2180,166386,71,43,8.243305217083379e-05,KCg-m,KCg-m_L,Kenyon_Cell,,cb_intrinsic,14292,KCg-m,KCg-m,,VFB_jrmc2d9e,L,,,Roughly traced,
2181,516666,71,10,8.243305217083379e-05,hDeltaH,hDeltaH_03_C2,CX,,cb_intrinsic,11512,hDeltaH,hDeltaH,,VFB_jrmc02kk,R,,,Prelim Roughly traced,
2182,536355,71,14,8.243305217083379e-05,hDeltaJ,hDeltaJ_13_C11,CX,,cb_intrinsic,11512,hDeltaJ,hDeltaJ,,VFB_jrmc02lr,L,,,Prelim Roughly traced,
2183,10356,70,19,8.127202326701923e-05,LHPV5e3,LHPV5e3_L,,,cb_intrinsic,,LHPV5e3,LHPV5e3,,VFB_jrmc22he,L,,,Roughly traced,
2184,10583,70,8,8.127202326701923e-05,LPT60,LPT60_R,,,cb_intrinsic,,AVLP151,AVLP151,,VFB_jrmc2465,R,,,Roughly traced,
2185,10744,70,10,8.127202326701923e-05,FB5A,FB5A_R,CX,,cb_intrinsic,10744,CB.FB5F1,FB5A,,VFB_jrmc306q,R,,,Roughly traced,
2186,10852,70,15,8.127202326701923e-05,LoVC18,"LoVC18(PLP030,PLP031)_L",,,visual_centrifugal,,cL16,PLP030,,VFB_jrmc1zn0,L,,,Roughly traced,
2187,11199,70,10,8.127202326701923e-05,LAL123,LAL123_R,,,cb_intrinsic,,LAL123,LAL123,,VFB_jrmc2cwb,R,,,Roughly traced,
2188,14762,70,7,8.127202326701923e-05,AVLP323,AVLP323_R,,,cb_intrinsic,10357,AVLP323,AVLP323,,VFB_jrmc3ily,R,CG,,Roughly traced,
2189,15924,70,14,8.127202326701923e-05,FB4G,FB4G_L,CX,,cb_intrinsic,11994,FB4G,FB4G,,VFB_jrmc304s,L,CG,,Roughly traced,
2190,16303,70,12,8.127202326701923e-05,PFR_a,PFR_a(PB11a)_L6_C6,CX,,cb_intrinsic,13892,PFR_a,PFR_a,,VFB_jrmc1ijc,L,,,Roughly traced,
2191,16583,70,5,8.127202326701923e-05,AVLP294,AVLP294_R,,,cb_intrinsic,10657,AVLP294,AVLP294,,VFB_jrmc3iib,R,,,Roughly traced,
2192,17016,70,12,8.127202326701923e-05,LNO1,LNO1_R,CX,,cb_intrinsic,,LNO1,LNO1,,VFB_jrmc238c,R,,,Roughly traced,
2193,17295,70,5,8.127202326701923e-05,MeVP17,MeVP17_R,,,visual_projection,,MTe08,,,VFB_jrmc1v33,R,,,Roughly traced,
2194,24933,70,10,8.127202326701923e-05,FB2D,FB2D_L,CX,,cb_intrinsic,12083,CB.FB2I3,FB2D,,VFB_jrmc300y,L,CG,,Roughly traced,
2195,37432,70,41,8.127202326701923e-05,KCg-m,KCg-m_R,Kenyon_Cell,,cb_intrinsic,14292,KCg-m,KCg-m,,VFB_jrmc2d8h,R,,,Roughly traced,
2196,45512,70,40,8.127202326701923e-05,KCg-m,KCg-m_R,Kenyon_Cell,,cb_intrinsic,14292,KCg-m,KCg-m,,VFB_jrmc2k67,R,,,Roughly traced,
2197,46056,70,36,8.127202326701923e-05,KCa'b'-ap2,KCa'b'-ap2_R,Kenyon_Cell,,cb_intrinsic,17488,KCapbp-ap2,KCa'b'-ap2,,VFB_jrmc2i9i,R,,,Roughly traced,
2198,47858,70,42,8.127202326701923e-05,KCg-m,KCg-m_R,Kenyon_Cell,,cb_intrinsic,14292,KCg-m,KCg-m,,VFB_jrmc2da4,R,,,Roughly traced,
2199,48515,70,32,8.127202326701923e-05,KCg-m,KCg-m_R,Kenyon_Cell,,cb_intrinsic,14292,KCg-m,KCg-m,,VFB_jrmc2k6d,R,,,Roughly traced,
2200,48759,70,40,8.127202326701923e-05,KCg-m,KCg-m_L,Kenyon_Cell,,cb_intrinsic,14292,KCg-m,KCg-m,,VFB_jrmc2kaj,L,,,Roughly traced,
2201,50411,70,44,8.127202326701923e-05,KCg-m,KCg-m_L,Kenyon_Cell,,cb_intrinsic,14292,KCg-m,KCg-m,,VFB_jrmc2d65,L,,,Roughly traced,
2202,50582,70,31,8.127202326701923e-05,KCg-d,KCg-d_R,Kenyon_Cell,,cb_intrinsic,19102,KCg-d,KCg-d,,VFB_jrmc2k12,R,,,Roughly traced,
2203,51383,70,35,8.127202326701923e-05,KCa'b'-ap1,KCa'b'-ap1_R,Kenyon_Cell,,cb_intrinsic,17488,KCapbp-ap1,KCa'b'-ap1,,VFB_jrmc2i3c,R,,,Roughly traced,
2204,54702,70,30,8.127202326701923e-05,KCa'b'-ap1,KCa'b'-ap1_R,Kenyon_Cell,,cb_intrinsic,17488,KCapbp-ap1,KCa'b'-ap1,,VFB_jrmc2i6j,R,,,Roughly traced,
2205,57106,70,41,8.127202326701923e-05,KCa'b'-ap2,KCa'b'-ap2_R,Kenyon_Cell,,cb_intrinsic,17488,KCapbp-ap2,KCa'b'-ap2,,VFB_jrmc2ifk,R,,,Roughly traced,
2206,57532,70,41,8.127202326701923e-05,KCg-m,KCg-m_R,Kenyon_Cell,,cb_intrinsic,14292,KCg-m,KCg-m,,VFB_jrmc2dfu,R,,,Roughly traced,
2207,58183,70,35,8.127202326701923e-05,KCg-m,KCg-m_R,Kenyon_Cell,,cb_intrinsic,14292,KCg-m,KCg-m,,VFB_jrmc2knf,R,,,Roughly traced,
2208,60729,70,41,8.127202326701923e-05,KCa'b'-ap2,KCa'b'-ap2_R,Kenyon_Cell,,cb_intrinsic,17488,KCapbp-ap2,KCa'b'-ap2,,VFB_jrmc2iea,R,,,Roughly traced,
2209,60763,70,41,8.127202326701923e-05,KCg-m,KCg-m_R,Kenyon_Cell,,cb_intrinsic,14292,KCg-m,KCg-m,,VFB_jrmc2k6s,R,,,Prelim Roughly traced,
2210,66945,70,38,8.127202326701923e-05,KCg-m,KCg-m_R,Kenyon_Cell,,cb_intrinsic,14292,KCg-m,KCg-m,,VFB_jrmc2dd5,R,,,Prelim Roughly traced,
2211,68334,70,40,8.127202326701923e-05,KCa'b'-ap2,KCa'b'-ap2_R,Kenyon_Cell,,cb_intrinsic,17488,KCapbp-ap2,KCa'b'-ap2,,VFB_jrmc2ibv,R,,,Roughly traced,
2212,68708,70,42,8.127202326701923e-05,KCg-m,KCg-m_L,Kenyon_Cell,,cb_intrinsic,14292,KCg-m,KCg-m,,VFB_jrmc2krh,L,,,Roughly traced,
2213,69956,70,29,8.127202326701923e-05,KCa'b'-ap1,KCa'b'-ap1_R,Kenyon_Cell,,cb_intrinsic,17488,KCapbp-ap1,KCa'b'-ap1,,VFB_jrmc2i6v,R,,,Roughly traced,
2214,74403,70,39,8.127202326701923e-05,KCg-m,KCg-m_R,Kenyon_Cell,,cb_intrinsic,14292,KCg-m,KCg-m,,VFB_jrmc2d6w,R,,,Prelim Roughly traced,
2215,74926,70,36,8.127202326701923e-05,KCg-m,KCg-m_L,Kenyon_Cell,,cb_intrinsic,14292,KCg-m,KCg-m,,VFB_jrmc2kba,L,,,Roughly traced,
2216,81374,70,38,8.127202326701923e-05,KCg-m,KCg-m_L,Kenyon_Cell,,cb_intrinsic,14292,KCg-m,KCg-m,,VFB_jrmc2ktb,L,,,Prelim Roughly traced,
2217,82296,70,36,8.127202326701923e-05,KCa'b'-ap2,KCa'b'-ap2_R,Kenyon_Cell,,cb_intrinsic,17488,KCapbp-ap2,KCa'b'-ap2,,VFB_jrmc2iap,R,,,Roughly traced,
2218,85516,70,41,8.127202326701923e-05,KCg-m,KCg-m_R,Kenyon_Cell,,cb_intrinsic,14292,KCg-m,KCg-m,,VFB_jrmc2k88,R,,,Prelim Roughly traced,
2219,89530,70,38,8.127202326701923e-05,KCa'b'-ap2,KCa'b'-ap2_R,Kenyon_Cell,,cb_intrinsic,17488,KCapbp-ap2,KCa'b'-ap2,,VFB_jrmc2ieg,R,,,Roughly traced,
2220,94078,70,33,8.127202326701923e-05,KCa'b'-ap2,KCa'b'-ap2_L,Kenyon_Cell,,cb_intrinsic,17488,KCapbp-ap2,KCa'b'-ap2,,VFB_jrmc2iel,L,,,Roughly traced,
2221,95404,70,36,8.127202326701923e-05,KCg-m,KCg-m_L,Kenyon_Cell,,cb_intrinsic,14292,KCg-m,KCg-m,,VFB_jrmc2kcj,L,,,Prelim Roughly traced,
2222,95941,70,41,8.127202326701923e-05,KCg-m,KCg-m_L,Kenyon_Cell,,cb_intrinsic,14292,KCg-m,KCg-m,,VFB_jrmc2krq,L,,,Prelim Roughly traced,
2223,98462,70,35,8.127202326701923e-05,KCg-d,KCg-d_L,Kenyon_Cell,,cb_intrinsic,19102,KCg-d,KCg-d,,VFB_jrmc2k1q,L,,,Roughly traced,
2224,99195,70,40,8.127202326701923e-05,KCg-m,KCg-m_L,Kenyon_Cell,,cb_intrinsic,14292,KCg-m,KCg-m,,VFB_jrmc2dcm,L,,,Roughly traced,
2225,107516,70,38,8.127202326701923e-05,KCg-m,KCg-m_L,Kenyon_Cell,,cb_intrinsic,14292,KCg-m,KCg-m,,VFB_jrmc2dai,L,,,Roughly traced,
2226,107852,70,37,8.127202326701923e-05,KCg-m,KCg-m_R,Kenyon_Cell,,cb_intrinsic,14292,KCg-m,KCg-m,,VFB_jrmc2kli,R,,,Prelim Roughly traced,
2227,108059,70,33,8.127202326701923e-05,KCab-s,KCab-s_L,Kenyon_Cell,,cb_intrinsic,11862,KCab,"KCab-m,KCab-c,KCab-s",,VFB_jrmc2jum,L,,,Roughly traced,
2228,114522,70,18,8.127202326701923e-05,PAM07,PAM07(y4<y1y2)_R,DAN,,cb_intrinsic,39617,PAM07,PAM07,,VFB_jrmc1pus,R,,,Roughly traced,
2229,118732,70,41,8.127202326701923e-05,KCg-m,KCg-m_L,Kenyon_Cell,,cb_intrinsic,14292,KCg-m,KCg-m,,VFB_jrmc2kh1,L,,,Roughly traced,
2230,126766,70,45,8.127202326701923e-05,KCg-m,KCg-m_L,Kenyon_Cell,,cb_intrinsic,14292,KCg-m,KCg-m,,VFB_jrmc2dbu,L,,,Roughly traced,
2231,131268,70,43,8.127202326701923e-05,KCg-m,KCg-m_L,Kenyon_Cell,,cb_intrinsic,14292,KCg-m,KCg-m,,VFB_jrmc2def,L,,,Prelim Roughly traced,
2232,131662,70,40,8.127202326701923e-05,KCa'b'-ap2,KCa'b'-ap2_R,Kenyon_Cell,,cb_intrinsic,17488,KCapbp-ap2,KCa'b'-ap2,,VFB_jrmc2ic9,R,,,Roughly traced,
2233,133435,70,39,8.127202326701923e-05,KCg-m,KCg-m_L,Kenyon_Cell,,cb_intrinsic,14292,KCg-m,KCg-m,,VFB_jrmc2kvb,L,,,Prelim Roughly traced,
2234,140943,70,37,8.127202326701923e-05,KCg-m,KCg-m_L,Kenyon_Cell,,cb_intrinsic,14292,KCg-m,KCg-m,,VFB_jrmc2kdw,L,,,Prelim Roughly traced,
2235,144291,70,39,8.127202326701923e-05,KCg-m,KCg-m_R,Kenyon_Cell,,cb_intrinsic,14292,KCg-m,KCg-m,,VFB_jrmc2km1,R,,,Prelim Roughly traced,
2236,145792,70,36,8.127202326701923e-05,KCg-m,KCg-m_L,Kenyon_Cell,,cb_intrinsic,14292,KCg-m,KCg-m,,VFB_jrmc2ki1,L,,,Roughly traced,
2237,147589,70,37,8.127202326701923e-05,KCg-m,KCg-m_L,Kenyon_Cell,,cb_intrinsic,14292,KCg-m,KCg-m,,VFB_jrmc2ki3,L,,,Roughly traced,
2238,148588,70,42,8.127202326701923e-05,KCg-m,KCg-m_L,Kenyon_Cell,,cb_intrinsic,14292,KCg-m,KCg-m,,VFB_jrmc2kvh,L,,,Roughly traced,
2239,149199,70,38,8.127202326701923e-05,KCg-m,KCg-m_L,Kenyon_Cell,,cb_intrinsic,14292,KCg-m,KCg-m,,VFB_jrmc2de3,L,,,Roughly traced,
2240,150732,70,35,8.127202326701923e-05,KCg-m,KCg-m_L,Kenyon_Cell,,cb_intrinsic,14292,KCg-m,KCg-m,,VFB_jrmc2kia,L,,,Roughly traced,
2241,151277,70,41,8.127202326701923e-05,KCg-m,KCg-m_L,Kenyon_Cell,,cb_intrinsic,14292,KCg-m,KCg-m,,VFB_jrmc2kic,L,,,Roughly traced,
2242,152031,70,37,8.127202326701923e-05,KCa'b'-ap2,KCa'b'-ap2_R,Kenyon_Cell,,cb_intrinsic,17488,KCapbp-ap2,KCa'b'-ap2,,VFB_jrmc2iax,R,,,Roughly traced,
2243,153391,70,43,8.127202326701923e-05,KCg-m,KCg-m_R,Kenyon_Cell,,cb_intrinsic,14292,KCg-m,KCg-m,,VFB_jrmc2kp3,R,,,Prelim Roughly traced,
2244,159261,70,45,8.127202326701923e-05,KCg-m,KCg-m_L,Kenyon_Cell,,cb_intrinsic,14292,KCg-m,KCg-m,,VFB_jrmc2kee,L,,,Roughly traced,
2245,175767,70,42,8.127202326701923e-05,KCg-m,KCg-m_L,Kenyon_Cell,,cb_intrinsic,14292,KCg-m,KCg-m,,VFB_jrmc2ktx,L,,,Roughly traced,
2246,218942,70,40,8.127202326701923e-05,KCg-m,KCg-m_R,Kenyon_Cell,,cb_intrinsic,14292,KCg-m,KCg-m,,VFB_jrmc2k9w,R,,,Prelim Roughly traced,
2247,513376,70,12,8.127202326701923e-05,FB4O,FB4O_R,CX,,cb_intrinsic,12311,FB4O,FB4O,,VFB_jrmc305h,R,,,Roughly traced,
2248,551436,70,36,8.127202326701923e-05,KCa'b'-ap2,KCa'b'-ap2_R,Kenyon_Cell,,cb_intrinsic,17488,KCapbp-ap2,KCa'b'-ap2,,VFB_jrmc2ifl,R,,,Roughly traced,
2249,11723,69,11,8.011099436320467e-05,SMP163,SMP163_R,,,cb_intrinsic,,SMP163,SMP163,,VFB_jrmc1d5x,R,,,Roughly traced,
2250,12221,69,15,8.011099436320467e-05,FB5A,FB5A_L,CX,,cb_intrinsic,10744,CB.FB5F1,FB5A,,VFB_jrmc306s,L,,,Roughly traced,
2251,13870,69,19,8.011099436320467e-05,CRE022,CRE022_R,,,cb_intrinsic,,CRE022,CRE022,,VFB_jrmc34sr,R,,,Roughly traced,
2252,13877,69,19,8.011099436320467e-05,LAL159,LAL159_R,,,cb_intrinsic,,LAL159,LAL159,,VFB_jrmc2cze,R,,,Roughly traced,
2253,15202,69,4,8.011099436320467e-05,AVLP285,AVLP285_L,,,cb_intrinsic,10657,CB4166,AVLP285,,VFB_jrmc3ihi,L,,,Roughly traced,
2254,15535,69,23,8.011099436320467e-05,SMP384,SMP384_R,,,cb_intrinsic,,SMP384,SMP384,,VFB_jrmc1dre,R,,,Roughly traced,
2255,15782,69,21,8.011099436320467e-05,SMP384,SMP384_L,,,cb_intrinsic,,SMP384,SMP384,,VFB_jrmc1drf,L,,,Roughly traced,
2256,21519,69,14,8.011099436320467e-05,FB2A,FB2A_R,CX,,cb_intrinsic,21519,CB.FB2H0,FB2A,,VFB_jrmc300i,R,,,Roughly traced,
2257,32035,69,35,8.011099436320467e-05,KCg-m,KCg-m_R,Kenyon_Cell,,cb_intrinsic,14292,KCg-m,KCg-m,,VFB_jrmc2k5x,R,,,Roughly traced,
2258,33191,69,8,8.011099436320467e-05,FB4A_b,FB4A_b_L,CX,,cb_intrinsic,11994,FB4A,FB4A,,VFB_jrmc303s,L,CG,,Roughly traced,
2259,38334,69,14,8.011099436320467e-05,PFNd,PFNd(PB04)_R3_C7,CX,,cb_intrinsic,10817,PFNd,PFNd,,VFB_jrmc1i99,R,,,Roughly traced,
2260,42813,69,36,8.011099436320467e-05,KCa'b'-m,KCa'b'-m_R,Kenyon_Cell,,cb_intrinsic,17488,KCapbp-m,KCa'b'-m,,VFB_jrmc2ilh,R,,,Roughly traced,
2261,45663,69,37,8.011099436320467e-05,KCg-m,KCg-m_R,Kenyon_Cell,,cb_intrinsic,14292,KCg-m,KCg-m,,VFB_jrmc2kmr,R,,,Roughly traced,
2262,45761,69,38,8.011099436320467e-05,KCg-m,KCg-m_R,Kenyon_Cell,,cb_intrinsic,14292,KCg-m,KCg-m,,VFB_jrmc2de6,R,,,Roughly traced,
2263,47732,69,33,8.011099436320467e-05,KCa'b'-ap1,KCa'b'-ap1_R,Kenyon_Cell,,cb_intrinsic,17488,KCapbp-ap1,KCa'b'-ap1,,VFB_jrmc2i5g,R,,,Roughly traced,
2264,49279,69,41,8.011099436320467e-05,KCg-m,KCg-m_R,Kenyon_Cell,,cb_intrinsic,14292,KCg-m,KCg-m,,VFB_jrmc2kn0,R,,,Roughly traced,
2265,50327,69,16,8.011099436320467e-05,hDeltaI,hDeltaI_09_C8,CX,,cb_intrinsic,11512,hDeltaI,hDeltaI,,VFB_jrmc02kn,L,,,Prelim Roughly traced,
2266,51430,69,41,8.011099436320467e-05,KCg-m,KCg-m_R,Kenyon_Cell,,cb_intrinsic,14292,KCg-m,KCg-m,,VFB_jrmc2daq,R,,,Roughly traced,
2267,52575,69,39,8.011099436320467e-05,KCg-m,KCg-m_R,Kenyon_Cell,,cb_intrinsic,14292,KCg-m,KCg-m,,VFB_jrmc2kn8,R,,,Roughly traced,
2268,52728,69,9,8.011099436320467e-05,FB5M,FB5M_R,CX,,cb_intrinsic,11994,FB5M,FB5M,,VFB_jrmc307w,R,CG,,Prelim Roughly traced,
2269,56223,69,34,8.011099436320467e-05,KCg-m,KCg-m_R,Kenyon_Cell,,cb_intrinsic,14292,KCg-m,KCg-m,,VFB_jrmc2k6n,R,,,Prelim Roughly traced,
2270,57302,69,35,8.011099436320467e-05,KCg-d,KCg-d_R,Kenyon_Cell,,cb_intrinsic,19102,KCg-d,KCg-d,,VFB_jrmc2k0n,R,,,Roughly traced,
2271,58487,69,43,8.011099436320467e-05,KCg-m,KCg-m_R,Kenyon_Cell,,cb_intrinsic,14292,KCg-m,KCg-m,,VFB_jrmc2k6q,R,,,Roughly traced,
2272,60354,69,32,8.011099436320467e-05,KCa'b'-ap1,KCa'b'-ap1_R,Kenyon_Cell,,cb_intrinsic,17488,KCapbp-ap1,KCa'b'-ap1,,VFB_jrmc2i3i,R,,,Roughly traced,
2273,62645,69,38,8.011099436320467e-05,KCg-m,KCg-m_R,Kenyon_Cell,,cb_intrinsic,14292,KCg-m,KCg-m,,VFB_jrmc2d8b,R,,,Prelim Roughly traced,
2274,64596,69,37,8.011099436320467e-05,KCg-m,KCg-m_R,Kenyon_Cell,,cb_intrinsic,14292,KCg-m,KCg-m,,VFB_jrmc2knx,R,,,Prelim Roughly traced,
2275,65161,69,42,8.011099436320467e-05,KCg-m,KCg-m_R,Kenyon_Cell,,cb_intrinsic,14292,KCg-m,KCg-m,,VFB_jrmc2kkc,R,,,Prelim Roughly traced,
2276,67337,69,40,8.011099436320467e-05,KCg-m,KCg-m_R,Kenyon_Cell,,cb_intrinsic,14292,KCg-m,KCg-m,,VFB_jrmc2d5s,R,,,Prelim Roughly traced,
2277,67432,69,36,8.011099436320467e-05,KCg-m,KCg-m_R,Kenyon_Cell,,cb_intrinsic,14292,KCg-m,KCg-m,,VFB_jrmc2kkh,R,,,Prelim Roughly traced,
2278,69859,69,41,8.011099436320467e-05,KCg-m,KCg-m_R,Kenyon_Cell,,cb_intrinsic,14292,KCg-m,KCg-m,,VFB_jrmc2d6u,R,,,Prelim Roughly traced,
2279,69967,69,35,8.011099436320467e-05,KCg-m,KCg-m_R,Kenyon_Cell,,cb_intrinsic,14292,KCg-m,KCg-m,,VFB_jrmc2daa,R,,,Prelim Roughly traced,
2280,71902,69,41,8.011099436320467e-05,KCg-m,KCg-m_R,Kenyon_Cell,,cb_intrinsic,14292,KCg-m,KCg-m,,VFB_jrmc2k7n,R,,,Prelim Roughly traced,
2281,74549,69,40,8.011099436320467e-05,KCab-s,KCab-s_L,Kenyon_Cell,,cb_intrinsic,11862,KCab,"KCab-m,KCab-c,KCab-s",,VFB_jrmc2jv4,L,,,Roughly traced,
2282,75312,69,32,8.011099436320467e-05,KCg-m,KCg-m_L,Kenyon_Cell,,cb_intrinsic,14292,KCg-m,KCg-m,,VFB_jrmc2kfn,L,,,Roughly traced,
2283,77449,69,41,8.011099436320467e-05,KCg-m,KCg-m_R,Kenyon_Cell,,cb_intrinsic,14292,KCg-m,KCg-m,,VFB_jrmc2dd3,R,,,Prelim Roughly traced,
2284,78458,69,34,8.011099436320467e-05,KCg-m,KCg-m_R,Kenyon_Cell,,cb_intrinsic,14292,KCg-m,KCg-m,,VFB_jrmc2kkv,R,,,Prelim Roughly traced,
2285,79444,69,40,8.011099436320467e-05,KCg-m,KCg-m_R,Kenyon_Cell,,cb_intrinsic,14292,KCg-m,KCg-m,,VFB_jrmc2k7w,R,,,Prelim Roughly traced,
2286,79761,69,45,8.011099436320467e-05,KCg-m,KCg-m_L,Kenyon_Cell,,cb_intrinsic,14292,KCg-m,KCg-m,,VFB_jrmc2d7r,L,,,Roughly traced,
2287,79832,69,38,8.011099436320467e-05,KCg-m,KCg-m_R,Kenyon_Cell,,cb_intrinsic,14292,KCg-m,KCg-m,,VFB_jrmc2kkx,R,,,Prelim Roughly traced,
2288,79899,69,43,8.011099436320467e-05,KCa'b'-ap2,KCa'b'-ap2_R,Kenyon_Cell,,cb_intrinsic,17488,KCapbp-ap2,KCa'b'-ap2,,VFB_jrmc2i8g,R,,,Roughly traced,
2289,79931,69,36,8.011099436320467e-05,KCg-m,KCg-m_R,Kenyon_Cell,,cb_intrinsic,14292,KCg-m,KCg-m,,VFB_jrmc2kky,R,,,Prelim Roughly traced,
2290,80708,69,41,8.011099436320467e-05,KCg-m,KCg-m_L,Kenyon_Cell,,cb_intrinsic,14292,KCg-m,KCg-m,,VFB_jrmc2d69,L,,,Prelim Roughly traced,
2291,81651,69,42,8.011099436320467e-05,KCg-m,KCg-m_R,Kenyon_Cell,,cb_intrinsic,14292,KCg-m,KCg-m,,VFB_jrmc2da0,R,,,Prelim Roughly traced,
2292,82440,69,38,8.011099436320467e-05,KCg-m,KCg-m_R,Kenyon_Cell,,cb_intrinsic,14292,KCg-m,KCg-m,,VFB_jrmc2kok,R,,,Prelim Roughly traced,
2293,84884,69,35,8.011099436320467e-05,KCg-m,KCg-m_L,Kenyon_Cell,,cb_intrinsic,14292,KCg-m,KCg-m,,VFB_jrmc2dc0,L,,,Prelim Roughly traced,
2294,85851,69,30,8.011099436320467e-05,KCg-d,KCg-d_R,Kenyon_Cell,,cb_intrinsic,19102,KCg-d,KCg-d,,VFB_jrmc2k4s,R,,,Roughly traced,
2295,86970,69,36,8.011099436320467e-05,KCa'b'-ap2,KCa'b'-ap2_R,Kenyon_Cell,,cb_intrinsic,17488,KCapbp-ap2,KCa'b'-ap2,,VFB_jrmc2ifw,R,,,Roughly traced,
2296,89158,69,45,8.011099436320467e-05,KCg-m,KCg-m_L,Kenyon_Cell,,cb_intrinsic,14292,KCg-m,KCg-m,,VFB_jrmc2krn,L,,,Prelim Roughly traced,
2297,89841,69,41,8.011099436320467e-05,KCg-m,KCg-m_R,Kenyon_Cell,,cb_intrinsic,14292,KCg-m,KCg-m,,VFB_jrmc2kr4,R,,,Prelim Roughly traced,
2298,90870,69,35,8.011099436320467e-05,KCg-m,KCg-m_L,Kenyon_Cell,,cb_intrinsic,14292,KCg-m,KCg-m,,VFB_jrmc2kgb,L,,,Prelim Roughly traced,
2299,92662,69,31,8.011099436320467e-05,KCa'b'-ap1,KCa'b'-ap1_R,Kenyon_Cell,,cb_intrinsic,17488,KCapbp-ap1,KCa'b'-ap1,,VFB_jrmc2i78,R,,,Roughly traced,
2300,93380,69,41,8.011099436320467e-05,KCa'b'-ap2,KCa'b'-ap2_R,Kenyon_Cell,,cb_intrinsic,17488,KCapbp-ap2,KCa'b'-ap2,,VFB_jrmc2iar,R,,,Roughly traced,
2301,98782,69,39,8.011099436320467e-05,KCg-m,KCg-m_L,Kenyon_Cell,,cb_intrinsic,14292,KCg-m,KCg-m,,VFB_jrmc2ddv,L,,,Roughly traced,
2302,99796,69,36,8.011099436320467e-05,KCa'b'-m,KCa'b'-m_R,Kenyon_Cell,,cb_intrinsic,17488,KCapbp-m,KCa'b'-m,,VFB_jrmc2ihi,R,,,Roughly traced,
2303,104845,69,40,8.011099436320467e-05,KCa'b'-ap2,KCa'b'-ap2_L,Kenyon_Cell,,cb_intrinsic,17488,KCapbp-ap2,KCa'b'-ap2,,VFB_jrmc2iex,L,,,Roughly traced,
2304,109275,69,33,8.011099436320467e-05,KCg-m,KCg-m_L,Kenyon_Cell,,cb_intrinsic,14292,KCg-m,KCg-m,,VFB_jrmc2d6e,L,,,Roughly traced,
2305,112189,69,36,8.011099436320467e-05,KCg-m,KCg-m_L,Kenyon_Cell,,cb_intrinsic,14292,KCg-m,KCg-m,,VFB_jrmc2kgt,L,,,Roughly traced,
2306,114029,69,40,8.011099436320467e-05,KCg-m,KCg-m_L,Kenyon_Cell,,cb_intrinsic,14292,KCg-m,KCg-m,,VFB_jrmc2kgx,L,,,Roughly traced,
2307,122326,69,43,8.011099436320467e-05,KCg-m,KCg-m_L,Kenyon_Cell,,cb_intrinsic,14292,KCg-m,KCg-m,,VFB_jrmc2kh9,L,,,Roughly traced,
2308,123280,69,37,8.011099436320467e-05,KCg-m,KCg-m_R,Kenyon_Cell,,cb_intrinsic,14292,KCg-m,KCg-m,,VFB_jrmc2klq,R,,,Prelim Roughly traced,
2309,125860,69,37,8.011099436320467e-05,KCg-m,KCg-m_R,Kenyon_Cell,,cb_intrinsic,14292,KCg-m,KCg-m,,VFB_jrmc2k90,R,,,Prelim Roughly traced,
2310,131423,69,37,8.011099436320467e-05,KCg-m,KCg-m_L,Kenyon_Cell,,cb_intrinsic,14292,KCg-m,KCg-m,,VFB_jrmc2kdj,L,,,Prelim Roughly traced,
2311,132121,69,11,8.011099436320467e-05,vDeltaH,vDeltaH_C4,CX,,cb_intrinsic,11512,"vDeltaG,vDeltaH",vDeltaH,,VFB_jrmc03a0,R,,,Roughly traced,
2312,133564,69,43,8.011099436320467e-05,KCg-m,KCg-m_L,Kenyon_Cell,,cb_intrinsic,14292,KCg-m,KCg-m,,VFB_jrmc2kdn,L,,,Prelim Roughly traced,
2313,134256,69,47,8.011099436320467e-05,KCg-m,KCg-m_L,Kenyon_Cell,,cb_intrinsic,14292,KCg-m,KCg-m,,VFB_jrmc2khl,L,,,Prelim Roughly traced,
2314,134359,69,39,8.011099436320467e-05,KCg-m,KCg-m_R,Kenyon_Cell,,cb_intrinsic,14292,KCg-m,KCg-m,,VFB_jrmc2k98,R,,,Prelim Roughly traced,
2315,134660,69,39,8.011099436320467e-05,KCg-m,KCg-m_R,Kenyon_Cell,,cb_intrinsic,14292,KCg-m,KCg-m,,VFB_jrmc2d6q,R,,,Prelim Roughly traced,
2316,137541,69,39,8.011099436320467e-05,KCa'b'-ap2,KCa'b'-ap2_R,Kenyon_Cell,,cb_intrinsic,17488,KCapbp-ap2,KCa'b'-ap2,,VFB_jrmc2ica,R,,,Roughly traced,
2317,140182,69,40,8.011099436320467e-05,KCg-m,KCg-m_R,Kenyon_Cell,,cb_intrinsic,14292,KCg-m,KCg-m,,VFB_jrmc2d5g,R,,,Prelim Roughly traced,
2318,148464,69,42,8.011099436320467e-05,KCg-m,KCg-m_L,Kenyon_Cell,,cb_intrinsic,14292,KCg-m,KCg-m,,VFB_jrmc2ki6,L,,,Roughly traced,
2319,151944,69,36,8.011099436320467e-05,KCg-d,KCg-d_L,Kenyon_Cell,,cb_intrinsic,19102,KCg-d,KCg-d,,VFB_jrmc2k1v,L,,,Roughly traced,
2320,154046,69,40,8.011099436320467e-05,KCg-m,KCg-m_L,Kenyon_Cell,,cb_intrinsic,14292,KCg-m,KCg-m,,VFB_jrmc2kql,L,,,Roughly traced,
2321,157767,69,30,8.011099436320467e-05,PAM05,PAM05(B'2p)_R,DAN,,cb_intrinsic,72601,PAM05,PAM05,,VFB_jrmc1pt7,R,,,Roughly traced,
2322,200973,69,19,8.011099436320467e-05,PAM10,PAM10(B1)_R,DAN,,cb_intrinsic,28434,PAM10,PAM10,,VFB_jrmc1pwi,R,,,Roughly traced,
2323,216580,69,33,8.011099436320467e-05,KCg-d,KCg-d_L,Kenyon_Cell,,cb_intrinsic,19102,KCg-d,KCg-d,,VFB_jrmc2k3q,L,,,Roughly traced,
2324,539413,69,7,8.011099436320467e-05,LT56,LT56_R,,,visual_centrifugal,,LT56,LT56,,VFB_jrmc24tx,R,,,Roughly traced,
2325,542818,69,30,8.011099436320467e-05,KCg-d,KCg-d_L,Kenyon_Cell,,cb_intrinsic,19102,KCg-d,KCg-d,,VFB_jrmc2k2r,L,,,Roughly traced,
2326,14894,68,15,7.894996545939011e-05,SMP471,SMP471_L,,,cb_intrinsic,12216,SMP471,SMP471,,VFB_jrmc1dzm,L,,,Roughly traced,
2327,18778,68,11,7.894996545939011e-05,CRE102,CRE102_R,,,cb_intrinsic,,CRE102,CRE102,,VFB_jrmc34zp,R,,,Roughly traced,
2328,30397,68,34,7.894996545939011e-05,KCg-d,KCg-d_R,Kenyon_Cell,,cb_intrinsic,19102,KCg-d,KCg-d,,VFB_jrmc2k5d,R,,,Roughly traced,
2329,40066,68,37,7.894996545939011e-05,KCa'b'-ap2,KCa'b'-ap2_R,Kenyon_Cell,,cb_intrinsic,17488,KCapbp-ap2,KCa'b'-ap2,,VFB_jrmc2ic3,R,,,Roughly traced,
2330,42182,68,43,7.894996545939011e-05,KCa'b'-ap2,KCa'b'-ap2_R,Kenyon_Cell,,cb_intrinsic,17488,KCapbp-ap2,KCa'b'-ap2,,VFB_jrmc2iez,R,,,Roughly traced,
2331,42908,68,38,7.894996545939011e-05,KCg-m,KCg-m_R,Kenyon_Cell,,cb_intrinsic,14292,KCg-m,KCg-m,,VFB_jrmc2kj0,R,,,Roughly traced,
2332,45024,68,15,7.894996545939011e-05,FB1C,FB1C_R,CX,,cb_intrinsic,11255,CB.FB1H0,FB1C,,VFB_jrmc2zzt,R,,,Roughly traced,
2333,49288,68,14,7.894996545939011e-05,PFR_a,PFR_a(PB11a)_R3_C7,CX,,cb_intrinsic,13892,PFR_a,PFR_a,,VFB_jrmc1ijq,R,,,Roughly traced,
2334,49750,68,41,7.894996545939011e-05,KCa'b'-ap2,KCa'b'-ap2_R,Kenyon_Cell,,cb_intrinsic,17488,KCapbp-ap2,KCa'b'-ap2,,VFB_jrmc2ifd,R,,,Roughly traced,
2335,51751,68,38,7.894996545939011e-05,KCg-m,KCg-m_L,Kenyon_Cell,,cb_intrinsic,14292,KCg-m,KCg-m,,VFB_jrmc2kas,L,,,Roughly traced,
2336,51883,68,41,7.894996545939011e-05,KCg-m,KCg-m_R,Kenyon_Cell,,cb_intrinsic,14292,KCg-m,KCg-m,,VFB_jrmc2d5k,R,,,Roughly traced,
2337,52318,68,39,7.894996545939011e-05,KCg-m,KCg-m_L,Kenyon_Cell,,cb_intrinsic,14292,KCg-m,KCg-m,,VFB_jrmc2kat,L,,,Roughly traced,
2338,53680,68,32,7.894996545939011e-05,KCg-d,KCg-d_L,Kenyon_Cell,,cb_intrinsic,19102,KCg-d,KCg-d,,VFB_jrmc2k5o,L,,,Roughly traced,
2339,54957,68,38,7.894996545939011e-05,KCa'b'-m,KCa'b'-m_R,Kenyon_Cell,,cb_intrinsic,17488,KCapbp-m,KCa'b'-m,,VFB_jrmc2il6,R,,,Roughly traced,
2340,55062,68,42,7.894996545939011e-05,KCg-m,KCg-m_R,Kenyon_Cell,,cb_intrinsic,14292,KCg-m,KCg-m,,VFB_jrmc2kjv,R,,,Roughly traced,
2341,56130,68,38,7.894996545939011e-05,KCa'b'-ap2,KCa'b'-ap2_R,Kenyon_Cell,,cb_intrinsic,17488,KCapbp-ap2,KCa'b'-ap2,,VFB_jrmc2ibr,R,,,Roughly traced,
2342,57171,68,34,7.894996545939011e-05,KCg-m,KCg-m_R,Kenyon_Cell,,cb_intrinsic,14292,KCg-m,KCg-m,,VFB_jrmc2df3,R,,,Roughly traced,
2343,58552,68,10,7.894996545939011e-05,FB4Q_c,FB4Q_c_R,CX,,cb_intrinsic,12311,FB4Q_b,FB4Q_b,,VFB_jrmc305x,R,,,Roughly traced,
2344,58782,68,30,7.894996545939011e-05,KCg-d,KCg-d_R,Kenyon_Cell,,cb_intrinsic,19102,KCg-d,KCg-d,,VFB_jrmc2k4g,R,,,Roughly traced,
2345,60273,68,28,7.894996545939011e-05,PAM07,PAM07(y4<y1y2)_L,DAN,,cb_intrinsic,47196,PAM07,PAM07,,VFB_jrmc1puh,L,,,Roughly traced,
2346,61115,68,37,7.894996545939011e-05,KCa'b'-ap2,KCa'b'-ap2_R,Kenyon_Cell,,cb_intrinsic,17488,KCapbp-ap2,KCa'b'-ap2,,VFB_jrmc2i89,R,,,Roughly traced,
2347,62062,68,36,7.894996545939011e-05,KCg-m,KCg-m_R,Kenyon_Cell,,cb_intrinsic,14292,KCg-m,KCg-m,,VFB_jrmc2d8a,R,,,Prelim Roughly traced,
2348,63097,68,33,7.894996545939011e-05,KCg-m,KCg-m_R,Kenyon_Cell,,cb_intrinsic,14292,KCg-m,KCg-m,,VFB_jrmc2dg5,R,,,Prelim Roughly traced,
2349,68803,68,37,7.894996545939011e-05,KCg-m,KCg-m_R,Kenyon_Cell,,cb_intrinsic,14292,KCg-m,KCg-m,,VFB_jrmc2da8,R,,,Prelim Roughly traced,
2350,70489,68,40,7.894996545939011e-05,KCg-m,KCg-m_R,Kenyon_Cell,,cb_intrinsic,14292,KCg-m,KCg-m,,VFB_jrmc2d8d,R,,,Prelim Roughly traced,
2351,71033,68,46,7.894996545939011e-05,KCg-m,KCg-m_R,Kenyon_Cell,,cb_intrinsic,14292,KCg-m,KCg-m,,VFB_jrmc2dbd,R,,,Prelim Roughly traced,
2352,73457,68,45,7.894996545939011e-05,KCg-m,KCg-m_R,Kenyon_Cell,,cb_intrinsic,14292,KCg-m,KCg-m,,VFB_jrmc2koa,R,,,Prelim Roughly traced,
2353,73783,68,44,7.894996545939011e-05,KCg-m,KCg-m_L,Kenyon_Cell,,cb_intrinsic,14292,KCg-m,KCg-m,,VFB_jrmc2ku4,L,,,Roughly traced,
2354,73853,68,16,7.894996545939011e-05,hDeltaI,hDeltaI_13_C11,CX,,cb_intrinsic,11512,hDeltaI,hDeltaI,,VFB_jrmc02kx,L,,,Prelim Roughly traced,
2355,76949,68,37,7.894996545939011e-05,KCg-m,KCg-m_L,Kenyon_Cell,,cb_intrinsic,14292,KCg-m,KCg-m,,VFB_jrmc2kbi,L,,,Roughly traced,
2356,76973,68,43,7.894996545939011e-05,KCg-m,KCg-m_R,Kenyon_Cell,,cb_intrinsic,14292,KCg-m,KCg-m,,VFB_jrmc2d9z,R,,,Prelim Roughly traced,
2357,79684,68,33,7.894996545939011e-05,KCa'b'-m,KCa'b'-m_R,Kenyon_Cell,,cb_intrinsic,17488,KCapbp-m,KCa'b'-m,,VFB_jrmc2ihb,R,,,Roughly traced,
2358,79860,68,36,7.894996545939011e-05,KCa'b'-m,KCa'b'-m_R,Kenyon_Cell,,cb_intrinsic,17488,KCapbp-m,KCa'b'-m,,VFB_jrmc2il2,R,,,Roughly traced,
2359,80779,68,38,7.894996545939011e-05,KCg-m,KCg-m_L,Kenyon_Cell,,cb_intrinsic,14292,KCg-m,KCg-m,,VFB_jrmc2dbz,L,,,Prelim Roughly traced,
2360,82386,68,38,7.894996545939011e-05,KCg-m,KCg-m_R,Kenyon_Cell,,cb_intrinsic,14292,KCg-m,KCg-m,,VFB_jrmc2koj,R,,,Prelim Roughly traced,
2361,82570,68,42,7.894996545939011e-05,KCa'b'-ap2,KCa'b'-ap2_R,Kenyon_Cell,,cb_intrinsic,17488,KCapbp-ap2,KCa'b'-ap2,,VFB_jrmc2i8h,R,,,Roughly traced,
2362,84319,68,41,7.894996545939011e-05,KCg-m,KCg-m_L,Kenyon_Cell,,cb_intrinsic,14292,KCg-m,KCg-m,,VFB_jrmc2ddw,L,,,Prelim Roughly traced,
2363,85257,68,31,7.894996545939011e-05,KCab-s,KCab-s_R,Kenyon_Cell,,cb_intrinsic,11862,KCab,"KCab-m,KCab-c,KCab-s",,VFB_jrmc2jku,R,,,Roughly traced,
2364,91004,68,12,7.894996545939011e-05,hDeltaJ,hDeltaJ_10_C8,CX,,cb_intrinsic,11512,hDeltaJ,hDeltaJ,,VFB_jrmc02lw,L,,,Prelim Roughly traced,
2365,99875,68,46,7.894996545939011e-05,KCg-m,KCg-m_L,Kenyon_Cell,,cb_intrinsic,14292,KCg-m,KCg-m,,VFB_jrmc2kgj,L,,,Roughly traced,
2366,107019,68,38,7.894996545939011e-05,KCg-m,KCg-m_L,Kenyon_Cell,,cb_intrinsic,14292,KCg-m,KCg-m,,VFB_jrmc2dfq,L,,,Roughly traced,
2367,109449,68,36,7.894996545939011e-05,KCg-m,KCg-m_L,Kenyon_Cell,,cb_intrinsic,14292,KCg-m,KCg-m,,VFB_jrmc2kgo,L,,,Roughly traced,
2368,115664,68,40,7.894996545939011e-05,KCg-m,KCg-m_L,Kenyon_Cell,,cb_intrinsic,14292,KCg-m,KCg-m,,VFB_jrmc2kgy,L,,,Roughly traced,
2369,124370,68,37,7.894996545939011e-05,KCg-m,KCg-m_L,Kenyon_Cell,,cb_intrinsic,14292,KCg-m,KCg-m,,VFB_jrmc2d7v,L,,,Roughly traced,
2370,126973,68,39,7.894996545939011e-05,KCg-m,KCg-m_L,Kenyon_Cell,,cb_intrinsic,14292,KCg-m,KCg-m,,VFB_jrmc2kv7,L,,,Roughly traced,
2371,127739,68,40,7.894996545939011e-05,KCa'b'-m,KCa'b'-m_R,Kenyon_Cell,,cb_intrinsic,17488,KCapbp-m,KCa'b'-m,,VFB_jrmc2il0,R,,,Roughly traced,
2372,135783,68,39,7.894996545939011e-05,KCg-m,KCg-m_L,Kenyon_Cell,,cb_intrinsic,14292,KCg-m,KCg-m,,VFB_jrmc2khm,L,,,Prelim Roughly traced,
2373,136988,68,37,7.894996545939011e-05,KCg-m,KCg-m_L,Kenyon_Cell,,cb_intrinsic,14292,KCg-m,KCg-m,,VFB_jrmc2ksz,L,,,Prelim Roughly traced,
2374,139053,68,41,7.894996545939011e-05,KCg-m,KCg-m_R,Kenyon_Cell,,cb_intrinsic,14292,KCg-m,KCg-m,,VFB_jrmc2k9d,R,,,Prelim Roughly traced,
2375,142083,68,33,7.894996545939011e-05,KCg-m,KCg-m_L,Kenyon_Cell,,cb_intrinsic,14292,KCg-m,KCg-m,,VFB_jrmc2kdz,L,,,Roughly traced,
2376,142299,68,46,7.894996545939011e-05,KCg-m,KCg-m_L,Kenyon_Cell,,cb_intrinsic,14292,KCg-m,KCg-m,,VFB_jrmc2dc8,L,,,Roughly traced,
2377,142608,68,39,7.894996545939011e-05,KCa'b'-m,KCa'b'-m_R,Kenyon_Cell,,cb_intrinsic,17488,KCapbp-m,KCa'b'-m,,VFB_jrmc2ihm,R,,,Prelim Roughly traced,
2378,156785,68,34,7.894996545939011e-05,KCg-d,KCg-d_L,Kenyon_Cell,,cb_intrinsic,19102,KCg-d,KCg-d,,VFB_jrmc2k3j,L,,,Roughly traced,
2379,180588,68,39,7.894996545939011e-05,KCg-m,KCg-m_R,Kenyon_Cell,,cb_intrinsic,14292,KCg-m,KCg-m,,VFB_jrmc2dfj,R,,,Prelim Roughly traced,
2380,180757,68,37,7.894996545939011e-05,KCg-m,KCg-m_L,Kenyon_Cell,,cb_intrinsic,14292,KCg-m,KCg-m,,VFB_jrmc2db8,L,,,Roughly traced,
2381,186977,68,32,7.894996545939011e-05,KCa'b'-m,KCa'b'-m_R,Kenyon_Cell,,cb_intrinsic,17488,KCapbp-m,KCa'b'-m,,VFB_jrmc2ihn,R,,,Roughly traced,
2382,521352,68,29,7.894996545939011e-05,SMP048,SMP048_R,,,cb_intrinsic,,SMP048,SMP048,,VFB_jrmc1cx8,R,,,Roughly traced,
2383,522828,68,19,7.894996545939011e-05,LHCENT3,LHCENT3_R,,,cb_intrinsic,11030,LHCENT3,LHCENT3,,VFB_jrmc21xk,R,,,Prelim Roughly traced,
2384,527211,68,42,7.894996545939011e-05,KCg-m,KCg-m_R,Kenyon_Cell,,cb_intrinsic,14292,KCg-m,KCg-m,,VFB_jrmc2kwa,R,,,Prelim Roughly traced,
2385,533434,68,11,7.894996545939011e-05,hDeltaJ,hDeltaJ_12_C10,CX,,cb_intrinsic,11512,hDeltaJ,hDeltaJ,,VFB_jrmc02lq,L,,,Prelim Roughly traced,
2386,534428,68,35,7.894996545939011e-05,KCg-m,KCg-m_R,Kenyon_Cell,,cb_intrinsic,14292,KCg-m,KCg-m,,VFB_jrmc2ddr,R,,,Prelim Roughly traced,
2387,553483,68,33,7.894996545939011e-05,KCg-d,KCg-d_L,Kenyon_Cell,,cb_intrinsic,19102,KCg-d,KCg-d,,VFB_jrmc2k2k,L,,,Roughly traced,
2388,10735,67,14,7.778893655557555e-05,LoVC18,"LoVC18(PLP030,PLP031)_L",,,visual_centrifugal,,cL16,PLP030,,VFB_jrmc1zn1,L,,,Roughly traced,
2389,11054,67,8,7.778893655557555e-05,LAL015,LAL015_L,,,cb_intrinsic,,LAL015,LAL015,,VFB_jrmc2cma,L,,,Roughly traced,
2390,11406,67,11,7.778893655557555e-05,LoVC1,LoVC1(IB112)_L,,,visual_centrifugal,,cL14,IB112,,VFB_jrmc1zmb,L,,,Roughly traced,
2391,12359,67,13,7.778893655557555e-05,LCNOpm,LCNOpm(LAL-NO3pm)_R,CX,,cb_intrinsic,11516,LCNOpm,LCNOpm,,VFB_jrmc28sl,R,CG,,Roughly traced,
2392,31073,67,11,7.778893655557555e-05,FB2F_b,FB2F_b_R,CX,,cb_intrinsic,10396,FB2F_b,FB2F_b,,VFB_jrmc301f,R,,,Roughly traced,
2393,46196,67,28,7.778893655557555e-05,KCg-d,KCg-d_R,Kenyon_Cell,,cb_intrinsic,19102,KCg-d,KCg-d,,VFB_jrmc2k03,R,,,Roughly traced,
2394,46463,67,44,7.778893655557555e-05,KCg-m,KCg-m_R,Kenyon_Cell,,cb_intrinsic,14292,KCg-m,KCg-m,,VFB_jrmc2k6a,R,,,Roughly traced,
2395,50687,67,10,7.778893655557555e-05,vDeltaG,vDeltaG_C3,CX,,cb_intrinsic,11512,"vDeltaG,vDeltaH",vDeltaG,,VFB_jrmc039d,R,,,Roughly traced,
2396,51054,67,41,7.778893655557555e-05,KCa'b'-ap2,KCa'b'-ap2_R,Kenyon_Cell,,cb_intrinsic,17488,KCapbp-ap2,KCa'b'-ap2,,VFB_jrmc2icz,R,,,Roughly traced,
2397,51516,67,40,7.778893655557555e-05,KCg-m,KCg-m_R,Kenyon_Cell,,cb_intrinsic,14292,KCg-m,KCg-m,,VFB_jrmc2k6i,R,,,Roughly traced,
2398,52877,67,32,7.778893655557555e-05,KCa'b'-ap2,KCa'b'-ap2_R,Kenyon_Cell,,cb_intrinsic,17488,KCapbp-ap2,KCa'b'-ap2,,VFB_jrmc2i9l,R,,,Roughly traced,
2399,53505,67,30,7.778893655557555e-05,KCg-d,KCg-d_R,Kenyon_Cell,,cb_intrinsic,19102,KCg-d,KCg-d,,VFB_jrmc2k14,R,,,Roughly traced,
2400,59018,67,7,7.778893655557555e-05,vDeltaI_a,vDeltaI_a_C4,CX,,cb_intrinsic,11512,vDeltaI_a,vDeltaI,,VFB_jrmc03a4,L,,,Roughly traced,
2401,60708,67,38,7.778893655557555e-05,KCg-d,KCg-d_R,Kenyon_Cell,,cb_intrinsic,19102,KCg-d,KCg-d,,VFB_jrmc2k55,R,,,Roughly traced,
2402,61113,67,39,7.778893655557555e-05,KCg-m,KCg-m_R,Kenyon_Cell,,cb_intrinsic,14292,KCg-m,KCg-m,,VFB_jrmc2knp,R,,,Prelim Roughly traced,
2403,62733,67,38,7.778893655557555e-05,KCa'b'-ap2,KCa'b'-ap2_R,Kenyon_Cell,,cb_intrinsic,17488,KCapbp-ap2,KCa'b'-ap2,,VFB_jrmc2ieb,R,,,Roughly traced,
2404,63370,67,37,7.778893655557555e-05,KCa'b'-ap2,KCa'b'-ap2_R,Kenyon_Cell,,cb_intrinsic,17488,KCapbp-ap2,KCa'b'-ap2,,VFB_jrmc2i9y,R,,,Roughly traced,
2405,63930,67,47,7.778893655557555e-05,KCg-m,KCg-m_R,Kenyon_Cell,,cb_intrinsic,14292,KCg-m,KCg-m,,VFB_jrmc2kns,R,,,Prelim Roughly traced,
2406,64434,67,37,7.778893655557555e-05,KCg-m,KCg-m_L,Kenyon_Cell,,cb_intrinsic,14292,KCg-m,KCg-m,,VFB_jrmc2kpc,L,,,Roughly traced,
2407,64471,67,38,7.778893655557555e-05,KCg-m,KCg-m_R,Kenyon_Cell,,cb_intrinsic,14292,KCg-m,KCg-m,,VFB_jrmc2k72,R,,,Prelim Roughly traced,
2408,65864,67,39,7.778893655557555e-05,KCg-m,KCg-m_R,Kenyon_Cell,,cb_intrinsic,14292,KCg-m,KCg-m,,VFB_jrmc2k75,R,,,Prelim Roughly traced,
2409,66219,67,44,7.778893655557555e-05,KCg-m,KCg-m_R,Kenyon_Cell,,cb_intrinsic,14292,KCg-m,KCg-m,,VFB_jrmc2dd2,R,,,Prelim Roughly traced,
2410,66617,67,40,7.778893655557555e-05,KCg-m,KCg-m_L,Kenyon_Cell,,cb_intrinsic,14292,KCg-m,KCg-m,,VFB_jrmc2d8x,L,,,Roughly traced,
2411,67320,67,43,7.778893655557555e-05,KCg-m,KCg-m_R,Kenyon_Cell,,cb_intrinsic,14292,KCg-m,KCg-m,,VFB_jrmc2k7a,R,,,Prelim Roughly traced,
2412,68672,67,8,7.778893655557555e-05,FB4Q_c,FB4Q_c_L,CX,,cb_intrinsic,12311,FB4Q_b,FB4Q_b,,VFB_jrmc305w,L,,,Roughly traced,
2413,69264,67,32,7.778893655557555e-05,KCg-m,KCg-m_L,Kenyon_Cell,,cb_intrinsic,14292,KCg-m,KCg-m,,VFB_jrmc2d98,L,,,Roughly traced,
2414,70526,67,31,7.778893655557555e-05,KCg-m,KCg-m_R,Kenyon_Cell,,cb_intrinsic,14292,KCg-m,KCg-m,,VFB_jrmc2k7l,R,,,Roughly traced,
2415,71028,67,39,7.778893655557555e-05,KCg-m,KCg-m_R,Kenyon_Cell,,cb_intrinsic,14292,KCg-m,KCg-m,,VFB_jrmc2d8m,R,,,Prelim Roughly traced,
2416,71042,67,8,7.778893655557555e-05,vDeltaI_a,vDeltaI_a_C3,CX,,cb_intrinsic,11512,vDeltaI_a,vDeltaI,,VFB_jrmc03a6,L,,,Roughly traced,
2417,71121,67,42,7.778893655557555e-05,KCg-m,KCg-m_R,Kenyon_Cell,,cb_intrinsic,14292,KCg-m,KCg-m,,VFB_jrmc2k7m,R,,,Prelim Roughly traced,
2418,71317,67,39,7.778893655557555e-05,KCg-m,KCg-m_L,Kenyon_Cell,,cb_intrinsic,14292,KCg-m,KCg-m,,VFB_jrmc2d7p,L,,,Roughly traced,
2419,73013,67,40,7.778893655557555e-05,KCg-m,KCg-m_L,Kenyon_Cell,,cb_intrinsic,14292,KCg-m,KCg-m,,VFB_jrmc2d8z,L,,,Roughly traced,
2420,74665,67,41,7.778893655557555e-05,KCa'b'-ap2,KCa'b'-ap2_R,Kenyon_Cell,,cb_intrinsic,17488,KCapbp-ap2,KCa'b'-ap2,,VFB_jrmc2iag,R,,,Roughly traced,
2421,75310,67,39,7.778893655557555e-05,KCg-m,KCg-m_L,Kenyon_Cell,,cb_intrinsic,14292,KCg-m,KCg-m,,VFB_jrmc2db2,L,,,Roughly traced,
2422,75578,67,37,7.778893655557555e-05,KCa'b'-ap2,KCa'b'-ap2_R,Kenyon_Cell,,cb_intrinsic,17488,KCapbp-ap2,KCa'b'-ap2,,VFB_jrmc2iah,R,,,Roughly traced,
2423,75652,67,42,7.778893655557555e-05,KCg-m,KCg-m_R,Kenyon_Cell,,cb_intrinsic,14292,KCg-m,KCg-m,,VFB_jrmc2kkr,R,,,Prelim Roughly traced,
2424,76122,67,32,7.778893655557555e-05,KCg-m,KCg-m_L,Kenyon_Cell,,cb_intrinsic,14292,KCg-m,KCg-m,,VFB_jrmc2kbg,L,,,Roughly traced,
2425,78997,67,29,7.778893655557555e-05,KCa'b'-m,KCa'b'-m_R,Kenyon_Cell,,cb_intrinsic,17488,KCapbp-m,KCa'b'-m,,VFB_jrmc2igt,R,,,Roughly traced,
2426,81577,67,32,7.778893655557555e-05,KCg-d,KCg-d_L,Kenyon_Cell,,cb_intrinsic,19102,KCg-d,KCg-d,,VFB_jrmc2k4w,L,,,Prelim Roughly traced,
2427,83360,67,33,7.778893655557555e-05,KCg-m,KCg-m_R,Kenyon_Cell,,cb_intrinsic,14292,KCg-m,KCg-m,,VFB_jrmc2dbh,R,,,Prelim Roughly traced,
2428,83783,67,38,7.778893655557555e-05,KCg-m,KCg-m_L,Kenyon_Cell,,cb_intrinsic,14292,KCg-m,KCg-m,,VFB_jrmc2kc0,L,,,Prelim Roughly traced,
2429,83921,67,47,7.778893655557555e-05,KCg-m,KCg-m_R,Kenyon_Cell,,cb_intrinsic,14292,KCg-m,KCg-m,,VFB_jrmc2d5y,R,,,Prelim Roughly traced,
2430,85923,67,29,7.778893655557555e-05,KCg-d,KCg-d_R,Kenyon_Cell,,cb_intrinsic,19102,KCg-d,KCg-d,,VFB_jrmc2k49,R,,,Roughly traced,
2431,87304,67,36,7.778893655557555e-05,KCg-m,KCg-m_L,Kenyon_Cell,,cb_intrinsic,14292,KCg-m,KCg-m,,VFB_jrmc2ddm,L,,,Prelim Roughly traced,
2432,89442,67,35,7.778893655557555e-05,KCg-m,KCg-m_L,Kenyon_Cell,,cb_intrinsic,14292,KCg-m,KCg-m,,VFB_jrmc2kpo,L,,,Prelim Roughly traced,
2433,90296,67,42,7.778893655557555e-05,KCg-m,KCg-m_L,Kenyon_Cell,,cb_intrinsic,14292,KCg-m,KCg-m,,VFB_jrmc2kcc,L,,,Prelim Roughly traced,
2434,91041,67,44,7.778893655557555e-05,KCg-m,KCg-m_R,Kenyon_Cell,,cb_intrinsic,14292,KCg-m,KCg-m,,VFB_jrmc2k8h,R,,,Prelim Roughly traced,
2435,93485,67,43,7.778893655557555e-05,KCg-m,KCg-m_R,Kenyon_Cell,,cb_intrinsic,14292,KCg-m,KCg-m,,VFB_jrmc2kos,R,,,Prelim Roughly traced,
2436,94663,67,39,7.778893655557555e-05,KCg-m,KCg-m_L,Kenyon_Cell,,cb_intrinsic,14292,KCg-m,KCg-m,,VFB_jrmc2kgc,L,,,Prelim Roughly traced,
2437,95291,67,33,7.778893655557555e-05,KCg-d,KCg-d_L,Kenyon_Cell,,cb_intrinsic,19102,KCg-d,KCg-d,,VFB_jrmc2k1p,L,,,Prelim Roughly traced,
2438,109512,67,36,7.778893655557555e-05,KCg-m,KCg-m_L,Kenyon_Cell,,cb_intrinsic,14292,KCg-m,KCg-m,,VFB_jrmc2krv,L,,,Roughly traced,
2439,109697,67,41,7.778893655557555e-05,KCg-m,KCg-m_R,Kenyon_Cell,,cb_intrinsic,14292,KCg-m,KCg-m,,VFB_jrmc2k8v,R,,,Prelim Roughly traced,
2440,113528,67,37,7.778893655557555e-05,KCg-m,KCg-m_L,Kenyon_Cell,,cb_intrinsic,14292,KCg-m,KCg-m,,VFB_jrmc2kd4,L,,,Roughly traced,
2441,119152,67,40,7.778893655557555e-05,KCg-m,KCg-m_L,Kenyon_Cell,,cb_intrinsic,14292,KCg-m,KCg-m,,VFB_jrmc2kh3,L,,,Roughly traced,
2442,131332,67,38,7.778893655557555e-05,KCg-m,KCg-m_L,Kenyon_Cell,,cb_intrinsic,14292,KCg-m,KCg-m,,VFB_jrmc2kq5,L,,,Roughly traced,
2443,133806,67,37,7.778893655557555e-05,KCg-m,KCg-m_R,Kenyon_Cell,,cb_intrinsic,14292,KCg-m,KCg-m,,VFB_jrmc2dax,R,,,Prelim Roughly traced,
2444,136310,67,44,7.778893655557555e-05,KCg-m,KCg-m_R,Kenyon_Cell,,cb_intrinsic,14292,KCg-m,KCg-m,,VFB_jrmc2dcp,R,,,Prelim Roughly traced,
2445,136459,67,44,7.778893655557555e-05,KCg-m,KCg-m_R,Kenyon_Cell,,cb_intrinsic,14292,KCg-m,KCg-m,,VFB_jrmc2k9b,R,,,Prelim Roughly traced,
2446,138935,67,34,7.778893655557555e-05,KCg-m,KCg-m_L,Kenyon_Cell,,cb_intrinsic,14292,KCg-m,KCg-m,,VFB_jrmc2ded,L,,,Prelim Roughly traced,
2447,140995,67,43,7.778893655557555e-05,KCg-m,KCg-m_L,Kenyon_Cell,,cb_intrinsic,14292,KCg-m,KCg-m,,VFB_jrmc2dci,L,,,Prelim Roughly traced,
2448,146958,67,32,7.778893655557555e-05,KCab-s,KCab-s_L,Kenyon_Cell,,cb_intrinsic,11862,KCab,"KCab-m,KCab-c,KCab-s",,VFB_jrmc2jxu,L,,,Roughly traced,
2449,148844,67,43,7.778893655557555e-05,KCg-m,KCg-m_L,Kenyon_Cell,,cb_intrinsic,14292,KCg-m,KCg-m,,VFB_jrmc2kqk,L,,,Roughly traced,
2450,152428,67,23,7.778893655557555e-05,PAM12,PAM12(y3)_L,DAN,,cb_intrinsic,61360,PAM12,PAM12,,VFB_jrmc1pxv,L,,,Roughly traced,
2451,394860,67,11,7.778893655557555e-05,MBON25,MBON25(y1y2)_R,MBON,,cb_intrinsic,25975,"MBON25,MBON34",MBON25,,VFB_jrmc20b3,R,,,Prelim Roughly traced,
2452,518554,67,37,7.778893655557555e-05,KCab-s,KCab-s_R,Kenyon_Cell,,cb_intrinsic,11862,KCab,"KCab-m,KCab-c,KCab-s",,VFB_jrmc2juh,R,,,Prelim Roughly traced,
2453,524968,67,12,7.778893655557555e-05,DNp32,DNp32_R,,xl,descending_neuron,,DNp32,DNp32,DNp32,VFB_jrmc30p8,R,CG,,Roughly traced,
2454,532568,67,26,7.778893655557555e-05,CRE022,CRE022_L,,,cb_intrinsic,,CRE022,CRE022,,VFB_jrmc34sq,L,,,Roughly traced,
2455,543571,67,30,7.778893655557555e-05,KCg-m,KCg-m_L,Kenyon_Cell,,cb_intrinsic,14292,KCg-m,KCg-m,,VFB_jrmc2dfg,L,,,Roughly traced,
2456,544736,67,40,7.778893655557555e-05,KCg-m,KCg-m_R,Kenyon_Cell,,cb_intrinsic,14292,KCg-m,KCg-m,,VFB_jrmc2kp6,R,,,Prelim Roughly traced,
2457,556286,67,15,7.778893655557555e-05,DNp32,DNp32_L,,xl,descending_neuron,,DNp32,DNp32,DNp32,VFB_jrmc30p9,L,CG,,Roughly traced,
2458,10466,66,4,7.662790765176098e-05,Li31,Li31_L,,,ol_intrinsic,,Li29,mALC1,,VFB_jrmc1zhj,L,,,Prelim Roughly traced,
2459,10663,66,9,7.662790765176098e-05,LT39,LT39_R,,,visual_centrifugal,,LT39,LT39,,VFB_jrmc24rr,R,,,Roughly traced,
2460,11018,66,10,7.662790765176098e-05,AVLP258,AVLP258_L,,,cb_intrinsic,11018,AVLP258,AVLP258,,VFB_jrmc3iez,L,,,Prelim Roughly traced,
2461,11278,66,8,7.662790765176098e-05,PVLP016,PVLP016_L,,,cb_intrinsic,11278,PVLP016,PVLP016,,VFB_jrmc1k7c,L,,,Roughly traced,
2462,12206,66,8,7.662790765176098e-05,LAL120_a,LAL120_a_R,,,cb_intrinsic,,LAL120,LAL120,,VFB_jrmc2cw3,R,,,Roughly traced,
2463,13182,66,12,7.662790765176098e-05,LAL120_b,LAL120_b_R,,,cb_intrinsic,,LAL120,LAL120,,VFB_jrmc2cw5,R,,,Roughly traced,
2464,18031,66,35,7.662790765176098e-05,KCa'b'-ap2,KCa'b'-ap2_R,Kenyon_Cell,,cb_intrinsic,17488,KCapbp-ap2,KCa'b'-ap2,,VFB_jrmc2ibn,R,,,Roughly traced,
2465,26720,66,37,7.662790765176098e-05,CRE024,CRE024_R,,,cb_intrinsic,,CRE024,CRE024,,VFB_jrmc34sw,R,,,Roughly traced,
2466,31083,66,8,7.662790765176098e-05,MBON15-like,MBON15-like(a'1a'2)_L,MBON,,cb_intrinsic,11777,MBON15-like,MBON15-like,,VFB_jrmc20ae,L,,,Roughly traced,
2467,35461,66,10,7.662790765176098e-05,PFNd,PFNd(PB04)_L7_C6,CX,,cb_intrinsic,10817,PFNd,PFNd,,VFB_jrmc1i98,L,,,Roughly traced,
2468,44179,66,36,7.662790765176098e-05,KCa'b'-ap2,KCa'b'-ap2_R,Kenyon_Cell,,cb_intrinsic,17488,KCapbp-ap2,KCa'b'-ap2,,VFB_jrmc2i7y,R,,,Roughly traced,
2469,46809,66,8,7.662790765176098e-05,FB2M_a,FB2M_a_R,CX,,cb_intrinsic,10396,FB2M,FB2M,,VFB_jrmc302z,R,,,Roughly traced,
2470,48533,66,25,7.662790765176098e-05,KCg-d,KCg-d_R,Kenyon_Cell,,cb_intrinsic,19102,KCg-d,KCg-d,,VFB_jrmc2k0h,R,,,Roughly traced,
2471,51459,66,41,7.662790765176098e-05,KCg-m,KCg-m_L,Kenyon_Cell,,cb_intrinsic,14292,KCg-m,KCg-m,,VFB_jrmc2dfa,L,,,Roughly traced,
2472,52156,66,41,7.662790765176098e-05,KCg-m,KCg-m_R,Kenyon_Cell,,cb_intrinsic,14292,KCg-m,KCg-m,,VFB_jrmc2dej,R,,,Roughly traced,
2473,52824,66,41,7.662790765176098e-05,KCab-s,KCab-s_L,Kenyon_Cell,,cb_intrinsic,11862,KCab,"KCab-m,KCab-c,KCab-s",,VFB_jrmc2jya,L,,,Roughly traced,
2474,54345,66,39,7.662790765176098e-05,KCg-m,KCg-m_R,Kenyon_Cell,,cb_intrinsic,14292,KCg-m,KCg-m,,VFB_jrmc2kqs,R,,,Roughly traced,
2475,56284,66,31,7.662790765176098e-05,KCg-d,KCg-d_R,Kenyon_Cell,,cb_intrinsic,19102,KCg-d,KCg-d,,VFB_jrmc2k50,R,,,Roughly traced,
2476,58961,66,41,7.662790765176098e-05,KCg-m,KCg-m_R,Kenyon_Cell,,cb_intrinsic,14292,KCg-m,KCg-m,,VFB_jrmc2knh,R,,,Roughly traced,
2477,60516,66,36,7.662790765176098e-05,KCg-m,KCg-m_R,Kenyon_Cell,,cb_intrinsic,14292,KCg-m,KCg-m,,VFB_jrmc2knn,R,,,Prelim Roughly traced,
2478,61962,66,42,7.662790765176098e-05,KCg-m,KCg-m_R,Kenyon_Cell,,cb_intrinsic,14292,KCg-m,KCg-m,,VFB_jrmc2de5,R,,,Prelim Roughly traced,
2479,62660,66,40,7.662790765176098e-05,KCg-m,KCg-m_R,Kenyon_Cell,,cb_intrinsic,14292,KCg-m,KCg-m,,VFB_jrmc2kk7,R,,,Prelim Roughly traced,
2480,68759,66,41,7.662790765176098e-05,KCg-m,KCg-m_L,Kenyon_Cell,,cb_intrinsic,14292,KCg-m,KCg-m,,VFB_jrmc2dda,L,,,Roughly traced,
2481,70396,66,35,7.662790765176098e-05,KCab-s,KCab-s_R,Kenyon_Cell,,cb_intrinsic,11862,KCab,"KCab-m,KCab-c,KCab-s",,VFB_jrmc2jk3,R,,,Roughly traced,
2482,71840,66,39,7.662790765176098e-05,KCa'b'-ap2,KCa'b'-ap2_R,Kenyon_Cell,,cb_intrinsic,17488,KCapbp-ap2,KCa'b'-ap2,,VFB_jrmc2ia9,R,,,Roughly traced,
2483,72957,66,13,7.662790765176098e-05,hDeltaJ,hDeltaJ_12_C10,CX,,cb_intrinsic,11512,hDeltaJ,hDeltaJ,,VFB_jrmc02lg,L,,,Prelim Roughly traced,
2484,75045,66,44,7.662790765176098e-05,KCg-m,KCg-m_R,Kenyon_Cell,,cb_intrinsic,14292,KCg-m,KCg-m,,VFB_jrmc2d8o,R,,,Prelim Roughly traced,
2485,77126,66,37,7.662790765176098e-05,KCg-m,KCg-m_R,Kenyon_Cell,,cb_intrinsic,14292,KCg-m,KCg-m,,VFB_jrmc2d6x,R,,,Prelim Roughly traced,
2486,77975,66,38,7.662790765176098e-05,KCg-m,KCg-m_R,Kenyon_Cell,,cb_intrinsic,14292,KCg-m,KCg-m,,VFB_jrmc2k7u,R,,,Prelim Roughly traced,
2487,82613,66,14,7.662790765176098e-05,hDeltaI,hDeltaI_06_C5,CX,,cb_intrinsic,11512,hDeltaI,hDeltaI,,VFB_jrmc02kp,R,,,Prelim Roughly traced,
2488,82693,66,40,7.662790765176098e-05,KCg-m,KCg-m_L,Kenyon_Cell,,cb_intrinsic,14292,KCg-m,KCg-m,,VFB_jrmc2kbz,L,,,Prelim Roughly traced,
2489,84400,66,36,7.662790765176098e-05,KCg-m,KCg-m_L,Kenyon_Cell,,cb_intrinsic,14292,KCg-m,KCg-m,,VFB_jrmc2kfz,L,,,Prelim Roughly traced,
2490,87660,66,38,7.662790765176098e-05,KCg-m,KCg-m_R,Kenyon_Cell,,cb_intrinsic,14292,KCg-m,KCg-m,,VFB_jrmc2kr3,R,,,Prelim Roughly traced,
2491,89536,66,41,7.662790765176098e-05,KCg-m,KCg-m_L,Kenyon_Cell,,cb_intrinsic,14292,KCg-m,KCg-m,,VFB_jrmc2kg9,L,,,Prelim Roughly traced,
2492,90569,66,40,7.662790765176098e-05,KCg-m,KCg-m_L,Kenyon_Cell,,cb_intrinsic,14292,KCg-m,KCg-m,,VFB_jrmc2kv2,L,,,Prelim Roughly traced,
2493,90634,66,11,7.662790765176098e-05,hDeltaJ,hDeltaJ_12_C10,CX,,cb_intrinsic,11512,hDeltaJ,hDeltaJ,,VFB_jrmc02lk,L,,,Prelim Roughly traced,
2494,92130,66,40,7.662790765176098e-05,KCg-m,KCg-m_L,Kenyon_Cell,,cb_intrinsic,14292,KCg-m,KCg-m,,VFB_jrmc2ku9,L,,,Prelim Roughly traced,
2495,93327,66,38,7.662790765176098e-05,KCg-m,KCg-m_L,Kenyon_Cell,,cb_intrinsic,14292,KCg-m,KCg-m,,VFB_jrmc2krp,L,,,Prelim Roughly traced,
2496,93803,66,36,7.662790765176098e-05,KCg-m,KCg-m_L,Kenyon_Cell,,cb_intrinsic,14292,KCg-m,KCg-m,,VFB_jrmc2d6d,L,,,Prelim Roughly traced,
2497,94310,66,39,7.662790765176098e-05,KCg-m,KCg-m_L,Kenyon_Cell,,cb_intrinsic,14292,KCg-m,KCg-m,,VFB_jrmc2kcg,L,,,Prelim Roughly traced,
2498,96624,66,42,7.662790765176098e-05,KCg-m,KCg-m_L,Kenyon_Cell,,cb_intrinsic,14292,KCg-m,KCg-m,,VFB_jrmc2kpr,L,,,Prelim Roughly traced,
2499,109853,66,35,7.662790765176098e-05,KCg-m,KCg-m_L,Kenyon_Cell,,cb_intrinsic,14292,KCg-m,KCg-m,,VFB_jrmc2daj,L,,,Roughly traced,
2500,114179,66,32,7.662790765176098e-05,KCg-d,KCg-d_L,Kenyon_Cell,,cb_intrinsic,19102,KCg-d,KCg-d,,VFB_jrmc2k08,L,,,Roughly traced,
2501,114235,66,40,7.662790765176098e-05,KCg-m,KCg-m_R,Kenyon_Cell,,cb_intrinsic,14292,KCg-m,KCg-m,,VFB_jrmc2klk,R,,,Prelim Roughly traced,
2502,120313,66,41,7.662790765176098e-05,KCg-m,KCg-m_L,Kenyon_Cell,,cb_intrinsic,14292,KCg-m,KCg-m,,VFB_jrmc2kh5,L,,,Roughly traced,
2503,124055,66,42,7.662790765176098e-05,KCg-m,KCg-m_R,Kenyon_Cell,,cb_intrinsic,14292,KCg-m,KCg-m,,VFB_jrmc2kls,R,,,Prelim Roughly traced,
2504,126319,66,34,7.662790765176098e-05,KCab-s,KCab-s_L,Kenyon_Cell,,cb_intrinsic,11862,KCab,"KCab-m,KCab-c,KCab-s",,VFB_jrmc2juy,L,,,Roughly traced,
2505,132747,66,37,7.662790765176098e-05,KCg-m,KCg-m_L,Kenyon_Cell,,cb_intrinsic,14292,KCg-m,KCg-m,,VFB_jrmc2kq7,L,,,Prelim Roughly traced,
2506,134216,66,42,7.662790765176098e-05,KCg-m,KCg-m_R,Kenyon_Cell,,cb_intrinsic,14292,KCg-m,KCg-m,,VFB_jrmc2der,R,,,Prelim Roughly traced,
2507,139742,66,36,7.662790765176098e-05,KCg-m,KCg-m_R,Kenyon_Cell,,cb_intrinsic,14292,KCg-m,KCg-m,,VFB_jrmc2den,R,,,Prelim Roughly traced,
2508,139943,66,39,7.662790765176098e-05,KCg-m,KCg-m_L,Kenyon_Cell,,cb_intrinsic,14292,KCg-m,KCg-m,,VFB_jrmc2ktr,L,,,Prelim Roughly traced,
2509,142209,66,31,7.662790765176098e-05,KCg-m,KCg-m_L,Kenyon_Cell,,cb_intrinsic,14292,KCg-m,KCg-m,,VFB_jrmc2ke0,L,,,Roughly traced,
2510,145157,66,38,7.662790765176098e-05,KCg-m,KCg-m_R,Kenyon_Cell,,cb_intrinsic,14292,KCg-m,KCg-m,,VFB_jrmc2dcf,R,,,Prelim Roughly traced,
2511,149792,66,38,7.662790765176098e-05,KCg-m,KCg-m_R,Kenyon_Cell,,cb_intrinsic,14292,KCg-m,KCg-m,,VFB_jrmc2d75,R,,,Prelim Roughly traced,
2512,152687,66,10,7.662790765176098e-05,vDeltaI_a,vDeltaI_a_C9,CX,,cb_intrinsic,11512,vDeltaI_a,vDeltaI,,VFB_jrmc03ag,R,,,Roughly traced,
2513,200908,66,41,7.662790765176098e-05,KCa'b'-ap2,KCa'b'-ap2_R,Kenyon_Cell,,cb_intrinsic,17488,KCapbp-ap2,KCa'b'-ap2,,VFB_jrmc2if4,R,,,Roughly traced,
2514,512390,66,4,7.662790765176098e-05,LAL113,LAL113_R,,,cb_intrinsic,,LAL113,LAL113,,VFB_jrmc2cvl,R,,,Roughly traced,
2515,519854,66,41,7.662790765176098e-05,KCg-m,KCg-m_R,Kenyon_Cell,,cb_intrinsic,14292,KCg-m,KCg-m,,VFB_jrmc2k9x,R,,,Prelim Roughly traced,
2516,522981,66,38,7.662790765176098e-05,KCg-m,KCg-m_L,Kenyon_Cell,,cb_intrinsic,14292,KCg-m,KCg-m,,VFB_jrmc2kip,L,,,Roughly traced,
2517,583883,66,37,7.662790765176098e-05,KCg-m,KCg-m_R,Kenyon_Cell,,cb_intrinsic,14292,KCg-m,KCg-m,,VFB_jrmc2kp7,R,,,Prelim Roughly traced,
2518,10110,65,18,7.546687874794642e-05,OA-VUMa1,OA-VUMa1_M,,,cb_intrinsic,10041,OA-VUMa1,OA-VUMa1,,VFB_jrmc1ng0,M,MD,,Prelim Roughly traced,
2519,12018,65,5,7.546687874794642e-05,AVLP435_a,AVLP435_a_R,,,cb_intrinsic,,AVLP435a,AVLP435,,VFB_jrmc3itu,R,,,Roughly traced,
2520,13172,65,2,7.546687874794642e-05,VA1v_vPN,VA1v_vPN_R,ALPN,,cb_intrinsic,12711,VA1v_vPN,VA1v_vPN,,VFB_jrmc0738,R,,,Roughly traced,
2521,13766,65,5,7.546687874794642e-05,MeVP17,MeVP17_L,,,visual_projection,,MTe08,,,VFB_jrmc1v38,L,,,Prelim Roughly traced,
2522,15539,65,7,7.546687874794642e-05,AVLP155_a,AVLP155_a_R,,,cb_intrinsic,11224,AVLP155,AVLP155,,VFB_jrmc3i5z,R,,,Roughly traced,
2523,42216,65,36,7.546687874794642e-05,KCg-m,KCg-m_R,Kenyon_Cell,,cb_intrinsic,14292,KCg-m,KCg-m,,VFB_jrmc2da2,R,,,Roughly traced,
2524,44024,65,38,7.546687874794642e-05,KCg-m,KCg-m_R,Kenyon_Cell,,cb_intrinsic,14292,KCg-m,KCg-m,,VFB_jrmc2dcb,R,,,Roughly traced,
2525,44557,65,34,7.546687874794642e-05,KCa'b'-m,KCa'b'-m_R,Kenyon_Cell,,cb_intrinsic,17488,KCapbp-m,KCa'b'-m,,VFB_jrmc2il5,R,,,Roughly traced,
2526,44748,65,39,7.546687874794642e-05,KCa'b'-ap2,KCa'b'-ap2_R,Kenyon_Cell,,cb_intrinsic,17488,KCapbp-ap2,KCa'b'-ap2,,VFB_jrmc2i9h,R,,,Roughly traced,
2527,49569,65,37,7.546687874794642e-05,KCg-m,KCg-m_R,Kenyon_Cell,,cb_intrinsic,14292,KCg-m,KCg-m,,VFB_jrmc2dcy,R,,,Roughly traced,
2528,49687,65,39,7.546687874794642e-05,KCg-m,KCg-m_R,Kenyon_Cell,,cb_intrinsic,14292,KCg-m,KCg-m,,VFB_jrmc2kjj,R,,,Roughly traced,
2529,51318,65,34,7.546687874794642e-05,KCa'b'-ap2,KCa'b'-ap2_R,Kenyon_Cell,,cb_intrinsic,17488,KCapbp-ap2,KCa'b'-ap2,,VFB_jrmc2ife,R,,,Roughly traced,
2530,53099,65,42,7.546687874794642e-05,KCg-m,KCg-m_R,Kenyon_Cell,,cb_intrinsic,14292,KCg-m,KCg-m,,VFB_jrmc2dct,R,,,Roughly traced,
2531,54255,65,38,7.546687874794642e-05,KCg-m,KCg-m_L,Kenyon_Cell,,cb_intrinsic,14292,KCg-m,KCg-m,,VFB_jrmc2kf0,L,,,Roughly traced,
2532,57356,65,35,7.546687874794642e-05,KCg-m,KCg-m_R,Kenyon_Cell,,cb_intrinsic,14292,KCg-m,KCg-m,,VFB_jrmc2d9w,R,,,Roughly traced,
2533,57978,65,36,7.546687874794642e-05,KCg-m,KCg-m_R,Kenyon_Cell,,cb_intrinsic,14292,KCg-m,KCg-m,,VFB_jrmc2k6p,R,,,Roughly traced,
2534,58014,65,35,7.546687874794642e-05,KCg-m,KCg-m_R,Kenyon_Cell,,cb_intrinsic,14292,KCg-m,KCg-m,,VFB_jrmc2d8i,R,,,Roughly traced,
2535,58130,65,29,7.546687874794642e-05,KCa'b'-ap1,KCa'b'-ap1_R,Kenyon_Cell,,cb_intrinsic,17488,KCapbp-ap1,KCa'b'-ap1,,VFB_jrmc2i3h,R,,,Roughly traced,
2536,63823,65,36,7.546687874794642e-05,KCa'b'-m,KCa'b'-m_R,Kenyon_Cell,,cb_intrinsic,17488,KCapbp-m,KCa'b'-m,,VFB_jrmc2ig9,R,,,Roughly traced,
2537,64860,65,43,7.546687874794642e-05,KCg-m,KCg-m_L,Kenyon_Cell,,cb_intrinsic,14292,KCg-m,KCg-m,,VFB_jrmc2kfa,L,,,Roughly traced,
2538,65379,65,41,7.546687874794642e-05,KCg-m,KCg-m_R,Kenyon_Cell,,cb_intrinsic,14292,KCg-m,KCg-m,,VFB_jrmc2d8c,R,,,Prelim Roughly traced,
2539,66812,65,41,7.546687874794642e-05,KCg-m,KCg-m_R,Kenyon_Cell,,cb_intrinsic,14292,KCg-m,KCg-m,,VFB_jrmc2ko0,R,,,Prelim Roughly traced,
2540,69101,65,43,7.546687874794642e-05,KCg-m,KCg-m_R,Kenyon_Cell,,cb_intrinsic,14292,KCg-m,KCg-m,,VFB_jrmc2ko6,R,,,Prelim Roughly traced,
2541,70816,65,34,7.546687874794642e-05,KCa'b'-ap2,KCa'b'-ap2_R,Kenyon_Cell,,cb_intrinsic,17488,KCapbp-ap2,KCa'b'-ap2,,VFB_jrmc2ia6,R,,,Roughly traced,
2542,70952,65,39,7.546687874794642e-05,KCg-m,KCg-m_R,Kenyon_Cell,,cb_intrinsic,14292,KCg-m,KCg-m,,VFB_jrmc2kqz,R,,,Prelim Roughly traced,
2543,73970,65,43,7.546687874794642e-05,KCg-m,KCg-m_L,Kenyon_Cell,,cb_intrinsic,14292,KCg-m,KCg-m,,VFB_jrmc2ksj,L,,,Roughly traced,
2544,74542,65,32,7.546687874794642e-05,KCg-d,KCg-d_R,Kenyon_Cell,,cb_intrinsic,19102,KCg-d,KCg-d,,VFB_jrmc2k1d,R,,,Roughly traced,
2545,77360,65,11,7.546687874794642e-05,PFNd,PFNd(PB04)_R6_C4,CX,,cb_intrinsic,10817,PFNd,PFNd,,VFB_jrmc1i90,R,,,Prelim Roughly traced,
2546,80970,65,35,7.546687874794642e-05,KCg-m,KCg-m_L,Kenyon_Cell,,cb_intrinsic,14292,KCg-m,KCg-m,,VFB_jrmc2kbr,L,,,Prelim Roughly traced,
2547,82161,65,38,7.546687874794642e-05,KCg-m,KCg-m_R,Kenyon_Cell,,cb_intrinsic,14292,KCg-m,KCg-m,,VFB_jrmc2kl4,R,,,Prelim Roughly traced,
2548,84007,65,43,7.546687874794642e-05,KCg-m,KCg-m_R,Kenyon_Cell,,cb_intrinsic,14292,KCg-m,KCg-m,,VFB_jrmc2koo,R,,,Prelim Roughly traced,
2549,89327,65,31,7.546687874794642e-05,KCg-d,KCg-d_R,Kenyon_Cell,,cb_intrinsic,19102,KCg-d,KCg-d,,VFB_jrmc2k4i,R,,,Roughly traced,
2550,95042,65,41,7.546687874794642e-05,KCg-m,KCg-m_L,Kenyon_Cell,,cb_intrinsic,14292,KCg-m,KCg-m,,VFB_jrmc2kua,L,,,Prelim Roughly traced,
2551,97348,65,38,7.546687874794642e-05,KCg-m,KCg-m_L,Kenyon_Cell,,cb_intrinsic,14292,KCg-m,KCg-m,,VFB_jrmc2kco,L,,,Prelim Roughly traced,
2552,104526,65,36,7.546687874794642e-05,KCg-m,KCg-m_R,Kenyon_Cell,,cb_intrinsic,14292,KCg-m,KCg-m,,VFB_jrmc2kr5,R,,,Prelim Roughly traced,
2553,106301,65,31,7.546687874794642e-05,KCg-d,KCg-d_R,Kenyon_Cell,,cb_intrinsic,19102,KCg-d,KCg-d,,VFB_jrmc2k1i,R,,,Roughly traced,
2554,108738,65,9,7.546687874794642e-05,vDeltaI_a,vDeltaI_a_C0,CX,,cb_intrinsic,11512,vDeltaI_a,vDeltaI,,VFB_jrmc03aa,R,,,Roughly traced,
2555,111165,65,41,7.546687874794642e-05,KCg-m,KCg-m_R,Kenyon_Cell,,cb_intrinsic,14292,KCg-m,KCg-m,,VFB_jrmc2d72,R,,,Prelim Roughly traced,
2556,120642,65,45,7.546687874794642e-05,KCg-m,KCg-m_L,Kenyon_Cell,,cb_intrinsic,14292,KCg-m,KCg-m,,VFB_jrmc2kh6,L,,,Roughly traced,
2557,122285,65,34,7.546687874794642e-05,KCg-m,KCg-m_L,Kenyon_Cell,,cb_intrinsic,14292,KCg-m,KCg-m,,VFB_jrmc2d6g,L,,,Roughly traced,
2558,122892,65,38,7.546687874794642e-05,KCg-m,KCg-m_R,Kenyon_Cell,,cb_intrinsic,14292,KCg-m,KCg-m,,VFB_jrmc2k8z,R,,,Prelim Roughly traced,
2559,136240,65,41,7.546687874794642e-05,KCg-m,KCg-m_R,Kenyon_Cell,,cb_intrinsic,14292,KCg-m,KCg-m,,VFB_jrmc2k9a,R,,,Prelim Roughly traced,
2560,148486,65,37,7.546687874794642e-05,KCg-m,KCg-m_L,Kenyon_Cell,,cb_intrinsic,14292,KCg-m,KCg-m,,VFB_jrmc2ke9,L,,,Roughly traced,
2561,163971,65,45,7.546687874794642e-05,KCg-m,KCg-m_R,Kenyon_Cell,,cb_intrinsic,14292,KCg-m,KCg-m,,VFB_jrmc2deq,R,,,Prelim Roughly traced,
2562,519857,65,48,7.546687874794642e-05,KCg-m,KCg-m_R,Kenyon_Cell,,cb_intrinsic,14292,KCg-m,KCg-m,,VFB_jrmc2dfm,R,,,Prelim Roughly traced,
2563,525959,65,8,7.546687874794642e-05,LAL120_b,LAL120_b_L,,,cb_intrinsic,,LAL120,LAL120,,VFB_jrmc2cw4,L,,,Roughly traced,
2564,537458,65,39,7.546687874794642e-05,KCg-m,KCg-m_L,Kenyon_Cell,,cb_intrinsic,14292,KCg-m,KCg-m,,VFB_jrmc2d80,L,,,Roughly traced,
2565,544359,65,29,7.546687874794642e-05,PAM10,PAM10(B1)_R,DAN,,cb_intrinsic,28434,PAM10,PAM10,,VFB_jrmc1pwl,R,,,Roughly traced,
2566,552867,65,43,7.546687874794642e-05,KCg-m,KCg-m_R,Kenyon_Cell,,cb_intrinsic,14292,KCg-m,KCg-m,,VFB_jrmc2dds,R,,,Prelim Roughly traced,
2567,564952,65,34,7.546687874794642e-05,KCa'b'-m,KCa'b'-m_R,Kenyon_Cell,,cb_intrinsic,17488,KCapbp-m,KCa'b'-m,,VFB_jrmc2iho,R,,,Prelim Roughly traced,
2568,591438,65,40,7.546687874794642e-05,KCg-m,KCg-m_R,Kenyon_Cell,,cb_intrinsic,14292,KCg-m,KCg-m,,VFB_jrmc2kaa,R,,,Prelim Roughly traced,
2569,12252,64,2,7.430584984413188e-05,LAL082,LAL082_L,,,cb_intrinsic,,LAL082,LAL082,,VFB_jrmc2cs9,L,,,Roughly traced,
2570,19700,64,11,7.430584984413188e-05,FB2I_a,FB2I_a_R,CX,,cb_intrinsic,10396,CB.FB2E9,FB2I_a,,VFB_jrmc3026,R,,,Roughly traced,
2571,23315,64,4,7.430584984413188e-05,ER4d,ER4d_L,CX,,cb_intrinsic,13094,ER4d,ER4d,,VFB_jrmc2zx6,L,,,Prelim Roughly traced,
2572,28074,64,9,7.430584984413188e-05,hDeltaJ,hDeltaJ_04_C4,CX,,cb_intrinsic,11512,hDeltaJ,hDeltaJ,,VFB_jrmc02l6,R,,,Prelim Roughly traced,
2573,34011,64,20,7.430584984413188e-05,FB2B_b,FB2B_b_L,CX,,cb_intrinsic,18221,CB.FB2K0,FB2B_b,,VFB_jrmc300p,L,,,Roughly traced,
2574,34226,64,12,7.430584984413188e-05,PFNd,PFNd(PB04)_R3_C7,CX,,cb_intrinsic,10817,PFNd,PFNd,,VFB_jrmc1i97,R,,,Roughly traced,
2575,35450,64,15,7.430584984413188e-05,FB4J,FB4J_L,CX,,cb_intrinsic,11994,FB4J,FB4J,,VFB_jrmc304y,L,CG,,Roughly traced,
2576,41891,64,39,7.430584984413188e-05,KCg-m,KCg-m_R,Kenyon_Cell,,cb_intrinsic,14292,KCg-m,KCg-m,,VFB_jrmc2k64,R,,,Roughly traced,
2577,49545,64,35,7.430584984413188e-05,KCg-m,KCg-m_L,Kenyon_Cell,,cb_intrinsic,14292,KCg-m,KCg-m,,VFB_jrmc2kam,L,,,Roughly traced,
2578,51408,64,31,7.430584984413188e-05,KCg-m,KCg-m_R,Kenyon_Cell,,cb_intrinsic,14292,KCg-m,KCg-m,,VFB_jrmc2k6h,R,,,Roughly traced,
2579,52907,64,31,7.430584984413188e-05,KCg-d,KCg-d_R,Kenyon_Cell,,cb_intrinsic,19102,KCg-d,KCg-d,,VFB_jrmc2k5b,R,,,Roughly traced,
2580,53154,64,36,7.430584984413188e-05,KCg-m,KCg-m_R,Kenyon_Cell,,cb_intrinsic,14292,KCg-m,KCg-m,,VFB_jrmc2kjr,R,,,Roughly traced,
2581,57179,64,38,7.430584984413188e-05,KCg-m,KCg-m_R,Kenyon_Cell,,cb_intrinsic,14292,KCg-m,KCg-m,,VFB_jrmc2d5o,R,,,Roughly traced,
2582,60388,64,37,7.430584984413188e-05,KCg-m,KCg-m_L,Kenyon_Cell,,cb_intrinsic,14292,KCg-m,KCg-m,,VFB_jrmc2kpa,L,,,Roughly traced,
2583,60930,64,29,7.430584984413188e-05,PAM10,PAM10(B1)_L,DAN,,cb_intrinsic,36624,PAM10,PAM10,,VFB_jrmc1pwu,L,,,Roughly traced,
2584,61237,64,35,7.430584984413188e-05,KCg-m,KCg-m_R,Kenyon_Cell,,cb_intrinsic,14292,KCg-m,KCg-m,,VFB_jrmc2kk3,R,,,Prelim Roughly traced,
2585,61475,64,32,7.430584984413188e-05,KCa'b'-ap1,KCa'b'-ap1_R,Kenyon_Cell,,cb_intrinsic,17488,KCapbp-ap1,KCa'b'-ap1,,VFB_jrmc2i5l,R,,,Roughly traced,
2586,64302,64,31,7.430584984413188e-05,KCg-d,KCg-d_R,Kenyon_Cell,,cb_intrinsic,19102,KCg-d,KCg-d,,VFB_jrmc2k16,R,,,Roughly traced,
2587,65854,64,37,7.430584984413188e-05,KCa'b'-m,KCa'b'-m_R,Kenyon_Cell,,cb_intrinsic,17488,KCapbp-m,KCa'b'-m,,VFB_jrmc2ih6,R,,,Roughly traced,
2588,66171,64,35,7.430584984413188e-05,KCa'b'-ap2,KCa'b'-ap2_R,Kenyon_Cell,,cb_intrinsic,17488,KCapbp-ap2,KCa'b'-ap2,,VFB_jrmc2ic6,R,,,Roughly traced,
2589,69650,64,41,7.430584984413188e-05,KCg-m,KCg-m_R,Kenyon_Cell,,cb_intrinsic,14292,KCg-m,KCg-m,,VFB_jrmc2kvt,R,,,Prelim Roughly traced,
2590,70223,64,40,7.430584984413188e-05,KCg-m,KCg-m_L,Kenyon_Cell,,cb_intrinsic,14292,KCg-m,KCg-m,,VFB_jrmc2ku2,L,,,Roughly traced,
2591,73814,64,42,7.430584984413188e-05,KCg-m,KCg-m_R,Kenyon_Cell,,cb_intrinsic,14292,KCg-m,KCg-m,,VFB_jrmc2dep,R,,,Prelim Roughly traced,
2592,75758,64,41,7.430584984413188e-05,KCg-m,KCg-m_L,Kenyon_Cell,,cb_intrinsic,14292,KCg-m,KCg-m,,VFB_jrmc2ku6,L,,,Roughly traced,
2593,76309,64,35,7.430584984413188e-05,KCg-m,KCg-m_L,Kenyon_Cell,,cb_intrinsic,14292,KCg-m,KCg-m,,VFB_jrmc2kpi,L,,,Roughly traced,
2594,80079,64,37,7.430584984413188e-05,KCg-m,KCg-m_R,Kenyon_Cell,,cb_intrinsic,14292,KCg-m,KCg-m,,VFB_jrmc2kr1,R,,,Prelim Roughly traced,
2595,84822,64,35,7.430584984413188e-05,KCab-s,KCab-s_L,Kenyon_Cell,,cb_intrinsic,11862,KCab,"KCab-m,KCab-c,KCab-s",,VFB_jrmc2jus,L,,,Roughly traced,
2596,85368,64,33,7.430584984413188e-05,KCg-d,KCg-d_L,Kenyon_Cell,,cb_intrinsic,19102,KCg-d,KCg-d,,VFB_jrmc2k2d,L,,,Prelim Roughly traced,
2597,85512,64,37,7.430584984413188e-05,KCg-m,KCg-m_L,Kenyon_Cell,,cb_intrinsic,14292,KCg-m,KCg-m,,VFB_jrmc2kg1,L,,,Prelim Roughly traced,
2598,93616,64,36,7.430584984413188e-05,KCg-m,KCg-m_L,Kenyon_Cell,,cb_intrinsic,14292,KCg-m,KCg-m,,VFB_jrmc2kpq,L,,,Prelim Roughly traced,
2599,94001,64,40,7.430584984413188e-05,KCg-m,KCg-m_R,Kenyon_Cell,,cb_intrinsic,14292,KCg-m,KCg-m,,VFB_jrmc2k8k,R,,,Prelim Roughly traced,
2600,94914,64,40,7.430584984413188e-05,KCg-m,KCg-m_L,Kenyon_Cell,,cb_intrinsic,14292,KCg-m,KCg-m,,VFB_jrmc2kti,L,,,Prelim Roughly traced,
2601,99659,64,36,7.430584984413188e-05,KCab-s,KCab-s_R,Kenyon_Cell,,cb_intrinsic,11862,KCab,"KCab-m,KCab-c,KCab-s",,VFB_jrmc2jls,R,,,Roughly traced,
2602,103770,64,34,7.430584984413188e-05,KCg-d,KCg-d_L,Kenyon_Cell,,cb_intrinsic,19102,KCg-d,KCg-d,,VFB_jrmc2k09,L,,,Roughly traced,
2603,105128,64,40,7.430584984413188e-05,KCg-m,KCg-m_R,Kenyon_Cell,,cb_intrinsic,14292,KCg-m,KCg-m,,VFB_jrmc2k8s,R,,,Prelim Roughly traced,
2604,118280,64,29,7.430584984413188e-05,KCg-d,KCg-d_L,Kenyon_Cell,,cb_intrinsic,19102,KCg-d,KCg-d,,VFB_jrmc2k3o,L,,,Roughly traced,
2605,126673,64,37,7.430584984413188e-05,KCa'b'-ap2,KCa'b'-ap2_R,Kenyon_Cell,,cb_intrinsic,17488,KCapbp-ap2,KCa'b'-ap2,,VFB_jrmc2id2,R,,,Roughly traced,
2606,131198,64,42,7.430584984413188e-05,KCg-m,KCg-m_L,Kenyon_Cell,,cb_intrinsic,14292,KCg-m,KCg-m,,VFB_jrmc2kuj,L,,,Prelim Roughly traced,
2607,131293,64,41,7.430584984413188e-05,KCg-m,KCg-m_R,Kenyon_Cell,,cb_intrinsic,14292,KCg-m,KCg-m,,VFB_jrmc2k95,R,,,Prelim Roughly traced,
2608,133607,64,37,7.430584984413188e-05,KCg-m,KCg-m_L,Kenyon_Cell,,cb_intrinsic,14292,KCg-m,KCg-m,,VFB_jrmc2ksv,L,,,Prelim Roughly traced,
2609,133671,64,43,7.430584984413188e-05,KCg-m,KCg-m_R,Kenyon_Cell,,cb_intrinsic,14292,KCg-m,KCg-m,,VFB_jrmc2k97,R,,,Prelim Roughly traced,
2610,135773,64,33,7.430584984413188e-05,KCg-m,KCg-m_L,Kenyon_Cell,,cb_intrinsic,14292,KCg-m,KCg-m,,VFB_jrmc2dc7,L,,,Prelim Roughly traced,
2611,136912,64,26,7.430584984413188e-05,KCg-d,KCg-d_L,Kenyon_Cell,,cb_intrinsic,19102,KCg-d,KCg-d,,VFB_jrmc2k58,L,,,Prelim Roughly traced,
2612,142470,64,29,7.430584984413188e-05,KCg-m,KCg-m_L,Kenyon_Cell,,cb_intrinsic,14292,KCg-m,KCg-m,,VFB_jrmc2khx,L,,,Roughly traced,
2613,149279,64,32,7.430584984413188e-05,KCa'b'-ap2,KCa'b'-ap2_R,Kenyon_Cell,,cb_intrinsic,17488,KCapbp-ap2,KCa'b'-ap2,,VFB_jrmc2iaw,R,,,Roughly traced,
2614,156664,64,35,7.430584984413188e-05,KCg-m,KCg-m_L,Kenyon_Cell,,cb_intrinsic,14292,KCg-m,KCg-m,,VFB_jrmc2d6n,L,,,Roughly traced,
2615,167474,64,35,7.430584984413188e-05,KCg-m,KCg-m_L,Kenyon_Cell,,cb_intrinsic,14292,KCg-m,KCg-m,,VFB_jrmc2kqo,L,,,Roughly traced,
2616,176508,64,33,7.430584984413188e-05,KCab-m,KCab-m_L,Kenyon_Cell,,cb_intrinsic,11862,KCab,"KCab-m,KCab-c,KCab-s",,VFB_jrmc2j20,L,,,Roughly traced,
2617,202242,64,37,7.430584984413188e-05,KCg-m,KCg-m_L,Kenyon_Cell,,cb_intrinsic,14292,KCg-m,KCg-m,,VFB_jrmc2kio,L,,,Roughly traced,
2618,247098,64,38,7.430584984413188e-05,KCa'b'-m,KCa'b'-m_R,Kenyon_Cell,,cb_intrinsic,17488,KCapbp-m,KCa'b'-m,,VFB_jrmc2il4,R,,,Roughly traced,
2619,513175,64,36,7.430584984413188e-05,KCg-m,KCg-m_L,Kenyon_Cell,,cb_intrinsic,14292,KCg-m,KCg-m,,VFB_jrmc2kej,L,,,Roughly traced,
2620,533220,64,30,7.430584984413188e-05,KCg-d,KCg-d_R,Kenyon_Cell,,cb_intrinsic,19102,KCg-d,KCg-d,,VFB_jrmc2k0y,R,,,Roughly traced,
2621,535357,64,36,7.430584984413188e-05,KCg-m,KCg-m_R,Kenyon_Cell,,cb_intrinsic,14292,KCg-m,KCg-m,,VFB_jrmc2ka3,R,,,Prelim Roughly traced,
2622,537759,64,39,7.430584984413188e-05,KCg-m,KCg-m_R,Kenyon_Cell,,cb_intrinsic,14292,KCg-m,KCg-m,,VFB_jrmc2df6,R,,,Prelim Roughly traced,
2623,543605,64,34,7.430584984413188e-05,KCg-m,KCg-m_R,Kenyon_Cell,,cb_intrinsic,14292,KCg-m,KCg-m,,VFB_jrmc2kp5,R,,,Prelim Roughly traced,
2624,550868,64,40,7.430584984413188e-05,KCg-m,KCg-m_R,Kenyon_Cell,,cb_intrinsic,14292,KCg-m,KCg-m,,VFB_jrmc2kmh,R,,,Prelim Roughly traced,
2625,566095,64,40,7.430584984413188e-05,KCg-m,KCg-m_R,Kenyon_Cell,,cb_intrinsic,14292,KCg-m,KCg-m,,VFB_jrmc2ka5,R,,,Prelim Roughly traced,
2626,583851,64,46,7.430584984413188e-05,KCa'b'-ap2,KCa'b'-ap2_R,Kenyon_Cell,,cb_intrinsic,17488,KCapbp-ap2,KCa'b'-ap2,,VFB_jrmc2iek,R,,,Roughly traced,
2627,10050,63,17,7.314482094031732e-05,5-HTPMPV03,5-HTPMPV03_R,,,visual_centrifugal,,5-HTPMPV03,5-HTPMPV03,,VFB_jrmc3ftw,R,,,Roughly traced,
2628,10132,63,8,7.314482094031732e-05,LoVC1,LoVC1(IB112)_R,,,visual_centrifugal,,cL14,IB112,,VFB_jrmc1zmc,R,,,Roughly traced,
2629,10448,63,11,7.314482094031732e-05,PVLP093,PVLP093_L,,,cb_intrinsic,,PVLP093,PVLP093,,VFB_jrmc1kdf,L,,,Roughly traced,
2630,10914,63,14,7.314482094031732e-05,LoVC18,LoVC18_R,,,visual_centrifugal,,cL16,PLP030,,VFB_jrmc1zn2,R,,,Roughly traced,
2631,12721,63,25,7.314482094031732e-05,GNG322,GNG322(hb518217691)_R,,,cb_intrinsic,12721,CB0546,(hb518217691),,VFB_jrmc2tsp,R,TC,,Roughly traced,
2632,12761,63,9,7.314482094031732e-05,CRE042,CRE042_R,,,cb_intrinsic,,CRE042,CRE042,,VFB_jrmc34tx,R,,,Roughly traced,
2633,13142,63,13,7.314482094031732e-05,FB5A,FB5A_R,CX,,cb_intrinsic,10744,CB.FB5F1,FB5A,,VFB_jrmc306t,R,,,Roughly traced,
2634,25210,63,12,7.314482094031732e-05,hDeltaH,hDeltaH_08_C5,CX,,cb_intrinsic,11512,hDeltaH,hDeltaH,,VFB_jrmc02ki,L,,,Prelim Roughly traced,
2635,27460,63,12,7.314482094031732e-05,PFNd,PFNd(PB04)_R5_C5,CX,,cb_intrinsic,10817,PFNd,PFNd,,VFB_jrmc1i8f,R,,,Roughly traced,
2636,41807,63,39,7.314482094031732e-05,KCg-m,KCg-m_R,Kenyon_Cell,,cb_intrinsic,14292,KCg-m,KCg-m,,VFB_jrmc2kmm,R,,,Roughly traced,
2637,42140,63,41,7.314482094031732e-05,KCg-m,KCg-m_L,Kenyon_Cell,,cb_intrinsic,14292,KCg-m,KCg-m,,VFB_jrmc2deu,L,,,Roughly traced,
2638,46475,63,34,7.314482094031732e-05,KCg-m,KCg-m_R,Kenyon_Cell,,cb_intrinsic,14292,KCg-m,KCg-m,,VFB_jrmc2kja,R,,,Roughly traced,
2639,46991,63,40,7.314482094031732e-05,KCg-m,KCg-m_R,Kenyon_Cell,,cb_intrinsic,14292,KCg-m,KCg-m,,VFB_jrmc2da3,R,,,Roughly traced,
2640,49752,63,35,7.314482094031732e-05,KCg-m,KCg-m_R,Kenyon_Cell,,cb_intrinsic,14292,KCg-m,KCg-m,,VFB_jrmc2d9u,R,,,Roughly traced,
2641,50454,63,35,7.314482094031732e-05,KCa'b'-m,KCa'b'-m_R,Kenyon_Cell,,cb_intrinsic,17488,KCapbp-m,KCa'b'-m,,VFB_jrmc2ilc,R,,,Roughly traced,
2642,50791,63,39,7.314482094031732e-05,KCg-m,KCg-m_L,Kenyon_Cell,,cb_intrinsic,14292,KCg-m,KCg-m,,VFB_jrmc2kan,L,,,Roughly traced,
2643,52518,63,41,7.314482094031732e-05,KCg-m,KCg-m_R,Kenyon_Cell,,cb_intrinsic,14292,KCg-m,KCg-m,,VFB_jrmc2d85,R,,,Roughly traced,
2644,52594,63,27,7.314482094031732e-05,KCg-d,KCg-d_R,Kenyon_Cell,,cb_intrinsic,19102,KCg-d,KCg-d,,VFB_jrmc2k04,R,,,Roughly traced,
2645,53221,63,37,7.314482094031732e-05,KCa'b'-ap2,KCa'b'-ap2_R,Kenyon_Cell,,cb_intrinsic,17488,KCapbp-ap2,KCa'b'-ap2,,VFB_jrmc2ic4,R,,,Roughly traced,
2646,54398,63,31,7.314482094031732e-05,KCab-s,KCab-s_L,Kenyon_Cell,,cb_intrinsic,11862,KCab,"KCab-m,KCab-c,KCab-s",,VFB_jrmc2jqj,L,,,Roughly traced,
2647,55955,63,32,7.314482094031732e-05,KCab-s,KCab-s_L,Kenyon_Cell,,cb_intrinsic,11862,KCab,"KCab-m,KCab-c,KCab-s",,VFB_jrmc2jzy,L,,,Roughly traced,
2648,57314,63,34,7.314482094031732e-05,KCg-m,KCg-m_R,Kenyon_Cell,,cb_intrinsic,14292,KCg-m,KCg-m,,VFB_jrmc2d5p,R,,,Roughly traced,
2649,57498,63,39,7.314482094031732e-05,KCg-d,KCg-d_R,Kenyon_Cell,,cb_intrinsic,19102,KCg-d,KCg-d,,VFB_jrmc2k56,R,,,Roughly traced,
2650,59174,63,32,7.314482094031732e-05,KCg-m,KCg-m_R,Kenyon_Cell,,cb_intrinsic,14292,KCg-m,KCg-m,,VFB_jrmc2da6,R,,,Roughly traced,
2651,64141,63,32,7.314482094031732e-05,KCa'b'-m,KCa'b'-m_R,Kenyon_Cell,,cb_intrinsic,17488,KCapbp-m,KCa'b'-m,,VFB_jrmc2ih4,R,,,Roughly traced,
2652,64376,63,35,7.314482094031732e-05,KCg-m,KCg-m_R,Kenyon_Cell,,cb_intrinsic,14292,KCg-m,KCg-m,,VFB_jrmc2knu,R,,,Prelim Roughly traced,
2653,64809,63,44,7.314482094031732e-05,KCg-m,KCg-m_R,Kenyon_Cell,,cb_intrinsic,14292,KCg-m,KCg-m,,VFB_jrmc2da7,R,,,Prelim Roughly traced,
2654,65997,63,41,7.314482094031732e-05,KCg-m,KCg-m_R,Kenyon_Cell,,cb_intrinsic,14292,KCg-m,KCg-m,,VFB_jrmc2kkd,R,,,Roughly traced,
2655,67722,63,36,7.314482094031732e-05,KCg-m,KCg-m_R,Kenyon_Cell,,cb_intrinsic,14292,KCg-m,KCg-m,,VFB_jrmc2ko3,R,,,Prelim Roughly traced,
2656,69431,63,39,7.314482094031732e-05,KCg-m,KCg-m_R,Kenyon_Cell,,cb_intrinsic,14292,KCg-m,KCg-m,,VFB_jrmc2k7h,R,,,Prelim Roughly traced,
2657,71800,63,32,7.314482094031732e-05,KCa'b'-ap2,KCa'b'-ap2_R,Kenyon_Cell,,cb_intrinsic,17488,KCapbp-ap2,KCa'b'-ap2,,VFB_jrmc2ia7,R,,,Roughly traced,
2658,72032,63,44,7.314482094031732e-05,KCg-m,KCg-m_R,Kenyon_Cell,,cb_intrinsic,14292,KCg-m,KCg-m,,VFB_jrmc2ko8,R,,,Prelim Roughly traced,
2659,76023,63,32,7.314482094031732e-05,KCg-d,KCg-d_R,Kenyon_Cell,,cb_intrinsic,19102,KCg-d,KCg-d,,VFB_jrmc2k51,R,,,Roughly traced,
2660,76076,63,32,7.314482094031732e-05,KCg-d,KCg-d_R,Kenyon_Cell,,cb_intrinsic,19102,KCg-d,KCg-d,,VFB_jrmc2k34,R,,,Roughly traced,
2661,76582,63,32,7.314482094031732e-05,KCab-s,KCab-s_R,Kenyon_Cell,,cb_intrinsic,11862,KCab,"KCab-m,KCab-c,KCab-s",,VFB_jrmc2jrl,R,,,Roughly traced,
2662,78858,63,34,7.314482094031732e-05,KCg-m,KCg-m_R,Kenyon_Cell,,cb_intrinsic,14292,KCg-m,KCg-m,,VFB_jrmc2d8f,R,,,Prelim Roughly traced,
2663,81177,63,35,7.314482094031732e-05,KCg-d,KCg-d_R,Kenyon_Cell,,cb_intrinsic,19102,KCg-d,KCg-d,,VFB_jrmc2k0t,R,,,Roughly traced,
2664,81385,63,36,7.314482094031732e-05,KCg-m,KCg-m_L,Kenyon_Cell,,cb_intrinsic,14292,KCg-m,KCg-m,,VFB_jrmc2kfx,L,,,Prelim Roughly traced,
2665,81656,63,26,7.314482094031732e-05,KCg-d,KCg-d_R,Kenyon_Cell,,cb_intrinsic,19102,KCg-d,KCg-d,,VFB_jrmc2k0u,R,,,Roughly traced,
2666,83494,63,35,7.314482094031732e-05,KCg-m,KCg-m_R,Kenyon_Cell,,cb_intrinsic,14292,KCg-m,KCg-m,,VFB_jrmc2kon,R,,,Prelim Roughly traced,
2667,84305,63,9,7.314482094031732e-05,FB4Q_c,FB4Q_c_R,CX,,cb_intrinsic,12311,FB4Q_b,FB4Q_b,,VFB_jrmc305y,R,,,Roughly traced,
2668,90790,63,29,7.314482094031732e-05,KCg-d,KCg-d_L,Kenyon_Cell,,cb_intrinsic,19102,KCg-d,KCg-d,,VFB_jrmc2k2n,L,,,Prelim Roughly traced,
2669,103609,63,38,7.314482094031732e-05,KCg-m,KCg-m_L,Kenyon_Cell,,cb_intrinsic,14292,KCg-m,KCg-m,,VFB_jrmc2kuc,L,,,Roughly traced,
2670,104513,63,12,7.314482094031732e-05,KCg-d,KCg-d_R,Kenyon_Cell,,cb_intrinsic,19102,KCg-d,KCg-d,,VFB_jrmc2k5c,R,,,Roughly traced,
2671,105662,63,31,7.314482094031732e-05,KCg-d,KCg-d_L,Kenyon_Cell,,cb_intrinsic,19102,KCg-d,KCg-d,,VFB_jrmc2k23,L,,,Roughly traced,
2672,108415,63,13,7.314482094031732e-05,hDeltaJ,hDeltaJ_09_C7b,CX,,cb_intrinsic,11512,hDeltaJ,hDeltaJ,,VFB_jrmc02ll,L,,,Prelim Roughly traced,
2673,117952,63,33,7.314482094031732e-05,KCg-m,KCg-m_R,Kenyon_Cell,,cb_intrinsic,14292,KCg-m,KCg-m,,VFB_jrmc2kox,R,,,Prelim Roughly traced,
2674,121959,63,13,7.314482094031732e-05,hDeltaJ,hDeltaJ_08_C7a,CX,,cb_intrinsic,11512,hDeltaJ,hDeltaJ,,VFB_jrmc02lm,L,,,Prelim Roughly traced,
2675,124469,63,10,7.314482094031732e-05,vDeltaH,vDeltaH_C0,CX,,cb_intrinsic,11512,"vDeltaG,vDeltaH",vDeltaH,,VFB_jrmc039z,L,,,Roughly traced,
2676,130580,63,25,7.314482094031732e-05,KCg-m,KCg-m_L,Kenyon_Cell,,cb_intrinsic,14292,KCg-m,KCg-m,,VFB_jrmc2dch,L,,,Prelim Roughly traced,
2677,134742,63,37,7.314482094031732e-05,KCg-m,KCg-m_L,Kenyon_Cell,,cb_intrinsic,14292,KCg-m,KCg-m,,VFB_jrmc2ksw,L,,,Prelim Roughly traced,
2678,138447,63,42,7.314482094031732e-05,KCg-m,KCg-m_L,Kenyon_Cell,,cb_intrinsic,14292,KCg-m,KCg-m,,VFB_jrmc2khr,L,,,Prelim Roughly traced,
2679,140134,63,11,7.314482094031732e-05,vDeltaI_a,vDeltaI_a_C7,CX,,cb_intrinsic,11512,vDeltaI_a,vDeltaI,,VFB_jrmc03af,L,,,Roughly traced,
2680,140180,63,39,7.314482094031732e-05,KCg-m,KCg-m_L,Kenyon_Cell,,cb_intrinsic,14292,KCg-m,KCg-m,,VFB_jrmc2kun,L,,,Prelim Roughly traced,
2681,142769,63,41,7.314482094031732e-05,KCg-m,KCg-m_R,Kenyon_Cell,,cb_intrinsic,14292,KCg-m,KCg-m,,VFB_jrmc2km0,R,,,Prelim Roughly traced,
2682,163516,63,39,7.314482094031732e-05,KCg-m,KCg-m_R,Kenyon_Cell,,cb_intrinsic,14292,KCg-m,KCg-m,,VFB_jrmc2k9p,R,,,Prelim Roughly traced,
2683,512042,63,12,7.314482094031732e-05,FB4F_c,FB4F_c_R,CX,,cb_intrinsic,11994,FB4F,FB4F_a,,VFB_jrmc304q,R,CG,,Prelim Roughly traced,
2684,515232,63,15,7.314482094031732e-05,hDeltaI,hDeltaI_01_C1,CX,,cb_intrinsic,11512,hDeltaI,hDeltaI,,VFB_jrmc02l3,R,,,Prelim Roughly traced,
2685,520034,63,3,7.314482094031732e-05,AVLP082,AVLP082_L,,,cb_intrinsic,,AVLP082,AVLP082,,VFB_jrmc3i02,L,,,Roughly traced,
2686,524351,63,9,7.314482094031732e-05,PFR_a,PFR_a(PB11a)_R2_C8,CX,,cb_intrinsic,13892,PFR_a,PFR_a,,VFB_jrmc1ijp,R,,,Roughly traced,
2687,527209,63,35,7.314482094031732e-05,KCg-m,KCg-m_R,Kenyon_Cell,,cb_intrinsic,14292,KCg-m,KCg-m,,VFB_jrmc2d78,R,,,Prelim Roughly traced,
2688,533346,63,38,7.314482094031732e-05,KCg-m,KCg-m_R,Kenyon_Cell,,cb_intrinsic,14292,KCg-m,KCg-m,,VFB_jrmc2daz,R,,,Prelim Roughly traced,
2689,539948,63,36,7.314482094031732e-05,KCg-m,KCg-m_L,Kenyon_Cell,,cb_intrinsic,14292,KCg-m,KCg-m,,VFB_jrmc2kuq,L,,,Roughly traced,
2690,541716,63,36,7.314482094031732e-05,KCg-m,KCg-m_R,Kenyon_Cell,,cb_intrinsic,14292,KCg-m,KCg-m,,VFB_jrmc2km8,R,,,Prelim Roughly traced,
2691,12918,62,21,7.198379203650275e-05,MBON22,MBON22(calyx)_L,MBON,,cb_intrinsic,,MBON22,MBON22,,VFB_jrmc20aw,L,,,Roughly traced,
2692,19369,62,8,7.198379203650275e-05,AOTU046,AOTU046_L,,,cb_intrinsic,,AOTU046,AOTU046,,VFB_jrmc3hmg,L,,,Roughly traced,
2693,19463,62,10,7.198379203650275e-05,CB1688,CB1688_R,,,cb_intrinsic,17356,CB1688,,,VFB_jrmc38q5,R,,,Roughly traced,
2694,20390,62,8,7.198379203650275e-05,ATL018,ATL018_L,,,cb_intrinsic,,"ATL017,ATL018",ATL018,,VFB_jrmc3hqq,L,,,Roughly traced,
2695,41086,62,27,7.198379203650275e-05,SMP179,SMP179_L,,,cb_intrinsic,10564,SMP179,SMP179,,VFB_jrmc1d7m,L,CG,,Roughly traced,
2696,44082,62,41,7.198379203650275e-05,KCg-m,KCg-m_R,Kenyon_Cell,,cb_intrinsic,14292,KCg-m,KCg-m,,VFB_jrmc2kj7,R,,,Roughly traced,
2697,50035,62,36,7.198379203650275e-05,KCg-m,KCg-m_R,Kenyon_Cell,,cb_intrinsic,14292,KCg-m,KCg-m,,VFB_jrmc2kjl,R,,,Roughly traced,
2698,50304,62,41,7.198379203650275e-05,KCg-m,KCg-m_R,Kenyon_Cell,,cb_intrinsic,14292,KCg-m,KCg-m,,VFB_jrmc2kn2,R,,,Roughly traced,
2699,51330,62,44,7.198379203650275e-05,KCg-m,KCg-m_L,Kenyon_Cell,,cb_intrinsic,14292,KCg-m,KCg-m,,VFB_jrmc2kap,L,,,Roughly traced,
2700,51679,62,32,7.198379203650275e-05,KCg-d,KCg-d_R,Kenyon_Cell,,cb_intrinsic,19102,KCg-d,KCg-d,,VFB_jrmc2k47,R,,,Roughly traced,
2701,52704,62,38,7.198379203650275e-05,KCab-s,KCab-s_L,Kenyon_Cell,,cb_intrinsic,11862,KCab,"KCab-m,KCab-c,KCab-s",,VFB_jrmc2jzs,L,,,Roughly traced,
2702,53043,62,11,7.198379203650275e-05,PFNd,PFNd(PB04)_L5_C4,CX,,cb_intrinsic,10817,PFNd,PFNd,,VFB_jrmc1i8x,L,,,Roughly traced,
2703,53914,62,35,7.198379203650275e-05,KCa'b'-m,KCa'b'-m_R,Kenyon_Cell,,cb_intrinsic,17488,KCapbp-m,KCa'b'-m,,VFB_jrmc2ih0,R,,,Roughly traced,
2704,54996,62,36,7.198379203650275e-05,KCa'b'-ap2,KCa'b'-ap2_R,Kenyon_Cell,,cb_intrinsic,17488,KCapbp-ap2,KCa'b'-ap2,,VFB_jrmc2i9q,R,,,Roughly traced,
2705,56145,62,37,7.198379203650275e-05,KCg-d,KCg-d_L,Kenyon_Cell,,cb_intrinsic,19102,KCg-d,KCg-d,,VFB_jrmc2k1m,L,,,Roughly traced,
2706,57460,62,28,7.198379203650275e-05,KCg-d,KCg-d_R,Kenyon_Cell,,cb_intrinsic,19102,KCg-d,KCg-d,,VFB_jrmc2k5h,R,,,Roughly traced,
2707,58387,62,32,7.198379203650275e-05,KCab-s,KCab-s_L,Kenyon_Cell,,cb_intrinsic,11862,KCab,"KCab-m,KCab-c,KCab-s",,VFB_jrmc2jw3,L,,,Roughly traced,
2708,60545,62,29,7.198379203650275e-05,KCg-m,KCg-m_L,Kenyon_Cell,,cb_intrinsic,14292,KCg-m,KCg-m,,VFB_jrmc2dfd,L,,,Roughly traced,
2709,62274,62,37,7.198379203650275e-05,KCg-d,KCg-d_R,Kenyon_Cell,,cb_intrinsic,19102,KCg-d,KCg-d,,VFB_jrmc2k0q,R,,,Roughly traced,
2710,62436,62,34,7.198379203650275e-05,KCab-s,KCab-s_L,Kenyon_Cell,,cb_intrinsic,11862,KCab,"KCab-m,KCab-c,KCab-s",,VFB_jrmc2jxc,L,,,Roughly traced,
2711,63189,62,37,7.198379203650275e-05,KCg-m,KCg-m_R,Kenyon_Cell,,cb_intrinsic,14292,KCg-m,KCg-m,,VFB_jrmc2dbl,R,,,Prelim Roughly traced,
2712,66644,62,14,7.198379203650275e-05,hDeltaJ,hDeltaJ_10_C8,CX,,cb_intrinsic,11512,hDeltaJ,hDeltaJ,,VFB_jrmc02le,L,,,Prelim Roughly traced,
2713,66934,62,22,7.198379203650275e-05,PAM10,PAM10(B1)_L,DAN,,cb_intrinsic,36624,PAM10,PAM10,,VFB_jrmc1pwk,L,,,Roughly traced,
2714,67712,62,39,7.198379203650275e-05,KCg-m,KCg-m_R,Kenyon_Cell,,cb_intrinsic,14292,KCg-m,KCg-m,,VFB_jrmc2kki,R,,,Prelim Roughly traced,
2715,67721,62,40,7.198379203650275e-05,KCg-m,KCg-m_R,Kenyon_Cell,,cb_intrinsic,14292,KCg-m,KCg-m,,VFB_jrmc2d7e,R,,,Prelim Roughly traced,
2716,75029,62,37,7.198379203650275e-05,KCg-m,KCg-m_R,Kenyon_Cell,,cb_intrinsic,14292,KCg-m,KCg-m,,VFB_jrmc2dfy,R,,,Prelim Roughly traced,
2717,75122,62,42,7.198379203650275e-05,KCa'b'-ap2,KCa'b'-ap2_R,Kenyon_Cell,,cb_intrinsic,17488,KCapbp-ap2,KCa'b'-ap2,,VFB_jrmc2i8d,R,,,Roughly traced,
2718,76063,62,38,7.198379203650275e-05,KCg-m,KCg-m_R,Kenyon_Cell,,cb_intrinsic,14292,KCg-m,KCg-m,,VFB_jrmc2k7r,R,,,Prelim Roughly traced,
2719,78768,62,30,7.198379203650275e-05,KCg-d,KCg-d_R,Kenyon_Cell,,cb_intrinsic,19102,KCg-d,KCg-d,,VFB_jrmc2k1e,R,,,Roughly traced,
2720,80027,62,37,7.198379203650275e-05,KCg-m,KCg-m_R,Kenyon_Cell,,cb_intrinsic,14292,KCg-m,KCg-m,,VFB_jrmc2k7x,R,,,Prelim Roughly traced,
2721,82399,62,32,7.198379203650275e-05,KCg-m,KCg-m_L,Kenyon_Cell,,cb_intrinsic,14292,KCg-m,KCg-m,,VFB_jrmc2dg7,L,,,Prelim Roughly traced,
2722,83965,62,38,7.198379203650275e-05,KCg-m,KCg-m_L,Kenyon_Cell,,cb_intrinsic,14292,KCg-m,KCg-m,,VFB_jrmc2kfy,L,,,Prelim Roughly traced,
2723,84295,62,34,7.198379203650275e-05,KCab-s,KCab-s_R,Kenyon_Cell,,cb_intrinsic,11862,KCab,"KCab-m,KCab-c,KCab-s",,VFB_jrmc2jp5,R,,,Roughly traced,
2724,84664,62,37,7.198379203650275e-05,KCg-m,KCg-m_R,Kenyon_Cell,,cb_intrinsic,14292,KCg-m,KCg-m,,VFB_jrmc2kl7,R,,,Prelim Roughly traced,
2725,90403,62,30,7.198379203650275e-05,KCab-s,KCab-s_R,Kenyon_Cell,,cb_intrinsic,11862,KCab,"KCab-m,KCab-c,KCab-s",,VFB_jrmc2jpg,R,,,Roughly traced,
2726,91244,62,32,7.198379203650275e-05,KCg-d,KCg-d_R,Kenyon_Cell,,cb_intrinsic,19102,KCg-d,KCg-d,,VFB_jrmc2k0v,R,,,Roughly traced,
2727,96961,62,34,7.198379203650275e-05,KCa'b'-ap2,KCa'b'-ap2_R,Kenyon_Cell,,cb_intrinsic,17488,KCapbp-ap2,KCa'b'-ap2,,VFB_jrmc2ias,R,,,Roughly traced,
2728,103720,62,35,7.198379203650275e-05,KCg-m,KCg-m_L,Kenyon_Cell,,cb_intrinsic,14292,KCg-m,KCg-m,,VFB_jrmc2kgk,L,,,Roughly traced,
2729,106711,62,33,7.198379203650275e-05,KCa'b'-ap2,KCa'b'-ap2_R,Kenyon_Cell,,cb_intrinsic,17488,KCapbp-ap2,KCa'b'-ap2,,VFB_jrmc2ieh,R,,,Roughly traced,
2730,115540,62,33,7.198379203650275e-05,KCab-s,KCab-s_L,Kenyon_Cell,,cb_intrinsic,11862,KCab,"KCab-m,KCab-c,KCab-s",,VFB_jrmc2jyf,L,,,Roughly traced,
2731,122595,62,31,7.198379203650275e-05,KCg-m,KCg-m_L,Kenyon_Cell,,cb_intrinsic,14292,KCg-m,KCg-m,,VFB_jrmc2kpz,L,,,Roughly traced,
2732,123421,62,37,7.198379203650275e-05,KCg-m,KCg-m_R,Kenyon_Cell,,cb_intrinsic,14292,KCg-m,KCg-m,,VFB_jrmc2kr8,R,,,Prelim Roughly traced,
2733,133214,62,30,7.198379203650275e-05,KCg-m,KCg-m_R,Kenyon_Cell,,cb_intrinsic,14292,KCg-m,KCg-m,,VFB_jrmc2kw4,R,,,Roughly traced,
2734,135739,62,39,7.198379203650275e-05,KCg-m,KCg-m_R,Kenyon_Cell,,cb_intrinsic,14292,KCg-m,KCg-m,,VFB_jrmc2dd4,R,,,Prelim Roughly traced,
2735,143029,62,38,7.198379203650275e-05,KCg-m,KCg-m_L,Kenyon_Cell,,cb_intrinsic,14292,KCg-m,KCg-m,,VFB_jrmc2ke1,L,,,Roughly traced,
2736,148680,62,37,7.198379203650275e-05,KCg-m,KCg-m_R,Kenyon_Cell,,cb_intrinsic,14292,KCg-m,KCg-m,,VFB_jrmc2k9l,R,,,Prelim Roughly traced,
2737,150738,62,33,7.198379203650275e-05,KCa'b'-m,KCa'b'-m_R,Kenyon_Cell,,cb_intrinsic,17488,KCapbp-m,KCa'b'-m,,VFB_jrmc2ikw,R,,,Roughly traced,
2738,154465,62,35,7.198379203650275e-05,KCg-m,KCg-m_L,Kenyon_Cell,,cb_intrinsic,14292,KCg-m,KCg-m,,VFB_jrmc2kig,L,,,Roughly traced,
2739,515221,62,12,7.198379203650275e-05,FB4G,FB4G_R,CX,,cb_intrinsic,11994,FB4G,FB4G,,VFB_jrmc304r,R,CG,,Roughly traced,
2740,521189,62,12,7.198379203650275e-05,LHPV9b1,LHPV9b1_L,,,cb_intrinsic,,LHPV9b1,LHPV9b1,,VFB_jrmc22ms,L,,,Roughly traced,
2741,521763,62,12,7.198379203650275e-05,CL339,CL339_R,,,cb_intrinsic,11915,CL339,CL339,,VFB_jrmc34om,R,,,Prelim Roughly traced,
2742,532544,62,35,7.198379203650275e-05,KCg-m,KCg-m_R,Kenyon_Cell,,cb_intrinsic,14292,KCg-m,KCg-m,,VFB_jrmc2km6,R,,,Prelim Roughly traced,
2743,10693,61,9,7.08227631326882e-05,LoVP101,LoVP101_R,,,visual_projection,,LTe21,,,VFB_jrmc1zrl,R,,,Roughly traced,
2744,11250,61,10,7.08227631326882e-05,AVLP501,AVLP501_R,,,cb_intrinsic,,AVLP501,AVLP501,,VFB_jrmc3izw,R,,,Roughly traced,
2745,11410,61,8,7.08227631326882e-05,DNpe023,DNpe023(LAL201)_L,,it,descending_neuron,,DNpe023,LAL201,DNit011,VFB_jrmc30tv,L,,,Prelim Roughly traced,
2746,11532,61,8,7.08227631326882e-05,PPM1203,PPM1203_R,,,cb_intrinsic,,PPM1203,PPM1203,,VFB_jrmc1j6v,R,,,Roughly traced,
2747,13033,61,5,7.08227631326882e-05,FB5AB,FB5AB_L,CX,,cb_intrinsic,13033,CB.FB5G0,FB5AB,,VFB_jrmc306x,L,,,Roughly traced,
2748,14497,61,13,7.08227631326882e-05,LHPV9b1,LHPV9b1_R,,,cb_intrinsic,,LHPV9b1,LHPV9b1,,VFB_jrmc22mt,R,,,Roughly traced,
2749,17356,61,7,7.08227631326882e-05,CB1883,CB1883_R,,,cb_intrinsic,17356,CB1883,,,VFB_jrmc38yy,R,,,Roughly traced,
2750,19337,61,7,7.08227631326882e-05,FB2I_a,FB2I_a_R,CX,,cb_intrinsic,10396,CB.FB2E9,FB2I_a,,VFB_jrmc3021,R,,,Roughly traced,
2751,30860,61,9,7.08227631326882e-05,FB2I_a,FB2I_a_R,CX,,cb_intrinsic,10396,CB.FB2E9,FB2I_a,,VFB_jrmc3022,R,,,Roughly traced,
2752,38853,61,12,7.08227631326882e-05,MBON15,MBON15(a'1)_L,MBON,,cb_intrinsic,11777,MBON15,MBON15,,VFB_jrmc20a9,L,,,Roughly traced,
2753,41150,61,34,7.08227631326882e-05,KCg-m,KCg-m_R,Kenyon_Cell,,cb_intrinsic,14292,KCg-m,KCg-m,,VFB_jrmc2d9t,R,,,Roughly traced,
2754,44619,61,7,7.08227631326882e-05,MBON15-like,MBON15-like(a'1a'2)_R,MBON,,cb_intrinsic,11777,MBON15-like,MBON15-like,,VFB_jrmc20ac,R,,,Roughly traced,
2755,51865,61,31,7.08227631326882e-05,KCg-m,KCg-m_L,Kenyon_Cell,,cb_intrinsic,14292,KCg-m,KCg-m,,VFB_jrmc2kez,L,,,Roughly traced,
2756,53535,61,29,7.08227631326882e-05,KCa'b'-ap1,KCa'b'-ap1_R,Kenyon_Cell,,cb_intrinsic,17488,KCapbp-ap1,KCa'b'-ap1,,VFB_jrmc2i7n,R,,,Roughly traced,
2757,57413,61,32,7.08227631326882e-05,KCg-d,KCg-d_R,Kenyon_Cell,,cb_intrinsic,19102,KCg-d,KCg-d,,VFB_jrmc2k5p,R,,,Roughly traced,
2758,76271,61,31,7.08227631326882e-05,KCab-s,KCab-s_R,Kenyon_Cell,,cb_intrinsic,11862,KCab,"KCab-m,KCab-c,KCab-s",,VFB_jrmc2jkd,R,,,Roughly traced,
2759,76317,61,38,7.08227631326882e-05,KCg-m,KCg-m_R,Kenyon_Cell,,cb_intrinsic,14292,KCg-m,KCg-m,,VFB_jrmc2koc,R,,,Prelim Roughly traced,
2760,76593,61,36,7.08227631326882e-05,KCab-s,KCab-s_R,Kenyon_Cell,,cb_intrinsic,11862,KCab,"KCab-m,KCab-c,KCab-s",,VFB_jrmc2joq,R,,,Prelim Roughly traced,
2761,78872,61,34,7.08227631326882e-05,KCg-m,KCg-m_L,Kenyon_Cell,,cb_intrinsic,14292,KCg-m,KCg-m,,VFB_jrmc2kuy,L,,,Roughly traced,
2762,79776,61,38,7.08227631326882e-05,KCg-m,KCg-m_L,Kenyon_Cell,,cb_intrinsic,14292,KCg-m,KCg-m,,VFB_jrmc2ku7,L,,,Roughly traced,
2763,80663,61,31,7.08227631326882e-05,KCg-m,KCg-m_L,Kenyon_Cell,,cb_intrinsic,14292,KCg-m,KCg-m,,VFB_jrmc2kbq,L,,,Roughly traced,
2764,85986,61,26,7.08227631326882e-05,KCab-s,KCab-s_R,Kenyon_Cell,,cb_intrinsic,11862,KCab,"KCab-m,KCab-c,KCab-s",,VFB_jrmc2jzx,R,,,Roughly traced,
2765,86909,61,31,7.08227631326882e-05,KCg-d,KCg-d_R,Kenyon_Cell,,cb_intrinsic,19102,KCg-d,KCg-d,,VFB_jrmc2k5s,R,,,Roughly traced,
2766,94606,61,42,7.08227631326882e-05,KCg-m,KCg-m_L,Kenyon_Cell,,cb_intrinsic,14292,KCg-m,KCg-m,,VFB_jrmc2kch,L,,,Prelim Roughly traced,
2767,104385,61,32,7.08227631326882e-05,KCg-m,KCg-m_L,Kenyon_Cell,,cb_intrinsic,14292,KCg-m,KCg-m,,VFB_jrmc2kgm,L,,,Roughly traced,
2768,108860,61,6,7.08227631326882e-05,FB5V_a,FB5V_a_L,CX,,cb_intrinsic,12311,FB5V,FB5V,,VFB_jrmc308y,L,,,Roughly traced,
2769,112835,61,27,7.08227631326882e-05,KCg-m,KCg-m_L,Kenyon_Cell,,cb_intrinsic,14292,KCg-m,KCg-m,,VFB_jrmc2del,L,,,Roughly traced,
2770,124097,61,31,7.08227631326882e-05,KCg-d,KCg-d_L,Kenyon_Cell,,cb_intrinsic,19102,KCg-d,KCg-d,,VFB_jrmc2k3h,L,,,Roughly traced,
2771,126602,61,33,7.08227631326882e-05,KCg-m,KCg-m_R,Kenyon_Cell,,cb_intrinsic,14292,KCg-m,KCg-m,,VFB_jrmc2d7j,R,,,Prelim Roughly traced,
2772,133334,61,33,7.08227631326882e-05,KCa'b'-ap2,KCa'b'-ap2_R,Kenyon_Cell,,cb_intrinsic,17488,KCapbp-ap2,KCa'b'-ap2,,VFB_jrmc2if9,R,,,Roughly traced,
2773,137789,61,35,7.08227631326882e-05,KCg-m,KCg-m_L,Kenyon_Cell,,cb_intrinsic,14292,KCg-m,KCg-m,,VFB_jrmc2kdr,L,,,Prelim Roughly traced,
2774,139182,61,35,7.08227631326882e-05,KCg-m,KCg-m_R,Kenyon_Cell,,cb_intrinsic,14292,KCg-m,KCg-m,,VFB_jrmc2k9e,R,,,Prelim Roughly traced,
2775,140589,61,39,7.08227631326882e-05,KCg-m,KCg-m_R,Kenyon_Cell,,cb_intrinsic,14292,KCg-m,KCg-m,,VFB_jrmc2krb,R,,,Prelim Roughly traced,
2776,149878,61,38,7.08227631326882e-05,KCg-m,KCg-m_L,Kenyon_Cell,,cb_intrinsic,14292,KCg-m,KCg-m,,VFB_jrmc2ki9,L,,,Roughly traced,
2777,150781,61,33,7.08227631326882e-05,KCg-m,KCg-m_L,Kenyon_Cell,,cb_intrinsic,14292,KCg-m,KCg-m,,VFB_jrmc2keb,L,,,Roughly traced,
2778,152391,61,34,7.08227631326882e-05,KCg-m,KCg-m_R,Kenyon_Cell,,cb_intrinsic,14292,KCg-m,KCg-m,,VFB_jrmc2k9o,R,,,Prelim Roughly traced,
2779,162399,61,34,7.08227631326882e-05,KCab-s,KCab-s_L,Kenyon_Cell,,cb_intrinsic,11862,KCab,"KCab-m,KCab-c,KCab-s",,VFB_jrmc2jvp,L,,,Roughly traced,
2780,171283,61,34,7.08227631326882e-05,KCg-m,KCg-m_L,Kenyon_Cell,,cb_intrinsic,14292,KCg-m,KCg-m,,VFB_jrmc2db7,L,,,Roughly traced,
2781,178308,61,31,7.08227631326882e-05,,,,,,,,,,,,,,Orphan-artifact,
2782,223967,61,4,7.08227631326882e-05,ATL008,ATL008_R,,,cb_intrinsic,,ATL008,ATL008,,VFB_jrmc3hq1,R,,,Roughly traced,
2783,224500,61,16,7.08227631326882e-05,PAM11,PAM11(a1)_R,DAN,,cb_intrinsic,114661,PAM11,PAM11,,VFB_jrmc1px8,R,,,Roughly traced,
2784,524419,61,5,7.08227631326882e-05,MeVP17,MeVP17_L,,,visual_projection,,MTe08,,,VFB_jrmc1v39,L,,,Prelim Roughly traced,
2785,531346,61,37,7.08227631326882e-05,KCg-m,KCg-m_L,Kenyon_Cell,,cb_intrinsic,14292,KCg-m,KCg-m,,VFB_jrmc2dfr,L,,,Roughly traced,
2786,10100,60,15,6.966173422887363e-05,LoVCLo3,LoVCLo3_R,,,visual_centrifugal,,OA-AL2b1,PLP244,,VFB_jrmc1zpl,R,,,Roughly traced,
2787,10289,60,9,6.966173422887363e-05,LT39,LT39_L,,,visual_centrifugal,,LT39,LT39,,VFB_jrmc24rs,L,,,Prelim Roughly traced,
2788,10305,60,6,6.966173422887363e-05,LHPV12a1,LHPV12a1_L,,,cb_intrinsic,,LHPV12a1,LHPV12a1,,VFB_jrmc222z,L,,,Roughly traced,
2789,10588,60,9,6.966173422887363e-05,AVLP710m,AVLP710m_R,,,cb_intrinsic,,,,,VFB_jrmc3j9f,R,,,Roughly traced,
2790,11601,60,5,6.966173422887363e-05,5-HTPLP01,5-HTPLP01_R,,,cb_intrinsic,,5-HTPLP01,5-HTPLP01,,VFB_jrmc3ftq,R,,,Roughly traced,
2791,11726,60,5,6.966173422887363e-05,LT51,LT51_L,,,visual_projection,11157,LT51,LT51,,VFB_jrmc24s8,L,,,Prelim Roughly traced,
2792,13631,60,9,6.966173422887363e-05,SMP175,SMP175_R,,,cb_intrinsic,,SMP175,SMP175,,VFB_jrmc1d7d,R,,,Prelim Roughly traced,
2793,14900,60,5,6.966173422887363e-05,AVLP577,AVLP577_R,,,cb_intrinsic,12148,AVLP577,AVLP577,,VFB_jrmc3j6b,R,,,Roughly traced,
2794,15298,60,6,6.966173422887363e-05,AVLP577,AVLP577_L,,,cb_intrinsic,12148,AVLP577,AVLP577,,VFB_jrmc3j6c,L,,,Roughly traced,
2795,16649,60,7,6.966173422887363e-05,LHAV2b2_b,LHAV2b2_b_R,,,cb_intrinsic,13095,LHAV2b2a,LHAV2b2_b,,VFB_jrmc2935,R,,,Prelim Roughly traced,
2796,17039,60,5,6.966173422887363e-05,MeVP17,MeVP17_R,,,visual_projection,,MTe08,,,VFB_jrmc1v37,R,,,Roughly traced,
2797,21911,60,15,6.966173422887363e-05,FB2D,FB2D_R,CX,,cb_intrinsic,12083,CB.FB2I3,FB2D,,VFB_jrmc3013,R,CG,,Roughly traced,
2798,22031,60,33,6.966173422887363e-05,KCg-m,KCg-m_R,Kenyon_Cell,,cb_intrinsic,14292,KCg-m,KCg-m,,VFB_jrmc2k5v,R,,,Roughly traced,
2799,22357,60,7,6.966173422887363e-05,PVLP131,PVLP131_R,,,cb_intrinsic,22357,,PVLP131,,VFB_jrmc1khq,R,CG,,Roughly traced,
2800,22607,60,7,6.966173422887363e-05,AVLP449,AVLP449_R,,,cb_intrinsic,,AVLP449,AVLP449,,VFB_jrmc3ium,R,,,Roughly traced,
2801,24687,60,6,6.966173422887363e-05,PVLP131,PVLP131_R,,,cb_intrinsic,22357,,PVLP131,,VFB_jrmc1khs,R,CG,,Prelim Roughly traced,
2802,28146,60,11,6.966173422887363e-05,PFR_a,PFR_a(PB11a)_L7_C7,CX,,cb_intrinsic,13892,PFR_a,PFR_a,,VFB_jrmc1ijd,L,,,Roughly traced,
2803,35736,60,35,6.966173422887363e-05,KCa'b'-m,KCa'b'-m_R,Kenyon_Cell,,cb_intrinsic,17488,KCapbp-m,KCa'b'-m,,VFB_jrmc2ikq,R,,,Roughly traced,
2804,38526,60,14,6.966173422887363e-05,FB4F_a,FB4F_a_L,CX,,cb_intrinsic,11994,FB4F,FB4F_a,,VFB_jrmc304f,L,CG,,Prelim Roughly traced,
2805,51121,60,33,6.966173422887363e-05,KCg-m,KCg-m_R,Kenyon_Cell,,cb_intrinsic,14292,KCg-m,KCg-m,,VFB_jrmc2k6g,R,,,Roughly traced,
2806,54936,60,34,6.966173422887363e-05,KCg-m,KCg-m_R,Kenyon_Cell,,cb_intrinsic,14292,KCg-m,KCg-m,,VFB_jrmc2kju,R,,,Prelim Roughly traced,
2807,55143,60,12,6.966173422887363e-05,hDeltaJ,hDeltaJ_03_C3,CX,,cb_intrinsic,11512,hDeltaJ,hDeltaJ,,VFB_jrmc02lv,R,,,Prelim Roughly traced,
2808,64378,60,34,6.966173422887363e-05,KCab-s,KCab-s_L,Kenyon_Cell,,cb_intrinsic,11862,KCab,"KCab-m,KCab-c,KCab-s",,VFB_jrmc2jye,L,,,Roughly traced,
2809,66583,60,38,6.966173422887363e-05,KCg-m,KCg-m_R,Kenyon_Cell,,cb_intrinsic,14292,KCg-m,KCg-m,,VFB_jrmc2d5r,R,,,Prelim Roughly traced,
2810,68737,60,33,6.966173422887363e-05,KCab-s,KCab-s_R,Kenyon_Cell,,cb_intrinsic,11862,KCab,"KCab-m,KCab-c,KCab-s",,VFB_jrmc2jrb,R,,,Roughly traced,
2811,72141,60,33,6.966173422887363e-05,KCg-m,KCg-m_R,Kenyon_Cell,,cb_intrinsic,14292,KCg-m,KCg-m,,VFB_jrmc2kvv,R,,,Prelim Roughly traced,
2812,72939,60,32,6.966173422887363e-05,KCg-m,KCg-m_R,Kenyon_Cell,,cb_intrinsic,14292,KCg-m,KCg-m,,VFB_jrmc2d5w,R,,,Prelim Roughly traced,
2813,74260,60,34,6.966173422887363e-05,KCg-m,KCg-m_R,Kenyon_Cell,,cb_intrinsic,14292,KCg-m,KCg-m,,VFB_jrmc2kob,R,,,Prelim Roughly traced,
2814,86137,60,32,6.966173422887363e-05,KCg-m,KCg-m_R,Kenyon_Cell,,cb_intrinsic,14292,KCg-m,KCg-m,,VFB_jrmc2k89,R,,,Prelim Roughly traced,
2815,87731,60,31,6.966173422887363e-05,KCab-s,KCab-s_L,Kenyon_Cell,,cb_intrinsic,11862,KCab,"KCab-m,KCab-c,KCab-s",,VFB_jrmc2jx1,L,,,Roughly traced,
2816,91926,60,31,6.966173422887363e-05,KCg-d,KCg-d_L,Kenyon_Cell,,cb_intrinsic,19102,KCg-d,KCg-d,,VFB_jrmc2k3m,L,,,Prelim Roughly traced,
2817,97305,60,32,6.966173422887363e-05,KCg-m,KCg-m_R,Kenyon_Cell,,cb_intrinsic,14292,KCg-m,KCg-m,,VFB_jrmc2d7i,R,,,Prelim Roughly traced,
2818,97624,60,38,6.966173422887363e-05,KCg-m,KCg-m_L,Kenyon_Cell,,cb_intrinsic,14292,KCg-m,KCg-m,,VFB_jrmc2kgg,L,,,Prelim Roughly traced,
2819,107009,60,35,6.966173422887363e-05,KCab-s,KCab-s_L,Kenyon_Cell,,cb_intrinsic,11862,KCab,"KCab-m,KCab-c,KCab-s",,VFB_jrmc2jxs,L,,,Roughly traced,
2820,119055,60,31,6.966173422887363e-05,KCab-s,KCab-s_L,Kenyon_Cell,,cb_intrinsic,11862,KCab,"KCab-m,KCab-c,KCab-s",,VFB_jrmc2jhy,L,,,Roughly traced,
2821,120768,60,15,6.966173422887363e-05,PAM07,PAM07(y4<y1y2)_R,DAN,,cb_intrinsic,39617,PAM07,PAM07,,VFB_jrmc1puq,R,,,Roughly traced,
2822,120818,60,37,6.966173422887363e-05,KCg-m,KCg-m_L,Kenyon_Cell,,cb_intrinsic,14292,KCg-m,KCg-m,,VFB_jrmc2kuh,L,,,Roughly traced,
2823,128075,60,33,6.966173422887363e-05,KCab-s,KCab-s_L,Kenyon_Cell,,cb_intrinsic,11862,KCab,"KCab-m,KCab-c,KCab-s",,VFB_jrmc2jy9,L,,,Roughly traced,
2824,130806,60,37,6.966173422887363e-05,KCg-m,KCg-m_R,Kenyon_Cell,,cb_intrinsic,14292,KCg-m,KCg-m,,VFB_jrmc2dea,R,,,Prelim Roughly traced,
2825,180728,60,26,6.966173422887363e-05,KCa'b'-ap2,KCa'b'-ap2_R,Kenyon_Cell,,cb_intrinsic,17488,KCapbp-ap2,KCa'b'-ap2,,VFB_jrmc2iej,R,,,Roughly traced,
2826,193578,60,32,6.966173422887363e-05,KCab-s,KCab-s_L,Kenyon_Cell,,cb_intrinsic,11862,KCab,"KCab-m,KCab-c,KCab-s",,VFB_jrmc2ji5,L,,,Roughly traced,
2827,515298,60,10,6.966173422887363e-05,hDeltaJ,hDeltaJ_03_C3,CX,,cb_intrinsic,11512,hDeltaJ,hDeltaJ,,VFB_jrmc02lx,R,,,Prelim Roughly traced,
2828,515464,60,11,6.966173422887363e-05,PFNd,PFNd(PB04)_L8_C7,CX,,cb_intrinsic,10817,PFNd,PFNd,,VFB_jrmc1i94,L,,,Roughly traced,
2829,533442,60,4,6.966173422887363e-05,AVLP289,AVLP289_R,,,cb_intrinsic,,AVLP289,AVLP289,,VFB_jrmc3ihu,R,,,Roughly traced,
2830,536048,60,20,6.966173422887363e-05,DNp27,DNp27_L,,xn,descending_neuron,,DNp27,DNp27,DNp27,VFB_jrmc30oy,L,,,Roughly traced,
2831,537652,60,34,6.966173422887363e-05,KCg-m,KCg-m_R,Kenyon_Cell,,cb_intrinsic,14292,KCg-m,KCg-m,,VFB_jrmc2kwb,R,,,Prelim Roughly traced,
2832,543037,60,37,6.966173422887363e-05,KCg-m,KCg-m_L,Kenyon_Cell,,cb_intrinsic,14292,KCg-m,KCg-m,,VFB_jrmc2kur,L,,,Roughly traced,
2833,11166,59,15,6.850070532505907e-05,mALD4,mALD4_L,,,cb_intrinsic,11166,mALD4,mALD4,,VFB_jrmc02w4,L,,,Roughly traced,
2834,11319,59,12,6.850070532505907e-05,LT42,LT42_R,,,visual_centrifugal,,LT42,LT42,,VFB_jrmc24ry,R,,,Roughly traced,
2835,11343,59,14,6.850070532505907e-05,SMP586,SMP586_R,,,cb_intrinsic,,SMP586,SMP586,,VFB_jrmc16h6,R,,,Roughly traced,
2836,12106,59,21,6.850070532505907e-05,FB1G,FB1G_R,CX,,cb_intrinsic,12106,CB.FB2G0,FB1G,,VFB_jrmc300a,R,,,Roughly traced,
2837,13066,59,20,6.850070532505907e-05,SMP179,SMP179_R,,,cb_intrinsic,10564,SMP179,SMP179,,VFB_jrmc1d7l,R,CG,,Roughly traced,
2838,13385,59,7,6.850070532505907e-05,AVLP730m,AVLP730m_R,,,cb_intrinsic,10657,,,,VFB_jrmc3jb9,R,,,Roughly traced,
2839,17632,59,5,6.850070532505907e-05,MeVP17,MeVP17_R,,,visual_projection,,MTe08,,,VFB_jrmc1v35,R,,,Roughly traced,
2840,23956,59,7,6.850070532505907e-05,PVLP131,PVLP131_L,,,cb_intrinsic,22357,,PVLP131,,VFB_jrmc1khr,L,CG,,Roughly traced,
2841,25713,59,8,6.850070532505907e-05,FB5K,FB5K_L,CX,,cb_intrinsic,11994,FB5K,FB5K,,VFB_jrmc307s,L,CG,,Roughly traced,
2842,36470,59,10,6.850070532505907e-05,FB4J,FB4J_R,CX,,cb_intrinsic,11994,FB4J,FB4J,,VFB_jrmc304x,R,CG,,Roughly traced,
2843,47287,59,41,6.850070532505907e-05,KCg-m,KCg-m_L,Kenyon_Cell,,cb_intrinsic,14292,KCg-m,KCg-m,,VFB_jrmc2ksd,L,,,Roughly traced,
2844,51866,59,37,6.850070532505907e-05,KCg-m,KCg-m_R,Kenyon_Cell,,cb_intrinsic,14292,KCg-m,KCg-m,,VFB_jrmc2kn5,R,,,Roughly traced,
2845,63482,59,36,6.850070532505907e-05,KCg-m,KCg-m_R,Kenyon_Cell,,cb_intrinsic,14292,KCg-m,KCg-m,,VFB_jrmc2kk9,R,,,Prelim Roughly traced,
2846,64701,59,39,6.850070532505907e-05,KCg-m,KCg-m_R,Kenyon_Cell,,cb_intrinsic,14292,KCg-m,KCg-m,,VFB_jrmc2kkb,R,,,Prelim Roughly traced,
2847,65633,59,37,6.850070532505907e-05,KCab-p,KCab-p_L,Kenyon_Cell,,cb_intrinsic,11862,KCab-p,KCab-p,,VFB_jrmc2jh1,L,,,Roughly traced,
2848,85403,59,29,6.850070532505907e-05,KCab-m,KCab-m_L,Kenyon_Cell,,cb_intrinsic,11862,KCab,"KCab-m,KCab-c,KCab-s",,VFB_jrmc2jct,L,,,Roughly traced,
2849,89761,59,35,6.850070532505907e-05,KCg-m,KCg-m_R,Kenyon_Cell,,cb_intrinsic,14292,KCg-m,KCg-m,,VFB_jrmc2kvz,R,,,Prelim Roughly traced,
2850,94993,59,37,6.850070532505907e-05,KCab-s,KCab-s_L,Kenyon_Cell,,cb_intrinsic,11862,KCab,"KCab-m,KCab-c,KCab-s",,VFB_jrmc2jxg,L,,,Roughly traced,
2851,101538,59,29,6.850070532505907e-05,KCab-s,KCab-s_L,Kenyon_Cell,,cb_intrinsic,11862,KCab,"KCab-m,KCab-c,KCab-s",,VFB_jrmc2jzq,L,,,Roughly traced,
2852,105264,59,30,6.850070532505907e-05,KCab-s,KCab-s_R,Kenyon_Cell,,cb_intrinsic,11862,KCab,"KCab-m,KCab-c,KCab-s",,VFB_jrmc2jm3,R,,,Roughly traced,
2853,107197,59,39,6.850070532505907e-05,KCg-m,KCg-m_R,Kenyon_Cell,,cb_intrinsic,14292,KCg-m,KCg-m,,VFB_jrmc2kw2,R,,,Prelim Roughly traced,
2854,112442,59,28,6.850070532505907e-05,KCg-m,KCg-m_L,Kenyon_Cell,,cb_intrinsic,14292,KCg-m,KCg-m,,VFB_jrmc2dcn,L,,,Roughly traced,
2855,118769,59,41,6.850070532505907e-05,KCg-m,KCg-m_R,Kenyon_Cell,,cb_intrinsic,14292,KCg-m,KCg-m,,VFB_jrmc2kr7,R,,,Prelim Roughly traced,
2856,119763,59,23,6.850070532505907e-05,PAM11,PAM11(a1)_L,DAN,,cb_intrinsic,119763,PAM11,PAM11,,VFB_jrmc1px5,L,,,Roughly traced,
2857,130972,59,35,6.850070532505907e-05,KCg-m,KCg-m_L,Kenyon_Cell,,cb_intrinsic,14292,KCg-m,KCg-m,,VFB_jrmc2d6h,L,,,Prelim Roughly traced,
2858,131597,59,32,6.850070532505907e-05,KCg-m,KCg-m_L,Kenyon_Cell,,cb_intrinsic,14292,KCg-m,KCg-m,,VFB_jrmc2deo,L,,,Prelim Roughly traced,
2859,131964,59,27,6.850070532505907e-05,KCab-s,KCab-s_R,Kenyon_Cell,,cb_intrinsic,11862,KCab,"KCab-m,KCab-c,KCab-s",,VFB_jrmc2jme,R,,,Prelim Roughly traced,
2860,135362,59,42,6.850070532505907e-05,KCg-m,KCg-m_R,Kenyon_Cell,,cb_intrinsic,14292,KCg-m,KCg-m,,VFB_jrmc2dem,R,,,Prelim Roughly traced,
2861,136127,59,33,6.850070532505907e-05,KCg-m,KCg-m_L,Kenyon_Cell,,cb_intrinsic,14292,KCg-m,KCg-m,,VFB_jrmc2kho,L,,,Prelim Roughly traced,
2862,148344,59,37,6.850070532505907e-05,KCg-m,KCg-m_L,Kenyon_Cell,,cb_intrinsic,14292,KCg-m,KCg-m,,VFB_jrmc2ks8,L,,,Roughly traced,
2863,514066,59,34,6.850070532505907e-05,KCa'b'-ap2,KCa'b'-ap2_R,Kenyon_Cell,,cb_intrinsic,17488,KCapbp-ap2,KCa'b'-ap2,,VFB_jrmc2ib0,R,,,Roughly traced,
2864,523032,59,13,6.850070532505907e-05,PFL3,PFL3(PB12c)_L2_C4,CX,,cb_intrinsic,11557,PFL3,PFL3,,VFB_jrmc1i5f,L,,,Roughly traced,
2865,526900,59,28,6.850070532505907e-05,KCg-d,KCg-d_R,Kenyon_Cell,,cb_intrinsic,19102,KCg-d,KCg-d,,VFB_jrmc2k3x,R,,,Roughly traced,
2866,556502,59,14,6.850070532505907e-05,LNO1,LNO1_R,CX,,cb_intrinsic,,LNO1,LNO1,,VFB_jrmc2389,R,,,Roughly traced,
2867,580215,59,35,6.850070532505907e-05,KCg-m,KCg-m_L,Kenyon_Cell,,cb_intrinsic,14292,KCg-m,KCg-m,,VFB_jrmc2kir,L,,,Roughly traced,
2868,10458,58,6,6.733967642124451e-05,DNp13,DNp13_L,,xn,descending_neuron,10388,DNp13,DNp13,DNp13,VFB_jrmc30nv,L,,,Roughly traced,
2869,10685,58,10,6.733967642124451e-05,LoVP101,LoVP101_L,,,visual_projection,,LTe21,,,VFB_jrmc1zrk,L,,,Prelim Roughly traced,
2870,11419,58,9,6.733967642124451e-05,WED195,WED195(hb5813023473)_L,,,cb_intrinsic,10831,CB0495,(hb5813023473),,VFB_jrmc00or,L,LB,,Roughly traced,
2871,11761,58,4,6.733967642124451e-05,VP1d+VP4_l2PN1,VP1d+VP4_l2PN1_R,ALPN,BI,cb_intrinsic,11050,VP1d+VP4_l2PN1,VP1d+VP4_l2PN1,,VFB_jrmc001o,R,DC,,Roughly traced,
2872,13108,58,8,6.733967642124451e-05,AVLP370_b,AVLP370_b_R,,,cb_intrinsic,,AVLP370b,AVLP370,,VFB_jrmc3ioi,R,,,Roughly traced,
2873,18704,58,8,6.733967642124451e-05,AVLP204,AVLP204_R,,,cb_intrinsic,11518,CB3685,AVLP204,,VFB_jrmc3iau,R,,,Roughly traced,
2874,18982,58,11,6.733967642124451e-05,FB2D,FB2D_R,CX,,cb_intrinsic,12083,CB.FB2I3,FB2D,,VFB_jrmc3010,R,CG,,Roughly traced,
2875,21297,58,7,6.733967642124451e-05,AVLP285,AVLP285_L,,,cb_intrinsic,10657,CB4166,AVLP285,,VFB_jrmc3ihl,L,,,Roughly traced,
2876,26739,58,14,6.733967642124451e-05,PFNd,PFNd(PB04)_R7_C3,CX,,cb_intrinsic,10817,PFNd,PFNd,,VFB_jrmc1i9a,R,,,Roughly traced,
2877,36205,58,11,6.733967642124451e-05,hDeltaJ,hDeltaJ_04_C4,CX,,cb_intrinsic,11512,hDeltaJ,hDeltaJ,,VFB_jrmc02l8,R,,,Prelim Roughly traced,
2878,47193,58,36,6.733967642124451e-05,KCab-s,KCab-s_L,Kenyon_Cell,,cb_intrinsic,11862,KCab,"KCab-m,KCab-c,KCab-s",,VFB_jrmc2jxa,L,,,Roughly traced,
2879,58401,58,16,6.733967642124451e-05,MBON15,MBON15(a'1)_R,MBON,,cb_intrinsic,20835,MBON15,MBON15,,VFB_jrmc20aa,R,,,Roughly traced,
2880,59288,58,12,6.733967642124451e-05,PFR_a,PFR_a(PB11a)_R3_C7,CX,,cb_intrinsic,13892,PFR_a,PFR_a,,VFB_jrmc1ijs,R,,,Roughly traced,
2881,61704,58,8,6.733967642124451e-05,FB2M_a,FB2M_a_L,CX,,cb_intrinsic,10396,FB2M,FB2M,,VFB_jrmc302w,L,,,Roughly traced,
2882,61981,58,37,6.733967642124451e-05,KCg-m,KCg-m_R,Kenyon_Cell,,cb_intrinsic,14292,KCg-m,KCg-m,,VFB_jrmc2kqw,R,,,Prelim Roughly traced,
2883,64653,58,37,6.733967642124451e-05,KCa'b'-ap2,KCa'b'-ap2_R,Kenyon_Cell,,cb_intrinsic,17488,KCapbp-ap2,KCa'b'-ap2,,VFB_jrmc2i9z,R,,,Roughly traced,
2884,66440,58,30,6.733967642124451e-05,KCab-s,KCab-s_L,Kenyon_Cell,,cb_intrinsic,11862,KCab,"KCab-m,KCab-c,KCab-s",,VFB_jrmc2jmz,L,,,Roughly traced,
2885,67535,58,34,6.733967642124451e-05,KCab-s,KCab-s_R,Kenyon_Cell,,cb_intrinsic,11862,KCab,"KCab-m,KCab-c,KCab-s",,VFB_jrmc2jjv,R,,,Roughly traced,
2886,70022,58,30,6.733967642124451e-05,KCg-m,KCg-m_R,Kenyon_Cell,,cb_intrinsic,14292,KCg-m,KCg-m,,VFB_jrmc2d7g,R,,,Prelim Roughly traced,
2887,75181,58,29,6.733967642124451e-05,KCab-s,KCab-s_L,Kenyon_Cell,,cb_intrinsic,11862,KCab,"KCab-m,KCab-c,KCab-s",,VFB_jrmc2jng,L,,,Roughly traced,
2888,75288,58,33,6.733967642124451e-05,KCg-m,KCg-m_R,Kenyon_Cell,,cb_intrinsic,14292,KCg-m,KCg-m,,VFB_jrmc2dcv,R,,,Prelim Roughly traced,
2889,75880,58,35,6.733967642124451e-05,KCg-m,KCg-m_R,Kenyon_Cell,,cb_intrinsic,14292,KCg-m,KCg-m,,VFB_jrmc2d8e,R,,,Prelim Roughly traced,
2890,76862,58,32,6.733967642124451e-05,KCab-s,KCab-s_R,Kenyon_Cell,,cb_intrinsic,11862,KCab,"KCab-m,KCab-c,KCab-s",,VFB_jrmc2jke,R,,,Roughly traced,
2891,81239,58,39,6.733967642124451e-05,KCa'b'-m,KCa'b'-m_R,Kenyon_Cell,,cb_intrinsic,17488,KCapbp-m,KCa'b'-m,,VFB_jrmc2igc,R,,,Roughly traced,
2892,85325,58,34,6.733967642124451e-05,KCg-m,KCg-m_L,Kenyon_Cell,,cb_intrinsic,14292,KCg-m,KCg-m,,VFB_jrmc2kc5,L,,,Prelim Roughly traced,
2893,86899,58,29,6.733967642124451e-05,KCab-s,KCab-s_L,Kenyon_Cell,,cb_intrinsic,11862,KCab,"KCab-m,KCab-c,KCab-s",,VFB_jrmc2jvu,L,,,Roughly traced,
2894,134965,58,31,6.733967642124451e-05,KCg-m,KCg-m_L,Kenyon_Cell,,cb_intrinsic,14292,KCg-m,KCg-m,,VFB_jrmc2ksx,L,,,Prelim Roughly traced,
2895,137777,58,5,6.733967642124451e-05,vDeltaI_a,vDeltaI_a_C5,CX,,cb_intrinsic,11512,vDeltaI_a,vDeltaI,,VFB_jrmc03ae,L,,,Roughly traced,
2896,146350,58,38,6.733967642124451e-05,KCab-s,KCab-s_L,Kenyon_Cell,,cb_intrinsic,11862,KCab,"KCab-m,KCab-c,KCab-s",,VFB_jrmc2jwb,L,,,Roughly traced,
2897,147885,58,34,6.733967642124451e-05,KCg-m,KCg-m_R,Kenyon_Cell,,cb_intrinsic,14292,KCg-m,KCg-m,,VFB_jrmc2dew,R,,,Prelim Roughly traced,
2898,153083,58,26,6.733967642124451e-05,KCab-s,KCab-s_L,Kenyon_Cell,,cb_intrinsic,11862,KCab,"KCab-m,KCab-c,KCab-s",,VFB_jrmc2jyg,L,,,Roughly traced,
2899,160407,58,33,6.733967642124451e-05,KCab-s,KCab-s_L,Kenyon_Cell,,cb_intrinsic,11862,KCab,"KCab-m,KCab-c,KCab-s",,VFB_jrmc2jve,L,,,Roughly traced,
2900,180812,58,34,6.733967642124451e-05,KCg-m,KCg-m_R,Kenyon_Cell,,cb_intrinsic,14292,KCg-m,KCg-m,,VFB_jrmc2k9t,R,,,Prelim Roughly traced,
2901,205908,58,36,6.733967642124451e-05,KCg-m,KCg-m_R,Kenyon_Cell,,cb_intrinsic,14292,KCg-m,KCg-m,,VFB_jrmc2kp4,R,,,Prelim Roughly traced,
2902,519398,58,27,6.733967642124451e-05,SMP048,SMP048_L,,,cb_intrinsic,,SMP048,SMP048,,VFB_jrmc1cx9,L,,,Roughly traced,
2903,521624,58,3,6.733967642124451e-05,DNpe023,DNpe023(LAL201)_R,,it,descending_neuron,,DNpe023,LAL201,DNit011,VFB_jrmc30tu,R,,,Prelim Roughly traced,
2904,522715,58,20,6.733967642124451e-05,CRE012,CRE012_L,,,cb_intrinsic,,CRE012,CRE012,,VFB_jrmc34rn,L,,,Roughly traced,
2905,523818,58,5,6.733967642124451e-05,MeVP17,MeVP17_L,,,visual_projection,,MTe08,,,VFB_jrmc1v3a,L,,,Prelim Roughly traced,
2906,523842,58,6,6.733967642124451e-05,AVLP449,AVLP449_L,,,cb_intrinsic,,AVLP449,AVLP449,,VFB_jrmc3iun,L,,,Roughly traced,
2907,524945,58,10,6.733967642124451e-05,hDeltaJ,hDeltaJ_06_C6b,CX,,cb_intrinsic,11512,hDeltaJ,hDeltaJ,,VFB_jrmc02ln,R,,,Prelim Roughly traced,
2908,556994,58,10,6.733967642124451e-05,CRE078,CRE078_L,,,cb_intrinsic,12985,CRE078,CRE078,,VFB_jrmc34xj,L,,,Roughly traced,
2909,10278,57,16,6.617864751742995e-05,5-HTPMPV03,5-HTPMPV03_L,,,visual_centrifugal,,5-HTPMPV03,5-HTPMPV03,,VFB_jrmc3ftx,L,,,Roughly traced,
2910,10404,57,4,6.617864751742995e-05,AVLP082,AVLP082_R,,,cb_intrinsic,,AVLP082,AVLP082,,VFB_jrmc3i03,R,,,Roughly traced,
2911,10475,57,12,6.617864751742995e-05,LT42,LT42_L,,,visual_centrifugal,,LT42,LT42,,VFB_jrmc24rx,L,,,Prelim Roughly traced,
2912,10867,57,9,6.617864751742995e-05,PVLP076,PVLP076_R,,,cb_intrinsic,,PVLP076,PVLP076,,VFB_jrmc1kbr,R,,,Prelim Roughly traced,
2913,11318,57,21,6.617864751742995e-05,CRE107,CRE107_R,,,cb_intrinsic,,CRE107,CRE107,,VFB_jrmc350c,R,,,Roughly traced,
2914,11915,57,8,6.617864751742995e-05,CL339,CL339_L,,,cb_intrinsic,11915,CL339,CL339,,VFB_jrmc34on,L,,,Prelim Roughly traced,
2915,12507,57,7,6.617864751742995e-05,AVLP340,AVLP340_R,,,cb_intrinsic,11191,AVLP340,AVLP340,,VFB_jrmc3imo,R,,,Roughly traced,
2916,13367,57,5,6.617864751742995e-05,PVLP135,PVLP135_R,,,cb_intrinsic,,PVLP135,PVLP135,,VFB_jrmc1kim,R,,,Roughly traced,
2917,13865,57,10,6.617864751742995e-05,SMP541,SMP541_L,,,cb_intrinsic,13865,SMP541,SMP541,,VFB_jrmc16e2,L,,,Roughly traced,
2918,16080,57,8,6.617864751742995e-05,AVLP323,AVLP323_L,,,cb_intrinsic,10357,AVLP323,AVLP323,,VFB_jrmc3ilz,L,CG,,Roughly traced,
2919,16981,57,4,6.617864751742995e-05,MeVP17,MeVP17_L,,,visual_projection,,MTe08,,,VFB_jrmc1v2y,L,,,Prelim Roughly traced,
2920,17883,57,4,6.617864751742995e-05,MeVP17,MeVP17_R,,,visual_projection,,MTe08,,,VFB_jrmc1v34,R,,,Roughly traced,
2921,18178,57,8,6.617864751742995e-05,FB2I_a,FB2I_a_L,CX,,cb_intrinsic,10396,CB.FB2E9,FB2I_a,,VFB_jrmc3023,L,,,Roughly traced,
2922,27191,57,10,6.617864751742995e-05,PFNv,PFNv(PB05)_L9_C9,CX,,cb_intrinsic,10817,PFNv,PFNv,,VFB_jrmc1iiw,L,,,Roughly traced,
2923,51583,57,29,6.617864751742995e-05,KCg-m,KCg-m_L,Kenyon_Cell,,cb_intrinsic,14292,KCg-m,KCg-m,,VFB_jrmc2key,L,,,Roughly traced,
2924,57341,57,29,6.617864751742995e-05,KCa'b'-m,KCa'b'-m_R,Kenyon_Cell,,cb_intrinsic,17488,KCapbp-m,KCa'b'-m,,VFB_jrmc2ig4,R,,,Roughly traced,
2925,57851,57,8,6.617864751742995e-05,FB2G_a,FB2G_a_L,CX,,cb_intrinsic,10396,FB2G_a,FB2G_a,,VFB_jrmc301p,L,,,Roughly traced,
2926,59384,57,33,6.617864751742995e-05,KCg-m,KCg-m_R,Kenyon_Cell,,cb_intrinsic,14292,KCg-m,KCg-m,,VFB_jrmc2k6r,R,,,Roughly traced,
2927,60890,57,30,6.617864751742995e-05,KCab-s,KCab-s_R,Kenyon_Cell,,cb_intrinsic,11862,KCab,"KCab-m,KCab-c,KCab-s",,VFB_jrmc2jjk,R,,,Roughly traced,
2928,61120,57,33,6.617864751742995e-05,KCab-s,KCab-s_L,Kenyon_Cell,,cb_intrinsic,11862,KCab,"KCab-m,KCab-c,KCab-s",,VFB_jrmc2jmy,L,,,Roughly traced,
2929,62917,57,38,6.617864751742995e-05,KCg-m,KCg-m_R,Kenyon_Cell,,cb_intrinsic,14292,KCg-m,KCg-m,,VFB_jrmc2k6x,R,,,Prelim Roughly traced,
2930,66238,57,34,6.617864751742995e-05,KCab-s,KCab-s_L,Kenyon_Cell,,cb_intrinsic,11862,KCab,"KCab-m,KCab-c,KCab-s",,VFB_jrmc2jqm,L,,,Roughly traced,
2931,67356,57,37,6.617864751742995e-05,KCg-m,KCg-m_L,Kenyon_Cell,,cb_intrinsic,14292,KCg-m,KCg-m,,VFB_jrmc2d67,L,,,Roughly traced,
2932,69064,57,11,6.617864751742995e-05,PFR_a,PFR_a(PB11a)_R1_C1_irreg,CX,,cb_intrinsic,13892,PFR_a,PFR_a,,VFB_jrmc1ije,L,,,Roughly traced,
2933,73750,57,34,6.617864751742995e-05,KCg-m,KCg-m_R,Kenyon_Cell,,cb_intrinsic,14292,KCg-m,KCg-m,,VFB_jrmc2d6v,R,,,Prelim Roughly traced,
2934,73850,57,34,6.617864751742995e-05,KCg-m,KCg-m_R,Kenyon_Cell,,cb_intrinsic,14292,KCg-m,KCg-m,,VFB_jrmc2dbf,R,,,Prelim Roughly traced,
2935,74623,57,33,6.617864751742995e-05,KCa'b'-ap2,KCa'b'-ap2_R,Kenyon_Cell,,cb_intrinsic,17488,KCapbp-ap2,KCa'b'-ap2,,VFB_jrmc2iaf,R,,,Roughly traced,
2936,77132,57,36,6.617864751742995e-05,KCg-m,KCg-m_R,Kenyon_Cell,,cb_intrinsic,14292,KCg-m,KCg-m,,VFB_jrmc2k7s,R,,,Prelim Roughly traced,
2937,79846,57,32,6.617864751742995e-05,KCa'b'-m,KCa'b'-m_R,Kenyon_Cell,,cb_intrinsic,17488,KCapbp-m,KCa'b'-m,,VFB_jrmc2il7,R,,,Roughly traced,
2938,80380,57,30,6.617864751742995e-05,KCg-m,KCg-m_L,Kenyon_Cell,,cb_intrinsic,14292,KCg-m,KCg-m,,VFB_jrmc2deb,L,,,Roughly traced,
2939,81338,57,35,6.617864751742995e-05,KCg-m,KCg-m_L,Kenyon_Cell,,cb_intrinsic,14292,KCg-m,KCg-m,,VFB_jrmc2ksl,L,,,Prelim Roughly traced,
2940,81563,57,36,6.617864751742995e-05,KCg-m,KCg-m_R,Kenyon_Cell,,cb_intrinsic,14292,KCg-m,KCg-m,,VFB_jrmc2dd6,R,,,Prelim Roughly traced,
2941,83091,57,28,6.617864751742995e-05,KCab-m,KCab-m_L,Kenyon_Cell,,cb_intrinsic,11862,KCab,"KCab-m,KCab-c,KCab-s",,VFB_jrmc2j51,L,,,Roughly traced,
2942,83341,57,38,6.617864751742995e-05,KCg-m,KCg-m_R,Kenyon_Cell,,cb_intrinsic,14292,KCg-m,KCg-m,,VFB_jrmc2kl5,R,,,Prelim Roughly traced,
2943,85137,57,34,6.617864751742995e-05,KCg-m,KCg-m_R,Kenyon_Cell,,cb_intrinsic,14292,KCg-m,KCg-m,,VFB_jrmc2k87,R,,,Prelim Roughly traced,
2944,107232,57,34,6.617864751742995e-05,KCg-m,KCg-m_L,Kenyon_Cell,,cb_intrinsic,14292,KCg-m,KCg-m,,VFB_jrmc2ddl,L,,,Roughly traced,
2945,114715,57,19,6.617864751742995e-05,CRE004,CRE004_R,,,cb_intrinsic,,CRE004,CRE004,,VFB_jrmc34r6,R,,,Roughly traced,
2946,122000,57,29,6.617864751742995e-05,KCab-s,KCab-s_R,Kenyon_Cell,,cb_intrinsic,11862,KCab,"KCab-m,KCab-c,KCab-s",,VFB_jrmc2jma,R,,,Prelim Roughly traced,
2947,127397,57,35,6.617864751742995e-05,KCg-m,KCg-m_R,Kenyon_Cell,,cb_intrinsic,14292,KCg-m,KCg-m,,VFB_jrmc2k92,R,,,Prelim Roughly traced,
2948,128565,57,31,6.617864751742995e-05,KCab-s,KCab-s_L,Kenyon_Cell,,cb_intrinsic,11862,KCab,"KCab-m,KCab-c,KCab-s",,VFB_jrmc2jwr,L,,,Roughly traced,
2949,135241,57,30,6.617864751742995e-05,KCg-d,KCg-d_L,Kenyon_Cell,,cb_intrinsic,19102,KCg-d,KCg-d,,VFB_jrmc2k2x,L,,,Prelim Roughly traced,
2950,136981,57,9,6.617864751742995e-05,vDeltaI_a,vDeltaI_a_C8,CX,,cb_intrinsic,11512,vDeltaI_a,vDeltaI,,VFB_jrmc03ac,R,,,Roughly traced,
2951,138585,57,18,6.617864751742995e-05,PAM12,PAM12(y3)_L,DAN,,cb_intrinsic,61360,PAM12,PAM12,,VFB_jrmc1pxe,L,,,Roughly traced,
2952,144819,57,26,6.617864751742995e-05,KCg-d,KCg-d_L,Kenyon_Cell,,cb_intrinsic,19102,KCg-d,KCg-d,,VFB_jrmc2k27,L,,,Roughly traced,
2953,147696,57,34,6.617864751742995e-05,KCg-m,KCg-m_L,Kenyon_Cell,,cb_intrinsic,14292,KCg-m,KCg-m,,VFB_jrmc2kvg,L,,,Roughly traced,
2954,155937,57,35,6.617864751742995e-05,KCab-s,KCab-s_L,Kenyon_Cell,,cb_intrinsic,11862,KCab,"KCab-m,KCab-c,KCab-s",,VFB_jrmc2jy8,L,,,Roughly traced,
2955,157864,57,37,6.617864751742995e-05,KCg-m,KCg-m_R,Kenyon_Cell,,cb_intrinsic,14292,KCg-m,KCg-m,,VFB_jrmc2dg0,R,,,Prelim Roughly traced,
2956,161163,57,31,6.617864751742995e-05,KCab-s,KCab-s_L,Kenyon_Cell,,cb_intrinsic,11862,KCab,"KCab-m,KCab-c,KCab-s",,VFB_jrmc2ji2,L,,,Roughly traced,
2957,169034,57,29,6.617864751742995e-05,KCab-s,KCab-s_L,Kenyon_Cell,,cb_intrinsic,11862,KCab,"KCab-m,KCab-c,KCab-s",,VFB_jrmc2jvg,L,,,Roughly traced,
2958,241948,57,30,6.617864751742995e-05,KCab-s,KCab-s_L,Kenyon_Cell,,cb_intrinsic,11862,KCab,"KCab-m,KCab-c,KCab-s",,VFB_jrmc2jvs,L,,,Roughly traced,
2959,519724,57,7,6.617864751742995e-05,LAL014,LAL014_L,,,cb_intrinsic,,LAL014,LAL014,,VFB_jrmc2cm8,L,,,Roughly traced,
2960,537899,57,14,6.617864751742995e-05,LoVC18,LoVC18_R,,,visual_centrifugal,,cL16,PLP030,,VFB_jrmc1zn3,R,,,Roughly traced,
2961,539448,57,7,6.617864751742995e-05,ATL018,ATL018_R,,,cb_intrinsic,,"ATL017,ATL018",ATL018,,VFB_jrmc3hqt,R,,,Roughly traced,
2962,548595,57,35,6.617864751742995e-05,KCg-m,KCg-m_L,Kenyon_Cell,,cb_intrinsic,14292,KCg-m,KCg-m,,VFB_jrmc2kt5,L,,,Roughly traced,
2963,10180,56,10,6.501761861361539e-05,AN02A002,AN02A002_R,,BA,ascending_neuron,,AN_multi_12,,AN02A002,VFB_jrmc3g2k,R,T2,,Prelim Roughly traced,
2964,10184,56,16,6.501761861361539e-05,CL366,CL366_L,,,cb_intrinsic,,CB0580,,,VFB_jrmc34qb,L,,,Roughly traced,
2965,10375,56,5,6.501761861361539e-05,AVLP535,AVLP535_R,,,cb_intrinsic,,AVLP535,AVLP535,,VFB_jrmc3j2b,R,,,Roughly traced,
2966,11607,56,23,6.501761861361539e-05,CRE107,CRE107_L,,,cb_intrinsic,,CRE107,CRE107,,VFB_jrmc350a,L,,,Roughly traced,
2967,11862,56,34,6.501761861361539e-05,KCab-s,KCab-s_L,Kenyon_Cell,,cb_intrinsic,11862,KCab,"KCab-m,KCab-c,KCab-s",,VFB_jrmc2jw2,L,,,Roughly traced,
2968,12055,56,10,6.501761861361539e-05,PS196_b,PS196_b_L,,,cb_intrinsic,,PS196,PS196,,VFB_jrmc1jtg,L,CG,,Roughly traced,
2969,13007,56,18,6.501761861361539e-05,mALD4,mALD4_R,,,cb_intrinsic,11166,mALD4,mALD4,,VFB_jrmc02w3,R,,,Roughly traced,
2970,13058,56,19,6.501761861361539e-05,FB1G,FB1G_L,CX,,cb_intrinsic,12106,CB.FB2G0,FB1G,,VFB_jrmc3009,L,,,Roughly traced,
2971,13450,56,20,6.501761861361539e-05,LAL100,LAL100_L,,,cb_intrinsic,,LAL100,LAL100,,VFB_jrmc2cuq,L,,,Roughly traced,
2972,13862,56,10,6.501761861361539e-05,FB2I_a,FB2I_a_L,CX,,cb_intrinsic,10396,CB.FB2E10,FB2I_a,,VFB_jrmc3028,L,,,Roughly traced,
2973,18264,56,20,6.501761861361539e-05,SMP586,SMP586_L,,,cb_intrinsic,,SMP586,SMP586,,VFB_jrmc16h5,L,,,Roughly traced,
2974,18327,56,12,6.501761861361539e-05,PFL3,PFL3(PB12c)_R2_C6,CX,,cb_intrinsic,11557,PFL3,PFL3,,VFB_jrmc1i50,R,,,Roughly traced,
2975,20997,56,10,6.501761861361539e-05,FB2I_a,FB2I_a_L,CX,,cb_intrinsic,10396,CB.FB2E9,FB2I_a,,VFB_jrmc3024,L,,,Roughly traced,
2976,23325,56,15,6.501761861361539e-05,GLNO,GLNO(LAL-NO1)_L,CX,,cb_intrinsic,12104,GLNO,GLNO,,VFB_jrmc2tab,L,CG,,Roughly traced,
2977,25131,56,13,6.501761861361539e-05,FB2M_a,FB2M_a_L,CX,,cb_intrinsic,10396,FB2M,FB2M,,VFB_jrmc302x,L,,,Roughly traced,
2978,30541,56,14,6.501761861361539e-05,FB2D,FB2D_L,CX,,cb_intrinsic,12083,CB.FB2I3,FB2D,,VFB_jrmc300z,L,CG,,Roughly traced,
2979,40602,56,34,6.501761861361539e-05,KCg-m,KCg-m_R,Kenyon_Cell,,cb_intrinsic,14292,KCg-m,KCg-m,,VFB_jrmc2d9s,R,,,Roughly traced,
2980,56000,56,35,6.501761861361539e-05,KCa'b'-ap1,KCa'b'-ap1_R,Kenyon_Cell,,cb_intrinsic,17488,KCapbp-ap1,KCa'b'-ap1,,VFB_jrmc2i6k,R,,,Roughly traced,
2981,61033,56,31,6.501761861361539e-05,KCa'b'-m,KCa'b'-m_R,Kenyon_Cell,,cb_intrinsic,17488,KCapbp-m,KCa'b'-m,,VFB_jrmc2ih3,R,,,Roughly traced,
2982,63345,56,27,6.501761861361539e-05,KCab-m,KCab-m_L,Kenyon_Cell,,cb_intrinsic,11862,KCab,"KCab-m,KCab-c,KCab-s",,VFB_jrmc2jaa,L,,,Roughly traced,
2983,69224,56,31,6.501761861361539e-05,KCab-m,KCab-m_L,Kenyon_Cell,,cb_intrinsic,11862,KCab,"KCab-m,KCab-c,KCab-s",,VFB_jrmc2jd9,L,,,Roughly traced,
2984,78203,56,37,6.501761861361539e-05,KCab-s,KCab-s_R,Kenyon_Cell,,cb_intrinsic,11862,KCab,"KCab-m,KCab-c,KCab-s",,VFB_jrmc2jkj,R,,,Roughly traced,
2985,80539,56,32,6.501761861361539e-05,KCab-s,KCab-s_R,Kenyon_Cell,,cb_intrinsic,11862,KCab,"KCab-m,KCab-c,KCab-s",,VFB_jrmc2jkq,R,,,Roughly traced,
2986,92013,56,27,6.501761861361539e-05,KCg-d,KCg-d_L,Kenyon_Cell,,cb_intrinsic,19102,KCg-d,KCg-d,,VFB_jrmc2k21,L,,,Prelim Roughly traced,
2987,106115,56,38,6.501761861361539e-05,KCg-m,KCg-m_R,Kenyon_Cell,,cb_intrinsic,14292,KCg-m,KCg-m,,VFB_jrmc2dey,R,,,Prelim Roughly traced,
2988,144747,56,28,6.501761861361539e-05,KCg-d,KCg-d_L,Kenyon_Cell,,cb_intrinsic,19102,KCg-d,KCg-d,,VFB_jrmc2k26,L,,,Roughly traced,
2989,148337,56,28,6.501761861361539e-05,KCab-s,KCab-s_R,Kenyon_Cell,,cb_intrinsic,11862,KCab,"KCab-m,KCab-c,KCab-s",,VFB_jrmc2js7,R,,,Prelim Roughly traced,
2990,149501,56,4,6.501761861361539e-05,PFNm_b,PFNm_b_R3_C8,CX,,cb_intrinsic,14631,PFNm,PFNm_b,,VFB_jrmc1ial,R,,,Prelim Roughly traced,
2991,160400,56,35,6.501761861361539e-05,KCab-s,KCab-s_L,Kenyon_Cell,,cb_intrinsic,11862,KCab,"KCab-m,KCab-c,KCab-s",,VFB_jrmc2jvd,L,,,Roughly traced,
2992,163735,56,35,6.501761861361539e-05,KCg-m,KCg-m_L,Kenyon_Cell,,cb_intrinsic,14292,KCg-m,KCg-m,,VFB_jrmc2kik,L,,,Roughly traced,
2993,167484,56,29,6.501761861361539e-05,KCab-s,KCab-s_L,Kenyon_Cell,,cb_intrinsic,11862,KCab,"KCab-m,KCab-c,KCab-s",,VFB_jrmc2jz1,L,,,Roughly traced,
2994,187741,56,8,6.501761861361539e-05,MBON15-like,MBON15-like(a'1a'2)_R,MBON,,cb_intrinsic,11777,MBON15-like,MBON15-like,,VFB_jrmc20af,R,,,Roughly traced,
2995,192762,56,33,6.501761861361539e-05,KCab-s,KCab-s_R,Kenyon_Cell,,cb_intrinsic,11862,KCab,"KCab-m,KCab-c,KCab-s",,VFB_jrmc2jy2,R,,,Prelim Roughly traced,
2996,204930,56,22,6.501761861361539e-05,PAM11,PAM11(a1)_L,DAN,,cb_intrinsic,119763,PAM11,PAM11,,VFB_jrmc1px1,L,,,Roughly traced,
2997,215931,56,22,6.501761861361539e-05,PAM11,PAM11(a1)_R,DAN,,cb_intrinsic,114661,PAM11,PAM11,,VFB_jrmc1px3,R,,,Roughly traced,
2998,500161,56,33,6.501761861361539e-05,KCab-s,KCab-s_R,Kenyon_Cell,,cb_intrinsic,11862,KCab,"KCab-m,KCab-c,KCab-s",,VFB_jrmc2ju7,R,,,Prelim Roughly traced,
2999,518715,56,7,6.501761861361539e-05,FB2F_b,FB2F_b_L,CX,,cb_intrinsic,10396,FB2F_b,FB2F_b,,VFB_jrmc301g,L,,,Roughly traced,
3000,523715,56,10,6.501761861361539e-05,LAL129,LAL129_L,,,cb_intrinsic,,LAL129,LAL129,,VFB_jrmc2cwr,L,,,Roughly traced,
3001,550530,56,28,6.501761861361539e-05,KCab-m,KCab-m_L,Kenyon_Cell,,cb_intrinsic,11862,KCab,"KCab-m,KCab-c,KCab-s",,VFB_jrmc2j29,L,,,Roughly traced,
3002,558854,56,3,6.501761861361539e-05,LAL098,LAL098_R,,,cb_intrinsic,,LAL098,LAL098,,VFB_jrmc2cuk,R,,,Roughly traced,
3003,10646,55,9,6.385658970980083e-05,AVLP597,AVLP597_R,,,cb_intrinsic,10094,VESa1_P02,,,VFB_jrmc3j79,R,,,Roughly traced,
3004,12191,55,9,6.385658970980083e-05,AVLP577,AVLP577_L,,,cb_intrinsic,12148,AVLP577,AVLP577,,VFB_jrmc3j6a,L,,,Roughly traced,
3005,12930,55,6,6.385658970980083e-05,AVLP577,AVLP577_R,,,cb_intrinsic,12148,AVLP577,AVLP577,,VFB_jrmc3j69,R,,,Roughly traced,
3006,13959,55,18,6.385658970980083e-05,OA-ASM3,OA-ASM3_L,,,cb_intrinsic,,OA-ASM3,OA-ASM3,,VFB_jrmc1nft,L,,,Roughly traced,
3007,14687,55,4,6.385658970980083e-05,AVLP749m,AVLP749m_R,,,cb_intrinsic,11535,,,,VFB_jrmc3jdr,R,,,Roughly traced,
3008,16317,55,8,6.385658970980083e-05,SMP198,SMP198_R,,,cb_intrinsic,,SMP198,SMP198,,VFB_jrmc1d8p,R,,,Roughly traced,
3009,17113,55,10,6.385658970980083e-05,LAL129,LAL129_R,,,cb_intrinsic,,LAL129,LAL129,,VFB_jrmc2cwq,R,,,Roughly traced,
3010,17874,55,13,6.385658970980083e-05,hDeltaM,hDeltaM_C8,CX,,cb_intrinsic,11512,hDeltaM,hDeltaM,,VFB_jrmc02n9,L,,,Prelim Roughly traced,
3011,18604,55,7,6.385658970980083e-05,AVLP204,AVLP204_L,,,cb_intrinsic,11518,CB3685,AVLP204,,VFB_jrmc3iaw,L,,,Roughly traced,
3012,27655,55,11,6.385658970980083e-05,hDeltaJ,hDeltaJ_09_C7b,CX,,cb_intrinsic,11512,hDeltaJ,hDeltaJ,,VFB_jrmc02l5,L,,,Prelim Roughly traced,
3013,30234,55,14,6.385658970980083e-05,PFNd,PFNd(PB04)_L5_C4,CX,,cb_intrinsic,10817,PFNd,PFNd,,VFB_jrmc1i8h,L,,,Roughly traced,
3014,45950,55,29,6.385658970980083e-05,KCg-m,KCg-m_L,Kenyon_Cell,,cb_intrinsic,14292,KCg-m,KCg-m,,VFB_jrmc2d64,L,,,Roughly traced,
3015,48667,55,7,6.385658970980083e-05,PFNv,PFNv(PB05)_R3_C8,CX,,cb_intrinsic,10817,PFNv,PFNv,,VFB_jrmc1ij5,R,,,Roughly traced,
3016,57902,55,33,6.385658970980083e-05,KCab-s,KCab-s_L,Kenyon_Cell,,cb_intrinsic,11862,KCab,"KCab-m,KCab-c,KCab-s",,VFB_jrmc2jwj,L,,,Roughly traced,
3017,58275,55,30,6.385658970980083e-05,KCab-s,KCab-s_L,Kenyon_Cell,,cb_intrinsic,11862,KCab,"KCab-m,KCab-c,KCab-s",,VFB_jrmc2jv2,L,,,Roughly traced,
3018,60200,55,35,6.385658970980083e-05,KCg-m,KCg-m_R,Kenyon_Cell,,cb_intrinsic,14292,KCg-m,KCg-m,,VFB_jrmc2knl,R,,,Prelim Roughly traced,
3019,60227,55,33,6.385658970980083e-05,KCg-m,KCg-m_R,Kenyon_Cell,,cb_intrinsic,14292,KCg-m,KCg-m,,VFB_jrmc2knm,R,,,Prelim Roughly traced,
3020,61333,55,27,6.385658970980083e-05,KCab-s,KCab-s_L,Kenyon_Cell,,cb_intrinsic,11862,KCab,"KCab-m,KCab-c,KCab-s",,VFB_jrmc2jw4,L,,,Roughly traced,
3021,65657,55,6,6.385658970980083e-05,vDeltaI_a,vDeltaI_a_C2,CX,,cb_intrinsic,11512,vDeltaI_a,vDeltaI,,VFB_jrmc03a5,L,,,Roughly traced,
3022,68531,55,37,6.385658970980083e-05,KCg-m,KCg-m_R,Kenyon_Cell,,cb_intrinsic,14292,KCg-m,KCg-m,,VFB_jrmc2k7c,R,,,Prelim Roughly traced,
3023,69513,55,32,6.385658970980083e-05,KCab-s,KCab-s_R,Kenyon_Cell,,cb_intrinsic,11862,KCab,"KCab-m,KCab-c,KCab-s",,VFB_jrmc2jok,R,,,Roughly traced,
3024,74721,55,32,6.385658970980083e-05,KCab-s,KCab-s_R,Kenyon_Cell,,cb_intrinsic,11862,KCab,"KCab-m,KCab-c,KCab-s",,VFB_jrmc2jsn,R,,,Roughly traced,
3025,76412,55,3,6.385658970980083e-05,FB5K,FB5K_R,CX,,cb_intrinsic,11994,FB5K,FB5K,,VFB_jrmc307t,R,CG,,Roughly traced,
3026,76750,55,28,6.385658970980083e-05,KCab-s,KCab-s_R,Kenyon_Cell,,cb_intrinsic,11862,KCab,"KCab-m,KCab-c,KCab-s",,VFB_jrmc2jtp,R,,,Roughly traced,
3027,85531,55,32,6.385658970980083e-05,KCab-s,KCab-s_R,Kenyon_Cell,,cb_intrinsic,11862,KCab,"KCab-m,KCab-c,KCab-s",,VFB_jrmc2jrv,R,,,Roughly traced,
3028,87784,55,34,6.385658970980083e-05,KCab-s,KCab-s_R,Kenyon_Cell,,cb_intrinsic,11862,KCab,"KCab-m,KCab-c,KCab-s",,VFB_jrmc2jl2,R,,,Roughly traced,
3029,88108,55,34,6.385658970980083e-05,KCg-m,KCg-m_L,Kenyon_Cell,,cb_intrinsic,14292,KCg-m,KCg-m,,VFB_jrmc2kpn,L,,,Prelim Roughly traced,
3030,89435,55,28,6.385658970980083e-05,KCab-s,KCab-s_R,Kenyon_Cell,,cb_intrinsic,11862,KCab,"KCab-m,KCab-c,KCab-s",,VFB_jrmc2jl6,R,,,Roughly traced,
3031,100544,55,35,6.385658970980083e-05,KCab-s,KCab-s_R,Kenyon_Cell,,cb_intrinsic,11862,KCab,"KCab-m,KCab-c,KCab-s",,VFB_jrmc2jlt,R,,,Roughly traced,
3032,113299,55,33,6.385658970980083e-05,KCab-m,KCab-m_L,Kenyon_Cell,,cb_intrinsic,11862,KCab,"KCab-m,KCab-c,KCab-s",,VFB_jrmc2j72,L,,,Roughly traced,
3033,123241,55,23,6.385658970980083e-05,KCab-m,KCab-m_L,Kenyon_Cell,,cb_intrinsic,11862,KCab,"KCab-m,KCab-c,KCab-s",,VFB_jrmc2jde,L,,,Roughly traced,
3034,135883,55,31,6.385658970980083e-05,KCg-m,KCg-m_L,Kenyon_Cell,,cb_intrinsic,14292,KCg-m,KCg-m,,VFB_jrmc2khn,L,,,Prelim Roughly traced,
3035,142660,55,21,6.385658970980083e-05,PAM13,PAM13(B'1ap)_R,DAN,,cb_intrinsic,103433,PAM13,PAM13,,VFB_jrmc1pya,R,,,Roughly traced,
3036,143120,55,26,6.385658970980083e-05,PAM10,PAM10(B1)_L,DAN,,cb_intrinsic,28434,PAM10,PAM10,,VFB_jrmc1pwr,L,,,Roughly traced,
3037,149636,55,33,6.385658970980083e-05,KCab-s,KCab-s_R,Kenyon_Cell,,cb_intrinsic,11862,KCab,"KCab-m,KCab-c,KCab-s",,VFB_jrmc2juf,R,,,Prelim Roughly traced,
3038,150034,55,28,6.385658970980083e-05,PAM09,PAM09(B1ped)_R,DAN,,cb_intrinsic,28434,PAM09,PAM09,,VFB_jrmc1pwe,R,,,Roughly traced,
3039,174047,55,33,6.385658970980083e-05,KCab-s,KCab-s_L,Kenyon_Cell,,cb_intrinsic,11862,KCab,"KCab-m,KCab-c,KCab-s",,VFB_jrmc2jvr,L,,,Roughly traced,
3040,248678,55,33,6.385658970980083e-05,KCab-s,KCab-s_R,Kenyon_Cell,,cb_intrinsic,11862,KCab,"KCab-m,KCab-c,KCab-s",,VFB_jrmc2jmu,R,,,Prelim Roughly traced,
3041,513283,55,10,6.385658970980083e-05,PEN_a(PEN1),PEN_a(PB06a)_L8,CX,,cb_intrinsic,,PEN_a(PEN1),PEN_a(PEN1),,VFB_jrmc1i33,L,,,Roughly traced,
3042,523716,55,8,6.385658970980083e-05,LAL120_a,LAL120_a_L,,,cb_intrinsic,,LAL120,LAL120,,VFB_jrmc2cw2,L,,,Roughly traced,
3043,551264,55,33,6.385658970980083e-05,KCab-s,KCab-s_L,Kenyon_Cell,,cb_intrinsic,11862,KCab,"KCab-m,KCab-c,KCab-s",,VFB_jrmc2jyh,L,,,Roughly traced,
3044,10120,54,28,6.269556080598627e-05,OA-VPM4,OA-VPM4_L,,,cb_intrinsic,,OA-VPM4,OA-VPM4,,VFB_jrmc1nfx,L,,,Roughly traced,
3045,11654,54,6,6.269556080598627e-05,AVLP077,AVLP077_R,,,cb_intrinsic,,AVLP077,AVLP077,,VFB_jrmc3hzs,R,,,Roughly traced,
3046,12870,54,6,6.269556080598627e-05,AVLP500,AVLP500_R,,,cb_intrinsic,,AVLP500,AVLP500,,VFB_jrmc3izu,R,,,Roughly traced,
3047,16473,54,12,6.269556080598627e-05,CRE012,CRE012_R,,,cb_intrinsic,,CRE012,CRE012,,VFB_jrmc34ro,R,,,Roughly traced,
3048,19266,54,13,6.269556080598627e-05,FB4R,FB4R_L,CX,,cb_intrinsic,12311,FB4R,FB4R,,VFB_jrmc3062,L,,,Roughly traced,
3049,22835,54,9,6.269556080598627e-05,PFNd,PFNd(PB04)_R9_C1,CX,,cb_intrinsic,10817,PFNd,PFNd,,VFB_jrmc1i8b,R,,,Roughly traced,
3050,25939,54,11,6.269556080598627e-05,GLNO,GLNO(LAL-NO1)_R,CX,,cb_intrinsic,12104,GLNO,GLNO,,VFB_jrmc2tac,R,CG,,Roughly traced,
3051,33325,54,10,6.269556080598627e-05,PFNd,PFNd(PB04)_L3_C2,CX,,cb_intrinsic,10817,PFNd,PFNd,,VFB_jrmc1i9c,L,,,Roughly traced,
3052,62076,54,31,6.269556080598627e-05,KCg-d,KCg-d_R,Kenyon_Cell,,cb_intrinsic,19102,KCg-d,KCg-d,,VFB_jrmc2k4b,R,,,Roughly traced,
3053,65559,54,14,6.269556080598627e-05,PAM07,PAM07(y4<y1y2)_R,DAN,,cb_intrinsic,47196,PAM07,PAM07,,VFB_jrmc1pur,R,,,Roughly traced,
3054,67696,54,31,6.269556080598627e-05,KCab-s,KCab-s_R,Kenyon_Cell,,cb_intrinsic,11862,KCab,"KCab-m,KCab-c,KCab-s",,VFB_jrmc2jjx,R,,,Roughly traced,
3055,67919,54,23,6.269556080598627e-05,KCab-s,KCab-s_R,Kenyon_Cell,,cb_intrinsic,11862,KCab,"KCab-m,KCab-c,KCab-s",,VFB_jrmc2jxw,R,,,Roughly traced,
3056,68635,54,36,6.269556080598627e-05,KCg-m,KCg-m_R,Kenyon_Cell,,cb_intrinsic,14292,KCg-m,KCg-m,,VFB_jrmc2d5t,R,,,Prelim Roughly traced,
3057,70329,54,12,6.269556080598627e-05,hDeltaJ,hDeltaJ_07_C6a,CX,,cb_intrinsic,11512,hDeltaJ,hDeltaJ,,VFB_jrmc02lf,R,,,Prelim Roughly traced,
3058,72359,54,30,6.269556080598627e-05,KCab-s,KCab-s_R,Kenyon_Cell,,cb_intrinsic,11862,KCab,"KCab-m,KCab-c,KCab-s",,VFB_jrmc2jom,R,,,Roughly traced,
3059,76648,54,34,6.269556080598627e-05,KCab-s,KCab-s_R,Kenyon_Cell,,cb_intrinsic,11862,KCab,"KCab-m,KCab-c,KCab-s",,VFB_jrmc2jrm,R,,,Roughly traced,
3060,79508,54,31,6.269556080598627e-05,KCab-s,KCab-s_R,Kenyon_Cell,,cb_intrinsic,11862,KCab,"KCab-m,KCab-c,KCab-s",,VFB_jrmc2jow,R,,,Roughly traced,
3061,80397,54,37,6.269556080598627e-05,KCg-m,KCg-m_R,Kenyon_Cell,,cb_intrinsic,14292,KCg-m,KCg-m,,VFB_jrmc2kog,R,,,Prelim Roughly traced,
3062,81506,54,34,6.269556080598627e-05,KCg-m,KCg-m_R,Kenyon_Cell,,cb_intrinsic,14292,KCg-m,KCg-m,,VFB_jrmc2dcw,R,,,Prelim Roughly traced,
3063,86072,54,31,6.269556080598627e-05,KCab-s,KCab-s_R,Kenyon_Cell,,cb_intrinsic,11862,KCab,"KCab-m,KCab-c,KCab-s",,VFB_jrmc2jky,R,,,Roughly traced,
3064,87728,54,30,6.269556080598627e-05,KCab-s,KCab-s_R,Kenyon_Cell,,cb_intrinsic,11862,KCab,"KCab-m,KCab-c,KCab-s",,VFB_jrmc2jzd,R,,,Roughly traced,
3065,87758,54,25,6.269556080598627e-05,KCab-s,KCab-s_R,Kenyon_Cell,,cb_intrinsic,11862,KCab,"KCab-m,KCab-c,KCab-s",,VFB_jrmc2jl1,R,,,Roughly traced,
3066,90189,54,34,6.269556080598627e-05,KCg-m,KCg-m_L,Kenyon_Cell,,cb_intrinsic,14292,KCg-m,KCg-m,,VFB_jrmc2kte,L,,,Prelim Roughly traced,
3067,92275,54,26,6.269556080598627e-05,KCab-s,KCab-s_L,Kenyon_Cell,,cb_intrinsic,11862,KCab,"KCab-m,KCab-c,KCab-s",,VFB_jrmc2jwn,L,,,Roughly traced,
3068,92683,54,8,6.269556080598627e-05,FB4A_a,FB4A_a_L,CX,,cb_intrinsic,11994,FB4A,FB4A,,VFB_jrmc303m,L,CG,,Prelim Roughly traced,
3069,93841,54,28,6.269556080598627e-05,KCab-s,KCab-s_L,Kenyon_Cell,,cb_intrinsic,11862,KCab,"KCab-m,KCab-c,KCab-s",,VFB_jrmc2jzb,L,,,Roughly traced,
3070,99391,54,25,6.269556080598627e-05,KCg-d,KCg-d_R,Kenyon_Cell,,cb_intrinsic,19102,KCg-d,KCg-d,,VFB_jrmc2k4p,R,,,Roughly traced,
3071,106506,54,29,6.269556080598627e-05,KCab-s,KCab-s_L,Kenyon_Cell,,cb_intrinsic,11862,KCab,"KCab-m,KCab-c,KCab-s",,VFB_jrmc2jvw,L,,,Roughly traced,
3072,134869,54,33,6.269556080598627e-05,PAM06,PAM06(B'2m)_L,DAN,,cb_intrinsic,92324,PAM06,PAM06,,VFB_jrmc1ptz,L,,,Roughly traced,
3073,136705,54,34,6.269556080598627e-05,KCg-m,KCg-m_L,Kenyon_Cell,,cb_intrinsic,14292,KCg-m,KCg-m,,VFB_jrmc2ddn,L,,,Prelim Roughly traced,
3074,142361,54,29,6.269556080598627e-05,KCab-s,KCab-s_L,Kenyon_Cell,,cb_intrinsic,11862,KCab,"KCab-m,KCab-c,KCab-s",,VFB_jrmc2jwh,L,,,Roughly traced,
3075,145085,54,24,6.269556080598627e-05,KCg-d,KCg-d_L,Kenyon_Cell,,cb_intrinsic,19102,KCg-d,KCg-d,,VFB_jrmc2k28,L,,,Roughly traced,
3076,149297,54,35,6.269556080598627e-05,KCg-m,KCg-m_L,Kenyon_Cell,,cb_intrinsic,14292,KCg-m,KCg-m,,VFB_jrmc2dca,L,,,Roughly traced,
3077,152066,54,27,6.269556080598627e-05,KCab-s,KCab-s_L,Kenyon_Cell,,cb_intrinsic,11862,KCab,"KCab-m,KCab-c,KCab-s",,VFB_jrmc2jzi,L,,,Roughly traced,
3078,152839,54,33,6.269556080598627e-05,KCab-s,KCab-s_L,Kenyon_Cell,,cb_intrinsic,11862,KCab,"KCab-m,KCab-c,KCab-s",,VFB_jrmc2jnw,L,,,Roughly traced,
3079,160885,54,26,6.269556080598627e-05,KCab-s,KCab-s_R,Kenyon_Cell,,cb_intrinsic,11862,KCab,"KCab-m,KCab-c,KCab-s",,VFB_jrmc2jj1,R,,,Prelim Roughly traced,
3080,162048,54,30,6.269556080598627e-05,KCab-s,KCab-s_L,Kenyon_Cell,,cb_intrinsic,11862,KCab,"KCab-m,KCab-c,KCab-s",,VFB_jrmc2jzz,L,,,Roughly traced,
3081,172084,54,35,6.269556080598627e-05,KCg-m,KCg-m_R,Kenyon_Cell,,cb_intrinsic,14292,KCg-m,KCg-m,,VFB_jrmc2k9r,R,,,Prelim Roughly traced,
3082,180859,54,32,6.269556080598627e-05,KCab-s,KCab-s_L,Kenyon_Cell,,cb_intrinsic,11862,KCab,"KCab-m,KCab-c,KCab-s",,VFB_jrmc2jx4,L,,,Roughly traced,
3083,512248,54,24,6.269556080598627e-05,SMP114,SMP114_R,,,cb_intrinsic,18185,SMP114,SMP114,,VFB_jrmc1d2k,R,,,Roughly traced,
3084,512319,54,4,6.269556080598627e-05,ER6,ER6_L,CX,,cb_intrinsic,14464,ER6,ER6,,VFB_jrmc2zyr,L,,,Roughly traced,
3085,521736,54,14,6.269556080598627e-05,SMP709m,SMP709m_L,,,cb_intrinsic,10328,,,,VFB_jrmc16ji,L,CG,,Roughly traced,
3086,524504,54,17,6.269556080598627e-05,CRE039,CRE039_L,,,cb_intrinsic,19594,CB1251,CRE039,,VFB_jrmc350g,L,,,Roughly traced,
3087,534582,54,39,6.269556080598627e-05,KCg-m,KCg-m_L,Kenyon_Cell,,cb_intrinsic,14292,KCg-m,KCg-m,,VFB_jrmc2kek,L,,,Roughly traced,
3088,583848,54,38,6.269556080598627e-05,KCg-m,KCg-m_R,Kenyon_Cell,,cb_intrinsic,14292,KCg-m,KCg-m,,VFB_jrmc2ka9,R,,,Prelim Roughly traced,
3089,10323,53,18,6.15345319021717e-05,CL366,CL366_R,,,cb_intrinsic,,CB0580,,,VFB_jrmc34qc,R,,,Roughly traced,
3090,10387,53,5,6.15345319021717e-05,LT83,LT83_R,,,visual_projection,,LT83,LT83,,VFB_jrmc24wk,R,,,Roughly traced,
3091,11043,53,7,6.15345319021717e-05,LPT60,LPT60_L,,,cb_intrinsic,,AVLP151,AVLP151,,VFB_jrmc2464,L,,,Roughly traced,
3092,11727,53,9,6.15345319021717e-05,AVLP258,AVLP258_R,,,cb_intrinsic,11018,AVLP258,AVLP258,,VFB_jrmc3if0,R,,,Prelim Roughly traced,
3093,12183,53,4,6.15345319021717e-05,LAL207,LAL207_L,,,cb_intrinsic,,CB0689,,,VFB_jrmc2d2t,L,,,Roughly traced,
3094,13095,53,6,6.15345319021717e-05,LHAV2b2_b,LHAV2b2_b_L,,,cb_intrinsic,13095,LHAV2b2a,LHAV2b2_b,,VFB_jrmc2937,L,,,Roughly traced,
3095,13353,53,8,6.15345319021717e-05,AVLP204,AVLP204_L,,,cb_intrinsic,11518,CB3685,AVLP204,,VFB_jrmc3iax,L,,,Roughly traced,
3096,14122,53,5,6.15345319021717e-05,AVLP749m,AVLP749m_R,,,cb_intrinsic,11535,,,,VFB_jrmc3jdl,R,,,Roughly traced,
3097,17072,53,7,6.15345319021717e-05,ATL018,ATL018_L,,,cb_intrinsic,,"ATL017,ATL018",ATL018,,VFB_jrmc3hqr,L,,,Roughly traced,
3098,18108,53,4,6.15345319021717e-05,LHAV2b2_a,LHAV2b2_a_R,,,cb_intrinsic,13095,LHAV2b2a,LHAV2b2_a,,VFB_jrmc292w,R,,,Roughly traced,
3099,27618,53,11,6.15345319021717e-05,PFNd,PFNd(PB04)_L3_C2,CX,,cb_intrinsic,10817,PFNd,PFNd,,VFB_jrmc1i9b,L,,,Roughly traced,
3100,30781,53,11,6.15345319021717e-05,PFNd,PFNd(PB04)_R9_C1,CX,,cb_intrinsic,10817,PFNd,PFNd,,VFB_jrmc1i8i,R,,,Roughly traced,
3101,43889,53,31,6.15345319021717e-05,KCa'b'-ap2,KCa'b'-ap2_R,Kenyon_Cell,,cb_intrinsic,17488,KCapbp-ap2,KCa'b'-ap2,,VFB_jrmc2i9g,R,,,Roughly traced,
3102,47441,53,33,6.15345319021717e-05,KCg-m,KCg-m_R,Kenyon_Cell,,cb_intrinsic,14292,KCg-m,KCg-m,,VFB_jrmc2kjd,R,,,Roughly traced,
3103,48421,53,10,6.15345319021717e-05,FB5F,FB5F_L,CX,,cb_intrinsic,12311,FB5F,FB5F,,VFB_jrmc307c,L,,,Roughly traced,
3104,57729,53,33,6.15345319021717e-05,KCab-s,KCab-s_R,Kenyon_Cell,,cb_intrinsic,11862,KCab,"KCab-m,KCab-c,KCab-s",,VFB_jrmc2jz6,R,,,Roughly traced,
3105,66179,53,27,6.15345319021717e-05,KCab-m,KCab-m_L,Kenyon_Cell,,cb_intrinsic,11862,KCab,"KCab-m,KCab-c,KCab-s",,VFB_jrmc2iz8,L,,,Roughly traced,
3106,66912,53,5,6.15345319021717e-05,AVLP155_a,AVLP155_a_L,,,cb_intrinsic,11224,AVLP155,AVLP155,,VFB_jrmc3i5y,L,,,Roughly traced,
3107,67665,53,34,6.15345319021717e-05,KCab-s,KCab-s_R,Kenyon_Cell,,cb_intrinsic,11862,KCab,"KCab-m,KCab-c,KCab-s",,VFB_jrmc2jra,R,,,Roughly traced,
3108,75446,53,26,6.15345319021717e-05,KCab-s,KCab-s_L,Kenyon_Cell,,cb_intrinsic,11862,KCab,"KCab-m,KCab-c,KCab-s",,VFB_jrmc2jxq,L,,,Roughly traced,
3109,80082,53,26,6.15345319021717e-05,KCab-s,KCab-s_R,Kenyon_Cell,,cb_intrinsic,11862,KCab,"KCab-m,KCab-c,KCab-s",,VFB_jrmc2jib,R,,,Roughly traced,
3110,83978,53,28,6.15345319021717e-05,KCab-s,KCab-s_L,Kenyon_Cell,,cb_intrinsic,11862,KCab,"KCab-m,KCab-c,KCab-s",,VFB_jrmc2jn1,L,,,Roughly traced,
3111,84777,53,30,6.15345319021717e-05,KCab-s,KCab-s_R,Kenyon_Cell,,cb_intrinsic,11862,KCab,"KCab-m,KCab-c,KCab-s",,VFB_jrmc2jru,R,,,Roughly traced,
3112,87155,53,32,6.15345319021717e-05,KCg-m,KCg-m_R,Kenyon_Cell,,cb_intrinsic,14292,KCg-m,KCg-m,,VFB_jrmc2d5z,R,,,Prelim Roughly traced,
3113,95072,53,33,6.15345319021717e-05,KCg-m,KCg-m_L,Kenyon_Cell,,cb_intrinsic,14292,KCg-m,KCg-m,,VFB_jrmc2kgd,L,,,Prelim Roughly traced,
3114,95307,53,29,6.15345319021717e-05,KCab-s,KCab-s_L,Kenyon_Cell,,cb_intrinsic,11862,KCab,"KCab-m,KCab-c,KCab-s",,VFB_jrmc2jhu,L,,,Roughly traced,
3115,95583,53,34,6.15345319021717e-05,KCab-s,KCab-s_L,Kenyon_Cell,,cb_intrinsic,11862,KCab,"KCab-m,KCab-c,KCab-s",,VFB_jrmc2jvv,L,,,Roughly traced,
3116,97024,53,30,6.15345319021717e-05,KCab-s,KCab-s_L,Kenyon_Cell,,cb_intrinsic,11862,KCab,"KCab-m,KCab-c,KCab-s",,VFB_jrmc2jhv,L,,,Roughly traced,
3117,98006,53,32,6.15345319021717e-05,KCab-s,KCab-s_L,Kenyon_Cell,,cb_intrinsic,11862,KCab,"KCab-m,KCab-c,KCab-s",,VFB_jrmc2jxh,L,,,Roughly traced,
3118,102689,53,9,6.15345319021717e-05,PFNv,PFNv(PB05)_R9_C1,CX,,cb_intrinsic,10817,PFNv,PFNv,,VFB_jrmc1ija,R,,,Roughly traced,
3119,104745,53,29,6.15345319021717e-05,KCab-s,KCab-s_R,Kenyon_Cell,,cb_intrinsic,11862,KCab,"KCab-m,KCab-c,KCab-s",,VFB_jrmc2k00,R,,,Roughly traced,
3120,110210,53,31,6.15345319021717e-05,KCab-s,KCab-s_L,Kenyon_Cell,,cb_intrinsic,11862,KCab,"KCab-m,KCab-c,KCab-s",,VFB_jrmc2jzf,L,,,Roughly traced,
3121,122354,53,33,6.15345319021717e-05,KCg-m,KCg-m_R,Kenyon_Cell,,cb_intrinsic,14292,KCg-m,KCg-m,,VFB_jrmc2de9,R,,,Prelim Roughly traced,
3122,144523,53,30,6.15345319021717e-05,KCa'b'-ap2,KCa'b'-ap2_R,Kenyon_Cell,,cb_intrinsic,17488,KCapbp-ap2,KCa'b'-ap2,,VFB_jrmc2iby,R,,,Roughly traced,
3123,145419,53,30,6.15345319021717e-05,KCab-s,KCab-s_R,Kenyon_Cell,,cb_intrinsic,11862,KCab,"KCab-m,KCab-c,KCab-s",,VFB_jrmc2jz4,R,,,Prelim Roughly traced,
3124,146128,53,37,6.15345319021717e-05,KCg-m,KCg-m_L,Kenyon_Cell,,cb_intrinsic,14292,KCg-m,KCg-m,,VFB_jrmc2dc9,L,,,Roughly traced,
3125,155022,53,28,6.15345319021717e-05,KCab-s,KCab-s_L,Kenyon_Cell,,cb_intrinsic,11862,KCab,"KCab-m,KCab-c,KCab-s",,VFB_jrmc2jnx,L,,,Roughly traced,
3126,162392,53,32,6.15345319021717e-05,KCab-s,KCab-s_R,Kenyon_Cell,,cb_intrinsic,11862,KCab,"KCab-m,KCab-c,KCab-s",,VFB_jrmc2jta,R,,,Prelim Roughly traced,
3127,169420,53,27,6.15345319021717e-05,KCab-m,KCab-m_L,Kenyon_Cell,,cb_intrinsic,11862,KCab,"KCab-m,KCab-c,KCab-s",,VFB_jrmc2j82,L,,,Roughly traced,
3128,515702,53,8,6.15345319021717e-05,vDeltaI_a,vDeltaI_a_C1,CX,,cb_intrinsic,11512,vDeltaI_a,vDeltaI,,VFB_jrmc03ai,L,,,Roughly traced,
3129,517418,53,11,6.15345319021717e-05,PFNd,PFNd(PB04)_R7_C3,CX,,cb_intrinsic,10817,PFNd,PFNd,,VFB_jrmc1i95,R,,,Roughly traced,
3130,518137,53,26,6.15345319021717e-05,PAM06,PAM06(B'2m)_L,DAN,,cb_intrinsic,72601,PAM06,PAM06,,VFB_jrmc1puc,L,,,Roughly traced,
3131,518831,53,10,6.15345319021717e-05,hDeltaH,hDeltaH_04_C3,CX,,cb_intrinsic,11512,hDeltaH,hDeltaH,,VFB_jrmc02km,R,,,Prelim Roughly traced,
3132,522405,53,6,6.15345319021717e-05,PVLP106,PVLP106_R,,,cb_intrinsic,,PVLP106,PVLP106,,VFB_jrmc1kfb,R,,,Roughly traced,
3133,524947,53,14,6.15345319021717e-05,hDeltaJ,hDeltaJ_06_C6b,CX,,cb_intrinsic,11512,hDeltaJ,hDeltaJ,,VFB_jrmc02lp,R,,,Prelim Roughly traced,
3134,536208,53,7,6.15345319021717e-05,FB5H,FB5H_R,CX,,cb_intrinsic,,CB.FB5F0,FB5H,,VFB_jrmc307m,R,,,Roughly traced,
3135,10328,52,14,6.0373502998357144e-05,SMP709m,SMP709m_R,,,cb_intrinsic,10328,,,,VFB_jrmc16jh,R,CG,,Roughly traced,
3136,10487,52,9,6.0373502998357144e-05,CL311,CL311_L,,,cb_intrinsic,10487,CL311,CL311,,VFB_jrmc34nm,L,CG,,Roughly traced,
3137,10902,52,3,6.0373502998357144e-05,AVLP544,AVLP544_R,,,cb_intrinsic,,AVLP544,AVLP544,,VFB_jrmc3j30,R,,,Roughly traced,
3138,11017,52,12,6.0373502998357144e-05,PVLP093,PVLP093_R,,,cb_intrinsic,,PVLP093,PVLP093,,VFB_jrmc1kdg,R,,,Roughly traced,
3139,12205,52,7,6.0373502998357144e-05,AVLP539,AVLP539_R,,,cb_intrinsic,,5-HTPLP01,AVLP539,,VFB_jrmc3j2k,R,,,Roughly traced,
3140,14435,52,3,6.0373502998357144e-05,LAL144,LAL144_R,,,cb_intrinsic,14435,LAL144b,LAL144,,VFB_jrmc2cxz,R,CG,,Prelim Roughly traced,
3141,19089,52,8,6.0373502998357144e-05,AVLP204,AVLP204_R,,,cb_intrinsic,11518,CB3685,AVLP204,,VFB_jrmc3iav,R,,,Roughly traced,
3142,23197,52,4,6.0373502998357144e-05,ER4d,ER4d_L,CX,,cb_intrinsic,13094,ER4d,ER4d,,VFB_jrmc2zxo,L,,,Prelim Roughly traced,
3143,24291,52,15,6.0373502998357144e-05,FB4O,FB4O_L,CX,,cb_intrinsic,12311,FB4O,FB4O,,VFB_jrmc305g,L,,,Roughly traced,
3144,31756,52,11,6.0373502998357144e-05,PFNd,PFNd(PB04)_L9_C8,CX,,cb_intrinsic,10817,PFNd,PFNd,,VFB_jrmc1i8k,L,,,Roughly traced,
3145,33125,52,8,6.0373502998357144e-05,FB2G_a,FB2G_a_R,CX,,cb_intrinsic,10396,FB2G_a,FB2G_a,,VFB_jrmc301q,R,,,Roughly traced,
3146,42231,52,15,6.0373502998357144e-05,hDeltaI,hDeltaI_14_C12,CX,,cb_intrinsic,11512,hDeltaI,hDeltaI,,VFB_jrmc02kw,L,,,Prelim Roughly traced,
3147,46195,52,17,6.0373502998357144e-05,KCg-m,KCg-m_R,Kenyon_Cell,,cb_intrinsic,14292,KCg-m,KCg-m,,VFB_jrmc2dfh,R,,,Roughly traced,
3148,67543,52,35,6.0373502998357144e-05,KCa'b'-ap2,KCa'b'-ap2_R,Kenyon_Cell,,cb_intrinsic,17488,KCapbp-ap2,KCa'b'-ap2,,VFB_jrmc2ia1,R,,,Roughly traced,
3149,69722,52,27,6.0373502998357144e-05,PAM08,PAM08(y4)_L,DAN,,cb_intrinsic,47196,PAM08,PAM08,,VFB_jrmc1pw3,L,,,Prelim Roughly traced,
3150,71030,52,28,6.0373502998357144e-05,KCab-s,KCab-s_L,Kenyon_Cell,,cb_intrinsic,11862,KCab,"KCab-m,KCab-c,KCab-s",,VFB_jrmc2jqq,L,,,Roughly traced,
3151,74682,52,27,6.0373502998357144e-05,KCab-s,KCab-s_R,Kenyon_Cell,,cb_intrinsic,11862,KCab,"KCab-m,KCab-c,KCab-s",,VFB_jrmc2jop,R,,,Roughly traced,
3152,75964,52,28,6.0373502998357144e-05,KCab-s,KCab-s_L,Kenyon_Cell,,cb_intrinsic,11862,KCab,"KCab-m,KCab-c,KCab-s",,VFB_jrmc2jhs,L,,,Roughly traced,
3153,82761,52,36,6.0373502998357144e-05,KCg-m,KCg-m_L,Kenyon_Cell,,cb_intrinsic,14292,KCg-m,KCg-m,,VFB_jrmc2dff,L,,,Prelim Roughly traced,
3154,83181,52,23,6.0373502998357144e-05,KCab-s,KCab-s_R,Kenyon_Cell,,cb_intrinsic,11862,KCab,"KCab-m,KCab-c,KCab-s",,VFB_jrmc2jkr,R,,,Roughly traced,
3155,83489,52,30,6.0373502998357144e-05,KCab-s,KCab-s_L,Kenyon_Cell,,cb_intrinsic,11862,KCab,"KCab-m,KCab-c,KCab-s",,VFB_jrmc2jwf,L,,,Roughly traced,
3156,84873,52,12,6.0373502998357144e-05,hDeltaJ,hDeltaJ_08_C7a,CX,,cb_intrinsic,11512,hDeltaJ,hDeltaJ,,VFB_jrmc02lj,L,,,Prelim Roughly traced,
3157,86066,52,16,6.0373502998357144e-05,PAM07,PAM07(y4<y1y2)_L,DAN,,cb_intrinsic,47196,PAM07,PAM07,,VFB_jrmc1puo,L,,,Roughly traced,
3158,88578,52,8,6.0373502998357144e-05,vDeltaI_a,vDeltaI_a_C5,CX,,cb_intrinsic,11512,vDeltaI_a,vDeltaI,,VFB_jrmc03a8,L,,,Roughly traced,
3159,92106,52,33,6.0373502998357144e-05,KCab-s,KCab-s_R,Kenyon_Cell,,cb_intrinsic,11862,KCab,"KCab-m,KCab-c,KCab-s",,VFB_jrmc2jle,R,,,Roughly traced,
3160,93409,52,32,6.0373502998357144e-05,KCab-s,KCab-s_L,Kenyon_Cell,,cb_intrinsic,11862,KCab,"KCab-m,KCab-c,KCab-s",,VFB_jrmc2jxf,L,,,Roughly traced,
3161,93462,52,29,6.0373502998357144e-05,KCg-m,KCg-m_R,Kenyon_Cell,,cb_intrinsic,14292,KCg-m,KCg-m,,VFB_jrmc2kor,R,,,Prelim Roughly traced,
3162,95213,52,33,6.0373502998357144e-05,KCg-m,KCg-m_R,Kenyon_Cell,,cb_intrinsic,14292,KCg-m,KCg-m,,VFB_jrmc2kw0,R,,,Roughly traced,
3163,95533,52,30,6.0373502998357144e-05,KCab-m,KCab-m_L,Kenyon_Cell,,cb_intrinsic,11862,KCab,"KCab-m,KCab-c,KCab-s",,VFB_jrmc2j54,L,,,Roughly traced,
3164,97497,52,32,6.0373502998357144e-05,KCab-s,KCab-s_L,Kenyon_Cell,,cb_intrinsic,11862,KCab,"KCab-m,KCab-c,KCab-s",,VFB_jrmc2jy5,L,,,Roughly traced,
3165,98714,52,32,6.0373502998357144e-05,KCab-s,KCab-s_L,Kenyon_Cell,,cb_intrinsic,11862,KCab,"KCab-m,KCab-c,KCab-s",,VFB_jrmc2jxr,L,,,Roughly traced,
3166,100950,52,27,6.0373502998357144e-05,KCab-s,KCab-s_R,Kenyon_Cell,,cb_intrinsic,11862,KCab,"KCab-m,KCab-c,KCab-s",,VFB_jrmc2jlu,R,,,Roughly traced,
3167,101257,52,25,6.0373502998357144e-05,KCab-m,KCab-m_R,Kenyon_Cell,,cb_intrinsic,11862,KCab,"KCab-m,KCab-c,KCab-s",,VFB_jrmc2j4u,R,,,Roughly traced,
3168,101596,52,28,6.0373502998357144e-05,KCab-m,KCab-m_L,Kenyon_Cell,,cb_intrinsic,11862,KCab,"KCab-m,KCab-c,KCab-s",,VFB_jrmc2izz,L,,,Roughly traced,
3169,102210,52,31,6.0373502998357144e-05,KCab-s,KCab-s_R,Kenyon_Cell,,cb_intrinsic,11862,KCab,"KCab-m,KCab-c,KCab-s",,VFB_jrmc2jpq,R,,,Roughly traced,
3170,112729,52,29,6.0373502998357144e-05,KCab-s,KCab-s_L,Kenyon_Cell,,cb_intrinsic,11862,KCab,"KCab-m,KCab-c,KCab-s",,VFB_jrmc2jn4,L,,,Roughly traced,
3171,116553,52,35,6.0373502998357144e-05,KCg-m,KCg-m_L,Kenyon_Cell,,cb_intrinsic,14292,KCg-m,KCg-m,,VFB_jrmc2dg3,L,,,Roughly traced,
3172,117038,52,31,6.0373502998357144e-05,KCab-s,KCab-s_L,Kenyon_Cell,,cb_intrinsic,11862,KCab,"KCab-m,KCab-c,KCab-s",,VFB_jrmc2jwg,L,,,Roughly traced,
3173,119413,52,33,6.0373502998357144e-05,KCab-s,KCab-s_L,Kenyon_Cell,,cb_intrinsic,11862,KCab,"KCab-m,KCab-c,KCab-s",,VFB_jrmc2jx7,L,,,Roughly traced,
3174,122293,52,32,6.0373502998357144e-05,KCg-m,KCg-m_R,Kenyon_Cell,,cb_intrinsic,14292,KCg-m,KCg-m,,VFB_jrmc2dd7,R,,,Prelim Roughly traced,
3175,127225,52,32,6.0373502998357144e-05,KCg-m,KCg-m_L,Kenyon_Cell,,cb_intrinsic,14292,KCg-m,KCg-m,,VFB_jrmc2khe,L,,,Roughly traced,
3176,128366,52,28,6.0373502998357144e-05,KCab-m,KCab-m_L,Kenyon_Cell,,cb_intrinsic,11862,KCab,"KCab-m,KCab-c,KCab-s",,VFB_jrmc2j7b,L,,,Roughly traced,
3177,129027,52,31,6.0373502998357144e-05,KCab-s,KCab-s_R,Kenyon_Cell,,cb_intrinsic,11862,KCab,"KCab-m,KCab-c,KCab-s",,VFB_jrmc2jmd,R,,,Prelim Roughly traced,
3178,140730,52,26,6.0373502998357144e-05,KCab-s,KCab-s_L,Kenyon_Cell,,cb_intrinsic,11862,KCab,"KCab-m,KCab-c,KCab-s",,VFB_jrmc2jvo,L,,,Roughly traced,
3179,166057,52,25,6.0373502998357144e-05,KCab-s,KCab-s_R,Kenyon_Cell,,cb_intrinsic,11862,KCab,"KCab-m,KCab-c,KCab-s",,VFB_jrmc2jj3,R,,,Prelim Roughly traced,
3180,166119,52,23,6.0373502998357144e-05,KCab-s,KCab-s_L,Kenyon_Cell,,cb_intrinsic,11862,KCab,"KCab-m,KCab-c,KCab-s",,VFB_jrmc2jnz,L,,,Roughly traced,
3181,180332,52,35,6.0373502998357144e-05,KCa'b'-m,KCa'b'-m_R,Kenyon_Cell,,cb_intrinsic,17488,KCapbp-m,KCa'b'-m,,VFB_jrmc2il8,R,,,Roughly traced,
3182,183659,52,27,6.0373502998357144e-05,KCab-s,KCab-s_L,Kenyon_Cell,,cb_intrinsic,11862,KCab,"KCab-m,KCab-c,KCab-s",,VFB_jrmc2jo1,L,,,Prelim Roughly traced,
3183,198431,52,27,6.0373502998357144e-05,KCab-s,KCab-s_R,Kenyon_Cell,,cb_intrinsic,11862,KCab,"KCab-m,KCab-c,KCab-s",,VFB_jrmc2jmr,R,,,Roughly traced,
3184,210440,52,31,6.0373502998357144e-05,KCab-s,KCab-s_R,Kenyon_Cell,,cb_intrinsic,11862,KCab,"KCab-m,KCab-c,KCab-s",,VFB_jrmc2jsd,R,,,Prelim Roughly traced,
3185,516409,52,4,6.0373502998357144e-05,AVLP294,AVLP294_L,,,cb_intrinsic,10657,AVLP294,AVLP294,,VFB_jrmc3iid,L,,,Roughly traced,
3186,519316,52,5,6.0373502998357144e-05,ATL018,ATL018_R,,,cb_intrinsic,,"ATL017,ATL018",ATL018,,VFB_jrmc3hqs,R,,,Roughly traced,
3187,529023,52,11,6.0373502998357144e-05,CL303,CL303_R,,,cb_intrinsic,12233,CL303,CL303,,VFB_jrmc34nf,R,CG,,Roughly traced,
3188,531755,52,10,6.0373502998357144e-05,PFR_a,PFR_a(PB11a)_L2_C2,CX,,cb_intrinsic,13892,PFR_a,PFR_a,,VFB_jrmc1ijj,L,,,Roughly traced,
3189,536046,52,31,6.0373502998357144e-05,KCg-m,KCg-m_L,Kenyon_Cell,,cb_intrinsic,14292,KCg-m,KCg-m,,VFB_jrmc2kel,L,,,Roughly traced,
3190,10348,51,7,5.9212474094542583e-05,AVLP501,AVLP501_L,,,cb_intrinsic,,AVLP501,AVLP501,,VFB_jrmc3izx,L,,,Roughly traced,
3191,10610,51,3,5.9212474094542583e-05,MeVP17,MeVP17_L,,,visual_projection,,MTe08,,,VFB_jrmc1v36,L,,,Prelim Roughly traced,
3192,11217,51,4,5.9212474094542583e-05,LT58,LT58_R,,,ol_intrinsic,,LT58,LT58,,VFB_jrmc24tz,R,,,Roughly traced,
3193,12161,51,6,5.9212474094542583e-05,AVLP478,AVLP478_R,,,cb_intrinsic,,AVLP478,AVLP478,,VFB_jrmc3ixq,R,,,Roughly traced,
3194,12873,51,15,5.9212474094542583e-05,CRE076,CRE076_L,,,cb_intrinsic,,CRE076,CRE076,,VFB_jrmc34xg,L,,,Roughly traced,
3195,13101,51,8,5.9212474094542583e-05,FB5AB,FB5AB_R,CX,,cb_intrinsic,13033,CB.FB5G0,FB5AB,,VFB_jrmc306w,R,,,Roughly traced,
3196,15117,51,18,5.9212474094542583e-05,SMP385,SMP385_R,,,cb_intrinsic,,SMP385,SMP385,,VFB_jrmc1drh,R,,,Roughly traced,
3197,15578,51,12,5.9212474094542583e-05,SMP178,SMP178_R,,,cb_intrinsic,10363,SMP178,SMP178,,VFB_jrmc1d7k,R,,,Roughly traced,
3198,19508,51,7,5.9212474094542583e-05,CB0356,CB0356_L,,,cb_intrinsic,19508,CB0356,,,VFB_jrmc3f8l,L,,,Roughly traced,
3199,19594,51,18,5.9212474094542583e-05,CRE039,CRE039_R,,,cb_intrinsic,19594,CB1251,CRE039,,VFB_jrmc34ts,R,,,Roughly traced,
3200,21700,51,15,5.9212474094542583e-05,FB4R,FB4R_L,CX,,cb_intrinsic,12311,FB4R,FB4R,,VFB_jrmc305z,L,,,Roughly traced,
3201,30181,51,11,5.9212474094542583e-05,PFR_b,PFR_b(PB11b)_L7_C8,CX,,cb_intrinsic,13892,PFR_b,PFR_b,,VFB_jrmc1ikd,L,,,Roughly traced,
3202,35267,51,12,5.9212474094542583e-05,FB2M_b,FB2M_b_L,CX,,cb_intrinsic,10396,FB2M,FB2M,,VFB_jrmc3031,L,,,Roughly traced,
3203,48912,51,30,5.9212474094542583e-05,KCa'b'-ap2,KCa'b'-ap2_R,Kenyon_Cell,,cb_intrinsic,17488,KCapbp-ap2,KCa'b'-ap2,,VFB_jrmc2i80,R,,,Roughly traced,
3204,51609,51,16,5.9212474094542583e-05,CRE080_b,CRE080_b_R,,,cb_intrinsic,12216,"CRE080a,CRE080b",CRE080,,VFB_jrmc34xs,R,,,Roughly traced,
3205,52253,51,12,5.9212474094542583e-05,FB2B_b,FB2B_b_L,CX,,cb_intrinsic,17720,CB.FB2K0,FB2B_b,,VFB_jrmc300s,L,,,Roughly traced,
3206,53014,51,24,5.9212474094542583e-05,KCab-s,KCab-s_R,Kenyon_Cell,,cb_intrinsic,11862,KCab,"KCab-m,KCab-c,KCab-s",,VFB_jrmc2jsj,R,,,Roughly traced,
3207,60732,51,34,5.9212474094542583e-05,KCab-s,KCab-s_L,Kenyon_Cell,,cb_intrinsic,11862,KCab,"KCab-m,KCab-c,KCab-s",,VFB_jrmc2jhr,L,,,Roughly traced,
3208,61259,51,28,5.9212474094542583e-05,KCab-s,KCab-s_L,Kenyon_Cell,,cb_intrinsic,11862,KCab,"KCab-m,KCab-c,KCab-s",,VFB_jrmc2juo,L,,,Roughly traced,
3209,61464,51,26,5.9212474094542583e-05,KCab-s,KCab-s_R,Kenyon_Cell,,cb_intrinsic,11862,KCab,"KCab-m,KCab-c,KCab-s",,VFB_jrmc2jjl,R,,,Roughly traced,
3210,63923,51,5,5.9212474094542583e-05,LAL113,LAL113_L,,,cb_intrinsic,,LAL113,LAL113,,VFB_jrmc2cvp,L,,,Roughly traced,
3211,66028,51,28,5.9212474094542583e-05,KCab-s,KCab-s_L,Kenyon_Cell,,cb_intrinsic,11862,KCab,"KCab-m,KCab-c,KCab-s",,VFB_jrmc2jql,L,,,Roughly traced,
3212,69022,51,27,5.9212474094542583e-05,KCab-s,KCab-s_R,Kenyon_Cell,,cb_intrinsic,11862,KCab,"KCab-m,KCab-c,KCab-s",,VFB_jrmc2jjz,R,,,Roughly traced,
3213,69507,51,26,5.9212474094542583e-05,KCab-s,KCab-s_R,Kenyon_Cell,,cb_intrinsic,11862,KCab,"KCab-m,KCab-c,KCab-s",,VFB_jrmc2jzj,R,,,Roughly traced,
3214,69538,51,30,5.9212474094542583e-05,KCab-m,KCab-m_L,Kenyon_Cell,,cb_intrinsic,11862,KCab,"KCab-m,KCab-c,KCab-s",,VFB_jrmc2j64,L,,,Roughly traced,
3215,69775,51,26,5.9212474094542583e-05,KCab-s,KCab-s_R,Kenyon_Cell,,cb_intrinsic,11862,KCab,"KCab-m,KCab-c,KCab-s",,VFB_jrmc2ju9,R,,,Roughly traced,
3216,71843,51,10,5.9212474094542583e-05,SMP204,SMP204_L,,,cb_intrinsic,,SMP204,SMP204,,VFB_jrmc1d92,L,,,Roughly traced,
3217,74620,51,24,5.9212474094542583e-05,KCab-m,KCab-m_L,Kenyon_Cell,,cb_intrinsic,11862,KCab,"KCab-m,KCab-c,KCab-s",,VFB_jrmc2j6a,L,,,Roughly traced,
3218,75155,51,31,5.9212474094542583e-05,KCab-m,KCab-m_L,Kenyon_Cell,,cb_intrinsic,11862,KCab,"KCab-m,KCab-c,KCab-s",,VFB_jrmc2izh,L,,,Roughly traced,
3219,76676,51,20,5.9212474094542583e-05,KCab-m,KCab-m_L,Kenyon_Cell,,cb_intrinsic,11862,KCab,"KCab-m,KCab-c,KCab-s",,VFB_jrmc2jaf,L,,,Roughly traced,
3220,84278,51,30,5.9212474094542583e-05,KCab-s,KCab-s_R,Kenyon_Cell,,cb_intrinsic,11862,KCab,"KCab-m,KCab-c,KCab-s",,VFB_jrmc2jrs,R,,,Roughly traced,
3221,90201,51,8,5.9212474094542583e-05,vDeltaH,vDeltaH_C3,CX,,cb_intrinsic,11512,"vDeltaG,vDeltaH",vDeltaH,,VFB_jrmc039x,L,,,Roughly traced,
3222,90919,51,26,5.9212474094542583e-05,KCab-m,KCab-m_L,Kenyon_Cell,,cb_intrinsic,11862,KCab,"KCab-m,KCab-c,KCab-s",,VFB_jrmc2j53,L,,,Roughly traced,
3223,91493,51,27,5.9212474094542583e-05,KCab-s,KCab-s_R,Kenyon_Cell,,cb_intrinsic,11862,KCab,"KCab-m,KCab-c,KCab-s",,VFB_jrmc2jlc,R,,,Roughly traced,
3224,94530,51,35,5.9212474094542583e-05,KCg-m,KCg-m_L,Kenyon_Cell,,cb_intrinsic,14292,KCg-m,KCg-m,,VFB_jrmc2dc6,L,,,Prelim Roughly traced,
3225,97990,51,28,5.9212474094542583e-05,PAM06,PAM06(B'2m)_L,DAN,,cb_intrinsic,72601,PAM06,PAM06,,VFB_jrmc1pts,L,,,Roughly traced,
3226,100795,51,29,5.9212474094542583e-05,KCab-s,KCab-s_R,Kenyon_Cell,,cb_intrinsic,11862,KCab,"KCab-m,KCab-c,KCab-s",,VFB_jrmc2jpo,R,,,Roughly traced,
3227,102316,51,10,5.9212474094542583e-05,FB3D,FB3D_R,CX,,cb_intrinsic,17749,FB3D,FB3D,,VFB_jrmc303j,R,CG,,Roughly traced,
3228,114594,51,31,5.9212474094542583e-05,KCg-m,KCg-m_R,Kenyon_Cell,,cb_intrinsic,14292,KCg-m,KCg-m,,VFB_jrmc2kr6,R,,,Prelim Roughly traced,
3229,120914,51,29,5.9212474094542583e-05,KCab-s,KCab-s_R,Kenyon_Cell,,cb_intrinsic,11862,KCab,"KCab-m,KCab-c,KCab-s",,VFB_jrmc2jiy,R,,,Prelim Roughly traced,
3230,133363,51,34,5.9212474094542583e-05,KCab-s,KCab-s_L,Kenyon_Cell,,cb_intrinsic,11862,KCab,"KCab-m,KCab-c,KCab-s",,VFB_jrmc2jva,L,,,Roughly traced,
3231,145749,51,18,5.9212474094542583e-05,PAM11,PAM11(a1)_L,DAN,,cb_intrinsic,114661,PAM11,PAM11,,VFB_jrmc1px7,L,,,Roughly traced,
3232,145764,51,30,5.9212474094542583e-05,KCab-s,KCab-s_L,Kenyon_Cell,,cb_intrinsic,11862,KCab,"KCab-m,KCab-c,KCab-s",,VFB_jrmc2jxl,L,,,Roughly traced,
3233,146609,51,30,5.9212474094542583e-05,KCab-s,KCab-s_L,Kenyon_Cell,,cb_intrinsic,11862,KCab,"KCab-m,KCab-c,KCab-s",,VFB_jrmc2jxm,L,,,Roughly traced,
3234,149737,51,34,5.9212474094542583e-05,KCab-s,KCab-s_L,Kenyon_Cell,,cb_intrinsic,11862,KCab,"KCab-m,KCab-c,KCab-s",,VFB_jrmc2jzr,L,,,Roughly traced,
3235,159383,51,30,5.9212474094542583e-05,KCab-m,KCab-m_L,Kenyon_Cell,,cb_intrinsic,11862,KCab,"KCab-m,KCab-c,KCab-s",,VFB_jrmc2jcj,L,,,Roughly traced,
3236,161627,51,25,5.9212474094542583e-05,KCab-m,KCab-m_L,Kenyon_Cell,,cb_intrinsic,11862,KCab,"KCab-m,KCab-c,KCab-s",,VFB_jrmc2j1l,L,,,Roughly traced,
3237,162607,51,28,5.9212474094542583e-05,KCab-m,KCab-m_L,Kenyon_Cell,,cb_intrinsic,11862,KCab,"KCab-m,KCab-c,KCab-s",,VFB_jrmc2jau,L,,,Roughly traced,
3238,163739,51,23,5.9212474094542583e-05,KCab-m,KCab-m_L,Kenyon_Cell,,cb_intrinsic,11862,KCab,"KCab-m,KCab-c,KCab-s",,VFB_jrmc2j5v,L,,,Roughly traced,
3239,166581,51,27,5.9212474094542583e-05,KCab-s,KCab-s_R,Kenyon_Cell,,cb_intrinsic,11862,KCab,"KCab-m,KCab-c,KCab-s",,VFB_jrmc2jsi,R,,,Prelim Roughly traced,
3240,196369,51,28,5.9212474094542583e-05,KCab-s,KCab-s_R,Kenyon_Cell,,cb_intrinsic,11862,KCab,"KCab-m,KCab-c,KCab-s",,VFB_jrmc2jsc,R,,,Roughly traced,
3241,523553,51,23,5.9212474094542583e-05,PAM05,PAM05(B'2p)_L,DAN,,cb_intrinsic,92324,PAM05,PAM05,,VFB_jrmc1ptg,L,,,Roughly traced,
3242,523632,51,2,5.9212474094542583e-05,GNG700m,GNG700m_R,,,cb_intrinsic,10999,,,,VFB_jrmc2uk9,R,,,Roughly traced,
3243,581422,51,11,5.9212474094542583e-05,FB5V_a,FB5V_a_R,CX,,cb_intrinsic,12311,FB5V,FB5V,,VFB_jrmc308w,R,,,Roughly traced,
3244,945591,51,30,5.9212474094542583e-05,KCab-m,KCab-m_L,Kenyon_Cell,,cb_intrinsic,11862,KCab,,,VFB_jrmc2j2d,L,,,Prelim Roughly traced,
3245,10325,50,9,5.805144519072802e-05,AVLP572,AVLP572_R,,,cb_intrinsic,10325,AVLP572,AVLP572,,VFB_jrmc3j5x,R,,,Roughly traced,
3246,10362,50,8,5.805144519072802e-05,LT36,LT36_R,,,visual_centrifugal,,LT36,LT36,,VFB_jrmc24rn,R,,,Prelim Roughly traced,
3247,10898,50,7,5.805144519072802e-05,AVLP476,AVLP476_R,,,cb_intrinsic,,AVLP476,AVLP476,,VFB_jrmc3ixn,R,,,Roughly traced,
3248,10918,50,5,5.805144519072802e-05,AVLP440,AVLP440(no right?)_L,,,cb_intrinsic,,,AVLP440,,VFB_jrmc3iu5,L,,,Prelim Roughly traced,
3249,11214,50,11,5.805144519072802e-05,LoVC22,LoVC22_L,,,visual_centrifugal,,cLLP02,CL033,,VFB_jrmc1znh,L,,,Roughly traced,
3250,11240,50,5,5.805144519072802e-05,AVLP435_a,AVLP435_a_L,,,cb_intrinsic,,AVLP435a,AVLP435,,VFB_jrmc3itt,L,,,Roughly traced,
3251,11507,50,15,5.805144519072802e-05,PLP211,PLP211_R,,,cb_intrinsic,,PLP211,PLP211,,VFB_jrmc1j3a,R,,,Roughly traced,
3252,12572,50,6,5.805144519072802e-05,LHCENT6,LHCENT6_R,,,cb_intrinsic,,LHCENT6,LHCENT6,,VFB_jrmc21xq,R,,,Roughly traced,
3253,12832,50,11,5.805144519072802e-05,CL303,CL303_L,,,cb_intrinsic,12233,CL303,CL303,,VFB_jrmc34ne,L,CG,,Roughly traced,
3254,13271,50,9,5.805144519072802e-05,PVLP018,PVLP018_R,,,cb_intrinsic,11252,PVLP018,PVLP018,,VFB_jrmc1k7g,R,,,Roughly traced,
3255,13860,50,21,5.805144519072802e-05,LAL154,LAL154_R,,,cb_intrinsic,,LAL154,LAL154,,VFB_jrmc2cz1,R,,,Prelim Roughly traced,
3256,16493,50,2,5.805144519072802e-05,LAL113,LAL113_R,,,cb_intrinsic,,LAL113,LAL113,,VFB_jrmc2cvo,R,,,Prelim Roughly traced,
3257,25773,50,10,5.805144519072802e-05,PFNv,PFNv(PB05)_L8_C7,CX,,cb_intrinsic,10817,PFNv,PFNv,,VFB_jrmc1iiu,L,,,Roughly traced,
3258,30968,50,11,5.805144519072802e-05,PFNd,PFNd(PB04)_R5_C5,CX,,cb_intrinsic,10817,PFNd,PFNd,,VFB_jrmc1i8j,R,,,Roughly traced,
3259,34802,50,7,5.805144519072802e-05,FC1B,FC1B_C8_R,CX,,cb_intrinsic,27502,"FC1A,FC1B,FC1F",FC1B,,VFB_jrmc2sqi,R,,,Roughly traced,
3260,37751,50,11,5.805144519072802e-05,PFNd,PFNd(PB04)_R8_C2,CX,,cb_intrinsic,10817,PFNd,PFNd,,VFB_jrmc1i8m,R,,,Roughly traced,
3261,39538,50,11,5.805144519072802e-05,FC2A,FC2A_C6_R,CX,,cb_intrinsic,23643,FC2A,FC2A,,VFB_jrmc2sti,R,,,Roughly traced,
3262,42835,50,14,5.805144519072802e-05,PFNd,PFNd(PB04)_L4_C3,CX,,cb_intrinsic,10817,PFNd,PFNd,,VFB_jrmc1i8s,L,,,Roughly traced,
3263,49594,50,31,5.805144519072802e-05,KCab-s,KCab-s_R,Kenyon_Cell,,cb_intrinsic,11862,KCab,"KCab-m,KCab-c,KCab-s",,VFB_jrmc2jji,R,,,Roughly traced,
3264,50808,50,4,5.805144519072802e-05,ER4d,ER4d_L,CX,,cb_intrinsic,13094,ER4d,ER4d,,VFB_jrmc2zxb,L,,,Prelim Roughly traced,
3265,54572,50,4,5.805144519072802e-05,LAL150,LAL150_L,,,cb_intrinsic,21400,LAL150a,LAL150,,VFB_jrmc2cyq,L,,,Roughly traced,
3266,55755,50,24,5.805144519072802e-05,KCab-c,KCab-c_R,Kenyon_Cell,,cb_intrinsic,11862,KCab,"KCab-m,KCab-c,KCab-s",,VFB_jrmc2iul,R,,,Roughly traced,
3267,61806,50,24,5.805144519072802e-05,KCab-s,KCab-s_R,Kenyon_Cell,,cb_intrinsic,11862,KCab,"KCab-m,KCab-c,KCab-s",,VFB_jrmc2joh,R,,,Roughly traced,
3268,63483,50,30,5.805144519072802e-05,KCab-s,KCab-s_L,Kenyon_Cell,,cb_intrinsic,11862,KCab,"KCab-m,KCab-c,KCab-s",,VFB_jrmc2jqk,L,,,Roughly traced,
3269,63814,50,32,5.805144519072802e-05,KCab-s,KCab-s_L,Kenyon_Cell,,cb_intrinsic,11862,KCab,"KCab-m,KCab-c,KCab-s",,VFB_jrmc2juk,L,,,Roughly traced,
3270,69611,50,24,5.805144519072802e-05,KCab-m,KCab-m_L,Kenyon_Cell,,cb_intrinsic,11862,KCab,"KCab-m,KCab-c,KCab-s",,VFB_jrmc2j65,L,,,Roughly traced,
3271,71157,50,4,5.805144519072802e-05,CB3513,CB3513_L,,,cb_intrinsic,10386,CB3513,,,VFB_jrmc3apu,L,,,Prelim Roughly traced,
3272,71494,50,29,5.805144519072802e-05,KCab-s,KCab-s_R,Kenyon_Cell,,cb_intrinsic,11862,KCab,"KCab-m,KCab-c,KCab-s",,VFB_jrmc2jk5,R,,,Roughly traced,
3273,71501,50,34,5.805144519072802e-05,KCab-s,KCab-s_L,Kenyon_Cell,,cb_intrinsic,11862,KCab,"KCab-m,KCab-c,KCab-s",,VFB_jrmc2jyb,L,,,Roughly traced,
3274,73721,50,29,5.805144519072802e-05,KCab-s,KCab-s_R,Kenyon_Cell,,cb_intrinsic,11862,KCab,"KCab-m,KCab-c,KCab-s",,VFB_jrmc2jzm,R,,,Roughly traced,
3275,76009,50,30,5.805144519072802e-05,KCab-s,KCab-s_L,Kenyon_Cell,,cb_intrinsic,11862,KCab,"KCab-m,KCab-c,KCab-s",,VFB_jrmc2jvk,L,,,Roughly traced,
3276,77076,50,30,5.805144519072802e-05,KCab-s,KCab-s_L,Kenyon_Cell,,cb_intrinsic,11862,KCab,"KCab-m,KCab-c,KCab-s",,VFB_jrmc2jw5,L,,,Roughly traced,
3277,78013,50,27,5.805144519072802e-05,KCab-s,KCab-s_R,Kenyon_Cell,,cb_intrinsic,11862,KCab,"KCab-m,KCab-c,KCab-s",,VFB_jrmc2jkh,R,,,Roughly traced,
3278,81925,50,24,5.805144519072802e-05,KCab-s,KCab-s_L,Kenyon_Cell,,cb_intrinsic,11862,KCab,"KCab-m,KCab-c,KCab-s",,VFB_jrmc2jni,L,,,Roughly traced,
3279,82068,50,29,5.805144519072802e-05,KCab-s,KCab-s_R,Kenyon_Cell,,cb_intrinsic,11862,KCab,"KCab-m,KCab-c,KCab-s",,VFB_jrmc2jic,R,,,Roughly traced,
3280,86878,50,32,5.805144519072802e-05,KCab-s,KCab-s_L,Kenyon_Cell,,cb_intrinsic,11862,KCab,"KCab-m,KCab-c,KCab-s",,VFB_jrmc2jyk,L,,,Roughly traced,
3281,88404,50,30,5.805144519072802e-05,KCab-s,KCab-s_L,Kenyon_Cell,,cb_intrinsic,11862,KCab,"KCab-m,KCab-c,KCab-s",,VFB_jrmc2jnj,L,,,Roughly traced,
3282,88938,50,31,5.805144519072802e-05,KCab-s,KCab-s_R,Kenyon_Cell,,cb_intrinsic,11862,KCab,"KCab-m,KCab-c,KCab-s",,VFB_jrmc2jl5,R,,,Roughly traced,
3283,89170,50,27,5.805144519072802e-05,KCab-s,KCab-s_R,Kenyon_Cell,,cb_intrinsic,11862,KCab,"KCab-m,KCab-c,KCab-s",,VFB_jrmc2jtw,R,,,Roughly traced,
3284,89323,50,26,5.805144519072802e-05,KCab-s,KCab-s_L,Kenyon_Cell,,cb_intrinsic,11862,KCab,"KCab-m,KCab-c,KCab-s",,VFB_jrmc2jn2,L,,,Roughly traced,
3285,90944,50,27,5.805144519072802e-05,KCab-s,KCab-s_R,Kenyon_Cell,,cb_intrinsic,11862,KCab,"KCab-m,KCab-c,KCab-s",,VFB_jrmc2jty,R,,,Roughly traced,
3286,93837,50,27,5.805144519072802e-05,KCab-s,KCab-s_R,Kenyon_Cell,,cb_intrinsic,11862,KCab,"KCab-m,KCab-c,KCab-s",,VFB_jrmc2jo5,R,,,Roughly traced,
3287,103436,50,28,5.805144519072802e-05,KCab-m,KCab-m_L,Kenyon_Cell,,cb_intrinsic,11862,KCab,"KCab-m,KCab-c,KCab-s",,VFB_jrmc2jcv,L,,,Roughly traced,
3288,105653,50,28,5.805144519072802e-05,KCab-m,KCab-m_L,Kenyon_Cell,,cb_intrinsic,11862,KCab,"KCab-m,KCab-c,KCab-s",,VFB_jrmc2j09,L,,,Roughly traced,
3289,114440,50,32,5.805144519072802e-05,KCab-m,KCab-m_L,Kenyon_Cell,,cb_intrinsic,11862,KCab,"KCab-m,KCab-c,KCab-s",,VFB_jrmc2j0o,L,,,Roughly traced,
3290,118083,50,26,5.805144519072802e-05,KCab-s,KCab-s_L,Kenyon_Cell,,cb_intrinsic,11862,KCab,"KCab-m,KCab-c,KCab-s",,VFB_jrmc2jhx,L,,,Roughly traced,
3291,120894,50,30,5.805144519072802e-05,KCab-s,KCab-s_L,Kenyon_Cell,,cb_intrinsic,11862,KCab,"KCab-m,KCab-c,KCab-s",,VFB_jrmc2jzc,L,,,Roughly traced,
3292,121122,50,24,5.805144519072802e-05,KCab-m,KCab-m_L,Kenyon_Cell,,cb_intrinsic,11862,KCab,"KCab-m,KCab-c,KCab-s",,VFB_jrmc2j5i,L,,,Roughly traced,
3293,123274,50,28,5.805144519072802e-05,KCab-m,KCab-m_L,Kenyon_Cell,,cb_intrinsic,11862,KCab,"KCab-m,KCab-c,KCab-s",,VFB_jrmc2j0w,L,,,Roughly traced,
3294,128212,50,29,5.805144519072802e-05,KCab-m,KCab-m_L,Kenyon_Cell,,cb_intrinsic,11862,KCab,"KCab-m,KCab-c,KCab-s",,VFB_jrmc2j7a,L,,,Roughly traced,
3295,139378,50,13,5.805144519072802e-05,PAM12,PAM12(y3)_R,DAN,,cb_intrinsic,61360,PAM12,PAM12,,VFB_jrmc1pxu,R,,,Roughly traced,
3296,142270,50,28,5.805144519072802e-05,KCab-m,KCab-m_L,Kenyon_Cell,,cb_intrinsic,11862,KCab,"KCab-m,KCab-c,KCab-s",,VFB_jrmc2j18,L,,,Roughly traced,
3297,153460,50,28,5.805144519072802e-05,KCab-m,KCab-m_L,Kenyon_Cell,,cb_intrinsic,11862,KCab,"KCab-m,KCab-c,KCab-s",,VFB_jrmc2jci,L,,,Roughly traced,
3298,159764,50,32,5.805144519072802e-05,KCab-m,KCab-m_L,Kenyon_Cell,,cb_intrinsic,11862,KCab,"KCab-m,KCab-c,KCab-s",,VFB_jrmc2j1j,L,,,Roughly traced,
3299,180876,50,29,5.805144519072802e-05,KCab-s,KCab-s_L,Kenyon_Cell,,cb_intrinsic,11862,KCab,"KCab-m,KCab-c,KCab-s",,VFB_jrmc2ji4,L,,,Roughly traced,
3300,182596,50,27,5.805144519072802e-05,KCab-s,KCab-s_R,Kenyon_Cell,,cb_intrinsic,11862,KCab,"KCab-m,KCab-c,KCab-s",,VFB_jrmc2jmo,R,,,Roughly traced,
3301,185154,50,27,5.805144519072802e-05,KCab-s,KCab-s_L,Kenyon_Cell,,cb_intrinsic,11862,KCab,"KCab-m,KCab-c,KCab-s",,VFB_jrmc2jzk,L,,,Roughly traced,
3302,189744,50,31,5.805144519072802e-05,KCab-s,KCab-s_R,Kenyon_Cell,,cb_intrinsic,11862,KCab,"KCab-m,KCab-c,KCab-s",,VFB_jrmc2jmp,R,,,Roughly traced,
3303,196622,50,20,5.805144519072802e-05,PAM12,PAM12(y3)_R,DAN,,cb_intrinsic,55210,PAM12,PAM12,,VFB_jrmc1pxr,R,,,Roughly traced,
3304,257083,50,28,5.805144519072802e-05,KCab-m,KCab-m_L,Kenyon_Cell,,cb_intrinsic,11862,KCab,"KCab-m,KCab-c,KCab-s",,VFB_jrmc2j8b,L,,,Roughly traced,
3305,515295,50,12,5.805144519072802e-05,PFNd,PFNd(PB04)_R8_C2,CX,,cb_intrinsic,10817,PFNd,PFNd,,VFB_jrmc1i93,R,,,Roughly traced,
3306,520183,50,26,5.805144519072802e-05,KCab-s,KCab-s_R,Kenyon_Cell,,cb_intrinsic,11862,KCab,"KCab-m,KCab-c,KCab-s",,VFB_jrmc2jys,R,,,Prelim Roughly traced,
3307,522790,50,14,5.805144519072802e-05,FB2B_b,FB2B_b_R,CX,,cb_intrinsic,18221,CB.FB2K0,FB2B_b,,VFB_jrmc300r,R,,,Roughly traced,
3308,525452,50,8,5.805144519072802e-05,AVLP710m,AVLP710m_L,,,cb_intrinsic,,,,,VFB_jrmc3j9e,L,,,Roughly traced,
3309,525552,50,5,5.805144519072802e-05,CB0930,CB0930_R,,,cb_intrinsic,21387,CB0930,,,VFB_jrmc3fdh,R,,,Roughly traced,
3310,528100,50,27,5.805144519072802e-05,PAM09,PAM09(B1ped)_L,DAN,,cb_intrinsic,28434,PAM09,PAM09,,VFB_jrmc1pw8,L,,,Roughly traced,
3311,532287,50,28,5.805144519072802e-05,KCab-s,KCab-s_R,Kenyon_Cell,,cb_intrinsic,11862,KCab,"KCab-m,KCab-c,KCab-s",,VFB_jrmc2jz5,R,,,Roughly traced,
3312,544147,50,18,5.805144519072802e-05,,,,,,,,,,,,,,Anchor,
3313,550378,50,26,5.805144519072802e-05,KCab-s,KCab-s_L,Kenyon_Cell,,cb_intrinsic,11862,KCab,"KCab-m,KCab-c,KCab-s",,VFB_jrmc2jwy,L,,,Roughly traced,
3314,923406,50,27,5.805144519072802e-05,KCab-s,KCab-s_R,Kenyon_Cell,,cb_intrinsic,11862,KCab,"KCab-m,KCab-c,KCab-s",,VFB_jrmc2jjd,R,,,Prelim Roughly traced,
3315,10244,49,5,5.689041628691346e-05,DNp55,DNp55(WED180)_L,,xn,descending_neuron,,DNp55,WED180,DNp55,VFB_jrmc30qg,L,,,Prelim Roughly traced,
3316,11181,49,5,5.689041628691346e-05,AVLP086,AVLP086_L,,,cb_intrinsic,,AVLP086,AVLP086,,VFB_jrmc3i0a,L,,,Roughly traced,
3317,11689,49,4,5.689041628691346e-05,Li16,Li16_R,,,ol_intrinsic,,Li28,Li16,,VFB_jrmc1yo9,R,,,Roughly traced,
3318,12063,49,9,5.689041628691346e-05,AVLP053,AVLP053_R,,,cb_intrinsic,,AVLP053,AVLP053,,VFB_jrmc3hy4,R,,,Roughly traced,
3319,12091,49,8,5.689041628691346e-05,PS196_b,PS196_b_R,,,cb_intrinsic,,PS196,PS196,,VFB_jrmc1jth,R,CG,,Roughly traced,
3320,12505,49,4,5.689041628691346e-05,Li12,Li12_R,,,ol_intrinsic,,Li27,Li12,,VFB_jrmc1yf8,R,,,Roughly traced,
3321,14174,49,20,5.689041628691346e-05,SMP503,SMP503_L,,,cb_intrinsic,,SMP503,SMP503,,VFB_jrmc1e1g,L,,,Roughly traced,
3322,19460,49,12,5.689041628691346e-05,FB4P_c,FB4P_c_L,CX,,cb_intrinsic,12311,"FB4P,FB4Q",FB4P,,VFB_jrmc305q,L,,,Roughly traced,
3323,20492,49,7,5.689041628691346e-05,CRE078,CRE078_L,,,cb_intrinsic,12985,CRE078,CRE078,,VFB_jrmc34xk,L,,,Roughly traced,
3324,21747,49,8,5.689041628691346e-05,AOTU046,AOTU046_R,,,cb_intrinsic,,AOTU046,AOTU046,,VFB_jrmc3hmj,R,,,Roughly traced,
3325,21771,49,19,5.689041628691346e-05,CRE080_a,CRE080_a_R,,,cb_intrinsic,12216,"CRE080a,CRE080b",CRE080,,VFB_jrmc34xq,R,,,Roughly traced,
3326,22923,49,7,5.689041628691346e-05,hDeltaM,hDeltaM_C1,CX,,cb_intrinsic,11512,hDeltaM,hDeltaM,,VFB_jrmc02nc,R,,,Prelim Roughly traced,
3327,26641,49,23,5.689041628691346e-05,CRE027,CRE027_R,,,cb_intrinsic,25975,CRE027,CRE027,,VFB_jrmc34t3,R,,,Roughly traced,
3328,28190,49,7,5.689041628691346e-05,PFNv,PFNv(PB05)_R5_C6,CX,,cb_intrinsic,10817,PFNv,PFNv,,VFB_jrmc1iix,R,,,Roughly traced,
3329,30260,49,19,5.689041628691346e-05,CRE080_a,CRE080_a_L,,,cb_intrinsic,12216,"CRE080a,CRE080b",CRE080,,VFB_jrmc34xp,L,,,Roughly traced,
3330,50123,49,29,5.689041628691346e-05,KCab-s,KCab-s_R,Kenyon_Cell,,cb_intrinsic,11862,KCab,"KCab-m,KCab-c,KCab-s",,VFB_jrmc2jtg,R,,,Roughly traced,
3331,54776,49,12,5.689041628691346e-05,PFNd,PFNd(PB04)_R6_C4,CX,,cb_intrinsic,10817,PFNd,PFNd,,VFB_jrmc1i8y,R,,,Roughly traced,
3332,62207,49,2,5.689041628691346e-05,LAL144,LAL144_L,,,cb_intrinsic,14435,LAL144b,LAL144,,VFB_jrmc2cxx,L,CG,,Prelim Roughly traced,
3333,66599,49,31,5.689041628691346e-05,KCab-s,KCab-s_L,Kenyon_Cell,,cb_intrinsic,11862,KCab,"KCab-m,KCab-c,KCab-s",,VFB_jrmc2jxp,L,,,Roughly traced,
3334,67287,49,26,5.689041628691346e-05,KCab-s,KCab-s_L,Kenyon_Cell,,cb_intrinsic,11862,KCab,"KCab-m,KCab-c,KCab-s",,VFB_jrmc2jvj,L,,,Roughly traced,
3335,71610,49,29,5.689041628691346e-05,KCab-m,KCab-m_L,Kenyon_Cell,,cb_intrinsic,11862,KCab,"KCab-m,KCab-c,KCab-s",,VFB_jrmc2j67,L,,,Roughly traced,
3336,72234,49,25,5.689041628691346e-05,KCab-s,KCab-s_R,Kenyon_Cell,,cb_intrinsic,11862,KCab,"KCab-m,KCab-c,KCab-s",,VFB_jrmc2jvy,R,,,Roughly traced,
3337,82635,49,27,5.689041628691346e-05,KCab-s,KCab-s_R,Kenyon_Cell,,cb_intrinsic,11862,KCab,"KCab-m,KCab-c,KCab-s",,VFB_jrmc2jp1,R,,,Roughly traced,
3338,83557,49,25,5.689041628691346e-05,KCab-m,KCab-m_R,Kenyon_Cell,,cb_intrinsic,11862,KCab,"KCab-m,KCab-c,KCab-s",,VFB_jrmc2j2k,R,,,Roughly traced,
3339,88980,49,24,5.689041628691346e-05,KCab-m,KCab-m_L,Kenyon_Cell,,cb_intrinsic,11862,KCab,"KCab-m,KCab-c,KCab-s",,VFB_jrmc2j6n,L,,,Roughly traced,
3340,93893,49,29,5.689041628691346e-05,KCab-s,KCab-s_R,Kenyon_Cell,,cb_intrinsic,11862,KCab,"KCab-m,KCab-c,KCab-s",,VFB_jrmc2jph,R,,,Roughly traced,
3341,98969,49,25,5.689041628691346e-05,KCab-s,KCab-s_R,Kenyon_Cell,,cb_intrinsic,11862,KCab,"KCab-m,KCab-c,KCab-s",,VFB_jrmc2jlq,R,,,Roughly traced,
3342,102997,49,30,5.689041628691346e-05,KCab-s,KCab-s_R,Kenyon_Cell,,cb_intrinsic,11862,KCab,"KCab-m,KCab-c,KCab-s",,VFB_jrmc2jly,R,,,Roughly traced,
3343,105362,49,26,5.689041628691346e-05,PAM05,PAM05(B'2p)_R,DAN,,cb_intrinsic,72601,PAM05,PAM05,,VFB_jrmc1pt4,R,,,Roughly traced,
3344,107653,49,25,5.689041628691346e-05,KCab-s,KCab-s_R,Kenyon_Cell,,cb_intrinsic,11862,KCab,"KCab-m,KCab-c,KCab-s",,VFB_jrmc2jt3,R,,,Roughly traced,
3345,109802,49,31,5.689041628691346e-05,KCab-s,KCab-s_L,Kenyon_Cell,,cb_intrinsic,11862,KCab,"KCab-m,KCab-c,KCab-s",,VFB_jrmc2jxj,L,,,Roughly traced,
3346,110544,49,31,5.689041628691346e-05,KCab-s,KCab-s_L,Kenyon_Cell,,cb_intrinsic,11862,KCab,"KCab-m,KCab-c,KCab-s",,VFB_jrmc2jwq,L,,,Roughly traced,
3347,114089,49,28,5.689041628691346e-05,KCab-s,KCab-s_R,Kenyon_Cell,,cb_intrinsic,11862,KCab,"KCab-m,KCab-c,KCab-s",,VFB_jrmc2js6,R,,,Roughly traced,
3348,114661,49,24,5.689041628691346e-05,PAM11,PAM11(a1)_R,DAN,,cb_intrinsic,114661,PAM11,PAM11,,VFB_jrmc1pwv,R,,,Roughly traced,
3349,117195,49,25,5.689041628691346e-05,KCab-s,KCab-s_L,Kenyon_Cell,,cb_intrinsic,11862,KCab,"KCab-m,KCab-c,KCab-s",,VFB_jrmc2jun,L,,,Roughly traced,
3350,122089,49,34,5.689041628691346e-05,KCab-s,KCab-s_R,Kenyon_Cell,,cb_intrinsic,11862,KCab,"KCab-m,KCab-c,KCab-s",,VFB_jrmc2jmb,R,,,Prelim Roughly traced,
3351,128873,49,27,5.689041628691346e-05,KCab-m,KCab-m_L,Kenyon_Cell,,cb_intrinsic,11862,KCab,"KCab-m,KCab-c,KCab-s",,VFB_jrmc2j7c,L,,,Roughly traced,
3352,129798,49,23,5.689041628691346e-05,KCab-s,KCab-s_L,Kenyon_Cell,,cb_intrinsic,11862,KCab,"KCab-m,KCab-c,KCab-s",,VFB_jrmc2jv8,L,,,Roughly traced,
3353,135247,49,27,5.689041628691346e-05,KCab-s,KCab-s_R,Kenyon_Cell,,cb_intrinsic,11862,KCab,"KCab-m,KCab-c,KCab-s",,VFB_jrmc2jzw,R,,,Roughly traced,
3354,141274,49,29,5.689041628691346e-05,KCab-s,KCab-s_L,Kenyon_Cell,,cb_intrinsic,11862,KCab,"KCab-m,KCab-c,KCab-s",,VFB_jrmc2jwa,L,,,Roughly traced,
3355,143426,49,27,5.689041628691346e-05,KCg-m,KCg-m_L,Kenyon_Cell,,cb_intrinsic,14292,KCg-m,KCg-m,,VFB_jrmc2kqg,L,,,Roughly traced,
3356,145371,49,24,5.689041628691346e-05,PAM05,PAM05(B'2p)_L,DAN,,cb_intrinsic,72601,PAM05,PAM05,,VFB_jrmc1pt3,L,,,Roughly traced,
3357,150974,49,26,5.689041628691346e-05,KCab-s,KCab-s_L,Kenyon_Cell,,cb_intrinsic,11862,KCab,"KCab-m,KCab-c,KCab-s",,VFB_jrmc2jwc,L,,,Roughly traced,
3358,155190,49,26,5.689041628691346e-05,KCab-s,KCab-s_L,Kenyon_Cell,,cb_intrinsic,11862,KCab,"KCab-m,KCab-c,KCab-s",,VFB_jrmc2jwd,L,,,Roughly traced,
3359,166153,49,28,5.689041628691346e-05,KCab-s,KCab-s_L,Kenyon_Cell,,cb_intrinsic,11862,KCab,"KCab-m,KCab-c,KCab-s",,VFB_jrmc2jn8,L,,,Roughly traced,
3360,166289,49,25,5.689041628691346e-05,KCab-m,KCab-m_L,Kenyon_Cell,,cb_intrinsic,11862,KCab,"KCab-m,KCab-c,KCab-s",,VFB_jrmc2j7w,L,,,Roughly traced,
3361,166385,49,33,5.689041628691346e-05,KCab-s,KCab-s_L,Kenyon_Cell,,cb_intrinsic,11862,KCab,"KCab-m,KCab-c,KCab-s",,VFB_jrmc2jvf,L,,,Roughly traced,
3362,167780,49,28,5.689041628691346e-05,KCab-s,KCab-s_R,Kenyon_Cell,,cb_intrinsic,11862,KCab,"KCab-m,KCab-c,KCab-s",,VFB_jrmc2jza,R,,,Prelim Roughly traced,
3363,173807,49,31,5.689041628691346e-05,KCab-s,KCab-s_R,Kenyon_Cell,,cb_intrinsic,11862,KCab,"KCab-m,KCab-c,KCab-s",,VFB_jrmc2jmm,R,,,Prelim Roughly traced,
3364,190635,49,30,5.689041628691346e-05,PAM05,PAM05(B'2p)_R,DAN,,cb_intrinsic,92324,PAM05,PAM05,,VFB_jrmc1pt9,R,,,Roughly traced,
3365,266449,49,31,5.689041628691346e-05,KCab-s,KCab-s_R,Kenyon_Cell,,cb_intrinsic,11862,KCab,"KCab-m,KCab-c,KCab-s",,VFB_jrmc2jj8,R,,,Prelim Roughly traced,
3366,515810,49,10,5.689041628691346e-05,FB2M_a,FB2M_a_R,CX,,cb_intrinsic,10396,FB2M,FB2M,,VFB_jrmc302y,R,,,Roughly traced,
3367,517512,49,11,5.689041628691346e-05,ExR2,ExR2_L,CX,,cb_intrinsic,18156,ExR2,ExR2,,VFB_jrmc2zyx,L,,,Roughly traced,
3368,519624,49,4,5.689041628691346e-05,DNa03,DNa03_L,,it,descending_neuron,10360,DNa03,DNa03,DNa03,VFB_jrmc37m1,L,,,Prelim Roughly traced,
3369,521781,49,31,5.689041628691346e-05,KCab-s,KCab-s_R,Kenyon_Cell,,cb_intrinsic,11862,KCab,"KCab-m,KCab-c,KCab-s",,VFB_jrmc2jw0,R,,,Prelim Roughly traced,
3370,551700,49,29,5.689041628691346e-05,KCab-s,KCab-s_L,Kenyon_Cell,,cb_intrinsic,11862,KCab,"KCab-m,KCab-c,KCab-s",,VFB_jrmc2jx9,L,,,Roughly traced,
3371,10400,48,5,5.57293873830989e-05,LT83,LT83_L,,,visual_projection,,LT83,LT83,,VFB_jrmc24wl,L,,,Prelim Roughly traced,
3372,10457,48,18,5.57293873830989e-05,mALD1,mALD1_L,,,cb_intrinsic,10057,mALD1,mALD1,,VFB_jrmc02vz,L,,,Roughly traced,
3373,10831,48,5,5.57293873830989e-05,WED195,WED195_R,,,cb_intrinsic,10831,CB0495,,,VFB_jrmc00oq,R,LB,,Roughly traced,
3374,10874,48,3,5.57293873830989e-05,AVLP478,AVLP478_L,,,cb_intrinsic,,AVLP478,AVLP478,,VFB_jrmc3ixr,L,,,Roughly traced,
3375,11697,48,6,5.57293873830989e-05,AVLP500,AVLP500_L,,,cb_intrinsic,,AVLP500,AVLP500,,VFB_jrmc3izv,L,,,Roughly traced,
3376,12162,48,4,5.57293873830989e-05,LHCENT1,LHCENT1_L,,,cb_intrinsic,,LHCENT1,LHCENT1,,VFB_jrmc21wq,L,,,Roughly traced,
3377,12985,48,6,5.57293873830989e-05,CRE077,CRE077_L,,,cb_intrinsic,12985,CRE077,CRE077,,VFB_jrmc34xh,L,,,Roughly traced,
3378,12987,48,4,5.57293873830989e-05,Li12,Li12_R,,,ol_intrinsic,,Li27,Li12,,VFB_jrmc1yf9,R,,,Roughly traced,
3379,14859,48,6,5.57293873830989e-05,AVLP323,AVLP323_R,,,cb_intrinsic,10357,AVLP323,AVLP323,,VFB_jrmc3ilx,R,CG,,Roughly traced,
3380,14881,48,11,5.57293873830989e-05,GLNO,GLNO(LAL-NO1)_R,CX,,cb_intrinsic,12104,GLNO,GLNO,,VFB_jrmc2tad,R,CG,,Roughly traced,
3381,18749,48,15,5.57293873830989e-05,SMP116,SMP116_L,,,cb_intrinsic,18185,SMP116,SMP116,,VFB_jrmc1d2o,L,,,Roughly traced,
3382,19519,48,5,5.57293873830989e-05,CB0356,CB0356_R,,,cb_intrinsic,19508,CB0356,,,VFB_jrmc3f8k,R,,,Roughly traced,
3383,20213,48,5,5.57293873830989e-05,MeVP17,MeVP17_L,,,visual_projection,,MTe08,,,VFB_jrmc1v31,L,,,Prelim Roughly traced,
3384,20657,48,5,5.57293873830989e-05,AVLP551,AVLP551_R,,,cb_intrinsic,18925,"CB3859,CB3861",AVLP551,,VFB_jrmc3j4i,R,,,Roughly traced,
3385,21387,48,5,5.57293873830989e-05,,21387_R,,,cb_intrinsic,21387,"CB3609,CB3611",,,VFB_jrmc3jx7,R,,,Prelim Roughly traced,
3386,21833,48,7,5.57293873830989e-05,CRE078,CRE078_R,,,cb_intrinsic,12985,CRE078,CRE078,,VFB_jrmc34xm,R,,,Roughly traced,
3387,22700,48,8,5.57293873830989e-05,FB4Q_a,FB4Q_a_R,CX,,cb_intrinsic,12311,,FB4Q_a,,VFB_jrmc305s,R,,,Roughly traced,
3388,22838,48,9,5.57293873830989e-05,hDeltaH,hDeltaH_01_C1,CX,,cb_intrinsic,11512,hDeltaH,hDeltaH,,VFB_jrmc02kl,R,,,Prelim Roughly traced,
3389,23812,48,13,5.57293873830989e-05,FB4F_a,FB4F_a_L,CX,,cb_intrinsic,11994,FB4F,FB4F_a,,VFB_jrmc304h,L,CG,,Prelim Roughly traced,
3390,31786,48,11,5.57293873830989e-05,PFR_b,PFR_b(PB11b)_R3_C6,CX,,cb_intrinsic,13892,PFR_b,PFR_b,,VFB_jrmc1ike,R,,,Roughly traced,
3391,56274,48,26,5.57293873830989e-05,KCab-s,KCab-s_R,Kenyon_Cell,,cb_intrinsic,11862,KCab,"KCab-m,KCab-c,KCab-s",,VFB_jrmc2jti,R,,,Prelim Roughly traced,
3392,61116,48,25,5.57293873830989e-05,KCab-s,KCab-s_L,Kenyon_Cell,,cb_intrinsic,11862,KCab,"KCab-m,KCab-c,KCab-s",,VFB_jrmc2jx0,L,,,Roughly traced,
3393,63391,48,17,5.57293873830989e-05,PAM01,PAM01(y5)_R,DAN,,cb_intrinsic,63391,PAM01,PAM01,,VFB_jrmc1pqx,R,,,Roughly traced,
3394,65206,48,30,5.57293873830989e-05,KCab-s,KCab-s_R,Kenyon_Cell,,cb_intrinsic,11862,KCab,"KCab-m,KCab-c,KCab-s",,VFB_jrmc2jjn,R,,,Roughly traced,
3395,69694,48,29,5.57293873830989e-05,KCab-s,KCab-s_R,Kenyon_Cell,,cb_intrinsic,11862,KCab,"KCab-m,KCab-c,KCab-s",,VFB_jrmc2jk1,R,,,Roughly traced,
3396,69709,48,22,5.57293873830989e-05,KCab-m,KCab-m_L,Kenyon_Cell,,cb_intrinsic,11862,KCab,"KCab-m,KCab-c,KCab-s",,VFB_jrmc2jad,L,,,Roughly traced,
3397,69987,48,27,5.57293873830989e-05,KCab-s,KCab-s_R,Kenyon_Cell,,cb_intrinsic,11862,KCab,"KCab-m,KCab-c,KCab-s",,VFB_jrmc2jsl,R,,,Roughly traced,
3398,72433,48,20,5.57293873830989e-05,KCab-c,KCab-c_R,Kenyon_Cell,,cb_intrinsic,11862,KCab,"KCab-m,KCab-c,KCab-s",,VFB_jrmc2io0,R,,,Roughly traced,
3399,72855,48,31,5.57293873830989e-05,KCab-s,KCab-s_L,Kenyon_Cell,,cb_intrinsic,11862,KCab,"KCab-m,KCab-c,KCab-s",,VFB_jrmc2juq,L,,,Roughly traced,
3400,73306,48,27,5.57293873830989e-05,KCab-s,KCab-s_R,Kenyon_Cell,,cb_intrinsic,11862,KCab,"KCab-m,KCab-c,KCab-s",,VFB_jrmc2jrf,R,,,Prelim Roughly traced,
3401,76506,48,7,5.57293873830989e-05,vDeltaI_a,vDeltaI_a_C6,CX,,cb_intrinsic,11512,vDeltaI_a,vDeltaI,,VFB_jrmc03a7,R,,,Roughly traced,
3402,86717,48,27,5.57293873830989e-05,KCab-s,KCab-s_L,Kenyon_Cell,,cb_intrinsic,11862,KCab,"KCab-m,KCab-c,KCab-s",,VFB_jrmc2jyi,L,,,Roughly traced,
3403,86758,48,22,5.57293873830989e-05,KCab-s,KCab-s_R,Kenyon_Cell,,cb_intrinsic,11862,KCab,"KCab-m,KCab-c,KCab-s",,VFB_jrmc2jl0,R,,,Roughly traced,
3404,86811,48,27,5.57293873830989e-05,KCab-s,KCab-s_R,Kenyon_Cell,,cb_intrinsic,11862,KCab,"KCab-m,KCab-c,KCab-s",,VFB_jrmc2jxy,R,,,Roughly traced,
3405,91875,48,19,5.57293873830989e-05,PAM12,PAM12(y3)_L,DAN,,cb_intrinsic,61360,PAM12,PAM12,,VFB_jrmc1pxb,L,,,Roughly traced,
3406,94250,48,25,5.57293873830989e-05,PAM05,PAM05(B'2p)_L,DAN,,cb_intrinsic,72601,PAM05,PAM05,,VFB_jrmc1ptf,L,,,Roughly traced,
3407,98874,48,11,5.57293873830989e-05,PFNd,PFNd(PB04)_L8_C7,CX,,cb_intrinsic,10817,PFNd,PFNd,,VFB_jrmc1i92,L,,,Roughly traced,
3408,100878,48,31,5.57293873830989e-05,KCab-m,KCab-m_L,Kenyon_Cell,,cb_intrinsic,11862,KCab,"KCab-m,KCab-c,KCab-s",,VFB_jrmc2j6v,L,,,Roughly traced,
3409,102440,48,21,5.57293873830989e-05,KCab-m,KCab-m_L,Kenyon_Cell,,cb_intrinsic,11862,KCab,"KCab-m,KCab-c,KCab-s",,VFB_jrmc2j6w,L,,,Roughly traced,
3410,103423,48,27,5.57293873830989e-05,KCab-s,KCab-s_L,Kenyon_Cell,,cb_intrinsic,11862,KCab,"KCab-m,KCab-c,KCab-s",,VFB_jrmc2jno,L,,,Roughly traced,
3411,104723,48,25,5.57293873830989e-05,KCab-s,KCab-s_R,Kenyon_Cell,,cb_intrinsic,11862,KCab,"KCab-m,KCab-c,KCab-s",,VFB_jrmc2jxz,R,,,Roughly traced,
3412,106981,48,28,5.57293873830989e-05,KCab-s,KCab-s_R,Kenyon_Cell,,cb_intrinsic,11862,KCab,"KCab-m,KCab-c,KCab-s",,VFB_jrmc2jpu,R,,,Roughly traced,
3413,107657,48,28,5.57293873830989e-05,KCab-s,KCab-s_R,Kenyon_Cell,,cb_intrinsic,11862,KCab,"KCab-m,KCab-c,KCab-s",,VFB_jrmc2jue,R,,,Roughly traced,
3414,110112,48,31,5.57293873830989e-05,KCab-s,KCab-s_L,Kenyon_Cell,,cb_intrinsic,11862,KCab,"KCab-m,KCab-c,KCab-s",,VFB_jrmc2jnp,L,,,Roughly traced,
3415,118100,48,28,5.57293873830989e-05,KCg-m,KCg-m_L,Kenyon_Cell,,cb_intrinsic,14292,KCg-m,KCg-m,,VFB_jrmc2kss,L,,,Roughly traced,
3416,120567,48,25,5.57293873830989e-05,KCab-s,KCab-s_R,Kenyon_Cell,,cb_intrinsic,11862,KCab,"KCab-m,KCab-c,KCab-s",,VFB_jrmc2jm9,R,,,Roughly traced,
3417,122240,48,26,5.57293873830989e-05,KCab-m,KCab-m_L,Kenyon_Cell,,cb_intrinsic,11862,KCab,"KCab-m,KCab-c,KCab-s",,VFB_jrmc2j0u,L,,,Roughly traced,
3418,126963,48,8,5.57293873830989e-05,vDeltaI_a,vDeltaI_a_C7,CX,,cb_intrinsic,11512,vDeltaI_a,vDeltaI,,VFB_jrmc03ab,R,,,Roughly traced,
3419,128743,48,26,5.57293873830989e-05,KCab-s,KCab-s_L,Kenyon_Cell,,cb_intrinsic,11862,KCab,"KCab-m,KCab-c,KCab-s",,VFB_jrmc2jyd,L,,,Roughly traced,
3420,131797,48,25,5.57293873830989e-05,KCab-s,KCab-s_L,Kenyon_Cell,,cb_intrinsic,11862,KCab,"KCab-m,KCab-c,KCab-s",,VFB_jrmc2jnt,L,,,Roughly traced,
3421,133864,48,29,5.57293873830989e-05,KCab-s,KCab-s_L,Kenyon_Cell,,cb_intrinsic,11862,KCab,"KCab-m,KCab-c,KCab-s",,VFB_jrmc2jws,L,,,Roughly traced,
3422,138875,48,26,5.57293873830989e-05,KCab-m,KCab-m_L,Kenyon_Cell,,cb_intrinsic,11862,KCab,"KCab-m,KCab-c,KCab-s",,VFB_jrmc2jdt,L,,,Roughly traced,
3423,141295,48,4,5.57293873830989e-05,PFNm_b,PFNm_b_R3_C8,CX,,cb_intrinsic,14631,PFNm,PFNm_b,,VFB_jrmc1iak,R,,,Prelim Roughly traced,
3424,142531,48,25,5.57293873830989e-05,KCab-s,KCab-s_L,Kenyon_Cell,,cb_intrinsic,11862,KCab,"KCab-m,KCab-c,KCab-s",,VFB_jrmc2jvc,L,,,Roughly traced,
3425,160889,48,26,5.57293873830989e-05,KCab-m,KCab-m_R,Kenyon_Cell,,cb_intrinsic,11862,KCab,"KCab-m,KCab-c,KCab-s",,VFB_jrmc2j9o,R,,,Prelim Roughly traced,
3426,163450,48,29,5.57293873830989e-05,KCab-m,KCab-m_L,Kenyon_Cell,,cb_intrinsic,11862,KCab,"KCab-m,KCab-c,KCab-s",,VFB_jrmc2j1m,L,,,Roughly traced,
3427,163808,48,29,5.57293873830989e-05,KCab-s,KCab-s_L,Kenyon_Cell,,cb_intrinsic,11862,KCab,"KCab-m,KCab-c,KCab-s",,VFB_jrmc2jww,L,,,Roughly traced,
3428,164966,48,23,5.57293873830989e-05,KCab-m,KCab-m_L,Kenyon_Cell,,cb_intrinsic,11862,KCab,"KCab-m,KCab-c,KCab-s",,VFB_jrmc2jdl,L,,,Roughly traced,
3429,165187,48,25,5.57293873830989e-05,PAM05,PAM05(B'2p)_R,DAN,,cb_intrinsic,92324,PAM05,PAM05,,VFB_jrmc1pt6,R,,,Roughly traced,
3430,168916,48,25,5.57293873830989e-05,KCab-m,KCab-m_L,Kenyon_Cell,,cb_intrinsic,11862,KCab,"KCab-m,KCab-c,KCab-s",,VFB_jrmc2j5w,L,,,Roughly traced,
3431,169369,48,27,5.57293873830989e-05,KCab-c,KCab-c_L,Kenyon_Cell,,cb_intrinsic,11862,KCab,"KCab-m,KCab-c,KCab-s",,VFB_jrmc2ita,L,,,Roughly traced,
3432,177010,48,33,5.57293873830989e-05,KCab-m,KCab-m_L,Kenyon_Cell,,cb_intrinsic,11862,KCab,"KCab-m,KCab-c,KCab-s",,VFB_jrmc2j85,L,,,Roughly traced,
3433,273182,48,19,5.57293873830989e-05,PAM11,PAM11(a1)_L,DAN,,cb_intrinsic,119763,PAM11,PAM11,,VFB_jrmc1px0,L,,,Roughly traced,
3434,500003,48,24,5.57293873830989e-05,KCab-s,KCab-s_R,Kenyon_Cell,,cb_intrinsic,11862,KCab,"KCab-m,KCab-c,KCab-s",,VFB_jrmc2jse,R,,,Prelim Roughly traced,
3435,512041,48,14,5.57293873830989e-05,FB4F_a,FB4F_a_R,CX,,cb_intrinsic,11994,FB4F,FB4F_a,,VFB_jrmc304g,R,CG,,Prelim Roughly traced,
3436,512347,48,4,5.57293873830989e-05,AVLP153,AVLP153_L,,,cb_intrinsic,16624,AVLP153,AVLP153,,VFB_jrmc3i5u,L,,,Roughly traced,
3437,515811,48,9,5.57293873830989e-05,SIP064,SIP064_R,,,cb_intrinsic,,SIP064,SIP064,,VFB_jrmc1bj8,R,,,Roughly traced,
3438,519296,48,17,5.57293873830989e-05,AVLP477,AVLP477_R,,,cb_intrinsic,,AVLP477,AVLP477,,VFB_jrmc3ixo,R,,,Roughly traced,
3439,523564,48,5,5.57293873830989e-05,PVLP011,PVLP011_L,,,cb_intrinsic,,PVLP011,PVLP011,,VFB_jrmc1k71,L,,,Roughly traced,
3440,526642,48,11,5.57293873830989e-05,FB2H_b,FB2H_b_L,CX,,cb_intrinsic,10396,"CB.FB2E3,CB.FB2E4",FB2H_b,,VFB_jrmc3020,L,,,Roughly traced,
3441,532715,48,23,5.57293873830989e-05,PAM05,PAM05(B'2p)_L,DAN,,cb_intrinsic,92324,PAM05,PAM05,,VFB_jrmc1ptj,L,,,Roughly traced,
3442,532800,48,15,5.57293873830989e-05,PFR_b,PFR_b(PB11b)_R5_C4,CX,,cb_intrinsic,13892,PFR_b,PFR_b,,VFB_jrmc1ik5,R,,,Roughly traced,
3443,539675,48,7,5.57293873830989e-05,vDeltaI_a,vDeltaI_a_C0,CX,,cb_intrinsic,11512,vDeltaI_a,vDeltaI,,VFB_jrmc03aj,L,,,Roughly traced,
3444,558665,48,25,5.57293873830989e-05,MBON10,MBON10(B'1)_R,MBON,,cb_intrinsic,27954,MBON10,MBON10,,VFB_jrmc209n,R,,,Roughly traced,
3445,566096,48,30,5.57293873830989e-05,KCg-m,KCg-m_R,Kenyon_Cell,,cb_intrinsic,14292,KCg-m,KCg-m,,VFB_jrmc2ka6,R,,,Prelim Roughly traced,
3446,575369,48,30,5.57293873830989e-05,KCab-s,KCab-s_L,Kenyon_Cell,,cb_intrinsic,11862,KCab,"KCab-m,KCab-c,KCab-s",,VFB_jrmc2jv1,L,,,Roughly traced,
3447,579717,48,29,5.57293873830989e-05,KCg-m,KCg-m_R,Kenyon_Cell,,cb_intrinsic,14292,KCg-m,KCg-m,,VFB_jrmc2ka8,R,,,Roughly traced,
3448,10029,47,5,5.456835847928434e-05,LoVC16,LoVC16_R,,,visual_centrifugal,,cL21,PVLP132,,VFB_jrmc1zmu,R,,,Roughly traced,
3449,10057,47,16,5.456835847928434e-05,mALD1,mALD1_R,,,cb_intrinsic,10057,mALD1,mALD1,,VFB_jrmc02w0,R,,,Roughly traced,
3450,10109,47,15,5.456835847928434e-05,VES041,VES041_L,,,cb_intrinsic,,VES041,VES041,,VFB_jrmc077s,L,,,Roughly traced,
3451,10975,47,4,5.456835847928434e-05,DNa03,DNa03_R,,it,descending_neuron,10360,DNa03,DNa03,DNa03,VFB_jrmc37m2,R,,,Prelim Roughly traced,
3452,10987,47,10,5.456835847928434e-05,CL311,CL311_R,,,cb_intrinsic,10487,CL311,CL311,,VFB_jrmc34nn,R,CG,,Roughly traced,
3453,11569,47,6,5.456835847928434e-05,5-HTPLP01,5-HTPLP01_L,,,cb_intrinsic,,5-HTPLP01,5-HTPLP01,,VFB_jrmc3ftr,L,,,Roughly traced,
3454,11903,47,10,5.456835847928434e-05,LHPV3c1,LHPV3c1_R,,,cb_intrinsic,,LHPV3c1,LHPV3c1,,VFB_jrmc227l,R,,,Roughly traced,
3455,12518,47,8,5.456835847928434e-05,PVLP121,PVLP121_R,,,cb_intrinsic,12518,PVLP121,PVLP121,,VFB_jrmc1kgo,R,,,Roughly traced,
3456,13400,47,7,5.456835847928434e-05,AVLP565,AVLP565_R,,,cb_intrinsic,,AVLP565,AVLP565,,VFB_jrmc3j5l,R,,,Roughly traced,
3457,13902,47,10,5.456835847928434e-05,FB2I_a,FB2I_a_L,CX,,cb_intrinsic,10396,CB.FB2E9,FB2I_a,,VFB_jrmc3029,L,,,Roughly traced,
3458,15358,47,6,5.456835847928434e-05,AVLP730m,AVLP730m_L,,,cb_intrinsic,10657,,,,VFB_jrmc3jba,L,,,Roughly traced,
3459,18924,47,5,5.456835847928434e-05,PVLP080_a,PVLP080_a_R,,,cb_intrinsic,11313,PVLP080a,PVLP080,,VFB_jrmc1kby,R,,,Prelim Roughly traced,
3460,22683,47,10,5.456835847928434e-05,hDeltaM,hDeltaM_C7,CX,,cb_intrinsic,11512,hDeltaM,hDeltaM,,VFB_jrmc02n5,L,,,Prelim Roughly traced,
3461,25352,47,5,5.456835847928434e-05,AVLP529,AVLP529_R,,,cb_intrinsic,22357,CB1842,AVLP529,,VFB_jrmc3j1w,R,CG,,Prelim Roughly traced,
3462,32451,47,10,5.456835847928434e-05,PFR_a,PFR_a(PB11a)_L8_C8,CX,,cb_intrinsic,13892,PFR_a,PFR_a,,VFB_jrmc1ijt,L,,,Roughly traced,
3463,33307,47,11,5.456835847928434e-05,PFNv,PFNv(PB05)_L3_C2,CX,,cb_intrinsic,10817,PFNv,PFNv,,VFB_jrmc1ij1,L,,,Roughly traced,
3464,33382,47,10,5.456835847928434e-05,FC2A,FC2A_C8_R,CX,,cb_intrinsic,23643,FC2A,FC2A,,VFB_jrmc2stz,R,,,Roughly traced,
3465,36137,47,3,5.456835847928434e-05,LAL150,LAL150_R,,,cb_intrinsic,21400,LAL150a,LAL150,,VFB_jrmc2cyk,R,,,Roughly traced,
3466,43127,47,9,5.456835847928434e-05,PFNd,PFNd(PB04)_R2_C8,CX,,cb_intrinsic,10817,PFNd,PFNd,,VFB_jrmc1i8t,R,,,Roughly traced,
3467,46592,47,28,5.456835847928434e-05,KCab-s,KCab-s_R,Kenyon_Cell,,cb_intrinsic,11862,KCab,"KCab-m,KCab-c,KCab-s",,VFB_jrmc2jr8,R,,,Roughly traced,
3468,48030,47,27,5.456835847928434e-05,KCab-s,KCab-s_L,Kenyon_Cell,,cb_intrinsic,11862,KCab,"KCab-m,KCab-c,KCab-s",,VFB_jrmc2jxb,L,,,Roughly traced,
3469,56350,47,13,5.456835847928434e-05,FB4O,FB4O_R,CX,,cb_intrinsic,12311,FB4O,FB4O,,VFB_jrmc305f,R,,,Roughly traced,
3470,60948,47,30,5.456835847928434e-05,KCab-s,KCab-s_L,Kenyon_Cell,,cb_intrinsic,11862,KCab,"KCab-m,KCab-c,KCab-s",,VFB_jrmc2jnc,L,,,Roughly traced,
3471,61517,47,29,5.456835847928434e-05,KCab-s,KCab-s_L,Kenyon_Cell,,cb_intrinsic,11862,KCab,"KCab-m,KCab-c,KCab-s",,VFB_jrmc2jwk,L,,,Roughly traced,
3472,62624,47,27,5.456835847928434e-05,KCab-s,KCab-s_R,Kenyon_Cell,,cb_intrinsic,11862,KCab,"KCab-m,KCab-c,KCab-s",,VFB_jrmc2joi,R,,,Roughly traced,
3473,62753,47,28,5.456835847928434e-05,KCab-s,KCab-s_L,Kenyon_Cell,,cb_intrinsic,11862,KCab,"KCab-m,KCab-c,KCab-s",,VFB_jrmc2jy3,L,,,Roughly traced,
3474,63156,47,26,5.456835847928434e-05,KCab-s,KCab-s_R,Kenyon_Cell,,cb_intrinsic,11862,KCab,"KCab-m,KCab-c,KCab-s",,VFB_jrmc2jjm,R,,,Roughly traced,
3475,68162,47,24,5.456835847928434e-05,KCab-s,KCab-s_L,Kenyon_Cell,,cb_intrinsic,11862,KCab,"KCab-m,KCab-c,KCab-s",,VFB_jrmc2jup,L,,,Roughly traced,
3476,69446,47,25,5.456835847928434e-05,KCab-s,KCab-s_R,Kenyon_Cell,,cb_intrinsic,11862,KCab,"KCab-m,KCab-c,KCab-s",,VFB_jrmc2jvx,R,,,Roughly traced,
3477,69472,47,32,5.456835847928434e-05,KCab-s,KCab-s_R,Kenyon_Cell,,cb_intrinsic,11862,KCab,"KCab-m,KCab-c,KCab-s",,VFB_jrmc2jtm,R,,,Roughly traced,
3478,71627,47,25,5.456835847928434e-05,KCab-s,KCab-s_R,Kenyon_Cell,,cb_intrinsic,11862,KCab,"KCab-m,KCab-c,KCab-s",,VFB_jrmc2jrc,R,,,Roughly traced,
3479,71855,47,13,5.456835847928434e-05,FC2A,FC2A_C3_L,CX,,cb_intrinsic,23643,FC2A,FC2A,,VFB_jrmc2stq,L,,,Roughly traced,
3480,71907,47,24,5.456835847928434e-05,KCab-m,KCab-m_L,Kenyon_Cell,,cb_intrinsic,11862,KCab,"KCab-m,KCab-c,KCab-s",,VFB_jrmc2j4w,L,,,Roughly traced,
3481,71970,47,27,5.456835847928434e-05,KCab-s,KCab-s_L,Kenyon_Cell,,cb_intrinsic,11862,KCab,"KCab-m,KCab-c,KCab-s",,VFB_jrmc2jzv,L,,,Roughly traced,
3482,74740,47,27,5.456835847928434e-05,KCab-s,KCab-s_R,Kenyon_Cell,,cb_intrinsic,11862,KCab,"KCab-m,KCab-c,KCab-s",,VFB_jrmc2jk9,R,,,Prelim Roughly traced,
3483,75968,47,36,5.456835847928434e-05,KCab-m,KCab-m_L,Kenyon_Cell,,cb_intrinsic,11862,KCab,"KCab-m,KCab-c,KCab-s",,VFB_jrmc2jds,L,,,Roughly traced,
3484,80309,47,21,5.456835847928434e-05,KCab-m,KCab-m_L,Kenyon_Cell,,cb_intrinsic,11862,KCab,"KCab-m,KCab-c,KCab-s",,VFB_jrmc2j6f,L,,,Roughly traced,
3485,80348,47,24,5.456835847928434e-05,KCab-m,KCab-m_L,Kenyon_Cell,,cb_intrinsic,11862,KCab,"KCab-m,KCab-c,KCab-s",,VFB_jrmc2j6g,L,,,Roughly traced,
3486,82798,47,26,5.456835847928434e-05,KCab-s,KCab-s_R,Kenyon_Cell,,cb_intrinsic,11862,KCab,"KCab-m,KCab-c,KCab-s",,VFB_jrmc2jst,R,,,Roughly traced,
3487,83089,47,28,5.456835847928434e-05,KCab-m,KCab-m_L,Kenyon_Cell,,cb_intrinsic,11862,KCab,"KCab-m,KCab-c,KCab-s",,VFB_jrmc2j6h,L,,,Roughly traced,
3488,83624,47,25,5.456835847928434e-05,KCab-s,KCab-s_R,Kenyon_Cell,,cb_intrinsic,11862,KCab,"KCab-m,KCab-c,KCab-s",,VFB_jrmc2jrr,R,,,Roughly traced,
3489,84299,47,21,5.456835847928434e-05,KCab-m,KCab-m_L,Kenyon_Cell,,cb_intrinsic,11862,KCab,"KCab-m,KCab-c,KCab-s",,VFB_jrmc2izq,L,,,Roughly traced,
3490,90812,47,20,5.456835847928434e-05,KCab-s,KCab-s_R,Kenyon_Cell,,cb_intrinsic,11862,KCab,"KCab-m,KCab-c,KCab-s",,VFB_jrmc2jo3,R,,,Roughly traced,
3491,95092,47,24,5.456835847928434e-05,KCab-m,KCab-m_L,Kenyon_Cell,,cb_intrinsic,11862,KCab,"KCab-m,KCab-c,KCab-s",,VFB_jrmc2izv,L,,,Roughly traced,
3492,95585,47,30,5.456835847928434e-05,KCab-s,KCab-s_R,Kenyon_Cell,,cb_intrinsic,11862,KCab,"KCab-m,KCab-c,KCab-s",,VFB_jrmc2jlm,R,,,Roughly traced,
3493,96131,47,25,5.456835847928434e-05,KCab-s,KCab-s_R,Kenyon_Cell,,cb_intrinsic,11862,KCab,"KCab-m,KCab-c,KCab-s",,VFB_jrmc2jo6,R,,,Roughly traced,
3494,96847,47,25,5.456835847928434e-05,KCab-m,KCab-m_L,Kenyon_Cell,,cb_intrinsic,11862,KCab,"KCab-m,KCab-c,KCab-s",,VFB_jrmc2izw,L,,,Roughly traced,
3495,96963,47,30,5.456835847928434e-05,KCab-s,KCab-s_R,Kenyon_Cell,,cb_intrinsic,11862,KCab,"KCab-m,KCab-c,KCab-s",,VFB_jrmc2jrz,R,,,Roughly traced,
3496,101786,47,32,5.456835847928434e-05,KCab-s,KCab-s_L,Kenyon_Cell,,cb_intrinsic,11862,KCab,"KCab-m,KCab-c,KCab-s",,VFB_jrmc2jwo,L,,,Roughly traced,
3497,102719,47,25,5.456835847928434e-05,KCab-s,KCab-s_L,Kenyon_Cell,,cb_intrinsic,11862,KCab,"KCab-m,KCab-c,KCab-s",,VFB_jrmc2jqv,L,,,Roughly traced,
3498,103728,47,24,5.456835847928434e-05,KCab-s,KCab-s_L,Kenyon_Cell,,cb_intrinsic,11862,KCab,"KCab-m,KCab-c,KCab-s",,VFB_jrmc2jqw,L,,,Roughly traced,
3499,109624,47,19,5.456835847928434e-05,PAM08,PAM08(y4)_L,DAN,,cb_intrinsic,47196,PAM08,PAM08,,VFB_jrmc1pvr,L,,,Prelim Roughly traced,
3500,114889,47,25,5.456835847928434e-05,KCab-m,KCab-m_L,Kenyon_Cell,,cb_intrinsic,11862,KCab,"KCab-m,KCab-c,KCab-s",,VFB_jrmc2j73,L,,,Roughly traced,
3501,118504,47,23,5.456835847928434e-05,KCab-s,KCab-s_R,Kenyon_Cell,,cb_intrinsic,11862,KCab,"KCab-m,KCab-c,KCab-s",,VFB_jrmc2jix,R,,,Roughly traced,
3502,119240,47,28,5.456835847928434e-05,KCab-m,KCab-m_L,Kenyon_Cell,,cb_intrinsic,11862,KCab,"KCab-m,KCab-c,KCab-s",,VFB_jrmc2jal,L,,,Roughly traced,
3503,123544,47,26,5.456835847928434e-05,KCab-s,KCab-s_R,Kenyon_Cell,,cb_intrinsic,11862,KCab,"KCab-m,KCab-c,KCab-s",,VFB_jrmc2jmc,R,,,Prelim Roughly traced,
3504,130392,47,26,5.456835847928434e-05,KCab-s,KCab-s_R,Kenyon_Cell,,cb_intrinsic,11862,KCab,"KCab-m,KCab-c,KCab-s",,VFB_jrmc2ju5,R,,,Prelim Roughly traced,
3505,136215,47,29,5.456835847928434e-05,PAM06,PAM06(B'2m)_L,DAN,,cb_intrinsic,92324,PAM06,PAM06,,VFB_jrmc1pud,L,,,Roughly traced,
3506,140457,47,29,5.456835847928434e-05,KCab-s,KCab-s_L,Kenyon_Cell,,cb_intrinsic,11862,KCab,"KCab-m,KCab-c,KCab-s",,VFB_jrmc2jyn,L,,,Roughly traced,
3507,143033,47,31,5.456835847928434e-05,KCab-s,KCab-s_L,Kenyon_Cell,,cb_intrinsic,11862,KCab,"KCab-m,KCab-c,KCab-s",,VFB_jrmc2ji0,L,,,Roughly traced,
3508,147857,47,19,5.456835847928434e-05,PAM11,PAM11(a1)_L,DAN,,cb_intrinsic,114661,PAM11,PAM11,,VFB_jrmc1pwy,L,,,Roughly traced,
3509,152326,47,20,5.456835847928434e-05,PAM13,PAM13(B'1ap)_L,DAN,,cb_intrinsic,115868,PAM13,PAM13,,VFB_jrmc1pxw,L,,,Roughly traced,
3510,152889,47,26,5.456835847928434e-05,KCab-s,KCab-s_R,Kenyon_Cell,,cb_intrinsic,11862,KCab,"KCab-m,KCab-c,KCab-s",,VFB_jrmc2jmj,R,,,Prelim Roughly traced,
3511,157213,47,27,5.456835847928434e-05,KCab-s,KCab-s_L,Kenyon_Cell,,cb_intrinsic,11862,KCab,"KCab-m,KCab-c,KCab-s",,VFB_jrmc2jwv,L,,,Roughly traced,
3512,159654,47,31,5.456835847928434e-05,KCab-m,KCab-m_L,Kenyon_Cell,,cb_intrinsic,11862,KCab,"KCab-m,KCab-c,KCab-s",,VFB_jrmc2j1h,L,,,Roughly traced,
3513,174181,47,28,5.456835847928434e-05,KCab-s,KCab-s_L,Kenyon_Cell,,cb_intrinsic,11862,KCab,"KCab-m,KCab-c,KCab-s",,VFB_jrmc2ji3,L,,,Roughly traced,
3514,179084,47,30,5.456835847928434e-05,KCab-s,KCab-s_L,Kenyon_Cell,,cb_intrinsic,11862,KCab,"KCab-m,KCab-c,KCab-s",,VFB_jrmc2jr5,L,,,Roughly traced,
3515,183567,47,22,5.456835847928434e-05,PAM13,PAM13(B'1ap)_L,DAN,,cb_intrinsic,103433,PAM13,PAM13,,VFB_jrmc1py9,L,,,Roughly traced,
3516,185655,47,31,5.456835847928434e-05,KCab-s,KCab-s_L,Kenyon_Cell,,cb_intrinsic,11862,KCab,"KCab-m,KCab-c,KCab-s",,VFB_jrmc2jvh,L,,,Roughly traced,
3517,519850,47,3,5.456835847928434e-05,DA4m_adPN,DA4m_adPN_R,ALPN,,cb_intrinsic,11135,DA4m_adPN,DA4m_adPN,,VFB_jrmc37hu,R,,,Prelim Roughly traced,
3518,520576,47,5,5.456835847928434e-05,PVLP080_a,PVLP080_a_L,,,cb_intrinsic,11313,PVLP080a,PVLP080,,VFB_jrmc1kbz,L,,,Roughly traced,
3519,521971,47,22,5.456835847928434e-05,CRE023,CRE023_R,,,cb_intrinsic,,CRE023,CRE023,,VFB_jrmc34st,R,,,Roughly traced,
3520,522706,47,3,5.456835847928434e-05,LAL207,LAL207(hb1760327095)_R,,,cb_intrinsic,,CB0689,(hb1760327095),,VFB_jrmc2d2s,R,,,Roughly traced,
3521,524503,47,17,5.456835847928434e-05,OA-ASM2,OA-ASM2_L,,,cb_intrinsic,,OA-ASM2,OA-ASM2,,VFB_jrmc1nfr,L,,,Roughly traced,
3522,529549,47,12,5.456835847928434e-05,SMP178,SMP178_L,,,cb_intrinsic,10363,SMP178,SMP178,,VFB_jrmc1d7j,L,,,Roughly traced,
3523,534561,47,7,5.456835847928434e-05,FC1B,FC1B_C3_L,CX,,cb_intrinsic,27502,"FC1A,FC1B,FC1F",FC1B,,VFB_jrmc2sqo,L,,,Roughly traced,
3524,10749,46,5,5.340732957546978e-05,AVLP289,AVLP289_L,,,cb_intrinsic,,AVLP289,AVLP289,,VFB_jrmc3iht,L,,,Roughly traced,
3525,11945,46,21,5.340732957546978e-05,CRE100,CRE100_R,,,cb_intrinsic,,CRE100,CRE100,,VFB_jrmc34zo,R,,,Roughly traced,
3526,12107,46,11,5.340732957546978e-05,LAL137,LAL137_L,,,cb_intrinsic,,LAL137,LAL137,,VFB_jrmc2cxg,L,,,Roughly traced,
3527,12910,46,2,5.340732957546978e-05,LAL051,LAL051_R,,,cb_intrinsic,12910,LAL051,LAL051,,VFB_jrmc2cq5,R,,,Roughly traced,
3528,13473,46,4,5.340732957546978e-05,LoVP49,LoVP49_R,,,visual_projection,,LTe15,,,VFB_jrmc2012,R,,,Roughly traced,
3529,13732,46,14,5.340732957546978e-05,hDeltaI,hDeltaI_07_C6,CX,,cb_intrinsic,11512,hDeltaI,hDeltaI,,VFB_jrmc02kz,R,,,Prelim Roughly traced,
3530,16343,46,4,5.340732957546978e-05,ER4d,ER4d_R,CX,,cb_intrinsic,13094,ER4d,ER4d,,VFB_jrmc2zxj,R,,,Prelim Roughly traced,
3531,16659,46,5,5.340732957546978e-05,PVLP011,PVLP011_R,,,cb_intrinsic,,PVLP011,PVLP011,,VFB_jrmc1k70,R,,,Roughly traced,
3532,18751,46,4,5.340732957546978e-05,AVLP285,AVLP285_R,,,cb_intrinsic,10657,CB4166,AVLP285,,VFB_jrmc3ihk,R,,,Roughly traced,
3533,18844,46,8,5.340732957546978e-05,MB-C1,MB-C1_R,,,cb_intrinsic,18534,MB-C1,MB-C1,,VFB_jrmc2091,R,,,Prelim Roughly traced,
3534,19385,46,11,5.340732957546978e-05,LHPD2c7,LHPD2c7_L,,,cb_intrinsic,,LHPD2c7,LHPD2c7,,VFB_jrmc21zs,L,,,Roughly traced,
3535,25982,46,9,5.340732957546978e-05,PFNd,PFNd(PB04)_L2_C1,CX,,cb_intrinsic,10817,PFNd,PFNd,,VFB_jrmc1i8c,L,,,Roughly traced,
3536,26038,46,12,5.340732957546978e-05,PFL3,PFL3(PB12c)_L5_C7,CX,,cb_intrinsic,11557,PFL3,PFL3,,VFB_jrmc1i5b,L,,,Roughly traced,
3537,26718,46,15,5.340732957546978e-05,FB4F_c,FB4F_c_L,CX,,cb_intrinsic,11994,FB4F,FB4F_a,,VFB_jrmc304o,L,CG,,Prelim Roughly traced,
3538,26794,46,9,5.340732957546978e-05,FB2F_b,FB2F_b_R,CX,,cb_intrinsic,10396,FB2F_b,FB2F_b,,VFB_jrmc301e,R,,,Roughly traced,
3539,57219,46,22,5.340732957546978e-05,KCab-s,KCab-s_R,Kenyon_Cell,,cb_intrinsic,11862,KCab,"KCab-m,KCab-c,KCab-s",,VFB_jrmc2joe,R,,,Roughly traced,
3540,57879,46,21,5.340732957546978e-05,KCab-s,KCab-s_R,Kenyon_Cell,,cb_intrinsic,11862,KCab,"KCab-m,KCab-c,KCab-s",,VFB_jrmc2jog,R,,,Roughly traced,
3541,58565,46,9,5.340732957546978e-05,FC1B,FC1B_C8_L,CX,,cb_intrinsic,27502,"FC1A,FC1B,FC1F",FC1B,,VFB_jrmc2sql,L,,,Roughly traced,
3542,59108,46,12,5.340732957546978e-05,PFR_a,PFR_a(PB11a)_R6_C4,CX,,cb_intrinsic,13892,PFR_a,PFR_a,,VFB_jrmc1ijw,R,,,Roughly traced,
3543,65205,46,23,5.340732957546978e-05,KCab-s,KCab-s_R,Kenyon_Cell,,cb_intrinsic,11862,KCab,"KCab-m,KCab-c,KCab-s",,VFB_jrmc2jyz,R,,,Roughly traced,
3544,65940,46,25,5.340732957546978e-05,KCab-s,KCab-s_R,Kenyon_Cell,,cb_intrinsic,11862,KCab,"KCab-m,KCab-c,KCab-s",,VFB_jrmc2jjp,R,,,Roughly traced,
3545,67977,46,24,5.340732957546978e-05,KCab-s,KCab-s_R,Kenyon_Cell,,cb_intrinsic,11862,KCab,"KCab-m,KCab-c,KCab-s",,VFB_jrmc2jtl,R,,,Roughly traced,
3546,68287,46,25,5.340732957546978e-05,KCab-s,KCab-s_R,Kenyon_Cell,,cb_intrinsic,11862,KCab,"KCab-m,KCab-c,KCab-s",,VFB_jrmc2jsk,R,,,Roughly traced,
3547,72559,46,26,5.340732957546978e-05,KCab-s,KCab-s_L,Kenyon_Cell,,cb_intrinsic,11862,KCab,"KCab-m,KCab-c,KCab-s",,VFB_jrmc2jnf,L,,,Roughly traced,
3548,75908,46,27,5.340732957546978e-05,KCab-m,KCab-m_L,Kenyon_Cell,,cb_intrinsic,11862,KCab,"KCab-m,KCab-c,KCab-s",,VFB_jrmc2j4x,L,,,Roughly traced,
3549,76436,46,25,5.340732957546978e-05,KCab-s,KCab-s_R,Kenyon_Cell,,cb_intrinsic,11862,KCab,"KCab-m,KCab-c,KCab-s",,VFB_jrmc2jrk,R,,,Roughly traced,
3550,77505,46,32,5.340732957546978e-05,KCab-m,KCab-m_L,Kenyon_Cell,,cb_intrinsic,11862,KCab,"KCab-m,KCab-c,KCab-s",,VFB_jrmc2jcd,L,,,Roughly traced,
3551,79821,46,22,5.340732957546978e-05,KCab-s,KCab-s_R,Kenyon_Cell,,cb_intrinsic,11862,KCab,"KCab-m,KCab-c,KCab-s",,VFB_jrmc2jtr,R,,,Roughly traced,
3552,85711,46,22,5.340732957546978e-05,KCab-s,KCab-s_R,Kenyon_Cell,,cb_intrinsic,11862,KCab,"KCab-m,KCab-c,KCab-s",,VFB_jrmc2jkx,R,,,Roughly traced,
3553,88588,46,27,5.340732957546978e-05,KCab-m,KCab-m_R,Kenyon_Cell,,cb_intrinsic,11862,KCab,"KCab-m,KCab-c,KCab-s",,VFB_jrmc2ja3,R,,,Roughly traced,
3554,92031,46,28,5.340732957546978e-05,KCab-s,KCab-s_R,Kenyon_Cell,,cb_intrinsic,11862,KCab,"KCab-m,KCab-c,KCab-s",,VFB_jrmc2jld,R,,,Roughly traced,
3555,93786,46,22,5.340732957546978e-05,KCab-m,KCab-m_L,Kenyon_Cell,,cb_intrinsic,11862,KCab,"KCab-m,KCab-c,KCab-s",,VFB_jrmc2j6q,L,,,Roughly traced,
3556,95590,46,29,5.340732957546978e-05,KCab-s,KCab-s_R,Kenyon_Cell,,cb_intrinsic,11862,KCab,"KCab-m,KCab-c,KCab-s",,VFB_jrmc2jln,R,,,Roughly traced,
3557,98318,46,31,5.340732957546978e-05,KCab-s,KCab-s_L,Kenyon_Cell,,cb_intrinsic,11862,KCab,"KCab-m,KCab-c,KCab-s",,VFB_jrmc2jut,L,,,Roughly traced,
3558,99819,46,23,5.340732957546978e-05,KCab-m,KCab-m_R,Kenyon_Cell,,cb_intrinsic,11862,KCab,"KCab-m,KCab-c,KCab-s",,VFB_jrmc2jc8,R,,,Roughly traced,
3559,103421,46,28,5.340732957546978e-05,KCab-m,KCab-m_L,Kenyon_Cell,,cb_intrinsic,11862,KCab,"KCab-m,KCab-c,KCab-s",,VFB_jrmc2j6x,L,,,Roughly traced,
3560,103502,46,26,5.340732957546978e-05,KCab-s,KCab-s_L,Kenyon_Cell,,cb_intrinsic,11862,KCab,"KCab-m,KCab-c,KCab-s",,VFB_jrmc2jhw,L,,,Roughly traced,
3561,106762,46,24,5.340732957546978e-05,KCab-m,KCab-m_L,Kenyon_Cell,,cb_intrinsic,11862,KCab,"KCab-m,KCab-c,KCab-s",,VFB_jrmc2jdq,L,,,Roughly traced,
3562,106893,46,29,5.340732957546978e-05,KCab-s,KCab-s_R,Kenyon_Cell,,cb_intrinsic,11862,KCab,"KCab-m,KCab-c,KCab-s",,VFB_jrmc2ju2,R,,,Roughly traced,
3563,108576,46,26,5.340732957546978e-05,PAM13,PAM13(B'1ap)_R,DAN,,cb_intrinsic,103433,PAM13,PAM13,,VFB_jrmc1py5,R,,,Roughly traced,
3564,108610,46,27,5.340732957546978e-05,KCab-m,KCab-m_L,Kenyon_Cell,,cb_intrinsic,11862,KCab,"KCab-m,KCab-c,KCab-s",,VFB_jrmc2j0e,L,,,Roughly traced,
3565,112026,46,28,5.340732957546978e-05,KCab-m,KCab-m_L,Kenyon_Cell,,cb_intrinsic,11862,KCab,"KCab-m,KCab-c,KCab-s",,VFB_jrmc2j0i,L,,,Roughly traced,
3566,114290,46,26,5.340732957546978e-05,KCab-c,KCab-c_L,Kenyon_Cell,,cb_intrinsic,11862,KCab,"KCab-m,KCab-c,KCab-s",,VFB_jrmc2iyi,L,,,Roughly traced,
3567,118841,46,23,5.340732957546978e-05,KCab-s,KCab-s_L,Kenyon_Cell,,cb_intrinsic,11862,KCab,"KCab-m,KCab-c,KCab-s",,VFB_jrmc2jqz,L,,,Roughly traced,
3568,119852,46,27,5.340732957546978e-05,KCab-s,KCab-s_R,Kenyon_Cell,,cb_intrinsic,11862,KCab,"KCab-m,KCab-c,KCab-s",,VFB_jrmc2jy0,R,,,Roughly traced,
3569,136233,46,23,5.340732957546978e-05,KCab-s,KCab-s_L,Kenyon_Cell,,cb_intrinsic,11862,KCab,"KCab-m,KCab-c,KCab-s",,VFB_jrmc2jr2,L,,,Roughly traced,
3570,138549,46,29,5.340732957546978e-05,KCab-s,KCab-s_L,Kenyon_Cell,,cb_intrinsic,11862,KCab,"KCab-m,KCab-c,KCab-s",,VFB_jrmc2jyp,L,,,Roughly traced,
3571,140271,46,27,5.340732957546978e-05,PAM06,PAM06(B'2m)_R,DAN,,cb_intrinsic,72601,PAM06,PAM06,,VFB_jrmc1ptq,R,,,Roughly traced,
3572,151346,46,24,5.340732957546978e-05,KCab-m,KCab-m_L,Kenyon_Cell,,cb_intrinsic,11862,KCab,"KCab-m,KCab-c,KCab-s",,VFB_jrmc2j1c,L,,,Roughly traced,
3573,151833,46,27,5.340732957546978e-05,KCab-m,KCab-m_L,Kenyon_Cell,,cb_intrinsic,11862,KCab,"KCab-m,KCab-c,KCab-s",,VFB_jrmc2jas,L,,,Roughly traced,
3574,158651,46,22,5.340732957546978e-05,PAM06,PAM06(B'2m)_L,DAN,,cb_intrinsic,72601,PAM06,PAM06,,VFB_jrmc1ptv,L,,,Roughly traced,
3575,161079,46,24,5.340732957546978e-05,PAM15,PAM15(y5B'2a)_L,DAN,,cb_intrinsic,74856,PAM15,PAM15,,VFB_jrmc1i22,L,,,Prelim Roughly traced,
3576,163951,46,23,5.340732957546978e-05,PAM06,PAM06(B'2m)_R,DAN,,cb_intrinsic,92324,PAM06,PAM06,,VFB_jrmc1pu5,R,,,Roughly traced,
3577,165355,46,23,5.340732957546978e-05,KCab-m,KCab-m_L,Kenyon_Cell,,cb_intrinsic,11862,KCab,"KCab-m,KCab-c,KCab-s",,VFB_jrmc2j1p,L,,,Roughly traced,
3578,165359,46,25,5.340732957546978e-05,KCab-m,KCab-m_L,Kenyon_Cell,,cb_intrinsic,11862,KCab,"KCab-m,KCab-c,KCab-s",,VFB_jrmc2j7v,L,,,Roughly traced,
3579,168234,46,22,5.340732957546978e-05,KCab-m,KCab-m_L,Kenyon_Cell,,cb_intrinsic,11862,KCab,"KCab-m,KCab-c,KCab-s",,VFB_jrmc2j81,L,,,Roughly traced,
3580,168315,46,25,5.340732957546978e-05,KCab-m,KCab-m_L,Kenyon_Cell,,cb_intrinsic,11862,KCab,"KCab-m,KCab-c,KCab-s",,VFB_jrmc2j1t,L,,,Roughly traced,
3581,168459,46,28,5.340732957546978e-05,KCab-m,KCab-m_L,Kenyon_Cell,,cb_intrinsic,11862,KCab,"KCab-m,KCab-c,KCab-s",,VFB_jrmc2j1u,L,,,Roughly traced,
3582,173882,46,29,5.340732957546978e-05,KCab-s,KCab-s_R,Kenyon_Cell,,cb_intrinsic,11862,KCab,"KCab-m,KCab-c,KCab-s",,VFB_jrmc2jmn,R,,,Roughly traced,
3583,175168,46,18,5.340732957546978e-05,KCab-s,KCab-s_L,Kenyon_Cell,,cb_intrinsic,11862,KCab,"KCab-m,KCab-c,KCab-s",,VFB_jrmc2jna,L,,,Roughly traced,
3584,188253,46,27,5.340732957546978e-05,KCab-s,KCab-s_R,Kenyon_Cell,,cb_intrinsic,11862,KCab,"KCab-m,KCab-c,KCab-s",,VFB_jrmc2jsb,R,,,Roughly traced,
3585,202892,46,12,5.340732957546978e-05,,,,,cb_intrinsic,17356,,,,VFB_jrmc3kfb,R,,,Prelim Roughly traced,
3586,263886,46,26,5.340732957546978e-05,KCab-s,KCab-s_R,Kenyon_Cell,,cb_intrinsic,11862,KCab,"KCab-m,KCab-c,KCab-s",,VFB_jrmc2jtd,R,,,Prelim Roughly traced,
3587,517229,46,6,5.340732957546978e-05,CB1842,CB1842_L,,,cb_intrinsic,25053,CB1842,,,VFB_jrmc38wn,L,CG,,Prelim Roughly traced,
3588,519716,46,18,5.340732957546978e-05,LAL198,LAL198_R,,,cb_intrinsic,,LAL198,LAL198,,VFB_jrmc2d2a,R,,,Roughly traced,
3589,522466,46,14,5.340732957546978e-05,SMP156,SMP156_L,,,cb_intrinsic,,SMP156,SMP156,,VFB_jrmc1d5b,L,,,Roughly traced,
3590,525393,46,10,5.340732957546978e-05,FB4R,FB4R_R,CX,,cb_intrinsic,12311,FB4R,FB4R,,VFB_jrmc3063,R,,,Roughly traced,
3591,529456,46,7,5.340732957546978e-05,AVLP323,AVLP323_L,,,cb_intrinsic,10357,AVLP323,AVLP323,,VFB_jrmc3ilw,L,CG,,Roughly traced,
3592,533064,46,8,5.340732957546978e-05,AVLP370_b,AVLP370_b_L,,,cb_intrinsic,,AVLP370b,AVLP370,,VFB_jrmc3ioh,L,,,Roughly traced,
3593,533223,46,11,5.340732957546978e-05,FB4F_a,FB4F_a_R,CX,,cb_intrinsic,11994,FB4F,FB4F_a,,VFB_jrmc304i,R,CG,,Prelim Roughly traced,
3594,545809,46,32,5.340732957546978e-05,KCab-s,KCab-s_R,Kenyon_Cell,,cb_intrinsic,11862,KCab,"KCab-m,KCab-c,KCab-s",,VFB_jrmc2jmw,R,,,Roughly traced,
3595,10364,45,6,5.224630067165522e-05,PVLP061,PVLP061_L,,,cb_intrinsic,,PVLP061,PVLP061,,VFB_jrmc1ka4,L,,,Roughly traced,
3596,10366,45,9,5.224630067165522e-05,DNp59,DNp59(CL247)_R,,lt,descending_neuron,,DNp59,CL247,DNp59,VFB_jrmc30qp,R,,,Prelim Roughly traced,
3597,11088,45,5,5.224630067165522e-05,DNp55,DNp55(WED180)_R,,xn,descending_neuron,,DNp55,WED180,DNp55,VFB_jrmc30qh,R,,,Prelim Roughly traced,
3598,11376,45,10,5.224630067165522e-05,AVLP017,AVLP017_R,,,cb_intrinsic,,AVLP017,AVLP017,,VFB_jrmc3htu,R,,,Roughly traced,
3599,11423,45,20,5.224630067165522e-05,CRE100,CRE100_L,,,cb_intrinsic,,CRE100,CRE100,,VFB_jrmc34zn,L,,,Roughly traced,
3600,11460,45,7,5.224630067165522e-05,AVLP086,AVLP086_R,,,cb_intrinsic,,AVLP086,AVLP086,,VFB_jrmc3i09,R,,,Roughly traced,
3601,12855,45,7,5.224630067165522e-05,AOTU046,AOTU046_R,,,cb_intrinsic,,AOTU046,AOTU046,,VFB_jrmc3hmi,R,,,Roughly traced,
3602,14464,45,4,5.224630067165522e-05,ER6,ER6_L,CX,,cb_intrinsic,14464,ER6,ER6,,VFB_jrmc2zyq,L,,,Roughly traced,
3603,16158,45,8,5.224630067165522e-05,hDeltaH,hDeltaH_12_C7,CX,,cb_intrinsic,11512,hDeltaH,hDeltaH,,VFB_jrmc02kg,L,,,Prelim Roughly traced,
3604,16477,45,6,5.224630067165522e-05,CB3667,CB3667_R,,,cb_intrinsic,10357,CB3667,,,VFB_jrmc3atd,R,CG,,Roughly traced,
3605,17639,45,12,5.224630067165522e-05,,,,,cb_intrinsic,12311,,,,VFB_jrmc3k7a,R,,,Prelim Roughly traced,
3606,17647,45,5,5.224630067165522e-05,MeVP17,MeVP17_R,,,visual_projection,,MTe08,,,VFB_jrmc1v30,R,,,Roughly traced,
3607,22205,45,4,5.224630067165522e-05,AVLP224_b,AVLP224_b_R,,,cb_intrinsic,21387,CB0930,AVLP224_b,,VFB_jrmc3ici,R,,,Roughly traced,
3608,25797,45,4,5.224630067165522e-05,ER4d,ER4d_L,CX,,cb_intrinsic,13094,ER4d,ER4d,,VFB_jrmc2zx9,L,,,Prelim Roughly traced,
3609,30313,45,7,5.224630067165522e-05,PFNv,PFNv(PB05)_L7_C7,CX,,cb_intrinsic,10817,PFNv,PFNv,,VFB_jrmc1ij0,L,,,Roughly traced,
3610,35821,45,4,5.224630067165522e-05,Li12,Li12_L,,,ol_intrinsic,,Li27,,,VFB_jrmc1yf6,L,,,Prelim Roughly traced,
3611,60986,45,28,5.224630067165522e-05,KCab-s,KCab-s_L,Kenyon_Cell,,cb_intrinsic,11862,KCab,"KCab-m,KCab-c,KCab-s",,VFB_jrmc2jvi,L,,,Roughly traced,
3612,65712,45,30,5.224630067165522e-05,KCab-s,KCab-s_R,Kenyon_Cell,,cb_intrinsic,11862,KCab,"KCab-m,KCab-c,KCab-s",,VFB_jrmc2jjo,R,,,Roughly traced,
3613,65977,45,28,5.224630067165522e-05,KCab-s,KCab-s_R,Kenyon_Cell,,cb_intrinsic,11862,KCab,"KCab-m,KCab-c,KCab-s",,VFB_jrmc2jjq,R,,,Roughly traced,
3614,72239,45,29,5.224630067165522e-05,KCab-s,KCab-s_R,Kenyon_Cell,,cb_intrinsic,11862,KCab,"KCab-m,KCab-c,KCab-s",,VFB_jrmc2jxx,R,,,Roughly traced,
3615,75958,45,27,5.224630067165522e-05,KCab-m,KCab-m_L,Kenyon_Cell,,cb_intrinsic,11862,KCab,"KCab-m,KCab-c,KCab-s",,VFB_jrmc2j6c,L,,,Roughly traced,
3616,76594,45,24,5.224630067165522e-05,KCab-m,KCab-m_L,Kenyon_Cell,,cb_intrinsic,11862,KCab,"KCab-m,KCab-c,KCab-s",,VFB_jrmc2j4y,L,,,Roughly traced,
3617,76774,45,22,5.224630067165522e-05,KCab-m,KCab-m_L,Kenyon_Cell,,cb_intrinsic,11862,KCab,"KCab-m,KCab-c,KCab-s",,VFB_jrmc2j4z,L,,,Roughly traced,
3618,77433,45,28,5.224630067165522e-05,KCab-s,KCab-s_R,Kenyon_Cell,,cb_intrinsic,11862,KCab,"KCab-m,KCab-c,KCab-s",,VFB_jrmc2jro,R,,,Roughly traced,
3619,78803,45,26,5.224630067165522e-05,KCab-s,KCab-s_R,Kenyon_Cell,,cb_intrinsic,11862,KCab,"KCab-m,KCab-c,KCab-s",,VFB_jrmc2jou,R,,,Roughly traced,
3620,78946,45,25,5.224630067165522e-05,KCab-s,KCab-s_R,Kenyon_Cell,,cb_intrinsic,11862,KCab,"KCab-m,KCab-c,KCab-s",,VFB_jrmc2jov,R,,,Prelim Roughly traced,
3621,81141,45,28,5.224630067165522e-05,KCab-s,KCab-s_R,Kenyon_Cell,,cb_intrinsic,11862,KCab,"KCab-m,KCab-c,KCab-s",,VFB_jrmc2joz,R,,,Roughly traced,
3622,83604,45,22,5.224630067165522e-05,KCab-s,KCab-s_R,Kenyon_Cell,,cb_intrinsic,11862,KCab,"KCab-m,KCab-c,KCab-s",,VFB_jrmc2jp3,R,,,Roughly traced,
3623,83989,45,22,5.224630067165522e-05,KCab-s,KCab-s_L,Kenyon_Cell,,cb_intrinsic,11862,KCab,"KCab-m,KCab-c,KCab-s",,VFB_jrmc2jht,L,,,Roughly traced,
3624,84598,45,21,5.224630067165522e-05,KCab-m,KCab-m_L,Kenyon_Cell,,cb_intrinsic,11862,KCab,"KCab-m,KCab-c,KCab-s",,VFB_jrmc2j6k,L,,,Roughly traced,
3625,86168,45,28,5.224630067165522e-05,KCab-s,KCab-s_R,Kenyon_Cell,,cb_intrinsic,11862,KCab,"KCab-m,KCab-c,KCab-s",,VFB_jrmc2jsw,R,,,Roughly traced,
3626,87254,45,22,5.224630067165522e-05,KCab-s,KCab-s_R,Kenyon_Cell,,cb_intrinsic,11862,KCab,"KCab-m,KCab-c,KCab-s",,VFB_jrmc2jub,R,,,Roughly traced,
3627,88014,45,10,5.224630067165522e-05,PFR_a,PFR_a(PB11a)_L4_C4,CX,,cb_intrinsic,13892,PFR_a,PFR_a,,VFB_jrmc1ik2,L,,,Roughly traced,
3628,90181,45,28,5.224630067165522e-05,KCab-s,KCab-s_R,Kenyon_Cell,,cb_intrinsic,11862,KCab,"KCab-m,KCab-c,KCab-s",,VFB_jrmc2jl9,R,,,Roughly traced,
3629,98107,45,24,5.224630067165522e-05,KCab-s,KCab-s_L,Kenyon_Cell,,cb_intrinsic,11862,KCab,"KCab-m,KCab-c,KCab-s",,VFB_jrmc2jnm,L,,,Roughly traced,
3630,98554,45,18,5.224630067165522e-05,PAM07,PAM07(y4<y1y2)_L,DAN,,cb_intrinsic,39617,PAM07,PAM07,,VFB_jrmc1puk,L,,,Roughly traced,
3631,104743,45,30,5.224630067165522e-05,KCab-m,KCab-m_L,Kenyon_Cell,,cb_intrinsic,11862,KCab,"KCab-m,KCab-c,KCab-s",,VFB_jrmc2j56,L,,,Roughly traced,
3632,105134,45,25,5.224630067165522e-05,KCab-s,KCab-s_R,Kenyon_Cell,,cb_intrinsic,11862,KCab,"KCab-m,KCab-c,KCab-s",,VFB_jrmc2js4,R,,,Roughly traced,
3633,114426,45,6,5.224630067165522e-05,PFNm_b,PFNm_b_R9_C1,CX,,cb_intrinsic,14631,PFNm,PFNm_b,,VFB_jrmc1ia5,R,,,Prelim Roughly traced,
3634,114865,45,25,5.224630067165522e-05,KCab-m,KCab-m_L,Kenyon_Cell,,cb_intrinsic,11862,KCab,"KCab-m,KCab-c,KCab-s",,VFB_jrmc2j0q,L,,,Roughly traced,
3635,122275,45,22,5.224630067165522e-05,KCab-m,KCab-m_L,Kenyon_Cell,,cb_intrinsic,11862,KCab,"KCab-m,KCab-c,KCab-s",,VFB_jrmc2jam,L,,,Roughly traced,
3636,122463,45,29,5.224630067165522e-05,KCab-s,KCab-s_L,Kenyon_Cell,,cb_intrinsic,11862,KCab,"KCab-m,KCab-c,KCab-s",,VFB_jrmc2jvn,L,,,Roughly traced,
3637,137373,45,28,5.224630067165522e-05,PAM06,PAM06(B'2m)_L,DAN,,cb_intrinsic,72601,PAM06,PAM06,,VFB_jrmc1ptu,L,,,Roughly traced,
3638,138404,45,24,5.224630067165522e-05,KCab-s,KCab-s_L,Kenyon_Cell,,cb_intrinsic,11862,KCab,"KCab-m,KCab-c,KCab-s",,VFB_jrmc2jhz,L,,,Roughly traced,
3639,138912,45,28,5.224630067165522e-05,KCab-s,KCab-s_L,Kenyon_Cell,,cb_intrinsic,11862,KCab,"KCab-m,KCab-c,KCab-s",,VFB_jrmc2jw9,L,,,Roughly traced,
3640,140368,45,29,5.224630067165522e-05,KCab-m,KCab-m_L,Kenyon_Cell,,cb_intrinsic,11862,KCab,"KCab-m,KCab-c,KCab-s",,VFB_jrmc2j5t,L,,,Roughly traced,
3641,143895,45,25,5.224630067165522e-05,KCab-m,KCab-m_L,Kenyon_Cell,,cb_intrinsic,11862,KCab,"KCab-m,KCab-c,KCab-s",,VFB_jrmc2j1a,L,,,Roughly traced,
3642,149841,45,31,5.224630067165522e-05,KCab-s,KCab-s_L,Kenyon_Cell,,cb_intrinsic,11862,KCab,"KCab-m,KCab-c,KCab-s",,VFB_jrmc2jxv,L,,,Roughly traced,
3643,153771,45,10,5.224630067165522e-05,PAM07,PAM07(y4<y1y2)_L,DAN,,cb_intrinsic,39617,PAM07,PAM07,,VFB_jrmc1puf,L,,,Roughly traced,
3644,157257,45,17,5.224630067165522e-05,PAM12,PAM12(y3)_L,DAN,,cb_intrinsic,55210,PAM12,PAM12,,VFB_jrmc1pxg,L,,,Roughly traced,
3645,157588,45,27,5.224630067165522e-05,KCab-s,KCab-s_R,Kenyon_Cell,,cb_intrinsic,11862,KCab,"KCab-m,KCab-c,KCab-s",,VFB_jrmc2js8,R,,,Roughly traced,
3646,159347,45,27,5.224630067165522e-05,KCab-m,KCab-m_L,Kenyon_Cell,,cb_intrinsic,11862,KCab,"KCab-m,KCab-c,KCab-s",,VFB_jrmc2j7t,L,,,Roughly traced,
3647,163251,45,26,5.224630067165522e-05,KCab-s,KCab-s_L,Kenyon_Cell,,cb_intrinsic,11862,KCab,"KCab-m,KCab-c,KCab-s",,VFB_jrmc2jn7,L,,,Roughly traced,
3648,164412,45,26,5.224630067165522e-05,KCab-m,KCab-m_L,Kenyon_Cell,,cb_intrinsic,11862,KCab,"KCab-m,KCab-c,KCab-s",,VFB_jrmc2jcl,L,,,Roughly traced,
3649,168433,45,31,5.224630067165522e-05,KCab-s,KCab-s_R,Kenyon_Cell,,cb_intrinsic,11862,KCab,"KCab-m,KCab-c,KCab-s",,VFB_jrmc2jml,R,,,Prelim Roughly traced,
3650,195397,45,24,5.224630067165522e-05,KCab-m,KCab-m_L,Kenyon_Cell,,cb_intrinsic,11862,KCab,"KCab-m,KCab-c,KCab-s",,VFB_jrmc2jay,L,,,Roughly traced,
3651,198145,45,26,5.224630067165522e-05,KCab-m,KCab-m_L,Kenyon_Cell,,cb_intrinsic,11862,KCab,"KCab-m,KCab-c,KCab-s",,VFB_jrmc2je5,L,,,Roughly traced,
3652,198507,45,21,5.224630067165522e-05,PAM13,PAM13(B'1ap)_L,DAN,,cb_intrinsic,103433,PAM13,PAM13,,VFB_jrmc1pxx,L,,,Roughly traced,
3653,210806,45,28,5.224630067165522e-05,KCab-m,KCab-m_L,Kenyon_Cell,,cb_intrinsic,11862,KCab,"KCab-m,KCab-c,KCab-s",,VFB_jrmc2j62,L,,,Roughly traced,
3654,519818,45,2,5.224630067165522e-05,LAL098,LAL098_L,,,cb_intrinsic,,LAL098,LAL098,,VFB_jrmc2cul,L,,,Roughly traced,
3655,536289,45,24,5.224630067165522e-05,KCab-s,KCab-s_R,Kenyon_Cell,,cb_intrinsic,11862,KCab,"KCab-m,KCab-c,KCab-s",,VFB_jrmc2ju8,R,,,Prelim Roughly traced,
3656,537061,45,27,5.224630067165522e-05,KCab-s,KCab-s_R,Kenyon_Cell,,cb_intrinsic,11862,KCab,"KCab-m,KCab-c,KCab-s",,VFB_jrmc2jqh,R,,,Prelim Roughly traced,
3657,544813,45,22,5.224630067165522e-05,KCab-m,KCab-m_L,Kenyon_Cell,,cb_intrinsic,11862,KCab,"KCab-m,KCab-c,KCab-s",,VFB_jrmc2j26,L,,,Roughly traced,
3658,551561,45,29,5.224630067165522e-05,KCab-s,KCab-s_R,Kenyon_Cell,,cb_intrinsic,11862,KCab,"KCab-m,KCab-c,KCab-s",,VFB_jrmc2jsg,R,,,Prelim Roughly traced,
3659,570566,45,27,5.224630067165522e-05,KCab-m,KCab-m_L,Kenyon_Cell,,cb_intrinsic,11862,KCab,"KCab-m,KCab-c,KCab-s",,VFB_jrmc2j8d,L,,,Roughly traced,
3660,570938,45,24,5.224630067165522e-05,KCab-m,KCab-m_R,Kenyon_Cell,,cb_intrinsic,11862,KCab,"KCab-m,KCab-c,KCab-s",,VFB_jrmc2j4t,R,,,Prelim Roughly traced,
3661,10209,44,3,5.108527176784066e-05,LHPV12a1,LHPV12a1_R,,,cb_intrinsic,,LHPV12a1,LHPV12a1,,VFB_jrmc222y,R,,,Roughly traced,
3662,10943,44,9,5.108527176784066e-05,AVLP531,AVLP531_R,,,cb_intrinsic,,AVLP531,AVLP531,,VFB_jrmc3j24,R,,,Roughly traced,
3663,11191,44,6,5.108527176784066e-05,AVLP340,AVLP340_L,,,cb_intrinsic,11191,AVLP340,AVLP340,,VFB_jrmc3imn,L,,,Roughly traced,
3664,12729,44,7,5.108527176784066e-05,AVLP018,AVLP018_R,,,cb_intrinsic,,AVLP018,AVLP018,,VFB_jrmc3htv,R,,,Roughly traced,
3665,14139,44,23,5.108527176784066e-05,LHPV8a1,LHPV8a1_L,,,cb_intrinsic,14139,LHPV8a1,LHPV8a1,,VFB_jrmc22mo,L,CG,,Roughly traced,
3666,14623,44,5,5.108527176784066e-05,AVLP749m,AVLP749m_L,,,cb_intrinsic,11535,,,,VFB_jrmc3jdm,L,,,Roughly traced,
3667,17257,44,5,5.108527176784066e-05,AVLP600,AVLP600(hb1481548230)_R,,,cb_intrinsic,,CB3514,(hb1481548230),,VFB_jrmc3j7h,R,,,Roughly traced,
3668,29543,44,21,5.108527176784066e-05,CRE080_d,CRE080_d_L,,,cb_intrinsic,12216,CRE080c,CRE080,,VFB_jrmc34xv,L,,,Roughly traced,
3669,33293,44,10,5.108527176784066e-05,PFR_a,PFR_a(PB11a)_R4_C6,CX,,cb_intrinsic,13892,PFR_a,PFR_a,,VFB_jrmc1ik3,R,,,Roughly traced,
3670,33598,44,12,5.108527176784066e-05,PFR_b,PFR_b(PB11b)_R3_C7,CX,,cb_intrinsic,13892,PFR_b,PFR_b,,VFB_jrmc1ik8,R,,,Roughly traced,
3671,54716,44,14,5.108527176784066e-05,SMP198,SMP198_L,,,cb_intrinsic,,SMP198,SMP198,,VFB_jrmc1d8q,L,,,Roughly traced,
3672,59434,44,10,5.108527176784066e-05,vDeltaG,vDeltaG_C7,CX,,cb_intrinsic,11512,"vDeltaG,vDeltaH",vDeltaG,,VFB_jrmc039g,L,,,Roughly traced,
3673,65347,44,23,5.108527176784066e-05,KCab-m,KCab-m_L,Kenyon_Cell,,cb_intrinsic,11862,KCab,"KCab-m,KCab-c,KCab-s",,VFB_jrmc2iz7,L,,,Roughly traced,
3674,66695,44,12,5.108527176784066e-05,FB5D,FB5D_L,CX,,cb_intrinsic,12311,"FB5D,FB5E",FB5D,,VFB_jrmc3078,L,,,Roughly traced,
3675,70902,44,25,5.108527176784066e-05,KCab-s,KCab-s_R,Kenyon_Cell,,cb_intrinsic,11862,KCab,"KCab-m,KCab-c,KCab-s",,VFB_jrmc2jtn,R,,,Roughly traced,
3676,71326,44,25,5.108527176784066e-05,KCab-s,KCab-s_L,Kenyon_Cell,,cb_intrinsic,11862,KCab,"KCab-m,KCab-c,KCab-s",,VFB_jrmc2jqr,L,,,Roughly traced,
3677,72516,44,22,5.108527176784066e-05,KCab-m,KCab-m_L,Kenyon_Cell,,cb_intrinsic,11862,KCab,"KCab-m,KCab-c,KCab-s",,VFB_jrmc2izd,L,,,Roughly traced,
3678,72538,44,26,5.108527176784066e-05,KCab-s,KCab-s_R,Kenyon_Cell,,cb_intrinsic,11862,KCab,"KCab-m,KCab-c,KCab-s",,VFB_jrmc2jk7,R,,,Roughly traced,
3679,72601,44,24,5.108527176784066e-05,PAM06,PAM06(B'2m)_L,DAN,,cb_intrinsic,72601,PAM06,PAM06,,VFB_jrmc1ptr,L,,,Roughly traced,
3680,72978,44,30,5.108527176784066e-05,KCab-s,KCab-s_R,Kenyon_Cell,,cb_intrinsic,11862,KCab,"KCab-m,KCab-c,KCab-s",,VFB_jrmc2jk8,R,,,Roughly traced,
3681,74135,44,30,5.108527176784066e-05,KCab-s,KCab-s_R,Kenyon_Cell,,cb_intrinsic,11862,KCab,"KCab-m,KCab-c,KCab-s",,VFB_jrmc2jrg,R,,,Roughly traced,
3682,76272,44,26,5.108527176784066e-05,KCab-c,KCab-c_R,Kenyon_Cell,,cb_intrinsic,11862,KCab,"KCab-m,KCab-c,KCab-s",,VFB_jrmc2iup,R,,,Roughly traced,
3683,76523,44,27,5.108527176784066e-05,KCab-s,KCab-s_R,Kenyon_Cell,,cb_intrinsic,11862,KCab,"KCab-m,KCab-c,KCab-s",,VFB_jrmc2jzu,R,,,Roughly traced,
3684,77729,44,27,5.108527176784066e-05,KCab-s,KCab-s_R,Kenyon_Cell,,cb_intrinsic,11862,KCab,"KCab-m,KCab-c,KCab-s",,VFB_jrmc2jkf,R,,,Roughly traced,
3685,78747,44,25,5.108527176784066e-05,KCab-s,KCab-s_L,Kenyon_Cell,,cb_intrinsic,11862,KCab,"KCab-m,KCab-c,KCab-s",,VFB_jrmc2jzn,L,,,Roughly traced,
3686,78928,44,25,5.108527176784066e-05,KCab-s,KCab-s_R,Kenyon_Cell,,cb_intrinsic,11862,KCab,"KCab-m,KCab-c,KCab-s",,VFB_jrmc2jkm,R,,,Roughly traced,
3687,79013,44,25,5.108527176784066e-05,KCab-m,KCab-m_L,Kenyon_Cell,,cb_intrinsic,11862,KCab,"KCab-m,KCab-c,KCab-s",,VFB_jrmc2izl,L,,,Roughly traced,
3688,79299,44,24,5.108527176784066e-05,KCab-s,KCab-s_L,Kenyon_Cell,,cb_intrinsic,11862,KCab,"KCab-m,KCab-c,KCab-s",,VFB_jrmc2jnh,L,,,Roughly traced,
3689,80814,44,21,5.108527176784066e-05,KCab-m,KCab-m_L,Kenyon_Cell,,cb_intrinsic,11862,KCab,"KCab-m,KCab-c,KCab-s",,VFB_jrmc2izo,L,,,Roughly traced,
3690,82594,44,29,5.108527176784066e-05,KCab-s,KCab-s_L,Kenyon_Cell,,cb_intrinsic,11862,KCab,"KCab-m,KCab-c,KCab-s",,VFB_jrmc2jqt,L,,,Roughly traced,
3691,83095,44,24,5.108527176784066e-05,KCab-m,KCab-m_L,Kenyon_Cell,,cb_intrinsic,11862,KCab,"KCab-m,KCab-c,KCab-s",,VFB_jrmc2izp,L,,,Roughly traced,
3692,83656,44,24,5.108527176784066e-05,KCab-m,KCab-m_L,Kenyon_Cell,,cb_intrinsic,11862,KCab,"KCab-m,KCab-c,KCab-s",,VFB_jrmc2jcf,L,,,Roughly traced,
3693,83684,44,26,5.108527176784066e-05,KCab-s,KCab-s_R,Kenyon_Cell,,cb_intrinsic,11862,KCab,"KCab-m,KCab-c,KCab-s",,VFB_jrmc2jp4,R,,,Roughly traced,
3694,84991,44,24,5.108527176784066e-05,KCab-s,KCab-s_R,Kenyon_Cell,,cb_intrinsic,11862,KCab,"KCab-m,KCab-c,KCab-s",,VFB_jrmc2jtv,R,,,Roughly traced,
3695,87946,44,21,5.108527176784066e-05,KCab-s,KCab-s_R,Kenyon_Cell,,cb_intrinsic,11862,KCab,"KCab-m,KCab-c,KCab-s",,VFB_jrmc2jo2,R,,,Roughly traced,
3696,92504,44,28,5.108527176784066e-05,KCab-s,KCab-s_R,Kenyon_Cell,,cb_intrinsic,11862,KCab,"KCab-m,KCab-c,KCab-s",,VFB_jrmc2jlh,R,,,Roughly traced,
3697,95078,44,29,5.108527176784066e-05,KCab-s,KCab-s_L,Kenyon_Cell,,cb_intrinsic,11862,KCab,"KCab-m,KCab-c,KCab-s",,VFB_jrmc2jyl,L,,,Roughly traced,
3698,95699,44,25,5.108527176784066e-05,KCab-s,KCab-s_R,Kenyon_Cell,,cb_intrinsic,11862,KCab,"KCab-m,KCab-c,KCab-s",,VFB_jrmc2jlo,R,,,Roughly traced,
3699,96041,44,24,5.108527176784066e-05,KCab-s,KCab-s_L,Kenyon_Cell,,cb_intrinsic,11862,KCab,"KCab-m,KCab-c,KCab-s",,VFB_jrmc2jym,L,,,Roughly traced,
3700,103704,44,28,5.108527176784066e-05,KCab-s,KCab-s_R,Kenyon_Cell,,cb_intrinsic,11862,KCab,"KCab-m,KCab-c,KCab-s",,VFB_jrmc2jm0,R,,,Roughly traced,
3701,105935,44,26,5.108527176784066e-05,KCab-s,KCab-s_L,Kenyon_Cell,,cb_intrinsic,11862,KCab,"KCab-m,KCab-c,KCab-s",,VFB_jrmc2jxi,L,,,Roughly traced,
3702,109619,44,27,5.108527176784066e-05,KCab-m,KCab-m_L,Kenyon_Cell,,cb_intrinsic,11862,KCab,"KCab-m,KCab-c,KCab-s",,VFB_jrmc2j58,L,,,Roughly traced,
3703,109793,44,24,5.108527176784066e-05,PAM04,PAM04(B2)_L,DAN,,cb_intrinsic,37845,PAM04,PAM04,,VFB_jrmc1pse,L,,,Roughly traced,
3704,113450,44,31,5.108527176784066e-05,KCab-s,KCab-s_L,Kenyon_Cell,,cb_intrinsic,11862,KCab,"KCab-m,KCab-c,KCab-s",,VFB_jrmc2juv,L,,,Roughly traced,
3705,113741,44,24,5.108527176784066e-05,KCab-s,KCab-s_L,Kenyon_Cell,,cb_intrinsic,11862,KCab,"KCab-m,KCab-c,KCab-s",,VFB_jrmc2jnq,L,,,Roughly traced,
3706,114649,44,29,5.108527176784066e-05,KCab-m,KCab-m_L,Kenyon_Cell,,cb_intrinsic,11862,KCab,"KCab-m,KCab-c,KCab-s",,VFB_jrmc2j5e,L,,,Roughly traced,
3707,119411,44,22,5.108527176784066e-05,KCab-m,KCab-m_L,Kenyon_Cell,,cb_intrinsic,11862,KCab,"KCab-m,KCab-c,KCab-s",,VFB_jrmc2j74,L,,,Roughly traced,
3708,122249,44,23,5.108527176784066e-05,KCab-s,KCab-s_R,Kenyon_Cell,,cb_intrinsic,11862,KCab,"KCab-m,KCab-c,KCab-s",,VFB_jrmc2joa,R,,,Prelim Roughly traced,
3709,123775,44,29,5.108527176784066e-05,KCab-m,KCab-m_L,Kenyon_Cell,,cb_intrinsic,11862,KCab,"KCab-m,KCab-c,KCab-s",,VFB_jrmc2j76,L,,,Roughly traced,
3710,132887,44,24,5.108527176784066e-05,KCab-s,KCab-s_R,Kenyon_Cell,,cb_intrinsic,11862,KCab,"KCab-m,KCab-c,KCab-s",,VFB_jrmc2jt7,R,,,Prelim Roughly traced,
3711,133281,44,25,5.108527176784066e-05,KCab-m,KCab-m_L,Kenyon_Cell,,cb_intrinsic,11862,KCab,"KCab-m,KCab-c,KCab-s",,VFB_jrmc2jch,L,,,Roughly traced,
3712,135578,44,20,5.108527176784066e-05,PAM08,PAM08(y4)_L,DAN,,cb_intrinsic,55210,PAM08,PAM08,,VFB_jrmc1pvn,L,,,Prelim Roughly traced,
3713,135721,44,9,5.108527176784066e-05,vDeltaH,vDeltaH_C7,CX,,cb_intrinsic,11512,"vDeltaG,vDeltaH",vDeltaH,,VFB_jrmc03a1,R,,,Roughly traced,
3714,136024,44,31,5.108527176784066e-05,PAM06,PAM06(B'2m)_L,DAN,,cb_intrinsic,92324,PAM06,PAM06,,VFB_jrmc1pu0,L,,,Roughly traced,
3715,138563,44,28,5.108527176784066e-05,KCab-s,KCab-s_L,Kenyon_Cell,,cb_intrinsic,11862,KCab,"KCab-m,KCab-c,KCab-s",,VFB_jrmc2jnu,L,,,Roughly traced,
3716,142689,44,15,5.108527176784066e-05,hDeltaI,hDeltaI_11_C9,CX,,cb_intrinsic,11512,hDeltaI,hDeltaI,,VFB_jrmc02kt,L,,,Prelim Roughly traced,
3717,142898,44,27,5.108527176784066e-05,PAM06,PAM06(B'2m)_R,DAN,,cb_intrinsic,72601,PAM06,PAM06,,VFB_jrmc1pto,R,,,Roughly traced,
3718,144308,44,27,5.108527176784066e-05,KCab-s,KCab-s_R,Kenyon_Cell,,cb_intrinsic,11862,KCab,"KCab-m,KCab-c,KCab-s",,VFB_jrmc2jt8,R,,,Roughly traced,
3719,149869,44,26,5.108527176784066e-05,PAM09,PAM09(B1ped)_L,DAN,,cb_intrinsic,28434,PAM09,PAM09,,VFB_jrmc1pwb,L,,,Roughly traced,
3720,152553,44,28,5.108527176784066e-05,KCab-s,KCab-s_L,Kenyon_Cell,,cb_intrinsic,11862,KCab,"KCab-m,KCab-c,KCab-s",,VFB_jrmc2jr3,L,,,Roughly traced,
3721,160748,44,25,5.108527176784066e-05,KCab-c,KCab-c_L,Kenyon_Cell,,cb_intrinsic,11862,KCab,"KCab-m,KCab-c,KCab-s",,VFB_jrmc2irf,L,,,Roughly traced,
3722,167406,44,27,5.108527176784066e-05,KCab-s,KCab-s_L,Kenyon_Cell,,cb_intrinsic,11862,KCab,"KCab-m,KCab-c,KCab-s",,VFB_jrmc2jwe,L,,,Roughly traced,
3723,168405,44,21,5.108527176784066e-05,KCab-c,KCab-c_R,Kenyon_Cell,,cb_intrinsic,11862,KCab,"KCab-m,KCab-c,KCab-s",,VFB_jrmc2iuh,R,,,Prelim Roughly traced,
3724,168771,44,24,5.108527176784066e-05,KCab-s,KCab-s_L,Kenyon_Cell,,cb_intrinsic,11862,KCab,"KCab-m,KCab-c,KCab-s",,VFB_jrmc2jwx,L,,,Roughly traced,
3725,170467,44,28,5.108527176784066e-05,PAM03,PAM03(B2B'2a)_R,DAN,,cb_intrinsic,72601,PAM03,PAM03,,VFB_jrmc1prz,R,,,Roughly traced,
3726,172273,44,25,5.108527176784066e-05,KCab-c,KCab-c_L,Kenyon_Cell,,cb_intrinsic,11862,KCab,"KCab-m,KCab-c,KCab-s",,VFB_jrmc2inb,L,,,Roughly traced,
3727,191928,44,24,5.108527176784066e-05,KCab-s,KCab-s_R,Kenyon_Cell,,cb_intrinsic,11862,KCab,"KCab-m,KCab-c,KCab-s",,VFB_jrmc2jj6,R,,,Roughly traced,
3728,194600,44,29,5.108527176784066e-05,KCab-s,KCab-s_L,Kenyon_Cell,,cb_intrinsic,11862,KCab,"KCab-m,KCab-c,KCab-s",,VFB_jrmc2jze,L,,,Roughly traced,
3729,196030,44,26,5.108527176784066e-05,PAM06,PAM06(B'2m)_L,DAN,,cb_intrinsic,92324,PAM06,PAM06,,VFB_jrmc1ptw,L,,,Roughly traced,
3730,230802,44,24,5.108527176784066e-05,PAM05,PAM05(B'2p)_L,DAN,,cb_intrinsic,72601,PAM05,PAM05,,VFB_jrmc1pte,L,,,Roughly traced,
3731,515193,44,10,5.108527176784066e-05,PFR_a,PFR_a(PB11a)_L1_C9_irreg,CX,,cb_intrinsic,13892,PFR_a,PFR_a,,VFB_jrmc1ijy,R,,,Roughly traced,
3732,516110,44,5,5.108527176784066e-05,ER6,ER6_R,CX,,cb_intrinsic,14464,ER6,ER6,,VFB_jrmc2zyo,R,,,Roughly traced,
3733,521646,44,13,5.108527176784066e-05,hDeltaI,hDeltaI_08_C7,CX,,cb_intrinsic,11512,hDeltaI,hDeltaI,,VFB_jrmc02ku,L,,,Prelim Roughly traced,
3734,525066,44,12,5.108527176784066e-05,FB4F_c,FB4F_c_R,CX,,cb_intrinsic,11994,FB4F,FB4F_a,,VFB_jrmc304l,R,CG,,Prelim Roughly traced,
3735,545415,44,29,5.108527176784066e-05,KCab-s,KCab-s_L,Kenyon_Cell,,cb_intrinsic,11862,KCab,"KCab-m,KCab-c,KCab-s",,VFB_jrmc2jvt,L,,,Roughly traced,
3736,953362,44,25,5.108527176784066e-05,KCab-m,KCab-m_L,Kenyon_Cell,,cb_intrinsic,11862,KCab,,,VFB_jrmc2jdz,L,,,Reviewed,
3737,10155,43,9,4.99242428640261e-05,AVLP280,AVLP280_R,,,cb_intrinsic,,AVLP280,AVLP280,,VFB_jrmc3ih3,R,,,Roughly traced,
3738,10828,43,9,4.99242428640261e-05,AVLP531,AVLP531_L,,,cb_intrinsic,,AVLP531,AVLP531,,VFB_jrmc3j23,L,,,Roughly traced,
3739,11303,43,12,4.99242428640261e-05,PLP211,PLP211_L,,,cb_intrinsic,,PLP211,PLP211,,VFB_jrmc1j3b,L,,,Roughly traced,
3740,12765,43,2,4.99242428640261e-05,VA1v_vPN,VA1v_vPN_R,ALPN,,cb_intrinsic,12711,VA1v_vPN,VA1v_vPN,,VFB_jrmc0739,R,,,Roughly traced,
3741,13004,43,3,4.99242428640261e-05,GNG316,GNG316_L,,,cb_intrinsic,,CB0191,,,VFB_jrmc2trz,L,LB,,Prelim Roughly traced,
3742,13307,43,15,4.99242428640261e-05,SMP385,SMP385_L,,,cb_intrinsic,,SMP385,SMP385,,VFB_jrmc1drg,L,,,Roughly traced,
3743,13576,43,19,4.99242428640261e-05,AVLP563,AVLP563_R,,,cb_intrinsic,11115,AVLP563,AVLP563,,VFB_jrmc3j5k,R,CG,,Roughly traced,
3744,15807,43,8,4.99242428640261e-05,aIPg_m2,aIPg_m2_R,,,cb_intrinsic,10498,,,,VFB_jrmc0290,R,,,Roughly traced,
3745,18941,43,9,4.99242428640261e-05,LHPD2c7,LHPD2c7_L,,,cb_intrinsic,,LHPD2c7,LHPD2c7,,VFB_jrmc21zt,L,,,Roughly traced,
3746,19373,43,13,4.99242428640261e-05,FB4P_c,FB4P_c_R,CX,,cb_intrinsic,12311,"FB4P,FB4Q",FB4P,,VFB_jrmc305r,R,,,Roughly traced,
3747,20418,43,13,4.99242428640261e-05,DNpe053,DNpe053(SMP454)_R,,xn,descending_neuron,,DNpe053,SMP454,DNxn177,VFB_jrmc30vc,R,,,Roughly traced,
3748,22530,43,13,4.99242428640261e-05,SMP115,SMP115_R,,,cb_intrinsic,18185,SMP115,SMP115,,VFB_jrmc1d2n,R,,,Roughly traced,
3749,25328,43,12,4.99242428640261e-05,FB4F_b,FB4F_b_L,CX,,cb_intrinsic,11994,FB4F,FB4F_b,,VFB_jrmc304j,L,CG,,Roughly traced,
3750,26913,43,10,4.99242428640261e-05,PFNd,PFNd(PB04)_R2_C8,CX,,cb_intrinsic,10817,PFNd,PFNd,,VFB_jrmc1i8d,R,,,Roughly traced,
3751,27195,43,10,4.99242428640261e-05,hDeltaM,hDeltaM_C2,CX,,cb_intrinsic,11512,hDeltaM,hDeltaM,,VFB_jrmc02n6,R,,,Prelim Roughly traced,
3752,31627,43,9,4.99242428640261e-05,PFR_b,PFR_b(PB11b)_L3_C4,CX,,cb_intrinsic,13892,PFR_b,PFR_b,,VFB_jrmc1ikb,L,,,Roughly traced,
3753,37190,43,9,4.99242428640261e-05,PLP257,PLP257(hb822351487)_R,,,cb_intrinsic,,CB0196,(hb822351487),,VFB_jrmc1j55,R,,,Roughly traced,
3754,37720,43,25,4.99242428640261e-05,KCab-s,KCab-s_R,Kenyon_Cell,,cb_intrinsic,11862,KCab,"KCab-m,KCab-c,KCab-s",,VFB_jrmc2jod,R,,,Roughly traced,
3755,41849,43,11,4.99242428640261e-05,PFNd,PFNd(PB04)_L9_C8,CX,,cb_intrinsic,10817,PFNd,PFNd,,VFB_jrmc1i8p,L,,,Roughly traced,
3756,42582,43,27,4.99242428640261e-05,KCab-s,KCab-s_R,Kenyon_Cell,,cb_intrinsic,11862,KCab,"KCab-m,KCab-c,KCab-s",,VFB_jrmc2jje,R,,,Roughly traced,
3757,44217,43,28,4.99242428640261e-05,CRE050,CRE050_L,,,cb_intrinsic,,CRE050,CRE050,,VFB_jrmc34uv,L,,,Roughly traced,
3758,55161,43,17,4.99242428640261e-05,FB4O,FB4O_L,CX,,cb_intrinsic,12311,FB4O,FB4O,,VFB_jrmc305d,L,,,Roughly traced,
3759,58662,43,28,4.99242428640261e-05,KCab-s,KCab-s_L,Kenyon_Cell,,cb_intrinsic,11862,KCab,"KCab-m,KCab-c,KCab-s",,VFB_jrmc2jwz,L,,,Roughly traced,
3760,59983,43,8,4.99242428640261e-05,PFNv,PFNv(PB05)_R4_C7,CX,,cb_intrinsic,10817,PFNv,PFNv,,VFB_jrmc1ij8,R,,,Roughly traced,
3761,67274,43,27,4.99242428640261e-05,KCab-s,KCab-s_R,Kenyon_Cell,,cb_intrinsic,11862,KCab,"KCab-m,KCab-c,KCab-s",,VFB_jrmc2jju,R,,,Roughly traced,
3762,69389,43,28,4.99242428640261e-05,KCab-s,KCab-s_L,Kenyon_Cell,,cb_intrinsic,11862,KCab,"KCab-m,KCab-c,KCab-s",,VFB_jrmc2jv3,L,,,Roughly traced,
3763,69664,43,26,4.99242428640261e-05,KCab-s,KCab-s_R,Kenyon_Cell,,cb_intrinsic,11862,KCab,"KCab-m,KCab-c,KCab-s",,VFB_jrmc2jk0,R,,,Roughly traced,
3764,69973,43,25,4.99242428640261e-05,KCab-c,KCab-c_R,Kenyon_Cell,,cb_intrinsic,11862,KCab,"KCab-m,KCab-c,KCab-s",,VFB_jrmc2itm,R,,,Roughly traced,
3765,70950,43,24,4.99242428640261e-05,KCab-m,KCab-m_L,Kenyon_Cell,,cb_intrinsic,11862,KCab,"KCab-m,KCab-c,KCab-s",,VFB_jrmc2jae,L,,,Roughly traced,
3766,71008,43,24,4.99242428640261e-05,KCab-m,KCab-m_R,Kenyon_Cell,,cb_intrinsic,11862,KCab,"KCab-m,KCab-c,KCab-s",,VFB_jrmc2jdy,R,,,Roughly traced,
3767,73645,43,24,4.99242428640261e-05,KCab-m,KCab-m_R,Kenyon_Cell,,cb_intrinsic,11862,KCab,"KCab-m,KCab-c,KCab-s",,VFB_jrmc2j2f,R,,,Roughly traced,
3768,74803,43,22,4.99242428640261e-05,KCab-s,KCab-s_R,Kenyon_Cell,,cb_intrinsic,11862,KCab,"KCab-m,KCab-c,KCab-s",,VFB_jrmc2jia,R,,,Roughly traced,
3769,76608,43,24,4.99242428640261e-05,KCab-m,KCab-m_L,Kenyon_Cell,,cb_intrinsic,11862,KCab,"KCab-m,KCab-c,KCab-s",,VFB_jrmc2j6d,L,,,Roughly traced,
3770,76727,43,19,4.99242428640261e-05,KCab-m,KCab-m_L,Kenyon_Cell,,cb_intrinsic,11862,KCab,"KCab-m,KCab-c,KCab-s",,VFB_jrmc2j6e,L,,,Roughly traced,
3771,77219,43,26,4.99242428640261e-05,KCab-s,KCab-s_R,Kenyon_Cell,,cb_intrinsic,11862,KCab,"KCab-m,KCab-c,KCab-s",,VFB_jrmc2jrn,R,,,Roughly traced,
3772,77760,43,24,4.99242428640261e-05,KCab-s,KCab-s_R,Kenyon_Cell,,cb_intrinsic,11862,KCab,"KCab-m,KCab-c,KCab-s",,VFB_jrmc2jkg,R,,,Roughly traced,
3773,83108,43,23,4.99242428640261e-05,KCab-m,KCab-m_L,Kenyon_Cell,,cb_intrinsic,11862,KCab,"KCab-m,KCab-c,KCab-s",,VFB_jrmc2j6i,L,,,Roughly traced,
3774,83961,43,28,4.99242428640261e-05,KCab-s,KCab-s_R,Kenyon_Cell,,cb_intrinsic,11862,KCab,"KCab-m,KCab-c,KCab-s",,VFB_jrmc2jks,R,,,Roughly traced,
3775,88207,43,10,4.99242428640261e-05,LAL022,LAL022_L,,,cb_intrinsic,19508,LAL022,LAL022,,VFB_jrmc2cn1,L,,,Roughly traced,
3776,89658,43,29,4.99242428640261e-05,KCab-s,KCab-s_R,Kenyon_Cell,,cb_intrinsic,11862,KCab,"KCab-m,KCab-c,KCab-s",,VFB_jrmc2jpd,R,,,Roughly traced,
3777,89862,43,25,4.99242428640261e-05,KCab-s,KCab-s_R,Kenyon_Cell,,cb_intrinsic,11862,KCab,"KCab-m,KCab-c,KCab-s",,VFB_jrmc2jih,R,,,Roughly traced,
3778,90905,43,19,4.99242428640261e-05,KCab-s,KCab-s_R,Kenyon_Cell,,cb_intrinsic,11862,KCab,"KCab-m,KCab-c,KCab-s",,VFB_jrmc2jii,R,,,Roughly traced,
3779,91800,43,23,4.99242428640261e-05,KCab-m,KCab-m_L,Kenyon_Cell,,cb_intrinsic,11862,KCab,"KCab-m,KCab-c,KCab-s",,VFB_jrmc2izu,L,,,Roughly traced,
3780,92335,43,24,4.99242428640261e-05,KCab-s,KCab-s_R,Kenyon_Cell,,cb_intrinsic,11862,KCab,"KCab-m,KCab-c,KCab-s",,VFB_jrmc2jlf,R,,,Roughly traced,
3781,94490,43,30,4.99242428640261e-05,KCab-s,KCab-s_R,Kenyon_Cell,,cb_intrinsic,11862,KCab,"KCab-m,KCab-c,KCab-s",,VFB_jrmc2jtz,R,,,Roughly traced,
3782,96746,43,26,4.99242428640261e-05,KCab-m,KCab-m_L,Kenyon_Cell,,cb_intrinsic,11862,KCab,"KCab-m,KCab-c,KCab-s",,VFB_jrmc2j6s,L,,,Roughly traced,
3783,98490,43,28,4.99242428640261e-05,KCab-s,KCab-s_R,Kenyon_Cell,,cb_intrinsic,11862,KCab,"KCab-m,KCab-c,KCab-s",,VFB_jrmc2js2,R,,,Roughly traced,
3784,98662,43,27,4.99242428640261e-05,KCab-m,KCab-m_L,Kenyon_Cell,,cb_intrinsic,11862,KCab,"KCab-m,KCab-c,KCab-s",,VFB_jrmc2jdi,L,,,Roughly traced,
3785,98979,43,26,4.99242428640261e-05,KCab-s,KCab-s_R,Kenyon_Cell,,cb_intrinsic,11862,KCab,"KCab-m,KCab-c,KCab-s",,VFB_jrmc2jlr,R,,,Roughly traced,
3786,99150,43,25,4.99242428640261e-05,KCab-m,KCab-m_L,Kenyon_Cell,,cb_intrinsic,11862,KCab,"KCab-m,KCab-c,KCab-s",,VFB_jrmc2je2,L,,,Roughly traced,
3787,101802,43,26,4.99242428640261e-05,KCab-s,KCab-s_R,Kenyon_Cell,,cb_intrinsic,11862,KCab,"KCab-m,KCab-c,KCab-s",,VFB_jrmc2jlw,R,,,Roughly traced,
3788,104717,43,24,4.99242428640261e-05,KCab-s,KCab-s_L,Kenyon_Cell,,cb_intrinsic,11862,KCab,"KCab-m,KCab-c,KCab-s",,VFB_jrmc2jn3,L,,,Roughly traced,
3789,110274,43,25,4.99242428640261e-05,KCab-m,KCab-m_L,Kenyon_Cell,,cb_intrinsic,11862,KCab,"KCab-m,KCab-c,KCab-s",,VFB_jrmc2jdc,L,,,Roughly traced,
3790,110897,43,27,4.99242428640261e-05,KCab-s,KCab-s_R,Kenyon_Cell,,cb_intrinsic,11862,KCab,"KCab-m,KCab-c,KCab-s",,VFB_jrmc2jt5,R,,,Roughly traced,
3791,111260,43,24,4.99242428640261e-05,KCab-m,KCab-m_L,Kenyon_Cell,,cb_intrinsic,11862,KCab,"KCab-m,KCab-c,KCab-s",,VFB_jrmc2j70,L,,,Roughly traced,
3792,112621,43,28,4.99242428640261e-05,KCab-s,KCab-s_L,Kenyon_Cell,,cb_intrinsic,11862,KCab,"KCab-m,KCab-c,KCab-s",,VFB_jrmc2jvm,L,,,Roughly traced,
3793,114902,43,20,4.99242428640261e-05,KCab-c,KCab-c_L,Kenyon_Cell,,cb_intrinsic,11862,KCab,"KCab-m,KCab-c,KCab-s",,VFB_jrmc2imc,L,,,Roughly traced,
3794,120773,43,7,4.99242428640261e-05,vDeltaH,vDeltaH_C7,CX,,cb_intrinsic,11512,"vDeltaG,vDeltaH",vDeltaH,,VFB_jrmc039y,R,,,Roughly traced,
3795,134789,43,20,4.99242428640261e-05,KCab-m,KCab-m_L,Kenyon_Cell,,cb_intrinsic,11862,KCab,"KCab-m,KCab-c,KCab-s",,VFB_jrmc2j7h,L,,,Roughly traced,
3796,136345,43,24,4.99242428640261e-05,KCab-m,KCab-m_L,Kenyon_Cell,,cb_intrinsic,11862,KCab,"KCab-m,KCab-c,KCab-s",,VFB_jrmc2j7k,L,,,Roughly traced,
3797,137044,43,25,4.99242428640261e-05,KCab-s,KCab-s_L,Kenyon_Cell,,cb_intrinsic,11862,KCab,"KCab-m,KCab-c,KCab-s",,VFB_jrmc2jvb,L,,,Roughly traced,
3798,138822,43,16,4.99242428640261e-05,PAM11,PAM11(a1)_L,DAN,,cb_intrinsic,119763,PAM11,PAM11,,VFB_jrmc1pwx,L,,,Roughly traced,
3799,139662,43,24,4.99242428640261e-05,KCab-m,KCab-m_L,Kenyon_Cell,,cb_intrinsic,11862,KCab,"KCab-m,KCab-c,KCab-s",,VFB_jrmc2j7l,L,,,Roughly traced,
3800,141950,43,23,4.99242428640261e-05,KCab-c,KCab-c_R,Kenyon_Cell,,cb_intrinsic,11862,KCab,"KCab-m,KCab-c,KCab-s",,VFB_jrmc2iuf,R,,,Prelim Roughly traced,
3801,142528,43,19,4.99242428640261e-05,PAM09,PAM09(B1ped)_R,DAN,,cb_intrinsic,36624,PAM09,PAM09,,VFB_jrmc1pw7,R,,,Roughly traced,
3802,145174,43,20,4.99242428640261e-05,KCab-s,KCab-s_R,Kenyon_Cell,,cb_intrinsic,11862,KCab,"KCab-m,KCab-c,KCab-s",,VFB_jrmc2jt9,R,,,Prelim Roughly traced,
3803,150920,43,29,4.99242428640261e-05,KCab-s,KCab-s_L,Kenyon_Cell,,cb_intrinsic,11862,KCab,"KCab-m,KCab-c,KCab-s",,VFB_jrmc2jyj,L,,,Roughly traced,
3804,151041,43,6,4.99242428640261e-05,vDeltaI_b,vDeltaI_b_C6,CX,,cb_intrinsic,11512,vDeltaI_b,vDeltaI,,VFB_jrmc03aw,L,,,Roughly traced,
3805,155916,43,13,4.99242428640261e-05,PAM01,PAM01(y5)_L,DAN,,cb_intrinsic,63391,PAM01,PAM01,,VFB_jrmc1pqv,L,,,Roughly traced,
3806,156435,43,26,4.99242428640261e-05,KCab-m,KCab-m_L,Kenyon_Cell,,cb_intrinsic,11862,KCab,"KCab-m,KCab-c,KCab-s",,VFB_jrmc2j1e,L,,,Roughly traced,
3807,159286,43,21,4.99242428640261e-05,KCab-m,KCab-m_L,Kenyon_Cell,,cb_intrinsic,11862,KCab,"KCab-m,KCab-c,KCab-s",,VFB_jrmc2j7s,L,,,Roughly traced,
3808,160681,43,30,4.99242428640261e-05,KCab-m,KCab-m_L,Kenyon_Cell,,cb_intrinsic,11862,KCab,"KCab-m,KCab-c,KCab-s",,VFB_jrmc2j1k,L,,,Roughly traced,
3809,164099,43,29,4.99242428640261e-05,KCab-m,KCab-m_L,Kenyon_Cell,,cb_intrinsic,11862,KCab,"KCab-m,KCab-c,KCab-s",,VFB_jrmc2jaw,L,,,Roughly traced,
3810,166699,43,21,4.99242428640261e-05,KCab-m,KCab-m_L,Kenyon_Cell,,cb_intrinsic,11862,KCab,"KCab-m,KCab-c,KCab-s",,VFB_jrmc2j7x,L,,,Roughly traced,
3811,167187,43,25,4.99242428640261e-05,KCab-m,KCab-m_L,Kenyon_Cell,,cb_intrinsic,11862,KCab,"KCab-m,KCab-c,KCab-s",,VFB_jrmc2j7z,L,,,Roughly traced,
3812,175745,43,23,4.99242428640261e-05,KCab-m,KCab-m_L,Kenyon_Cell,,cb_intrinsic,11862,KCab,"KCab-m,KCab-c,KCab-s",,VFB_jrmc2jdo,L,,,Roughly traced,
3813,179669,43,28,4.99242428640261e-05,KCab-m,KCab-m_L,Kenyon_Cell,,cb_intrinsic,11862,KCab,"KCab-m,KCab-c,KCab-s",,VFB_jrmc2j87,L,,,Roughly traced,
3814,191728,43,29,4.99242428640261e-05,KCab-m,KCab-m_L,Kenyon_Cell,,cb_intrinsic,11862,KCab,"KCab-m,KCab-c,KCab-s",,VFB_jrmc2j88,L,,,Roughly traced,
3815,200566,43,28,4.99242428640261e-05,KCab-s,KCab-s_L,Kenyon_Cell,,cb_intrinsic,11862,KCab,"KCab-m,KCab-c,KCab-s",,VFB_jrmc2jz8,L,,,Roughly traced,
3816,206188,43,26,4.99242428640261e-05,KCab-s,KCab-s_L,Kenyon_Cell,,cb_intrinsic,11862,KCab,"KCab-m,KCab-c,KCab-s",,VFB_jrmc2jnb,L,,,Roughly traced,
3817,207353,43,29,4.99242428640261e-05,KCab-m,KCab-m_L,Kenyon_Cell,,cb_intrinsic,11862,KCab,"KCab-m,KCab-c,KCab-s",,VFB_jrmc2j24,L,,,Roughly traced,
3818,243477,43,17,4.99242428640261e-05,PAM13,PAM13(B'1ap)_R,DAN,,cb_intrinsic,115868,PAM13,PAM13,,VFB_jrmc1py6,R,,,Roughly traced,
3819,245271,43,26,4.99242428640261e-05,KCab-s,KCab-s_R,Kenyon_Cell,,cb_intrinsic,11862,KCab,"KCab-m,KCab-c,KCab-s",,VFB_jrmc2jj7,R,,,Prelim Roughly traced,
3820,305105,43,10,4.99242428640261e-05,aIPg_m2,aIPg_m2_R,,,cb_intrinsic,10498,,,,VFB_jrmc028z,R,,,Roughly traced,
3821,341512,43,25,4.99242428640261e-05,PAM04,PAM04(B2)_L,DAN,,cb_intrinsic,37845,PAM04,PAM04,,VFB_jrmc1psb,L,,,Roughly traced,
3822,365046,43,23,4.99242428640261e-05,KCab-s,KCab-s_R,Kenyon_Cell,,cb_intrinsic,11862,KCab,"KCab-m,KCab-c,KCab-s",,VFB_jrmc2jqf,R,,,Prelim Roughly traced,
3823,511846,43,10,4.99242428640261e-05,PFR_a,PFR_a(PB11a)_L6_C6,CX,,cb_intrinsic,13892,PFR_a,PFR_a,,VFB_jrmc1ijg,L,,,Roughly traced,
3824,512745,43,4,4.99242428640261e-05,LHPD4c1,LHPD4c1_R,,,cb_intrinsic,,LHPD4c1,LHPD4c1,,VFB_jrmc221v,R,,,Roughly traced,
3825,515721,43,4,4.99242428640261e-05,LoVP47,LoVP47_L,,,visual_projection,,LTe17,,,VFB_jrmc200y,L,,,Prelim Roughly traced,
3826,515966,43,9,4.99242428640261e-05,hDeltaH,hDeltaH_07_C4,CX,,cb_intrinsic,11512,hDeltaH,hDeltaH,,VFB_jrmc02kj,R,,,Prelim Roughly traced,
3827,520641,43,2,4.99242428640261e-05,LAL113,LAL113_L,,,cb_intrinsic,,LAL113,LAL113,,VFB_jrmc2cvn,L,,,Prelim Roughly traced,
3828,521814,43,9,4.99242428640261e-05,PEN_a(PEN1),PEN_a(PB06a)_R9,CX,,cb_intrinsic,,PEN_a(PEN1),PEN_a(PEN1),,VFB_jrmc1i2q,R,,,Roughly traced,
3829,522789,43,18,4.99242428640261e-05,SMP142,SMP142_R,,,cb_intrinsic,,"SMP142,SMP145",SMP142,,VFB_jrmc1d4b,R,,,Roughly traced,
3830,524946,43,11,4.99242428640261e-05,hDeltaJ,hDeltaJ_07_C6a,CX,,cb_intrinsic,11512,hDeltaJ,hDeltaJ,,VFB_jrmc02lo,R,,,Prelim Roughly traced,
3831,527475,43,9,4.99242428640261e-05,PFR_a,PFR_a(PB11a)_L2_C2,CX,,cb_intrinsic,13892,PFR_a,PFR_a,,VFB_jrmc1ik1,L,,,Roughly traced,
3832,527653,43,4,4.99242428640261e-05,ER4d,ER4d_L,CX,,cb_intrinsic,13094,ER4d,ER4d,,VFB_jrmc2zxc,L,,,Prelim Roughly traced,
3833,553201,43,22,4.99242428640261e-05,PAM09,PAM09(B1ped)_R,DAN,,cb_intrinsic,28434,PAM09,PAM09,,VFB_jrmc1pwa,R,,,Roughly traced,
3834,915829,43,25,4.99242428640261e-05,KCab-m,KCab-m_L,Kenyon_Cell,,cb_intrinsic,11862,KCab,"KCab-m,KCab-c,KCab-s",,VFB_jrmc2j2c,L,,,Roughly traced,
3835,918516,43,24,4.99242428640261e-05,KCab-s,KCab-s_R,Kenyon_Cell,,cb_intrinsic,11862,KCab,"KCab-m,KCab-c,KCab-s",,VFB_jrmc2jsh,R,,,Prelim Roughly traced,
3836,10094,42,8,4.876321396021154e-05,AVLP597,AVLP597_L,,,cb_intrinsic,10094,VESa1_P02,,,VFB_jrmc3j7a,L,,,Roughly traced,
3837,10102,42,6,4.876321396021154e-05,MeVC25,MeVC25_R,,,visual_centrifugal,,cML01,,,VFB_jrmc1usr,R,,,Roughly traced,
3838,10212,42,10,4.876321396021154e-05,AOTU042,AOTU042_L,,,cb_intrinsic,,AOTU042,AOTU042,,VFB_jrmc3hm8,L,,,Roughly traced,
3839,10268,42,17,4.876321396021154e-05,CRE023,CRE023_L,,,cb_intrinsic,,CRE023,CRE023,,VFB_jrmc34su,L,,,Roughly traced,
3840,10388,42,11,4.876321396021154e-05,DNp13,DNp13_R,,xn,descending_neuron,10388,DNp13,DNp13,DNp13,VFB_jrmc30nu,R,,,Roughly traced,
3841,10910,42,8,4.876321396021154e-05,PPM1203,PPM1203_L,,,cb_intrinsic,,PPM1203,PPM1203,,VFB_jrmc1j6u,L,,,Roughly traced,
3842,11186,42,7,4.876321396021154e-05,LAL183,LAL183_L,,,cb_intrinsic,,LAL183,LAL183,,VFB_jrmc2d0y,L,,,Roughly traced,
3843,11962,42,13,4.876321396021154e-05,SLP130,SLP130_R,,,cb_intrinsic,,SLP130,SLP130,,VFB_jrmc1c2s,R,,,Roughly traced,
3844,12008,42,30,4.876321396021154e-05,CRE050,CRE050_R,,,cb_intrinsic,,CRE050,CRE050,,VFB_jrmc34uw,R,,,Roughly traced,
3845,12711,42,3,4.876321396021154e-05,VA1v_vPN,VA1v_vPN_L,ALPN,,cb_intrinsic,12711,VA1v_vPN,VA1v_vPN,,VFB_jrmc0736,L,,,Prelim Roughly traced,
3846,13371,42,8,4.876321396021154e-05,LAL184,LAL184_R,,,cb_intrinsic,,LAL184,LAL184,,VFB_jrmc2d11,R,,,Roughly traced,
3847,14112,42,6,4.876321396021154e-05,AVLP370_a,AVLP370_a_R,,,cb_intrinsic,,AVLP370a,AVLP370,,VFB_jrmc3iog,R,,,Roughly traced,
3848,14946,42,7,4.876321396021154e-05,AVLP285,AVLP285_R,,,cb_intrinsic,10657,CB4166,AVLP285,,VFB_jrmc3ihj,R,,,Roughly traced,
3849,15866,42,5,4.876321396021154e-05,AVLP714m,AVLP714m_R,,,cb_intrinsic,11286,,,,VFB_jrmc3j9r,R,CG,,Roughly traced,
3850,16579,42,4,4.876321396021154e-05,GNG317,GNG317_R,,,cb_intrinsic,,CB0463,,,VFB_jrmc2ts0,R,,,Roughly traced,
3851,17720,42,11,4.876321396021154e-05,FB2B_b,FB2B_b_R,CX,,cb_intrinsic,17720,CB.FB2K0,FB2B_b,,VFB_jrmc300q,R,,,Roughly traced,
3852,17949,42,3,4.876321396021154e-05,aIPg2,aIPg2_R,,,cb_intrinsic,15464,"CB2204,CB1127",aIPg2,,VFB_jrmc027x,R,,,Roughly traced,
3853,18185,42,21,4.876321396021154e-05,SMP116,SMP116_R,,,cb_intrinsic,18185,SMP116,SMP116,,VFB_jrmc1d2p,R,,,Roughly traced,
3854,19541,42,12,4.876321396021154e-05,LAL155,LAL155_R,,,cb_intrinsic,,LAL155,LAL155,,VFB_jrmc2cz3,R,,,Roughly traced,
3855,19737,42,4,4.876321396021154e-05,ER4d,ER4d_R,CX,,cb_intrinsic,13094,ER4d,ER4d,,VFB_jrmc2zxq,R,,,Prelim Roughly traced,
3856,23159,42,12,4.876321396021154e-05,PFL3,PFL3(PB12c)_R4_C4,CX,,cb_intrinsic,11557,PFL3,PFL3,,VFB_jrmc1i53,R,,,Roughly traced,
3857,33047,42,16,4.876321396021154e-05,mALB1,mALB1_R,,,cb_intrinsic,10615,mALB1,mALB1,,VFB_jrmc02vo,R,,,Roughly traced,
3858,33298,42,10,4.876321396021154e-05,PFR_b,PFR_b(PB11b)_L6_C7,CX,,cb_intrinsic,13892,PFR_b,PFR_b,,VFB_jrmc1iki,L,,,Roughly traced,
3859,43881,42,8,4.876321396021154e-05,PFR_a,PFR_a(PB11a)_L5_C5,CX,,cb_intrinsic,13892,PFR_a,PFR_a,,VFB_jrmc1iju,L,,,Roughly traced,
3860,45032,42,24,4.876321396021154e-05,KCab-s,KCab-s_R,Kenyon_Cell,,cb_intrinsic,11862,KCab,"KCab-m,KCab-c,KCab-s",,VFB_jrmc2jjf,R,,,Roughly traced,
3861,47551,42,6,4.876321396021154e-05,MBON19,MBON19(a2p3p)_L,MBON,,cb_intrinsic,20835,MBON19,MBON19,,VFB_jrmc20ap,L,,,Roughly traced,
3862,53755,42,12,4.876321396021154e-05,PFR_a,PFR_a(PB11a)_R4_C6,CX,,cb_intrinsic,13892,PFR_a,PFR_a,,VFB_jrmc1ijr,R,,,Roughly traced,
3863,62840,42,27,4.876321396021154e-05,KCab-s,KCab-s_R,Kenyon_Cell,,cb_intrinsic,11862,KCab,"KCab-m,KCab-c,KCab-s",,VFB_jrmc2jr9,R,,,Roughly traced,
3864,66711,42,25,4.876321396021154e-05,KCab-s,KCab-s_L,Kenyon_Cell,,cb_intrinsic,11862,KCab,"KCab-m,KCab-c,KCab-s",,VFB_jrmc2jzp,L,,,Roughly traced,
3865,67406,42,26,4.876321396021154e-05,KCab-s,KCab-s_L,Kenyon_Cell,,cb_intrinsic,11862,KCab,"KCab-m,KCab-c,KCab-s",,VFB_jrmc2jqo,L,,,Roughly traced,
3866,71676,42,23,4.876321396021154e-05,KCab-s,KCab-s_R,Kenyon_Cell,,cb_intrinsic,11862,KCab,"KCab-m,KCab-c,KCab-s",,VFB_jrmc2jk6,R,,,Roughly traced,
3867,73337,42,22,4.876321396021154e-05,KCab-m,KCab-m_L,Kenyon_Cell,,cb_intrinsic,11862,KCab,"KCab-m,KCab-c,KCab-s",,VFB_jrmc2j68,L,,,Roughly traced,
3868,75300,42,24,4.876321396021154e-05,KCab-s,KCab-s_R,Kenyon_Cell,,cb_intrinsic,11862,KCab,"KCab-m,KCab-c,KCab-s",,VFB_jrmc2jkc,R,,,Roughly traced,
3869,75428,42,26,4.876321396021154e-05,KCab-m,KCab-m_L,Kenyon_Cell,,cb_intrinsic,11862,KCab,"KCab-m,KCab-c,KCab-s",,VFB_jrmc2j6b,L,,,Roughly traced,
3870,78363,42,26,4.876321396021154e-05,KCab-m,KCab-m_L,Kenyon_Cell,,cb_intrinsic,11862,KCab,"KCab-m,KCab-c,KCab-s",,VFB_jrmc2izk,L,,,Roughly traced,
3871,80201,42,29,4.876321396021154e-05,KCab-s,KCab-s_R,Kenyon_Cell,,cb_intrinsic,11862,KCab,"KCab-m,KCab-c,KCab-s",,VFB_jrmc2jkp,R,,,Roughly traced,
3872,80562,42,25,4.876321396021154e-05,KCab-s,KCab-s_R,Kenyon_Cell,,cb_intrinsic,11862,KCab,"KCab-m,KCab-c,KCab-s",,VFB_jrmc2jsq,R,,,Roughly traced,
3873,81202,42,24,4.876321396021154e-05,KCab-s,KCab-s_R,Kenyon_Cell,,cb_intrinsic,11862,KCab,"KCab-m,KCab-c,KCab-s",,VFB_jrmc2jp0,R,,,Roughly traced,
3874,82673,42,22,4.876321396021154e-05,KCab-s,KCab-s_R,Kenyon_Cell,,cb_intrinsic,11862,KCab,"KCab-m,KCab-c,KCab-s",,VFB_jrmc2jid,R,,,Roughly traced,
3875,83168,42,27,4.876321396021154e-05,KCab-s,KCab-s_R,Kenyon_Cell,,cb_intrinsic,11862,KCab,"KCab-m,KCab-c,KCab-s",,VFB_jrmc2jie,R,,,Roughly traced,
3876,84765,42,26,4.876321396021154e-05,KCab-s,KCab-s_R,Kenyon_Cell,,cb_intrinsic,11862,KCab,"KCab-m,KCab-c,KCab-s",,VFB_jrmc2jkt,R,,,Roughly traced,
3877,84811,42,23,4.876321396021154e-05,KCab-s,KCab-s_R,Kenyon_Cell,,cb_intrinsic,11862,KCab,"KCab-m,KCab-c,KCab-s",,VFB_jrmc2jp6,R,,,Roughly traced,
3878,85522,42,25,4.876321396021154e-05,KCab-s,KCab-s_R,Kenyon_Cell,,cb_intrinsic,11862,KCab,"KCab-m,KCab-c,KCab-s",,VFB_jrmc2jkw,R,,,Roughly traced,
3879,87261,42,22,4.876321396021154e-05,KCab-s,KCab-s_R,Kenyon_Cell,,cb_intrinsic,11862,KCab,"KCab-m,KCab-c,KCab-s",,VFB_jrmc2juc,R,,,Roughly traced,
3880,87719,42,24,4.876321396021154e-05,KCab-s,KCab-s_R,Kenyon_Cell,,cb_intrinsic,11862,KCab,"KCab-m,KCab-c,KCab-s",,VFB_jrmc2jpa,R,,,Roughly traced,
3881,88653,42,25,4.876321396021154e-05,KCab-s,KCab-s_R,Kenyon_Cell,,cb_intrinsic,11862,KCab,"KCab-m,KCab-c,KCab-s",,VFB_jrmc2jpb,R,,,Roughly traced,
3882,88775,42,24,4.876321396021154e-05,KCab-s,KCab-s_R,Kenyon_Cell,,cb_intrinsic,11862,KCab,"KCab-m,KCab-c,KCab-s",,VFB_jrmc2jpc,R,,,Roughly traced,
3883,90473,42,30,4.876321396021154e-05,KCab-s,KCab-s_R,Kenyon_Cell,,cb_intrinsic,11862,KCab,"KCab-m,KCab-c,KCab-s",,VFB_jrmc2jla,R,,,Roughly traced,
3884,90805,42,25,4.876321396021154e-05,KCab-s,KCab-s_R,Kenyon_Cell,,cb_intrinsic,11862,KCab,"KCab-m,KCab-c,KCab-s",,VFB_jrmc2jrx,R,,,Roughly traced,
3885,90928,42,26,4.876321396021154e-05,KCab-s,KCab-s_R,Kenyon_Cell,,cb_intrinsic,11862,KCab,"KCab-m,KCab-c,KCab-s",,VFB_jrmc2jo4,R,,,Roughly traced,
3886,92628,42,27,4.876321396021154e-05,KCab-s,KCab-s_R,Kenyon_Cell,,cb_intrinsic,11862,KCab,"KCab-m,KCab-c,KCab-s",,VFB_jrmc2jsy,R,,,Roughly traced,
3887,94171,42,25,4.876321396021154e-05,KCab-m,KCab-m_L,Kenyon_Cell,,cb_intrinsic,11862,KCab,"KCab-m,KCab-c,KCab-s",,VFB_jrmc2jah,L,,,Roughly traced,
3888,96383,42,24,4.876321396021154e-05,KCab-s,KCab-s_R,Kenyon_Cell,,cb_intrinsic,11862,KCab,"KCab-m,KCab-c,KCab-s",,VFB_jrmc2jpk,R,,,Roughly traced,
3889,96902,42,26,4.876321396021154e-05,KCab-s,KCab-s_R,Kenyon_Cell,,cb_intrinsic,11862,KCab,"KCab-m,KCab-c,KCab-s",,VFB_jrmc2jt0,R,,,Roughly traced,
3890,97075,42,24,4.876321396021154e-05,KCab-m,KCab-m_L,Kenyon_Cell,,cb_intrinsic,11862,KCab,"KCab-m,KCab-c,KCab-s",,VFB_jrmc2j6t,L,,,Roughly traced,
3891,98265,42,24,4.876321396021154e-05,PAM06,PAM06(B'2m)_L,DAN,,cb_intrinsic,72601,PAM06,PAM06,,VFB_jrmc1pu9,L,,,Roughly traced,
3892,102744,42,23,4.876321396021154e-05,KCab-m,KCab-m_L,Kenyon_Cell,,cb_intrinsic,11862,KCab,"KCab-m,KCab-c,KCab-s",,VFB_jrmc2j01,L,,,Roughly traced,
3893,104393,42,24,4.876321396021154e-05,KCab-s,KCab-s_R,Kenyon_Cell,,cb_intrinsic,11862,KCab,"KCab-m,KCab-c,KCab-s",,VFB_jrmc2jm2,R,,,Roughly traced,
3894,104462,42,25,4.876321396021154e-05,KCab-s,KCab-s_L,Kenyon_Cell,,cb_intrinsic,11862,KCab,"KCab-m,KCab-c,KCab-s",,VFB_jrmc2jwp,L,,,Roughly traced,
3895,106034,42,18,4.876321396021154e-05,KCab-m,KCab-m_R,Kenyon_Cell,,cb_intrinsic,11862,KCab,"KCab-m,KCab-c,KCab-s",,VFB_jrmc2j3h,R,,,Roughly traced,
3896,109333,42,20,4.876321396021154e-05,KCab-m,KCab-m_L,Kenyon_Cell,,cb_intrinsic,11862,KCab,"KCab-m,KCab-c,KCab-s",,VFB_jrmc2j0f,L,,,Roughly traced,
3897,109917,42,29,4.876321396021154e-05,KCab-s,KCab-s_L,Kenyon_Cell,,cb_intrinsic,11862,KCab,"KCab-m,KCab-c,KCab-s",,VFB_jrmc2jw7,L,,,Roughly traced,
3898,111878,42,21,4.876321396021154e-05,KCab-m,KCab-m_L,Kenyon_Cell,,cb_intrinsic,11862,KCab,"KCab-m,KCab-c,KCab-s",,VFB_jrmc2j5c,L,,,Roughly traced,
3899,114216,42,18,4.876321396021154e-05,PAM01,PAM01(y5)_L,DAN,,cb_intrinsic,63391,PAM01,PAM01,,VFB_jrmc1pr3,L,,,Roughly traced,
3900,117342,42,25,4.876321396021154e-05,KCab-s,KCab-s_R,Kenyon_Cell,,cb_intrinsic,11862,KCab,"KCab-m,KCab-c,KCab-s",,VFB_jrmc2jo9,R,,,Prelim Roughly traced,
3901,124624,42,24,4.876321396021154e-05,KCab-m,KCab-m_L,Kenyon_Cell,,cb_intrinsic,11862,KCab,"KCab-m,KCab-c,KCab-s",,VFB_jrmc2j78,L,,,Roughly traced,
3902,132410,42,25,4.876321396021154e-05,KCab-m,KCab-m_L,Kenyon_Cell,,cb_intrinsic,11862,KCab,"KCab-m,KCab-c,KCab-s",,VFB_jrmc2j7g,L,,,Roughly traced,
3903,132896,42,26,4.876321396021154e-05,KCab-s,KCab-s_L,Kenyon_Cell,,cb_intrinsic,11862,KCab,"KCab-m,KCab-c,KCab-s",,VFB_jrmc2jr1,L,,,Roughly traced,
3904,133165,42,20,4.876321396021154e-05,KCab-c,KCab-c_L,Kenyon_Cell,,cb_intrinsic,11862,KCab,"KCab-m,KCab-c,KCab-s",,VFB_jrmc2it4,L,,,Roughly traced,
3905,133427,42,26,4.876321396021154e-05,MBON10,MBON10(B'1)_R,MBON,,cb_intrinsic,27954,MBON10,MBON10,,VFB_jrmc209q,R,,,Prelim Roughly traced,
3906,135287,42,20,4.876321396021154e-05,PAM05,PAM05(B'2p)_L,DAN,,cb_intrinsic,92324,PAM05,PAM05,,VFB_jrmc1ptc,L,,,Roughly traced,
3907,136461,42,23,4.876321396021154e-05,KCab-m,KCab-m_L,Kenyon_Cell,,cb_intrinsic,11862,KCab,"KCab-m,KCab-c,KCab-s",,VFB_jrmc2j5s,L,,,Roughly traced,
3908,137597,42,5,4.876321396021154e-05,vDeltaI_a,vDeltaI_a_C5,CX,,cb_intrinsic,11512,vDeltaI_a,vDeltaI,,VFB_jrmc03ad,R,,,Roughly traced,
3909,139894,42,26,4.876321396021154e-05,KCab-m,KCab-m_L,Kenyon_Cell,,cb_intrinsic,11862,KCab,"KCab-m,KCab-c,KCab-s",,VFB_jrmc2j16,L,,,Roughly traced,
3910,139919,42,20,4.876321396021154e-05,KCab-m,KCab-m_L,Kenyon_Cell,,cb_intrinsic,11862,KCab,"KCab-m,KCab-c,KCab-s",,VFB_jrmc2j7n,L,,,Roughly traced,
3911,143806,42,25,4.876321396021154e-05,KCab-m,KCab-m_L,Kenyon_Cell,,cb_intrinsic,11862,KCab,"KCab-m,KCab-c,KCab-s",,VFB_jrmc2jaq,L,,,Roughly traced,
3912,145530,42,6,4.876321396021154e-05,vDeltaI_b,vDeltaI_b_C5,CX,,cb_intrinsic,11512,vDeltaI_b,vDeltaI,,VFB_jrmc03au,R,,,Prelim Roughly traced,
3913,159685,42,25,4.876321396021154e-05,KCab-m,KCab-m_L,Kenyon_Cell,,cb_intrinsic,11862,KCab,"KCab-m,KCab-c,KCab-s",,VFB_jrmc2j5u,L,,,Roughly traced,
3914,165176,42,22,4.876321396021154e-05,KCab-m,KCab-m_L,Kenyon_Cell,,cb_intrinsic,11862,KCab,"KCab-m,KCab-c,KCab-s",,VFB_jrmc2j1o,L,,,Roughly traced,
3915,165260,42,24,4.876321396021154e-05,KCab-m,KCab-m_L,Kenyon_Cell,,cb_intrinsic,11862,KCab,"KCab-m,KCab-c,KCab-s",,VFB_jrmc2j7u,L,,,Roughly traced,
3916,175807,42,25,4.876321396021154e-05,KCab-s,KCab-s_L,Kenyon_Cell,,cb_intrinsic,11862,KCab,"KCab-m,KCab-c,KCab-s",,VFB_jrmc2jv0,L,,,Roughly traced,
3917,186043,42,17,4.876321396021154e-05,KCab-m,KCab-m_R,Kenyon_Cell,,cb_intrinsic,11862,KCab,"KCab-m,KCab-c,KCab-s",,VFB_jrmc2j4k,R,,,Roughly traced,
3918,203682,42,23,4.876321396021154e-05,PAM14,PAM14(B'1m)_R,DAN,,cb_intrinsic,92324,PAM14,PAM14,,VFB_jrmc1i1r,R,,,Prelim Roughly traced,
3919,224205,42,24,4.876321396021154e-05,PAM09,PAM09(B1ped)_R,DAN,,cb_intrinsic,28434,PAM09,PAM09,,VFB_jrmc1pw9,R,,,Roughly traced,
3920,226379,42,28,4.876321396021154e-05,KCab-s,KCab-s_R,Kenyon_Cell,,cb_intrinsic,11862,KCab,"KCab-m,KCab-c,KCab-s",,VFB_jrmc2ju6,R,,,Prelim Roughly traced,
3921,237109,42,20,4.876321396021154e-05,KCab-s,KCab-s_R,Kenyon_Cell,,cb_intrinsic,11862,KCab,"KCab-m,KCab-c,KCab-s",,VFB_jrmc2jms,R,,,Prelim Roughly traced,
3922,513266,42,11,4.876321396021154e-05,PFL3,PFL3(PB12c)_R3_C5,CX,,cb_intrinsic,11557,PFL3,PFL3,,VFB_jrmc1i57,R,,,Roughly traced,
3923,514036,42,23,4.876321396021154e-05,CRE024,CRE024_L,,,cb_intrinsic,,CRE024,CRE024,,VFB_jrmc34sv,L,,,Roughly traced,
3924,519346,42,10,4.876321396021154e-05,PFL3,PFL3(PB12c)_L7_C9,CX,,cb_intrinsic,11557,PFL3,PFL3,,VFB_jrmc1i5e,L,,,Roughly traced,
3925,519925,42,14,4.876321396021154e-05,LAL040,LAL040_L,,,cb_intrinsic,,LAL040,LAL040,,VFB_jrmc2coz,L,,,Roughly traced,
3926,529041,42,23,4.876321396021154e-05,KCab-s,KCab-s_R,Kenyon_Cell,,cb_intrinsic,11862,KCab,"KCab-m,KCab-c,KCab-s",,VFB_jrmc2jui,R,,,Prelim Roughly traced,
3927,531009,42,10,4.876321396021154e-05,PFR_b,PFR_b(PB11b)_L1_C2,CX,,cb_intrinsic,13892,PFR_b,PFR_b,,VFB_jrmc1ikg,L,,,Roughly traced,
3928,561332,42,8,4.876321396021154e-05,FB2F_a,FB2F_a_L,CX,,cb_intrinsic,10396,CB4171,FB2F_a,,VFB_jrmc3019,L,,,Roughly traced,
3929,946152,42,25,4.876321396021154e-05,KCab-s,KCab-s_R,Kenyon_Cell,,cb_intrinsic,11862,KCab,"KCab-m,KCab-c,KCab-s",,VFB_jrmc2jmx,R,,,Prelim Roughly traced,
3930,10603,41,10,4.760218505639698e-05,PS196_a,PS196_a_L,,,cb_intrinsic,,PS196,PS196,,VFB_jrmc1jtf,L,CG,,Roughly traced,
3931,11005,41,13,4.760218505639698e-05,OA-VUMa4,OA-VUMa4_M,,,cb_intrinsic,10799,OA-VUMa4,,,VFB_jrmc1ng6,M,MD,,Roughly traced,
3932,11964,41,7,4.760218505639698e-05,SIP106m,SIP106m_R,,,cb_intrinsic,,,,,VFB_jrmc1bn7,R,,,Roughly traced,
3933,12289,41,6,4.760218505639698e-05,AVLP432,AVLP432_R,,,cb_intrinsic,,AVLP432,AVLP432,,VFB_jrmc3itj,R,,,Roughly traced,
3934,12326,41,8,4.760218505639698e-05,AVLP316,AVLP316_R,,,cb_intrinsic,11320,AVLP316,AVLP316,,VFB_jrmc3ili,R,,,Roughly traced,
3935,12628,41,15,4.760218505639698e-05,DNpe042,DNpe042(CL262)_R,,lt,descending_neuron,,DNpe042,CL262,DNlt011,VFB_jrmc30uz,R,,,Roughly traced,
3936,12702,41,13,4.760218505639698e-05,LHPV5e1,LHPV5e1_R,,,cb_intrinsic,10564,LHPV5e1,LHPV5e1,,VFB_jrmc22h9,R,CG,,Roughly traced,
3937,12706,41,15,4.760218505639698e-05,ExR3,ExR3_L,CX,,cb_intrinsic,,ExR3,ExR3,,VFB_jrmc2zz1,L,,,Roughly traced,
3938,13111,41,4,4.760218505639698e-05,AVLP169,AVLP169_R,,,cb_intrinsic,12156,AVLP169,AVLP169,,VFB_jrmc3i73,R,,,Roughly traced,
3939,13301,41,6,4.760218505639698e-05,LAL170,LAL170_R,,,cb_intrinsic,,LAL170,LAL170,,VFB_jrmc2d02,R,,,Roughly traced,
3940,13392,41,10,4.760218505639698e-05,hDeltaH,hDeltaH_14_C8,CX,,cb_intrinsic,11512,hDeltaH,hDeltaH,,VFB_jrmc02kf,L,,,Prelim Roughly traced,
3941,15042,41,11,4.760218505639698e-05,LoVC22,LoVC22_L,,,visual_centrifugal,,cLLP02,CL033,,VFB_jrmc1zne,L,,,Roughly traced,
3942,16624,41,5,4.760218505639698e-05,AVLP153,AVLP153_R,,,cb_intrinsic,16624,AVLP153,AVLP153,,VFB_jrmc3i5v,R,,,Roughly traced,
3943,16818,41,4,4.760218505639698e-05,ER4d,ER4d_R,CX,,cb_intrinsic,13094,ER4d,ER4d,,VFB_jrmc2zx2,R,,,Prelim Roughly traced,
3944,19410,41,4,4.760218505639698e-05,ER4d,ER4d_L,CX,,cb_intrinsic,13094,ER4d,ER4d,,VFB_jrmc2zx3,L,,,Prelim Roughly traced,
3945,20137,41,5,4.760218505639698e-05,PVLP080_b,PVLP080_b_R,,,cb_intrinsic,11313,PVLP080b,PVLP080,,VFB_jrmc1kc5,R,,,Prelim Roughly traced,
3946,26488,41,13,4.760218505639698e-05,PFL3,PFL3(PB12c)_R5_C3,CX,,cb_intrinsic,11557,PFL3,PFL3,,VFB_jrmc1i54,R,,,Roughly traced,
3947,29261,41,12,4.760218505639698e-05,PFNd,PFNd(PB04)_L6_C5,CX,,cb_intrinsic,10817,PFNd,PFNd,,VFB_jrmc1i8g,L,,,Roughly traced,
3948,29674,41,12,4.760218505639698e-05,FC2A,FC2A_C2_L,CX,,cb_intrinsic,23643,FC2A,FC2A,,VFB_jrmc2stl,L,,,Roughly traced,
3949,30329,41,10,4.760218505639698e-05,hDeltaM,hDeltaM_C6,CX,,cb_intrinsic,11512,hDeltaM,hDeltaM,,VFB_jrmc02n7,L,,,Prelim Roughly traced,
3950,30653,41,10,4.760218505639698e-05,PFGs,PFGs(PB10)_R4_C6,CX,,cb_intrinsic,16800,PFGs,PFGs,,VFB_jrmc1i3s,R,,,Roughly traced,
3951,35013,41,6,4.760218505639698e-05,PFNm_b,PFNm_b_R5_C6,CX,,cb_intrinsic,14631,PFNm,PFNm_b,,VFB_jrmc1ia0,R,,,Prelim Roughly traced,
3952,37845,41,26,4.760218505639698e-05,PAM04,PAM04(B2)_R,DAN,,cb_intrinsic,37845,PAM04,PAM04,,VFB_jrmc1psu,R,,,Roughly traced,
3953,45721,41,23,4.760218505639698e-05,KCab-s,KCab-s_R,Kenyon_Cell,,cb_intrinsic,11862,KCab,"KCab-m,KCab-c,KCab-s",,VFB_jrmc2jr7,R,,,Roughly traced,
3954,54661,41,25,4.760218505639698e-05,KCab-s,KCab-s_R,Kenyon_Cell,,cb_intrinsic,11862,KCab,"KCab-m,KCab-c,KCab-s",,VFB_jrmc2jjj,R,,,Roughly traced,
3955,66387,41,27,4.760218505639698e-05,KCab-s,KCab-s_R,Kenyon_Cell,,cb_intrinsic,11862,KCab,"KCab-m,KCab-c,KCab-s",,VFB_jrmc2jjs,R,,,Roughly traced,
3956,68501,41,25,4.760218505639698e-05,KCab-m,KCab-m_L,Kenyon_Cell,,cb_intrinsic,11862,KCab,"KCab-m,KCab-c,KCab-s",,VFB_jrmc2jac,L,,,Roughly traced,
3957,69515,41,11,4.760218505639698e-05,PFNd,PFNd(PB04)_R4_C6,CX,,cb_intrinsic,10817,PFNd,PFNd,,VFB_jrmc1i8z,R,,,Roughly traced,
3958,69758,41,23,4.760218505639698e-05,KCab-m,KCab-m_L,Kenyon_Cell,,cb_intrinsic,11862,KCab,"KCab-m,KCab-c,KCab-s",,VFB_jrmc2j66,L,,,Roughly traced,
3959,70124,41,24,4.760218505639698e-05,KCab-s,KCab-s_R,Kenyon_Cell,,cb_intrinsic,11862,KCab,"KCab-m,KCab-c,KCab-s",,VFB_jrmc2jk2,R,,,Roughly traced,
3960,71469,41,23,4.760218505639698e-05,KCab-m,KCab-m_L,Kenyon_Cell,,cb_intrinsic,11862,KCab,"KCab-m,KCab-c,KCab-s",,VFB_jrmc2izc,L,,,Roughly traced,
3961,74289,41,19,4.760218505639698e-05,KCab-m,KCab-m_L,Kenyon_Cell,,cb_intrinsic,11862,KCab,"KCab-m,KCab-c,KCab-s",,VFB_jrmc2izg,L,,,Roughly traced,
3962,75050,41,23,4.760218505639698e-05,KCab-s,KCab-s_R,Kenyon_Cell,,cb_intrinsic,11862,KCab,"KCab-m,KCab-c,KCab-s",,VFB_jrmc2jkb,R,,,Roughly traced,
3963,75384,41,28,4.760218505639698e-05,KCab-s,KCab-s_R,Kenyon_Cell,,cb_intrinsic,11862,KCab,"KCab-m,KCab-c,KCab-s",,VFB_jrmc2jrj,R,,,Roughly traced,
3964,75882,41,28,4.760218505639698e-05,KCab-s,KCab-s_R,Kenyon_Cell,,cb_intrinsic,11862,KCab,"KCab-m,KCab-c,KCab-s",,VFB_jrmc2jto,R,,,Roughly traced,
3965,76072,41,27,4.760218505639698e-05,KCab-s,KCab-s_L,Kenyon_Cell,,cb_intrinsic,11862,KCab,"KCab-m,KCab-c,KCab-s",,VFB_jrmc2jwm,L,,,Roughly traced,
3966,78118,41,22,4.760218505639698e-05,KCab-c,KCab-c_L,Kenyon_Cell,,cb_intrinsic,11862,KCab,"KCab-m,KCab-c,KCab-s",,VFB_jrmc2ilr,L,,,Roughly traced,
3967,78261,41,21,4.760218505639698e-05,KCab-m,KCab-m_L,Kenyon_Cell,,cb_intrinsic,11862,KCab,"KCab-m,KCab-c,KCab-s",,VFB_jrmc2jdn,L,,,Roughly traced,
3968,78544,41,25,4.760218505639698e-05,KCab-s,KCab-s_R,Kenyon_Cell,,cb_intrinsic,11862,KCab,"KCab-m,KCab-c,KCab-s",,VFB_jrmc2jtq,R,,,Roughly traced,
3969,78984,41,21,4.760218505639698e-05,KCab-s,KCab-s_R,Kenyon_Cell,,cb_intrinsic,11862,KCab,"KCab-m,KCab-c,KCab-s",,VFB_jrmc2jkn,R,,,Roughly traced,
3970,79839,41,13,4.760218505639698e-05,hDeltaI,hDeltaI_11_C9,CX,,cb_intrinsic,11512,hDeltaI,hDeltaI,,VFB_jrmc02l0,L,,,Prelim Roughly traced,
3971,80013,41,22,4.760218505639698e-05,KCab-s,KCab-s_R,Kenyon_Cell,,cb_intrinsic,11862,KCab,"KCab-m,KCab-c,KCab-s",,VFB_jrmc2jts,R,,,Roughly traced,
3972,80172,41,27,4.760218505639698e-05,KCab-s,KCab-s_R,Kenyon_Cell,,cb_intrinsic,11862,KCab,"KCab-m,KCab-c,KCab-s",,VFB_jrmc2joy,R,,,Prelim Roughly traced,
3973,81851,41,28,4.760218505639698e-05,KCab-s,KCab-s_R,Kenyon_Cell,,cb_intrinsic,11862,KCab,"KCab-m,KCab-c,KCab-s",,VFB_jrmc2jsr,R,,,Roughly traced,
3974,89071,41,25,4.760218505639698e-05,KCab-s,KCab-s_L,Kenyon_Cell,,cb_intrinsic,11862,KCab,"KCab-m,KCab-c,KCab-s",,VFB_jrmc2jv6,L,,,Roughly traced,
3975,89574,41,21,4.760218505639698e-05,KCab-s,KCab-s_R,Kenyon_Cell,,cb_intrinsic,11862,KCab,"KCab-m,KCab-c,KCab-s",,VFB_jrmc2jl7,R,,,Roughly traced,
3976,89718,41,27,4.760218505639698e-05,KCab-s,KCab-s_R,Kenyon_Cell,,cb_intrinsic,11862,KCab,"KCab-m,KCab-c,KCab-s",,VFB_jrmc2jl8,R,,,Roughly traced,
3977,91981,41,23,4.760218505639698e-05,KCab-m,KCab-m_L,Kenyon_Cell,,cb_intrinsic,11862,KCab,"KCab-m,KCab-c,KCab-s",,VFB_jrmc2j6p,L,,,Roughly traced,
3978,92040,41,30,4.760218505639698e-05,KCab-s,KCab-s_R,Kenyon_Cell,,cb_intrinsic,11862,KCab,"KCab-m,KCab-c,KCab-s",,VFB_jrmc2jud,R,,,Roughly traced,
3979,93050,41,26,4.760218505639698e-05,KCab-s,KCab-s_L,Kenyon_Cell,,cb_intrinsic,11862,KCab,"KCab-m,KCab-c,KCab-s",,VFB_jrmc2jy4,L,,,Roughly traced,
3980,99248,41,23,4.760218505639698e-05,KCab-s,KCab-s_L,Kenyon_Cell,,cb_intrinsic,11862,KCab,"KCab-m,KCab-c,KCab-s",,VFB_jrmc2jx2,L,,,Roughly traced,
3981,102109,41,26,4.760218505639698e-05,KCab-m,KCab-m_L,Kenyon_Cell,,cb_intrinsic,11862,KCab,"KCab-m,KCab-c,KCab-s",,VFB_jrmc2jai,L,,,Roughly traced,
3982,102904,41,22,4.760218505639698e-05,KCab-m,KCab-m_L,Kenyon_Cell,,cb_intrinsic,11862,KCab,"KCab-m,KCab-c,KCab-s",,VFB_jrmc2j02,L,,,Roughly traced,
3983,104117,41,24,4.760218505639698e-05,KCab-m,KCab-m_R,Kenyon_Cell,,cb_intrinsic,11862,KCab,"KCab-m,KCab-c,KCab-s",,VFB_jrmc2ja5,R,,,Roughly traced,
3984,106206,41,28,4.760218505639698e-05,KCab-s,KCab-s_L,Kenyon_Cell,,cb_intrinsic,11862,KCab,"KCab-m,KCab-c,KCab-s",,VFB_jrmc2jy6,L,,,Roughly traced,
3985,107825,41,22,4.760218505639698e-05,KCab-m,KCab-m_L,Kenyon_Cell,,cb_intrinsic,11862,KCab,"KCab-m,KCab-c,KCab-s",,VFB_jrmc2j0d,L,,,Roughly traced,
3986,108539,41,17,4.760218505639698e-05,KCab-c,KCab-c_L,Kenyon_Cell,,cb_intrinsic,11862,KCab,"KCab-m,KCab-c,KCab-s",,VFB_jrmc2im4,L,,,Roughly traced,
3987,109851,41,23,4.760218505639698e-05,KCab-m,KCab-m_L,Kenyon_Cell,,cb_intrinsic,11862,KCab,"KCab-m,KCab-c,KCab-s",,VFB_jrmc2jdd,L,,,Roughly traced,
3988,111636,41,26,4.760218505639698e-05,KCab-m,KCab-m_L,Kenyon_Cell,,cb_intrinsic,11862,KCab,"KCab-m,KCab-c,KCab-s",,VFB_jrmc2j5b,L,,,Roughly traced,
3989,112329,41,23,4.760218505639698e-05,KCab-m,KCab-m_L,Kenyon_Cell,,cb_intrinsic,11862,KCab,"KCab-m,KCab-c,KCab-s",,VFB_jrmc2j71,L,,,Roughly traced,
3990,113394,41,32,4.760218505639698e-05,KCab-s,KCab-s_R,Kenyon_Cell,,cb_intrinsic,11862,KCab,"KCab-m,KCab-c,KCab-s",,VFB_jrmc2jt6,R,,,Roughly traced,
3991,117370,41,26,4.760218505639698e-05,KCab-s,KCab-s_R,Kenyon_Cell,,cb_intrinsic,11862,KCab,"KCab-m,KCab-c,KCab-s",,VFB_jrmc2jq0,R,,,Roughly traced,
3992,118080,41,24,4.760218505639698e-05,KCab-s,KCab-s_L,Kenyon_Cell,,cb_intrinsic,11862,KCab,"KCab-m,KCab-c,KCab-s",,VFB_jrmc2jxk,L,,,Roughly traced,
3993,119348,41,20,4.760218505639698e-05,KCab-s,KCab-s_L,Kenyon_Cell,,cb_intrinsic,11862,KCab,"KCab-m,KCab-c,KCab-s",,VFB_jrmc2jxt,L,,,Roughly traced,
3994,124313,41,4,4.760218505639698e-05,PFNm_b,PFNm_b_L9_C9,CX,,cb_intrinsic,14631,PFNm,PFNm_b,,VFB_jrmc1iaj,L,,,Prelim Roughly traced,
3995,125574,41,22,4.760218505639698e-05,KCab-m,KCab-m_L,Kenyon_Cell,,cb_intrinsic,11862,KCab,"KCab-m,KCab-c,KCab-s",,VFB_jrmc2jao,L,,,Roughly traced,
3996,129122,41,28,4.760218505639698e-05,KCab-s,KCab-s_L,Kenyon_Cell,,cb_intrinsic,11862,KCab,"KCab-m,KCab-c,KCab-s",,VFB_jrmc2jr0,L,,,Roughly traced,
3997,132800,41,24,4.760218505639698e-05,KCab-m,KCab-m_L,Kenyon_Cell,,cb_intrinsic,11862,KCab,"KCab-m,KCab-c,KCab-s",,VFB_jrmc2j5o,L,,,Roughly traced,
3998,133873,41,26,4.760218505639698e-05,KCab-m,KCab-m_L,Kenyon_Cell,,cb_intrinsic,11862,KCab,"KCab-m,KCab-c,KCab-s",,VFB_jrmc2j14,L,,,Roughly traced,
3999,135013,41,21,4.760218505639698e-05,KCab-m,KCab-m_L,Kenyon_Cell,,cb_intrinsic,11862,KCab,"KCab-m,KCab-c,KCab-s",,VFB_jrmc2j5r,L,,,Roughly traced,
4000,146166,41,21,4.760218505639698e-05,KCab-m,KCab-m_L,Kenyon_Cell,,cb_intrinsic,11862,KCab,"KCab-m,KCab-c,KCab-s",,VFB_jrmc2j1b,L,,,Roughly traced,
4001,146801,41,24,4.760218505639698e-05,KCab-m,KCab-m_L,Kenyon_Cell,,cb_intrinsic,11862,KCab,"KCab-m,KCab-c,KCab-s",,VFB_jrmc2jdj,L,,,Roughly traced,
4002,146923,41,21,4.760218505639698e-05,KCab-s,KCab-s_L,Kenyon_Cell,,cb_intrinsic,11862,KCab,"KCab-m,KCab-c,KCab-s",,VFB_jrmc2jnv,L,,,Roughly traced,
4003,154387,41,23,4.760218505639698e-05,PAM14,PAM14(B'1m)_L,DAN,,cb_intrinsic,115868,PAM14,PAM14,,VFB_jrmc1i1p,L,,,Prelim Roughly traced,
4004,165180,41,26,4.760218505639698e-05,KCab-c,KCab-c_R,Kenyon_Cell,,cb_intrinsic,11862,KCab,"KCab-m,KCab-c,KCab-s",,VFB_jrmc2iuv,R,,,Prelim Roughly traced,
4005,173781,41,24,4.760218505639698e-05,KCab-m,KCab-m_L,Kenyon_Cell,,cb_intrinsic,11862,KCab,"KCab-m,KCab-c,KCab-s",,VFB_jrmc2j5x,L,,,Roughly traced,
4006,183749,41,21,4.760218505639698e-05,KCab-c,KCab-c_L,Kenyon_Cell,,cb_intrinsic,11862,KCab,"KCab-m,KCab-c,KCab-s",,VFB_jrmc2inj,L,,,Roughly traced,
4007,192146,41,23,4.760218505639698e-05,KCab-m,KCab-m_L,Kenyon_Cell,,cb_intrinsic,11862,KCab,"KCab-m,KCab-c,KCab-s",,VFB_jrmc2j89,L,,,Roughly traced,
4008,196065,41,31,4.760218505639698e-05,KCab-s,KCab-s_L,Kenyon_Cell,,cb_intrinsic,11862,KCab,"KCab-m,KCab-c,KCab-s",,VFB_jrmc2ji6,L,,,Roughly traced,
4009,226452,41,24,4.760218505639698e-05,PAM05,PAM05(B'2p)_R,DAN,,cb_intrinsic,72601,PAM05,PAM05,,VFB_jrmc1pti,R,,,Roughly traced,
4010,287798,41,23,4.760218505639698e-05,KCab-s,KCab-s_R,Kenyon_Cell,,cb_intrinsic,11862,KCab,"KCab-m,KCab-c,KCab-s",,VFB_jrmc2jqe,R,,,Prelim Roughly traced,
4011,512903,41,2,4.760218505639698e-05,AVLP545,AVLP545_R,,,cb_intrinsic,10382,AVLP547a,AVLP545,,VFB_jrmc3j32,R,,,Roughly traced,
4012,513391,41,6,4.760218505639698e-05,MBON17-like,MBON17-like(a'2a'3)_R,MBON,,cb_intrinsic,11777,MBON17-like,MBON17-like,,VFB_jrmc20al,R,,,Roughly traced,
4013,515933,41,4,4.760218505639698e-05,ExR2,ExR2_R,CX,,cb_intrinsic,18156,ExR2,ExR2,,VFB_jrmc2zyy,R,,,Roughly traced,
4014,520146,41,9,4.760218505639698e-05,SIP106m,SIP106m_L,,,cb_intrinsic,,,,,VFB_jrmc1bn6,L,,,Roughly traced,
4015,520410,41,19,4.760218505639698e-05,LHPV5e1,LHPV5e1_L,,,cb_intrinsic,10564,LHPV5e1,LHPV5e1,,VFB_jrmc22ha,L,CG,,Roughly traced,
4016,521063,41,23,4.760218505639698e-05,LHPD5d1,LHPD5d1_L,,,cb_intrinsic,14667,LHPD5d1,LHPD5d1,,VFB_jrmc222d,L,,,Prelim Roughly traced,
4017,531863,41,8,4.760218505639698e-05,AOTU012,AOTU012_L,,,cb_intrinsic,,AOTU012,AOTU012,,VFB_jrmc3hj6,L,,,Roughly traced,
4018,550950,41,26,4.760218505639698e-05,KCab-s,KCab-s_R,Kenyon_Cell,,cb_intrinsic,11862,KCab,"KCab-m,KCab-c,KCab-s",,VFB_jrmc2jyx,R,,,Prelim Roughly traced,
4019,567101,41,10,4.760218505639698e-05,PFL3,PFL3(PB12c)_R3_C5,CX,,cb_intrinsic,11557,PFL3,PFL3,,VFB_jrmc1i5j,R,,,Roughly traced,
4020,568673,41,27,4.760218505639698e-05,KCab-m,KCab-m_L,Kenyon_Cell,,cb_intrinsic,11862,KCab,"KCab-m,KCab-c,KCab-s",,VFB_jrmc2j8c,L,,,Roughly traced,
4021,10053,40,5,4.644115615258242e-05,LoVC16,LoVC16_R,,,visual_centrifugal,,cL21,PVLP132,,VFB_jrmc1zms,R,,,Roughly traced,
4022,10220,40,5,4.644115615258242e-05,LoVC16,LoVC16_L,,,visual_centrifugal,,cL21,PVLP132,,VFB_jrmc1zmr,L,,,Roughly traced,
4023,10639,40,8,4.644115615258242e-05,LoVC22,LoVC22_R,,,visual_centrifugal,,cLLP02,CL033,,VFB_jrmc1znf,R,,,Roughly traced,
4024,11174,40,10,4.644115615258242e-05,LHCENT8,LHCENT8_R,,,cb_intrinsic,11030,LHCENT8,LHCENT8,,VFB_jrmc21xu,R,,,Roughly traced,
4025,11580,40,4,4.644115615258242e-05,AVLP539,AVLP539_L,,,cb_intrinsic,,5-HTPLP01,AVLP539,,VFB_jrmc3j2j,L,,,Roughly traced,
4026,11812,40,7,4.644115615258242e-05,LC31b,LC31b_R,,,visual_projection,,"LC31b,LC31c",,,VFB_jrmc28a4,R,,,Roughly traced,
4027,11921,40,22,4.644115615258242e-05,OA-VPM4,OA-VPM4_R,,,cb_intrinsic,,OA-VPM4,OA-VPM4,,VFB_jrmc1nfy,R,,,Roughly traced,
4028,12037,40,6,4.644115615258242e-05,LHCENT9,LHCENT9_R,,,cb_intrinsic,,LHCENT9,LHCENT9,,VFB_jrmc21xv,R,,,Roughly traced,
4029,13264,40,7,4.644115615258242e-05,AVLP488,AVLP488_R,,,cb_intrinsic,,AVLP488,AVLP488,,VFB_jrmc3iyv,R,,,Roughly traced,
4030,13830,40,5,4.644115615258242e-05,LT52,LT52_R,,,visual_projection,11913,LT52,LT52,,VFB_jrmc24tc,R,,,Roughly traced,
4031,13835,40,7,4.644115615258242e-05,AVLP505,AVLP505_R,,,cb_intrinsic,12464,AVLP505,AVLP505,,VFB_jrmc3j04,R,,,Roughly traced,
4032,13953,40,6,4.644115615258242e-05,AVLP430,AVLP430_R,,,cb_intrinsic,11018,AVLP430,AVLP430,,VFB_jrmc3itg,R,,,Roughly traced,
4033,15118,40,11,4.644115615258242e-05,AVLP015,AVLP015_R,,,cb_intrinsic,,AVLP015,AVLP015,,VFB_jrmc3htq,R,,,Roughly traced,
4034,16160,40,12,4.644115615258242e-05,SMP504,SMP504_R,,,cb_intrinsic,15669,SMP504,SMP504,,VFB_jrmc1e1i,R,,,Roughly traced,
4035,16577,40,5,4.644115615258242e-05,aIPg1,aIPg1_R,,,cb_intrinsic,15464,CB2131,aIPg1,,VFB_jrmc027l,R,,,Roughly traced,
4036,18339,40,6,4.644115615258242e-05,aIPg6,aIPg6_R,,,cb_intrinsic,11963,"CB1618,CB3330",SMP574,,VFB_jrmc028d,R,,,Roughly traced,
4037,19564,40,13,4.644115615258242e-05,PFGs,PFGs(PB10)_R6_C4,CX,,cb_intrinsic,16800,PFGs,PFGs,,VFB_jrmc1i41,R,,,Roughly traced,
4038,28286,40,13,4.644115615258242e-05,FB4O,FB4O_R,CX,,cb_intrinsic,12311,FB4O,FB4O,,VFB_jrmc305i,R,,,Roughly traced,
4039,29152,40,7,4.644115615258242e-05,FB4Q_a,FB4Q_a_L,CX,,cb_intrinsic,12311,,FB4Q_a,,VFB_jrmc305t,L,,,Roughly traced,
4040,29836,40,10,4.644115615258242e-05,PFL3,PFL3(PB12c)_L4_C6,CX,,cb_intrinsic,11557,PFL3,PFL3,,VFB_jrmc1i5c,L,,,Roughly traced,
4041,35698,40,9,4.644115615258242e-05,CB1883,CB1883_L,,,cb_intrinsic,17356,CB1883,,,VFB_jrmc38yx,L,,,Roughly traced,
4042,36751,40,13,4.644115615258242e-05,CRE039,CRE039_L,,,cb_intrinsic,19594,CB1251,CRE039,,VFB_jrmc350f,L,,,Roughly traced,
4043,40069,40,12,4.644115615258242e-05,PFNd,PFNd(PB04)_L4_C3,CX,,cb_intrinsic,10817,PFNd,PFNd,,VFB_jrmc1i8o,L,,,Roughly traced,
4044,45529,40,22,4.644115615258242e-05,KCab-s,KCab-s_R,Kenyon_Cell,,cb_intrinsic,11862,KCab,"KCab-m,KCab-c,KCab-s",,VFB_jrmc2jjg,R,,,Roughly traced,
4045,48335,40,11,4.644115615258242e-05,FB5M,FB5M_L,CX,,cb_intrinsic,11994,FB5M,FB5M,,VFB_jrmc307x,L,CG,,Prelim Roughly traced,
4046,55528,40,21,4.644115615258242e-05,KCab-s,KCab-s_R,Kenyon_Cell,,cb_intrinsic,11862,KCab,"KCab-m,KCab-c,KCab-s",,VFB_jrmc2jth,R,,,Roughly traced,
4047,57425,40,31,4.644115615258242e-05,KCab-s,KCab-s_R,Kenyon_Cell,,cb_intrinsic,11862,KCab,"KCab-m,KCab-c,KCab-s",,VFB_jrmc2jof,R,,,Roughly traced,
4048,60787,40,22,4.644115615258242e-05,KCab-s,KCab-s_L,Kenyon_Cell,,cb_intrinsic,11862,KCab,"KCab-m,KCab-c,KCab-s",,VFB_jrmc2jx6,L,,,Roughly traced,
4049,61360,40,15,4.644115615258242e-05,PAM12,PAM12(y3)_L,DAN,,cb_intrinsic,61360,PAM12,PAM12,,VFB_jrmc1pxn,L,,,Roughly traced,
4050,64794,40,27,4.644115615258242e-05,KCab-s,KCab-s_R,Kenyon_Cell,,cb_intrinsic,11862,KCab,"KCab-m,KCab-c,KCab-s",,VFB_jrmc2jyt,R,,,Roughly traced,
4051,66865,40,24,4.644115615258242e-05,KCab-m,KCab-m_L,Kenyon_Cell,,cb_intrinsic,11862,KCab,"KCab-m,KCab-c,KCab-s",,VFB_jrmc2jab,L,,,Roughly traced,
4052,67686,40,27,4.644115615258242e-05,KCab-s,KCab-s_R,Kenyon_Cell,,cb_intrinsic,11862,KCab,"KCab-m,KCab-c,KCab-s",,VFB_jrmc2jjw,R,,,Roughly traced,
4053,72495,40,31,4.644115615258242e-05,KCab-s,KCab-s_R,Kenyon_Cell,,cb_intrinsic,11862,KCab,"KCab-m,KCab-c,KCab-s",,VFB_jrmc2jrd,R,,,Roughly traced,
4054,73006,40,24,4.644115615258242e-05,KCab-s,KCab-s_R,Kenyon_Cell,,cb_intrinsic,11862,KCab,"KCab-m,KCab-c,KCab-s",,VFB_jrmc2jua,R,,,Roughly traced,
4055,76660,40,27,4.644115615258242e-05,KCab-s,KCab-s_R,Kenyon_Cell,,cb_intrinsic,11862,KCab,"KCab-m,KCab-c,KCab-s",,VFB_jrmc2jso,R,,,Roughly traced,
4056,76811,40,22,4.644115615258242e-05,KCab-s,KCab-s_R,Kenyon_Cell,,cb_intrinsic,11862,KCab,"KCab-m,KCab-c,KCab-s",,VFB_jrmc2jor,R,,,Roughly traced,
4057,77090,40,10,4.644115615258242e-05,hDeltaM,hDeltaM_C5,CX,,cb_intrinsic,11512,hDeltaM,hDeltaM,,VFB_jrmc02n8,L,,,Prelim Roughly traced,
4058,78772,40,21,4.644115615258242e-05,KCab-c,KCab-c_R,Kenyon_Cell,,cb_intrinsic,11862,KCab,"KCab-m,KCab-c,KCab-s",,VFB_jrmc2ioc,R,,,Roughly traced,
4059,79536,40,26,4.644115615258242e-05,KCab-s,KCab-s_R,Kenyon_Cell,,cb_intrinsic,11862,KCab,"KCab-m,KCab-c,KCab-s",,VFB_jrmc2jko,R,,,Roughly traced,
4060,80131,40,25,4.644115615258242e-05,KCab-s,KCab-s_R,Kenyon_Cell,,cb_intrinsic,11862,KCab,"KCab-m,KCab-c,KCab-s",,VFB_jrmc2jrq,R,,,Roughly traced,
4061,84335,40,25,4.644115615258242e-05,KCab-m,KCab-m_L,Kenyon_Cell,,cb_intrinsic,11862,KCab,"KCab-m,KCab-c,KCab-s",,VFB_jrmc2j6j,L,,,Roughly traced,
4062,86349,40,24,4.644115615258242e-05,KCab-m,KCab-m_L,Kenyon_Cell,,cb_intrinsic,11862,KCab,"KCab-m,KCab-c,KCab-s",,VFB_jrmc2j6m,L,,,Roughly traced,
4063,89338,40,21,4.644115615258242e-05,KCab-m,KCab-m_L,Kenyon_Cell,,cb_intrinsic,11862,KCab,"KCab-m,KCab-c,KCab-s",,VFB_jrmc2j6o,L,,,Roughly traced,
4064,90650,40,25,4.644115615258242e-05,KCab-s,KCab-s_R,Kenyon_Cell,,cb_intrinsic,11862,KCab,"KCab-m,KCab-c,KCab-s",,VFB_jrmc2jrw,R,,,Roughly traced,
4065,92494,40,24,4.644115615258242e-05,KCab-s,KCab-s_R,Kenyon_Cell,,cb_intrinsic,11862,KCab,"KCab-m,KCab-c,KCab-s",,VFB_jrmc2jlg,R,,,Roughly traced,
4066,92687,40,21,4.644115615258242e-05,KCab-c,KCab-c_R,Kenyon_Cell,,cb_intrinsic,11862,KCab,"KCab-m,KCab-c,KCab-s",,VFB_jrmc2iy6,R,,,Roughly traced,
4067,92960,40,29,4.644115615258242e-05,KCab-s,KCab-s_R,Kenyon_Cell,,cb_intrinsic,11862,KCab,"KCab-m,KCab-c,KCab-s",,VFB_jrmc2jim,R,,,Roughly traced,
4068,94050,40,19,4.644115615258242e-05,KCab-m,KCab-m_R,Kenyon_Cell,,cb_intrinsic,11862,KCab,"KCab-m,KCab-c,KCab-s",,VFB_jrmc2ja4,R,,,Roughly traced,
4069,95707,40,26,4.644115615258242e-05,KCab-s,KCab-s_R,Kenyon_Cell,,cb_intrinsic,11862,KCab,"KCab-m,KCab-c,KCab-s",,VFB_jrmc2jin,R,,,Roughly traced,
4070,96571,40,16,4.644115615258242e-05,PAM12,PAM12(y3)_L,DAN,,cb_intrinsic,55210,PAM12,PAM12,,VFB_jrmc1pxp,L,,,Roughly traced,
4071,98582,40,21,4.644115615258242e-05,KCab-m,KCab-m_L,Kenyon_Cell,,cb_intrinsic,11862,KCab,"KCab-m,KCab-c,KCab-s",,VFB_jrmc2izx,L,,,Roughly traced,
4072,99108,40,22,4.644115615258242e-05,KCab-s,KCab-s_R,Kenyon_Cell,,cb_intrinsic,11862,KCab,"KCab-m,KCab-c,KCab-s",,VFB_jrmc2jiq,R,,,Roughly traced,
4073,99324,40,23,4.644115615258242e-05,KCab-c,KCab-c_R,Kenyon_Cell,,cb_intrinsic,11862,KCab,"KCab-m,KCab-c,KCab-s",,VFB_jrmc2iu4,R,,,Roughly traced,
4074,101691,40,30,4.644115615258242e-05,KCab-s,KCab-s_R,Kenyon_Cell,,cb_intrinsic,11862,KCab,"KCab-m,KCab-c,KCab-s",,VFB_jrmc2ju1,R,,,Roughly traced,
4075,107453,40,22,4.644115615258242e-05,KCab-s,KCab-s_R,Kenyon_Cell,,cb_intrinsic,11862,KCab,"KCab-m,KCab-c,KCab-s",,VFB_jrmc2jpw,R,,,Roughly traced,
4076,107679,40,18,4.644115615258242e-05,KCab-s,KCab-s_L,Kenyon_Cell,,cb_intrinsic,11862,KCab,"KCab-m,KCab-c,KCab-s",,VFB_jrmc2jv7,L,,,Roughly traced,
4077,108808,40,21,4.644115615258242e-05,KCab-c,KCab-c_L,Kenyon_Cell,,cb_intrinsic,11862,KCab,"KCab-m,KCab-c,KCab-s",,VFB_jrmc2iq5,L,,,Roughly traced,
4078,109919,40,26,4.644115615258242e-05,KCab-s,KCab-s_L,Kenyon_Cell,,cb_intrinsic,11862,KCab,"KCab-m,KCab-c,KCab-s",,VFB_jrmc2jw8,L,,,Roughly traced,
4079,110380,40,23,4.644115615258242e-05,KCab-s,KCab-s_R,Kenyon_Cell,,cb_intrinsic,11862,KCab,"KCab-m,KCab-c,KCab-s",,VFB_jrmc2jpx,R,,,Roughly traced,
4080,114364,40,24,4.644115615258242e-05,KCab-m,KCab-m_L,Kenyon_Cell,,cb_intrinsic,11862,KCab,"KCab-m,KCab-c,KCab-s",,VFB_jrmc2j0n,L,,,Roughly traced,
4081,115501,40,22,4.644115615258242e-05,KCab-c,KCab-c_R,Kenyon_Cell,,cb_intrinsic,11862,KCab,"KCab-m,KCab-c,KCab-s",,VFB_jrmc2ipm,R,,,Roughly traced,
4082,123047,40,10,4.644115615258242e-05,hDeltaI,hDeltaI_12_C10,CX,,cb_intrinsic,11512,hDeltaI,hDeltaI,,VFB_jrmc02kq,L,,,Prelim Roughly traced,
4083,126501,40,25,4.644115615258242e-05,PAM06,PAM06(B'2m)_L,DAN,,cb_intrinsic,92324,PAM06,PAM06,,VFB_jrmc1pu7,L,,,Roughly traced,
4084,127047,40,19,4.644115615258242e-05,KCab-m,KCab-m_L,Kenyon_Cell,,cb_intrinsic,11862,KCab,"KCab-m,KCab-c,KCab-s",,VFB_jrmc2j5l,L,,,Roughly traced,
4085,127326,40,19,4.644115615258242e-05,KCab-m,KCab-m_L,Kenyon_Cell,,cb_intrinsic,11862,KCab,"KCab-m,KCab-c,KCab-s",,VFB_jrmc2j5m,L,,,Roughly traced,
4086,132539,40,24,4.644115615258242e-05,KCab-s,KCab-s_L,Kenyon_Cell,,cb_intrinsic,11862,KCab,"KCab-m,KCab-c,KCab-s",,VFB_jrmc2jx8,L,,,Roughly traced,
4087,145513,40,23,4.644115615258242e-05,KCab-s,KCab-s_L,Kenyon_Cell,,cb_intrinsic,11862,KCab,"KCab-m,KCab-c,KCab-s",,VFB_jrmc2jz0,L,,,Roughly traced,
4088,146603,40,18,4.644115615258242e-05,PAM01,PAM01(y5)_R,DAN,,cb_intrinsic,63391,PAM01,PAM01,,VFB_jrmc1pqf,R,,,Roughly traced,
4089,153492,40,24,4.644115615258242e-05,KCab-s,KCab-s_L,Kenyon_Cell,,cb_intrinsic,11862,KCab,"KCab-m,KCab-c,KCab-s",,VFB_jrmc2jwt,L,,,Roughly traced,
4090,158126,40,24,4.644115615258242e-05,KCab-s,KCab-s_L,Kenyon_Cell,,cb_intrinsic,11862,KCab,"KCab-m,KCab-c,KCab-s",,VFB_jrmc2jny,L,,,Roughly traced,
4091,167201,40,31,4.644115615258242e-05,KCab-m,KCab-m_L,Kenyon_Cell,,cb_intrinsic,11862,KCab,"KCab-m,KCab-c,KCab-s",,VFB_jrmc2j80,L,,,Roughly traced,
4092,168080,40,27,4.644115615258242e-05,PAM03,PAM03(B2B'2a)_L,DAN,,cb_intrinsic,168080,PAM03,PAM03,,VFB_jrmc1ps0,L,,,Roughly traced,
4093,170474,40,19,4.644115615258242e-05,KCab-m,KCab-m_L,Kenyon_Cell,,cb_intrinsic,11862,KCab,"KCab-m,KCab-c,KCab-s",,VFB_jrmc2jax,L,,,Roughly traced,
4094,177085,40,21,4.644115615258242e-05,KCab-m,KCab-m_L,Kenyon_Cell,,cb_intrinsic,11862,KCab,"KCab-m,KCab-c,KCab-s",,VFB_jrmc2je1,L,,,Roughly traced,
4095,177705,40,9,4.644115615258242e-05,vDeltaM,vDeltaM_C6,CX,,cb_intrinsic,11512,vDeltaM,vDeltaM,,VFB_jrmc03el,R,,,Roughly traced,
4096,192097,40,22,4.644115615258242e-05,KCab-s,KCab-s_L,Kenyon_Cell,,cb_intrinsic,11862,KCab,"KCab-m,KCab-c,KCab-s",,VFB_jrmc2jwi,L,,,Roughly traced,
4097,205250,40,17,4.644115615258242e-05,KCab-m,KCab-m_L,Kenyon_Cell,,cb_intrinsic,11862,KCab,"KCab-m,KCab-c,KCab-s",,VFB_jrmc2j8a,L,,,Roughly traced,
4098,222130,40,23,4.644115615258242e-05,KCab-s,KCab-s_R,Kenyon_Cell,,cb_intrinsic,11862,KCab,"KCab-m,KCab-c,KCab-s",,VFB_jrmc2jqd,R,,,Prelim Roughly traced,
4099,259486,40,26,4.644115615258242e-05,PAM04,PAM04(B2)_R,DAN,,cb_intrinsic,37845,PAM04,PAM04,,VFB_jrmc1ps9,R,,,Roughly traced,
4100,289948,40,13,4.644115615258242e-05,CRE039,CRE039_L,,,cb_intrinsic,19594,CB1251,CRE039,,VFB_jrmc350k,L,,,Prelim Roughly traced,
4101,319321,40,21,4.644115615258242e-05,PAM11,PAM11(a1)_R,DAN,,cb_intrinsic,114661,PAM11,PAM11,,VFB_jrmc1pww,R,,,Roughly traced,
4102,500140,40,23,4.644115615258242e-05,KCab-s,KCab-s_R,Kenyon_Cell,,cb_intrinsic,11862,KCab,"KCab-m,KCab-c,KCab-s",,VFB_jrmc2jug,R,,,Prelim Roughly traced,
4103,512928,40,8,4.644115615258242e-05,EPG,EPG(PB08)_R3,CX,,cb_intrinsic,10539,EPG,EPG,,VFB_jrmc2zqm,R,,,Roughly traced,
4104,513518,40,11,4.644115615258242e-05,PFR_a,PFR_a(PB11a)_R6_C4,CX,,cb_intrinsic,13892,PFR_a,PFR_a,,VFB_jrmc1ijo,R,,,Roughly traced,
4105,516663,40,9,4.644115615258242e-05,PFR_b,PFR_b(PB11b)_L5_C6,CX,,cb_intrinsic,13892,PFR_b,PFR_b,,VFB_jrmc1ikh,L,,,Roughly traced,
4106,520823,40,21,4.644115615258242e-05,KCab-s,KCab-s_R,Kenyon_Cell,,cb_intrinsic,11862,KCab,"KCab-m,KCab-c,KCab-s",,VFB_jrmc2jjb,R,,,Prelim Roughly traced,
4107,522344,40,8,4.644115615258242e-05,AVLP746m,AVLP746m_L,,,cb_intrinsic,12899,,,,VFB_jrmc3jd7,L,CG,,Prelim Roughly traced,
4108,529811,40,7,4.644115615258242e-05,AVLP476,AVLP476_L,,,cb_intrinsic,,AVLP476,AVLP476,,VFB_jrmc3ixm,L,,,Roughly traced,
4109,541755,40,12,4.644115615258242e-05,PFR_a,PFR_a(PB11a)_L5_C5,CX,,cb_intrinsic,13892,PFR_a,PFR_a,,VFB_jrmc1ijv,L,,,Roughly traced,
4110,550598,40,23,4.644115615258242e-05,KCab-s,KCab-s_R,Kenyon_Cell,,cb_intrinsic,11862,KCab,"KCab-m,KCab-c,KCab-s",,VFB_jrmc2jtf,R,,,Prelim Roughly traced,
4111,577933,40,27,4.644115615258242e-05,PAM06,PAM06(B'2m)_L,DAN,,cb_intrinsic,92324,PAM06,PAM06,,VFB_jrmc1pu1,L,,,Roughly traced,
4112,920537,40,23,4.644115615258242e-05,PAM09,PAM09(B1ped)_L,DAN,,cb_intrinsic,28434,PAM09,PAM09,,VFB_jrmc1pwf,L,,,Roughly traced,
4113,10018,39,9,4.528012724876786e-05,LAL138,LAL138_L,,,cb_intrinsic,,LAL138,LAL138,,VFB_jrmc2cxi,L,,,Roughly traced,
4114,10868,39,8,4.528012724876786e-05,LAL083,LAL083_R,,,cb_intrinsic,,CB0757,LAL083,,VFB_jrmc2csa,R,,,Roughly traced,
4115,11220,39,7,4.528012724876786e-05,PLP246,PLP246_R,,,cb_intrinsic,,PLP246,PLP246,,VFB_jrmc1j4m,R,,,Roughly traced,
4116,11341,39,4,4.528012724876786e-05,LHCENT2,LHCENT2_R,,,cb_intrinsic,,LHCENT2,LHCENT2,,VFB_jrmc21xi,R,,,Roughly traced,
4117,11777,39,7,4.528012724876786e-05,MBON15,MBON15(a'1)_R,MBON,,cb_intrinsic,11777,MBON15,MBON15,,VFB_jrmc20ab,R,,,Roughly traced,
4118,12866,39,15,4.528012724876786e-05,CRE076,CRE076_R,,,cb_intrinsic,,CRE076,CRE076,,VFB_jrmc34xf,R,,,Roughly traced,
4119,12891,39,15,4.528012724876786e-05,SMP456,SMP456_L,,,cb_intrinsic,12321,SMP456,SMP456,,VFB_jrmc1dyj,L,CG,,Roughly traced,
4120,13219,39,8,4.528012724876786e-05,LAL170,LAL170_L,,,cb_intrinsic,,LAL170,LAL170,,VFB_jrmc2d03,L,,,Roughly traced,
4121,13523,39,19,4.528012724876786e-05,SMP165,SMP165_L,,,cb_intrinsic,,SMP165,SMP165,,VFB_jrmc1d61,L,,,Roughly traced,
4122,17780,39,9,4.528012724876786e-05,hDeltaJ,hDeltaJ_04_C4,CX,,cb_intrinsic,11512,hDeltaJ,hDeltaJ,,VFB_jrmc02lt,R,,,Prelim Roughly traced,
4123,17869,39,8,4.528012724876786e-05,AVLP111,AVLP111_R,,,cb_intrinsic,10357,CB3667,AVLP111,,VFB_jrmc3i2n,R,CG,,Roughly traced,
4124,18013,39,5,4.528012724876786e-05,PVLP099,PVLP099_R,,,cb_intrinsic,13705,PVLP099,PVLP099,,VFB_jrmc1kea,R,,,Roughly traced,
4125,18419,39,9,4.528012724876786e-05,PEN_a(PEN1),PEN_a(PB06a)_L7,CX,,cb_intrinsic,,PEN_a(PEN1),PEN_a(PEN1),,VFB_jrmc1i2r,L,,,Roughly traced,
4126,18504,39,10,4.528012724876786e-05,PEN_a(PEN1),PEN_a(PB06a)_R7,CX,,cb_intrinsic,,PEN_a(PEN1),PEN_a(PEN1),,VFB_jrmc1i2n,R,,,Roughly traced,
4127,19323,39,5,4.528012724876786e-05,ER4d,ER4d_R,CX,,cb_intrinsic,13094,ER4d,ER4d,,VFB_jrmc2zxd,R,,,Prelim Roughly traced,
4128,19974,39,10,4.528012724876786e-05,FB2I_a,FB2I_a_R,CX,,cb_intrinsic,10396,CB.FB2E10,FB2I_a,,VFB_jrmc3025,R,,,Roughly traced,
4129,20233,39,9,4.528012724876786e-05,ExR7,ExR7_L,CX,,cb_intrinsic,,ExR7,ExR7,,VFB_jrmc2zzd,L,,,Roughly traced,
4130,20596,39,5,4.528012724876786e-05,PVLP080_a,PVLP080_a_R,,,cb_intrinsic,11313,PVLP080a,PVLP080,,VFB_jrmc1kbw,R,,,Roughly traced,
4131,20653,39,4,4.528012724876786e-05,ER4d,ER4d_L,CX,,cb_intrinsic,13094,ER4d,ER4d,,VFB_jrmc2zx5,L,,,Prelim Roughly traced,
4132,21613,39,10,4.528012724876786e-05,CRE039,CRE039_R,,,cb_intrinsic,19594,CB1251,CRE039,,VFB_jrmc350i,R,,,Roughly traced,
4133,23973,39,6,4.528012724876786e-05,AVLP526,AVLP526_R,,,cb_intrinsic,22357,CB1552,AVLP526,,VFB_jrmc3j1p,R,CG,,Roughly traced,
4134,25112,39,4,4.528012724876786e-05,,,,,cb_intrinsic,12317,"CB1196,CB1986",,,VFB_jrmc3k9g,L,CG,,Prelim Roughly traced,
4135,29799,39,20,4.528012724876786e-05,CRE027,CRE027_L,,,cb_intrinsic,25975,CRE027,CRE027,,VFB_jrmc34t2,L,,,Roughly traced,
4136,31440,39,6,4.528012724876786e-05,AVLP442,AVLP442_R,,,cb_intrinsic,,AVLP442,AVLP442,,VFB_jrmc3iu6,R,,,Roughly traced,
4137,35322,39,11,4.528012724876786e-05,PFL3,PFL3(PB12c)_R1_C7,CX,,cb_intrinsic,11557,PFL3,PFL3,,VFB_jrmc1i55,R,,,Roughly traced,
4138,37003,39,12,4.528012724876786e-05,FB2F_d,FB2F_d_L,CX,,cb_intrinsic,10396,FB2F_d,FB2F_b,,VFB_jrmc301m,L,,,Prelim Roughly traced,
4139,40037,39,11,4.528012724876786e-05,PFNd,PFNd(PB04)_R4_C6,CX,,cb_intrinsic,10817,PFNd,PFNd,,VFB_jrmc1i8n,R,,,Roughly traced,
4140,44669,39,8,4.528012724876786e-05,PFNv,PFNv(PB05)_R4_C7,CX,,cb_intrinsic,10817,PFNv,PFNv,,VFB_jrmc1ij2,R,,,Roughly traced,
4141,50776,39,19,4.528012724876786e-05,KCab-s,KCab-s_R,Kenyon_Cell,,cb_intrinsic,11862,KCab,KCab,,VFB_jrmc2jz3,R,,,Roughly traced,
4142,59429,39,9,4.528012724876786e-05,vDeltaG,vDeltaG_C6,CX,,cb_intrinsic,11512,"vDeltaG,vDeltaH",vDeltaG,,VFB_jrmc039f,R,,,Roughly traced,
4143,68614,39,21,4.528012724876786e-05,KCab-m,KCab-m_L,Kenyon_Cell,,cb_intrinsic,11862,KCab,"KCab-m,KCab-c,KCab-s",,VFB_jrmc2iz9,L,,,Roughly traced,
4144,69308,39,23,4.528012724876786e-05,KCab-s,KCab-s_R,Kenyon_Cell,,cb_intrinsic,11862,KCab,"KCab-m,KCab-c,KCab-s",,VFB_jrmc2ji9,R,,,Roughly traced,
4145,70111,39,25,4.528012724876786e-05,KCab-s,KCab-s_L,Kenyon_Cell,,cb_intrinsic,11862,KCab,"KCab-m,KCab-c,KCab-s",,VFB_jrmc2jxe,L,,,Roughly traced,
4146,71366,39,24,4.528012724876786e-05,KCab-s,KCab-s_R,Kenyon_Cell,,cb_intrinsic,11862,KCab,"KCab-m,KCab-c,KCab-s",,VFB_jrmc2jol,R,,,Roughly traced,
4147,72375,39,21,4.528012724876786e-05,KCab-m,KCab-m_R,Kenyon_Cell,,cb_intrinsic,11862,KCab,"KCab-m,KCab-c,KCab-s",,VFB_jrmc2j2e,R,,,Roughly traced,
4148,72610,39,19,4.528012724876786e-05,KCab-m,KCab-m_L,Kenyon_Cell,,cb_intrinsic,11862,KCab,"KCab-m,KCab-c,KCab-s",,VFB_jrmc2ize,L,,,Roughly traced,
4149,74016,39,22,4.528012724876786e-05,KCab-m,KCab-m_L,Kenyon_Cell,,cb_intrinsic,11862,KCab,"KCab-m,KCab-c,KCab-s",,VFB_jrmc2j69,L,,,Roughly traced,
4150,76444,39,20,4.528012724876786e-05,KCab-c,KCab-c_R,Kenyon_Cell,,cb_intrinsic,11862,KCab,"KCab-m,KCab-c,KCab-s",,VFB_jrmc2its,R,,,Roughly traced,
4151,78222,39,23,4.528012724876786e-05,KCab-m,KCab-m_L,Kenyon_Cell,,cb_intrinsic,11862,KCab,"KCab-m,KCab-c,KCab-s",,VFB_jrmc2jcs,L,,,Roughly traced,
4152,78589,39,21,4.528012724876786e-05,KCab-s,KCab-s_R,Kenyon_Cell,,cb_intrinsic,11862,KCab,"KCab-m,KCab-c,KCab-s",,VFB_jrmc2jot,R,,,Roughly traced,
4153,78924,39,25,4.528012724876786e-05,KCab-s,KCab-s_R,Kenyon_Cell,,cb_intrinsic,11862,KCab,"KCab-m,KCab-c,KCab-s",,VFB_jrmc2jkl,R,,,Roughly traced,
4154,79590,39,19,4.528012724876786e-05,KCab-c,KCab-c_R,Kenyon_Cell,,cb_intrinsic,11862,KCab,"KCab-m,KCab-c,KCab-s",,VFB_jrmc2ioh,R,,,Roughly traced,
4155,79945,39,24,4.528012724876786e-05,KCab-c,KCab-c_R,Kenyon_Cell,,cb_intrinsic,11862,KCab,"KCab-m,KCab-c,KCab-s",,VFB_jrmc2iok,R,,,Roughly traced,
4156,80076,39,23,4.528012724876786e-05,KCab-m,KCab-m_L,Kenyon_Cell,,cb_intrinsic,11862,KCab,"KCab-m,KCab-c,KCab-s",,VFB_jrmc2jdx,L,,,Roughly traced,
4157,80409,39,22,4.528012724876786e-05,KCab-m,KCab-m_L,Kenyon_Cell,,cb_intrinsic,11862,KCab,"KCab-m,KCab-c,KCab-s",,VFB_jrmc2jag,L,,,Roughly traced,
4158,80747,39,27,4.528012724876786e-05,KCab-s,KCab-s_L,Kenyon_Cell,,cb_intrinsic,11862,KCab,"KCab-m,KCab-c,KCab-s",,VFB_jrmc2jur,L,,,Roughly traced,
4159,84972,39,25,4.528012724876786e-05,KCg-m,KCg-m_R,Kenyon_Cell,,cb_intrinsic,14292,KCg-m,KCg-m,,VFB_jrmc2k86,R,,,Prelim Roughly traced,
4160,85054,39,23,4.528012724876786e-05,KCab-m,KCab-m_R,Kenyon_Cell,,cb_intrinsic,11862,KCab,"KCab-m,KCab-c,KCab-s",,VFB_jrmc2j2m,R,,,Roughly traced,
4161,85920,39,21,4.528012724876786e-05,KCab-s,KCab-s_R,Kenyon_Cell,,cb_intrinsic,11862,KCab,"KCab-m,KCab-c,KCab-s",,VFB_jrmc2jp8,R,,,Roughly traced,
4162,90138,39,21,4.528012724876786e-05,KCab-m,KCab-m_R,Kenyon_Cell,,cb_intrinsic,11862,KCab,"KCab-m,KCab-c,KCab-s",,VFB_jrmc2j93,R,,,Roughly traced,
4163,92952,39,19,4.528012724876786e-05,KCab-m,KCab-m_R,Kenyon_Cell,,cb_intrinsic,11862,KCab,"KCab-m,KCab-c,KCab-s",,VFB_jrmc2j96,R,,,Roughly traced,
4164,97373,39,26,4.528012724876786e-05,KCab-s,KCab-s_R,Kenyon_Cell,,cb_intrinsic,11862,KCab,"KCab-m,KCab-c,KCab-s",,VFB_jrmc2js0,R,,,Roughly traced,
4165,99958,39,20,4.528012724876786e-05,KCab-c,KCab-c_R,Kenyon_Cell,,cb_intrinsic,11862,KCab,"KCab-m,KCab-c,KCab-s",,VFB_jrmc2ip1,R,,,Roughly traced,
4166,100204,39,22,4.528012724876786e-05,KCab-s,KCab-s_R,Kenyon_Cell,,cb_intrinsic,11862,KCab,"KCab-m,KCab-c,KCab-s",,VFB_jrmc2jo7,R,,,Roughly traced,
4167,101524,39,24,4.528012724876786e-05,KCab-m,KCab-m_L,Kenyon_Cell,,cb_intrinsic,11862,KCab,"KCab-m,KCab-c,KCab-s",,VFB_jrmc2jdb,L,,,Roughly traced,
4168,102042,39,23,4.528012724876786e-05,KCab-s,KCab-s_R,Kenyon_Cell,,cb_intrinsic,11862,KCab,"KCab-m,KCab-c,KCab-s",,VFB_jrmc2jpp,R,,,Roughly traced,
4169,102512,39,24,4.528012724876786e-05,KCab-s,KCab-s_L,Kenyon_Cell,,cb_intrinsic,11862,KCab,"KCab-m,KCab-c,KCab-s",,VFB_jrmc2jvl,L,,,Roughly traced,
4170,105807,39,21,4.528012724876786e-05,KCab-s,KCab-s_R,Kenyon_Cell,,cb_intrinsic,11862,KCab,"KCab-m,KCab-c,KCab-s",,VFB_jrmc2jpt,R,,,Roughly traced,
4171,109382,39,19,4.528012724876786e-05,KCab-m,KCab-m_L,Kenyon_Cell,,cb_intrinsic,11862,KCab,"KCab-m,KCab-c,KCab-s",,VFB_jrmc2j6z,L,,,Roughly traced,
4172,110701,39,19,4.528012724876786e-05,KCab-m,KCab-m_L,Kenyon_Cell,,cb_intrinsic,11862,KCab,"KCab-m,KCab-c,KCab-s",,VFB_jrmc2j0h,L,,,Prelim Roughly traced,
4173,111985,39,23,4.528012724876786e-05,KCab-c,KCab-c_R,Kenyon_Cell,,cb_intrinsic,11862,KCab,"KCab-m,KCab-c,KCab-s",,VFB_jrmc2ius,R,,,Roughly traced,
4174,117108,39,23,4.528012724876786e-05,KCab-c,KCab-c_L,Kenyon_Cell,,cb_intrinsic,11862,KCab,"KCab-m,KCab-c,KCab-s",,VFB_jrmc2isw,L,,,Roughly traced,
4175,120202,39,24,4.528012724876786e-05,KCab-m,KCab-m_L,Kenyon_Cell,,cb_intrinsic,11862,KCab,"KCab-m,KCab-c,KCab-s",,VFB_jrmc2j0s,L,,,Roughly traced,
4176,129330,39,26,4.528012724876786e-05,KCab-s,KCab-s_R,Kenyon_Cell,,cb_intrinsic,11862,KCab,"KCab-m,KCab-c,KCab-s",,VFB_jrmc2jq3,R,,,Prelim Roughly traced,
4177,131539,39,22,4.528012724876786e-05,KCab-m,KCab-m_L,Kenyon_Cell,,cb_intrinsic,11862,KCab,"KCab-m,KCab-c,KCab-s",,VFB_jrmc2j12,L,,,Roughly traced,
4178,133100,39,23,4.528012724876786e-05,KCab-c,KCab-c_R,Kenyon_Cell,,cb_intrinsic,11862,KCab,"KCab-m,KCab-c,KCab-s",,VFB_jrmc2iuc,R,,,Prelim Roughly traced,
4179,141809,39,23,4.528012724876786e-05,KCab-m,KCab-m_L,Kenyon_Cell,,cb_intrinsic,11862,KCab,"KCab-m,KCab-c,KCab-s",,VFB_jrmc2j7o,L,,,Roughly traced,
4180,144625,39,17,4.528012724876786e-05,PAM12,PAM12(y3)_L,DAN,,cb_intrinsic,55210,PAM12,PAM12,,VFB_jrmc1pxm,L,,,Roughly traced,
4181,151133,39,26,4.528012724876786e-05,PAM06,PAM06(B'2m)_L,DAN,,cb_intrinsic,72601,PAM06,PAM06,,VFB_jrmc1pu6,L,,,Roughly traced,
4182,155871,39,30,4.528012724876786e-05,KCab-m,KCab-m_L,Kenyon_Cell,,cb_intrinsic,11862,KCab,"KCab-m,KCab-c,KCab-s",,VFB_jrmc2jdk,L,,,Roughly traced,
4183,159062,39,15,4.528012724876786e-05,PAM01,PAM01(y5)_L,DAN,,cb_intrinsic,63391,PAM01,PAM01,,VFB_jrmc1pqa,L,,,Roughly traced,
4184,159665,39,25,4.528012724876786e-05,KCab-m,KCab-m_L,Kenyon_Cell,,cb_intrinsic,11862,KCab,"KCab-m,KCab-c,KCab-s",,VFB_jrmc2j1i,L,,,Roughly traced,
4185,161970,39,19,4.528012724876786e-05,KCab-c,KCab-c_L,Kenyon_Cell,,cb_intrinsic,11862,KCab,"KCab-m,KCab-c,KCab-s",,VFB_jrmc2irg,L,,,Roughly traced,
4186,164031,39,12,4.528012724876786e-05,CRE039,CRE039_R,,,cb_intrinsic,19594,CB1251,CRE039,,VFB_jrmc350j,R,,,Prelim Roughly traced,
4187,165240,39,23,4.528012724876786e-05,KCab-s,KCab-s_R,Kenyon_Cell,,cb_intrinsic,11862,KCab,"KCab-m,KCab-c,KCab-s",,VFB_jrmc2jmk,R,,,Prelim Roughly traced,
4188,166049,39,21,4.528012724876786e-05,KCab-m,KCab-m_L,Kenyon_Cell,,cb_intrinsic,11862,KCab,"KCab-m,KCab-c,KCab-s",,VFB_jrmc2j1r,L,,,Roughly traced,
4189,166283,39,27,4.528012724876786e-05,KCab-m,KCab-m_L,Kenyon_Cell,,cb_intrinsic,11862,KCab,"KCab-m,KCab-c,KCab-s",,VFB_jrmc2jdf,L,,,Roughly traced,
4190,169484,39,22,4.528012724876786e-05,KCab-m,KCab-m_L,Kenyon_Cell,,cb_intrinsic,11862,KCab,"KCab-m,KCab-c,KCab-s",,VFB_jrmc2j83,L,,,Roughly traced,
4191,172288,39,18,4.528012724876786e-05,KCab-m,KCab-m_L,Kenyon_Cell,,cb_intrinsic,11862,KCab,"KCab-m,KCab-c,KCab-s",,VFB_jrmc2j1w,L,,,Roughly traced,
4192,172379,39,23,4.528012724876786e-05,KCab-m,KCab-m_L,Kenyon_Cell,,cb_intrinsic,11862,KCab,"KCab-m,KCab-c,KCab-s",,VFB_jrmc2j84,L,,,Roughly traced,
4193,177383,39,20,4.528012724876786e-05,KCab-c,KCab-c_R,Kenyon_Cell,,cb_intrinsic,11862,KCab,"KCab-m,KCab-c,KCab-s",,VFB_jrmc2iui,R,,,Roughly traced,
4194,178101,39,15,4.528012724876786e-05,PAM08,PAM08(y4)_L,DAN,,cb_intrinsic,47196,PAM08,PAM08,,VFB_jrmc1puz,L,,,Prelim Roughly traced,
4195,178917,39,18,4.528012724876786e-05,KCab-m,KCab-m_L,Kenyon_Cell,,cb_intrinsic,11862,KCab,"KCab-m,KCab-c,KCab-s",,VFB_jrmc2j86,L,,,Roughly traced,
4196,179529,39,18,4.528012724876786e-05,KCab-m,KCab-m_L,Kenyon_Cell,,cb_intrinsic,11862,KCab,"KCab-m,KCab-c,KCab-s",,VFB_jrmc2jdm,L,,,Roughly traced,
4197,512460,39,13,4.528012724876786e-05,SMP114,SMP114_L,,,cb_intrinsic,18185,SMP114,SMP114,,VFB_jrmc1d2l,L,,,Roughly traced,
4198,513387,39,7,4.528012724876786e-05,MBON17-like,MBON17-like(a'2a'3)_L,MBON,,cb_intrinsic,11777,MBON17-like,MBON17-like,,VFB_jrmc20ak,L,,,Roughly traced,
4199,514922,39,4,4.528012724876786e-05,,,,,cb_intrinsic,12317,"CB1196,CB1986",,,VFB_jrmc3kaf,R,CG,,Prelim Roughly traced,
4200,517788,39,9,4.528012724876786e-05,AOTU046,AOTU046_L,,,cb_intrinsic,,AOTU046,AOTU046,,VFB_jrmc3hmh,L,,,Roughly traced,
4201,519877,39,7,4.528012724876786e-05,VES007,VES007_L,,,cb_intrinsic,513163,VES007,VES007,,VFB_jrmc074z,L,,,Roughly traced,
4202,520020,39,13,4.528012724876786e-05,AVLP717m,AVLP717m_L,,,cb_intrinsic,11286,,,,VFB_jrmc3ja1,L,CG,,Roughly traced,
4203,520606,39,5,4.528012724876786e-05,PVLP014,PVLP014_L,,,cb_intrinsic,520606,PVLP014,PVLP014,,VFB_jrmc1k79,L,,,Roughly traced,
4204,521190,39,8,4.528012724876786e-05,DNae007,DNae007(VES009)_L,,xn,descending_neuron,10360,DNae007,VES009,DNxn143,VFB_jrmc37n6,L,,,Roughly traced,
4205,521637,39,11,4.528012724876786e-05,PFR_a,PFR_a(PB11a)_R1_C1_irreg,CX,,cb_intrinsic,13892,PFR_a,PFR_a,,VFB_jrmc1ijh,L,,,Roughly traced,
4206,523624,39,9,4.528012724876786e-05,PVLP018,PVLP018_L,,,cb_intrinsic,11252,PVLP018,PVLP018,,VFB_jrmc1k7h,L,,,Roughly traced,
4207,530877,39,6,4.528012724876786e-05,SMP204,SMP204_R,,,cb_intrinsic,,SMP204,SMP204,,VFB_jrmc1d91,R,,,Roughly traced,
4208,536058,39,4,4.528012724876786e-05,FB5V_a,FB5V_a_L,CX,,cb_intrinsic,12311,FB5V,FB5V,,VFB_jrmc308x,L,,,Roughly traced,
4209,544358,39,6,4.528012724876786e-05,FC1B,FC1B_C6_R,CX,,cb_intrinsic,27502,"FC1A,FC1B,FC1F",FC1B,,VFB_jrmc2sqt,R,,,Roughly traced,
4210,556316,39,2,4.528012724876786e-05,aIPg2,aIPg2_L,,,cb_intrinsic,15464,"CB2204,CB1127",aIPg2,,VFB_jrmc0281,L,,,Roughly traced,
4211,580809,39,22,4.528012724876786e-05,KCab-m,KCab-m_L,Kenyon_Cell,,cb_intrinsic,11862,KCab,"KCab-m,KCab-c,KCab-s",,VFB_jrmc2j8e,L,,,Roughly traced,
4212,11670,38,5,4.41190983449533e-05,LT51,LT51_R,,,visual_projection,11157,LT51,LT51,,VFB_jrmc24sk,R,,,Roughly traced,
4213,13966,38,8,4.41190983449533e-05,AVLP749m,AVLP749m_R,,,cb_intrinsic,11535,,,,VFB_jrmc3jdj,R,,,Roughly traced,
4214,16504,38,6,4.41190983449533e-05,PVLP034,PVLP034_R,,,cb_intrinsic,16504,CB3652,PVLP034,,VFB_jrmc1k8q,R,,,Roughly traced,
4215,17065,38,5,4.41190983449533e-05,CB3513,CB3513_R,,,cb_intrinsic,10386,CB3513,,,VFB_jrmc3apw,R,,,Prelim Roughly traced,
4216,17738,38,8,4.41190983449533e-05,FB2H_b,FB2H_b_R,CX,,cb_intrinsic,10396,"CB.FB2E3,CB.FB2E4",FB2H_b,,VFB_jrmc301z,R,,,Roughly traced,
4217,18156,38,8,4.41190983449533e-05,ExR2,ExR2_L,CX,,cb_intrinsic,18156,ExR2,ExR2,,VFB_jrmc2zyz,L,,,Roughly traced,
4218,18666,38,10,4.41190983449533e-05,FB4P_b,FB4P_b_L,CX,,cb_intrinsic,12311,,FB4P_b,,VFB_jrmc305n,L,,,Roughly traced,
4219,19009,38,11,4.41190983449533e-05,PFL3,PFL3(PB12c)_L2_C9_irreg,CX,,cb_intrinsic,11557,PFL3,PFL3,,VFB_jrmc1i52,R,,,Roughly traced,
4220,19715,38,13,4.41190983449533e-05,PFL2,PFL2(PB12b)_L4_C8,CX,,cb_intrinsic,11557,PFL2,PFL2,,VFB_jrmc1i4v,L,,,Roughly traced,
4221,23037,38,17,4.41190983449533e-05,KCab-s,KCab-s_R,Kenyon_Cell,,cb_intrinsic,11862,KCab,"KCab-m,KCab-c,KCab-s",,VFB_jrmc2ji7,R,,,Roughly traced,
4222,27179,38,10,4.41190983449533e-05,PFNv,PFNv(PB05)_L2_C1,CX,,cb_intrinsic,10817,PFNv,PFNv,,VFB_jrmc1iiv,L,,,Roughly traced,
4223,28559,38,7,4.41190983449533e-05,PFNv,PFNv(PB05)_R8_C3,CX,,cb_intrinsic,10817,PFNv,PFNv,,VFB_jrmc1ijb,R,,,Roughly traced,
4224,32230,38,6,4.41190983449533e-05,SMP446,SMP446_L,,,cb_intrinsic,32230,SMP446a,SMP446,,VFB_jrmc1dx7,L,,,Prelim Roughly traced,
4225,57600,38,5,4.41190983449533e-05,PFNm_b,PFNm_b_R7_C4,CX,,cb_intrinsic,14631,PFNm,PFNm_b,,VFB_jrmc1ia1,R,,,Prelim Roughly traced,
4226,61296,38,8,4.41190983449533e-05,vDeltaG,vDeltaG_C4,CX,,cb_intrinsic,11512,"vDeltaG,vDeltaH",vDeltaG,,VFB_jrmc039i,L,,,Roughly traced,
4227,61553,38,11,4.41190983449533e-05,PFR_a,PFR_a(PB11a)_R2_C8,CX,,cb_intrinsic,13892,PFR_a,PFR_a,,VFB_jrmc1ijz,R,,,Roughly traced,
4228,74518,38,18,4.41190983449533e-05,KCab-s,KCab-s_L,Kenyon_Cell,,cb_intrinsic,11862,KCab,"KCab-m,KCab-c,KCab-s",,VFB_jrmc2jyc,L,,,Roughly traced,
4229,74760,38,20,4.41190983449533e-05,KCab-c,KCab-c_L,Kenyon_Cell,,cb_intrinsic,11862,KCab,"KCab-m,KCab-c,KCab-s",,VFB_jrmc2ilp,L,,,Roughly traced,
4230,75942,38,22,4.41190983449533e-05,KCab-s,KCab-s_L,Kenyon_Cell,,cb_intrinsic,11862,KCab,"KCab-m,KCab-c,KCab-s",,VFB_jrmc2jv5,L,,,Roughly traced,
4231,76005,38,24,4.41190983449533e-05,KCab-c,KCab-c_R,Kenyon_Cell,,cb_intrinsic,11862,KCab,"KCab-m,KCab-c,KCab-s",,VFB_jrmc2iuo,R,,,Roughly traced,
4232,76265,38,25,4.41190983449533e-05,KCab-m,KCab-m_R,Kenyon_Cell,,cb_intrinsic,11862,KCab,"KCab-m,KCab-c,KCab-s",,VFB_jrmc2ja0,R,,,Roughly traced,
4233,78234,38,22,4.41190983449533e-05,KCab-s,KCab-s_R,Kenyon_Cell,,cb_intrinsic,11862,KCab,"KCab-m,KCab-c,KCab-s",,VFB_jrmc2jkk,R,,,Roughly traced,
4234,79911,38,27,4.41190983449533e-05,KCab-m,KCab-m_L,Kenyon_Cell,,cb_intrinsic,11862,KCab,"KCab-m,KCab-c,KCab-s",,VFB_jrmc2izn,L,,,Roughly traced,
4235,80155,38,24,4.41190983449533e-05,KCab-s,KCab-s_R,Kenyon_Cell,,cb_intrinsic,11862,KCab,"KCab-m,KCab-c,KCab-s",,VFB_jrmc2jox,R,,,Roughly traced,
4236,81207,38,22,4.41190983449533e-05,KCab-s,KCab-s_R,Kenyon_Cell,,cb_intrinsic,11862,KCab,"KCab-m,KCab-c,KCab-s",,VFB_jrmc2jtt,R,,,Roughly traced,
4237,82358,38,29,4.41190983449533e-05,KCab-s,KCab-s_R,Kenyon_Cell,,cb_intrinsic,11862,KCab,"KCab-m,KCab-c,KCab-s",,VFB_jrmc2jss,R,,,Roughly traced,
4238,86432,38,25,4.41190983449533e-05,KCab-s,KCab-s_R,Kenyon_Cell,,cb_intrinsic,11862,KCab,"KCab-m,KCab-c,KCab-s",,VFB_jrmc2jkz,R,,,Roughly traced,
4239,86468,38,26,4.41190983449533e-05,KCab-s,KCab-s_R,Kenyon_Cell,,cb_intrinsic,11862,KCab,"KCab-m,KCab-c,KCab-s",,VFB_jrmc2jig,R,,,Roughly traced,
4240,86850,38,22,4.41190983449533e-05,KCab-s,KCab-s_L,Kenyon_Cell,,cb_intrinsic,11862,KCab,"KCab-m,KCab-c,KCab-s",,VFB_jrmc2jqu,L,,,Roughly traced,
4241,88407,38,25,4.41190983449533e-05,KCab-s,KCab-s_R,Kenyon_Cell,,cb_intrinsic,11862,KCab,"KCab-m,KCab-c,KCab-s",,VFB_jrmc2jl4,R,,,Roughly traced,
4242,88631,38,23,4.41190983449533e-05,KCab-m,KCab-m_L,Kenyon_Cell,,cb_intrinsic,11862,KCab,"KCab-m,KCab-c,KCab-s",,VFB_jrmc2jda,L,,,Roughly traced,
4243,90098,38,21,4.41190983449533e-05,KCab-s,KCab-s_R,Kenyon_Cell,,cb_intrinsic,11862,KCab,"KCab-m,KCab-c,KCab-s",,VFB_jrmc2jpe,R,,,Roughly traced,
4244,90352,38,23,4.41190983449533e-05,KCab-s,KCab-s_R,Kenyon_Cell,,cb_intrinsic,11862,KCab,"KCab-m,KCab-c,KCab-s",,VFB_jrmc2jpf,R,,,Roughly traced,
4245,90672,38,23,4.41190983449533e-05,KCab-s,KCab-s_R,Kenyon_Cell,,cb_intrinsic,11862,KCab,"KCab-m,KCab-c,KCab-s",,VFB_jrmc2jlb,R,,,Prelim Roughly traced,
4246,90935,38,23,4.41190983449533e-05,KCab-s,KCab-s_R,Kenyon_Cell,,cb_intrinsic,11862,KCab,"KCab-m,KCab-c,KCab-s",,VFB_jrmc2jij,R,,,Roughly traced,
4247,92330,38,16,4.41190983449533e-05,hDeltaI,hDeltaI_05_C4,CX,,cb_intrinsic,11512,hDeltaI,hDeltaI,,VFB_jrmc02ky,R,,,Prelim Roughly traced,
4248,92877,38,18,4.41190983449533e-05,KCab-s,KCab-s_R,Kenyon_Cell,,cb_intrinsic,11862,KCab,"KCab-m,KCab-c,KCab-s",,VFB_jrmc2jil,R,,,Roughly traced,
4249,95581,38,18,4.41190983449533e-05,KCab-c,KCab-c_R,Kenyon_Cell,,cb_intrinsic,11862,KCab,"KCab-m,KCab-c,KCab-s",,VFB_jrmc2iyh,R,,,Roughly traced,
4250,100484,38,25,4.41190983449533e-05,KCab-s,KCab-s_L,Kenyon_Cell,,cb_intrinsic,11862,KCab,"KCab-m,KCab-c,KCab-s",,VFB_jrmc2jnn,L,,,Roughly traced,
4251,102457,38,22,4.41190983449533e-05,KCab-s,KCab-s_R,Kenyon_Cell,,cb_intrinsic,11862,KCab,"KCab-m,KCab-c,KCab-s",,VFB_jrmc2jis,R,,,Roughly traced,
4252,102748,38,24,4.41190983449533e-05,KCab-s,KCab-s_R,Kenyon_Cell,,cb_intrinsic,11862,KCab,"KCab-m,KCab-c,KCab-s",,VFB_jrmc2jit,R,,,Roughly traced,
4253,102923,38,20,4.41190983449533e-05,KCab-m,KCab-m_R,Kenyon_Cell,,cb_intrinsic,11862,KCab,"KCab-m,KCab-c,KCab-s",,VFB_jrmc2j3c,R,,,Roughly traced,
4254,103945,38,23,4.41190983449533e-05,KCab-s,KCab-s_R,Kenyon_Cell,,cb_intrinsic,11862,KCab,"KCab-m,KCab-c,KCab-s",,VFB_jrmc2jm1,R,,,Roughly traced,
4255,107041,38,25,4.41190983449533e-05,KCab-s,KCab-s_R,Kenyon_Cell,,cb_intrinsic,11862,KCab,"KCab-m,KCab-c,KCab-s",,VFB_jrmc2jpv,R,,,Roughly traced,
4256,107780,38,23,4.41190983449533e-05,KCab-m,KCab-m_R,Kenyon_Cell,,cb_intrinsic,11862,KCab,"KCab-m,KCab-c,KCab-s",,VFB_jrmc2j3m,R,,,Roughly traced,
4257,108661,38,22,4.41190983449533e-05,KCab-s,KCab-s_L,Kenyon_Cell,,cb_intrinsic,11862,KCab,"KCab-m,KCab-c,KCab-s",,VFB_jrmc2jqx,L,,,Roughly traced,
4258,109550,38,22,4.41190983449533e-05,KCab-c,KCab-c_L,Kenyon_Cell,,cb_intrinsic,11862,KCab,"KCab-m,KCab-c,KCab-s",,VFB_jrmc2im5,L,,,Roughly traced,
4259,109758,38,22,4.41190983449533e-05,KCab-c,KCab-c_L,Kenyon_Cell,,cb_intrinsic,11862,KCab,"KCab-m,KCab-c,KCab-s",,VFB_jrmc2isr,L,,,Roughly traced,
4260,110599,38,26,4.41190983449533e-05,KCab-s,KCab-s_R,Kenyon_Cell,,cb_intrinsic,11862,KCab,"KCab-m,KCab-c,KCab-s",,VFB_jrmc2js5,R,,,Roughly traced,
4261,110674,38,20,4.41190983449533e-05,KCab-s,KCab-s_R,Kenyon_Cell,,cb_intrinsic,11862,KCab,"KCab-m,KCab-c,KCab-s",,VFB_jrmc2jo8,R,,,Roughly traced,
4262,112378,38,18,4.41190983449533e-05,KCab-m,KCab-m_L,Kenyon_Cell,,cb_intrinsic,11862,KCab,"KCab-m,KCab-c,KCab-s",,VFB_jrmc2j0j,L,,,Roughly traced,
4263,113252,38,25,4.41190983449533e-05,KCab-m,KCab-m_L,Kenyon_Cell,,cb_intrinsic,11862,KCab,"KCab-m,KCab-c,KCab-s",,VFB_jrmc2j0m,L,,,Roughly traced,
4264,114213,38,11,4.41190983449533e-05,FB4A_a,FB4A_a_R,CX,,cb_intrinsic,11994,FB4A,FB4A,,VFB_jrmc303r,R,CG,,Prelim Roughly traced,
4265,114580,38,23,4.41190983449533e-05,KCab-m,KCab-m_L,Kenyon_Cell,,cb_intrinsic,11862,KCab,"KCab-m,KCab-c,KCab-s",,VFB_jrmc2j0p,L,,,Roughly traced,
4266,120070,38,28,4.41190983449533e-05,KCab-s,KCab-s_L,Kenyon_Cell,,cb_intrinsic,11862,KCab,"KCab-m,KCab-c,KCab-s",,VFB_jrmc2jnr,L,,,Roughly traced,
4267,124454,38,21,4.41190983449533e-05,KCab-c,KCab-c_L,Kenyon_Cell,,cb_intrinsic,11862,KCab,"KCab-m,KCab-c,KCab-s",,VFB_jrmc2iml,L,,,Roughly traced,
4268,124659,38,14,4.41190983449533e-05,hDeltaI,hDeltaI_04_C4,CX,,cb_intrinsic,11512,hDeltaI,hDeltaI,,VFB_jrmc02kr,R,,,Prelim Roughly traced,
4269,126787,38,19,4.41190983449533e-05,KCab-m,KCab-m_L,Kenyon_Cell,,cb_intrinsic,11862,KCab,"KCab-m,KCab-c,KCab-s",,VFB_jrmc2je4,L,,,Roughly traced,
4270,135171,38,10,4.41190983449533e-05,PAM12,PAM12(y3)_R,DAN,,cb_intrinsic,61360,PAM12,PAM12,,VFB_jrmc1pxq,R,,,Roughly traced,
4271,137321,38,24,4.41190983449533e-05,PAM04,PAM04(B2)_L,DAN,,cb_intrinsic,108429,PAM04,PAM04,,VFB_jrmc1pt2,L,,,Roughly traced,
4272,137595,38,19,4.41190983449533e-05,PAM07,PAM07(y4<y1y2)_R,DAN,,cb_intrinsic,47196,PAM07,PAM07,,VFB_jrmc1pum,R,,,Roughly traced,
4273,138453,38,27,4.41190983449533e-05,KCab-m,KCab-m_L,Kenyon_Cell,,cb_intrinsic,11862,KCab,"KCab-m,KCab-c,KCab-s",,VFB_jrmc2jd8,L,,,Roughly traced,
4274,151908,38,23,4.41190983449533e-05,KCab-m,KCab-m_L,Kenyon_Cell,,cb_intrinsic,11862,KCab,"KCab-m,KCab-c,KCab-s",,VFB_jrmc2j1d,L,,,Roughly traced,
4275,158876,38,23,4.41190983449533e-05,KCab-m,KCab-m_L,Kenyon_Cell,,cb_intrinsic,11862,KCab,"KCab-m,KCab-c,KCab-s",,VFB_jrmc2j1g,L,,,Roughly traced,
4276,160441,38,6,4.41190983449533e-05,vDeltaI_a,vDeltaI_a_C3,CX,,cb_intrinsic,11512,vDeltaI_a,vDeltaI,,VFB_jrmc03ah,L,,,Roughly traced,
4277,166544,38,19,4.41190983449533e-05,KCab-c,KCab-c_L,Kenyon_Cell,,cb_intrinsic,11862,KCab,"KCab-m,KCab-c,KCab-s",,VFB_jrmc2it8,L,,,Roughly traced,
4278,166617,38,26,4.41190983449533e-05,KCab-s,KCab-s_L,Kenyon_Cell,,cb_intrinsic,11862,KCab,"KCab-m,KCab-c,KCab-s",,VFB_jrmc2jo0,L,,,Roughly traced,
4279,168020,38,22,4.41190983449533e-05,PAM03,PAM03(B2B'2a)_L,DAN,,cb_intrinsic,92324,PAM03,PAM03,,VFB_jrmc1pry,L,,,Roughly traced,
4280,168564,38,21,4.41190983449533e-05,KCab-c,KCab-c_L,Kenyon_Cell,,cb_intrinsic,11862,KCab,"KCab-m,KCab-c,KCab-s",,VFB_jrmc2it9,L,,,Roughly traced,
4281,174194,38,24,4.41190983449533e-05,KCab-c,KCab-c_L,Kenyon_Cell,,cb_intrinsic,11862,KCab,"KCab-m,KCab-c,KCab-s",,VFB_jrmc2ine,L,,,Roughly traced,
4282,176147,38,26,4.41190983449533e-05,KCab-m,KCab-m_L,Kenyon_Cell,,cb_intrinsic,11862,KCab,"KCab-m,KCab-c,KCab-s",,VFB_jrmc2j1y,L,,,Roughly traced,
4283,186613,38,24,4.41190983449533e-05,KCab-c,KCab-c_R,Kenyon_Cell,,cb_intrinsic,11862,KCab,"KCab-m,KCab-c,KCab-s",,VFB_jrmc2iz2,R,,,Roughly traced,
4284,187266,38,26,4.41190983449533e-05,KCab-s,KCab-s_R,Kenyon_Cell,,cb_intrinsic,11862,KCab,"KCab-m,KCab-c,KCab-s",,VFB_jrmc2jsa,R,,,Roughly traced,
4285,190302,38,19,4.41190983449533e-05,KCab-s,KCab-s_R,Kenyon_Cell,,cb_intrinsic,11862,KCab,"KCab-m,KCab-c,KCab-s",,VFB_jrmc2jmq,R,,,Roughly traced,
4286,197920,38,17,4.41190983449533e-05,PAM08,PAM08(y4)_R,DAN,,cb_intrinsic,47196,PAM08,PAM08,,VFB_jrmc1pva,R,,,Prelim Roughly traced,
4287,206455,38,20,4.41190983449533e-05,KCab-c,KCab-c_L,Kenyon_Cell,,cb_intrinsic,11862,KCab,"KCab-m,KCab-c,KCab-s",,VFB_jrmc2inp,L,,,Roughly traced,
4288,209949,38,16,4.41190983449533e-05,KCab-c,KCab-c_R,Kenyon_Cell,,cb_intrinsic,11862,KCab,"KCab-m,KCab-c,KCab-s",,VFB_jrmc2iuw,R,,,Roughly traced,
4289,237248,38,18,4.41190983449533e-05,KCab-m,KCab-m_L,Kenyon_Cell,,cb_intrinsic,11862,KCab,"KCab-m,KCab-c,KCab-s",,VFB_jrmc2j25,L,,,Roughly traced,
4290,500143,38,23,4.41190983449533e-05,KCab-s,KCab-s_R,Kenyon_Cell,,cb_intrinsic,11862,KCab,"KCab-m,KCab-c,KCab-s",,VFB_jrmc2jj9,R,,,Prelim Roughly traced,
4291,517368,38,4,4.41190983449533e-05,CB3302,CB3302_L,,,cb_intrinsic,12317,CB3302,,,VFB_jrmc3aj7,L,CG,,Roughly traced,
4292,517997,38,5,4.41190983449533e-05,aSP10B,aSP10B_R,,,cb_intrinsic,14282,CB2248,aSP10B,,VFB_jrmc02eq,R,,,Roughly traced,
4293,518072,38,24,4.41190983449533e-05,PAM09,PAM09(B1ped)_L,DAN,,cb_intrinsic,36624,PAM09,PAM09,,VFB_jrmc1pwd,L,,,Roughly traced,
4294,521635,38,9,4.41190983449533e-05,PFR_b,PFR_b(PB11b)_L3_C3,CX,,cb_intrinsic,13892,PFR_b,PFR_b,,VFB_jrmc1ikc,L,,,Roughly traced,
4295,524612,38,9,4.41190983449533e-05,FB4A_a,FB4A_a_R,CX,,cb_intrinsic,11994,FB4A,FB4A,,VFB_jrmc303q,R,CG,,Prelim Roughly traced,
4296,525662,38,14,4.41190983449533e-05,KCa'b'-m,KCa'b'-m_R,Kenyon_Cell,,cb_intrinsic,17488,KCapbp-m,KCa'b'-m,,VFB_jrmc2igv,R,,,Prelim Roughly traced,
4297,533081,38,23,4.41190983449533e-05,KCab-s,KCab-s_R,Kenyon_Cell,,cb_intrinsic,11862,KCab,"KCab-m,KCab-c,KCab-s",,VFB_jrmc2jw1,R,,,Prelim Roughly traced,
4298,535056,38,14,4.41190983449533e-05,hDeltaI,hDeltaI_11_C9,CX,,cb_intrinsic,11512,hDeltaI,hDeltaI,,VFB_jrmc02kv,L,,,Prelim Roughly traced,
4299,549323,38,20,4.41190983449533e-05,KCab-m,KCab-m_L,Kenyon_Cell,,cb_intrinsic,11862,KCab,"KCab-m,KCab-c,KCab-s",,VFB_jrmc2j27,L,,,Roughly traced,
4300,555385,38,8,4.41190983449533e-05,aIPg_m2,aIPg_m2_L,,,cb_intrinsic,10498,,,,VFB_jrmc028y,L,,,Roughly traced,
4301,567409,38,19,4.41190983449533e-05,PAM04,PAM04(B2)_R,DAN,,cb_intrinsic,108429,PAM04,PAM04,,VFB_jrmc1psq,R,,,Roughly traced,
4302,580088,38,27,4.41190983449533e-05,KCab-s,KCab-s_L,Kenyon_Cell,,cb_intrinsic,11862,KCab,"KCab-m,KCab-c,KCab-s",,VFB_jrmc2jx5,L,,,Roughly traced,
4303,10286,37,18,4.2958069441138736e-05,DNpe053,DNpe053(SMP454)_L,,xn,descending_neuron,,DNpe053,SMP454,DNxn177,VFB_jrmc30vd,L,,,Roughly traced,
4304,10302,37,4,4.2958069441138736e-05,Li38,Li38_L,,,ol_intrinsic,,Li31,mALC1,,VFB_jrmc1zm5,L,,,Roughly traced,
4305,11038,37,6,4.2958069441138736e-05,GNG321,GNG321(hb582372162)_L,,,cb_intrinsic,11038,CB0135,(hb582372162),,VFB_jrmc2tso,L,LB,,Roughly traced,
4306,11079,37,8,4.2958069441138736e-05,LoVC22,LoVC22_R,,,visual_centrifugal,,cLLP02,CL033,,VFB_jrmc1zng,R,,,Roughly traced,
4307,11405,37,5,4.2958069441138736e-05,LAL016,LAL016_R,,,cb_intrinsic,,LAL016,LAL016,,VFB_jrmc2cmc,R,,,Roughly traced,
4308,11518,37,9,4.2958069441138736e-05,AVLP201,AVLP201_L,,,cb_intrinsic,11518,AVLP201,AVLP201,,VFB_jrmc3iak,L,,,Roughly traced,
4309,11675,37,11,4.2958069441138736e-05,CL065,CL065_R,,,cb_intrinsic,,CL065,CL065,,VFB_jrmc3bt0,R,,,Roughly traced,
4310,11741,37,15,4.2958069441138736e-05,mALB1,mALB1_L,,,cb_intrinsic,10615,mALB1,mALB1,,VFB_jrmc02vn,L,,,Roughly traced,
4311,12041,37,5,4.2958069441138736e-05,AVLP396,AVLP396_R,,,cb_intrinsic,,AVLP396,AVLP396,,VFB_jrmc3iqp,R,,,Roughly traced,
4312,12358,37,11,4.2958069441138736e-05,PEN_a(PEN1),PEN_a(PB06a)_L3,CX,,cb_intrinsic,,PEN_a(PEN1),PEN_a(PEN1),,VFB_jrmc1i35,L,,,Roughly traced,
4313,12645,37,5,4.2958069441138736e-05,AVLP213,AVLP213_R,,,cb_intrinsic,,AVLP213,AVLP213,,VFB_jrmc3ib9,R,,,Roughly traced,
4314,12652,37,5,4.2958069441138736e-05,AVLP294,AVLP294_R,,,cb_intrinsic,10657,AVLP294,AVLP294,,VFB_jrmc3iic,R,,,Roughly traced,
4315,12751,37,9,4.2958069441138736e-05,AVLP316,AVLP316_R,,,cb_intrinsic,11320,AVLP316,AVLP316,,VFB_jrmc3ilg,R,,,Roughly traced,
4316,13094,37,4,4.2958069441138736e-05,ER4d,ER4d_R,CX,,cb_intrinsic,13094,ER4d,ER4d,,VFB_jrmc2zxr,R,,,Prelim Roughly traced,
4317,13755,37,5,4.2958069441138736e-05,AVLP749m,AVLP749m_L,,,cb_intrinsic,11535,,,,VFB_jrmc3jdg,L,,,Roughly traced,
4318,14786,37,7,4.2958069441138736e-05,AVLP746m,AVLP746m_R,,,cb_intrinsic,12899,,,,VFB_jrmc3jd9,R,CG,,Prelim Roughly traced,
4319,14830,37,4,4.2958069441138736e-05,LAL171,LAL171_L,,,cb_intrinsic,,"LAL171,LAL172",LAL171,,VFB_jrmc2d04,L,,,Roughly traced,
4320,14982,37,12,4.2958069441138736e-05,SMP154,SMP154_L,,,cb_intrinsic,,SMP053,SMP154,,VFB_jrmc1d54,L,,,Roughly traced,
4321,15361,37,9,4.2958069441138736e-05,VES011,VES011_R,,,cb_intrinsic,,VES011,VES011,,VFB_jrmc0752,R,,,Roughly traced,
4322,15742,37,5,4.2958069441138736e-05,AVLP099,AVLP099_R,,,cb_intrinsic,12404,AVLP099,AVLP099,,VFB_jrmc3i11,R,CG,,Prelim Roughly traced,
4323,16084,37,6,4.2958069441138736e-05,LHPV2g1,LHPV2g1_R,,,cb_intrinsic,,LHPV2g1,LHPV2g1,,VFB_jrmc226f,R,,,Roughly traced,
4324,16430,37,6,4.2958069441138736e-05,FB5H,FB5H_L,CX,,cb_intrinsic,,CB.FB5F0,FB5H,,VFB_jrmc307n,L,,,Roughly traced,
4325,17237,37,7,4.2958069441138736e-05,CB2676,CB2676_R,,,cb_intrinsic,11518,CB2676,,,VFB_jrmc39wa,R,,,Roughly traced,
4326,18030,37,6,4.2958069441138736e-05,vDeltaI_b,vDeltaI_b_C8,CX,,cb_intrinsic,11512,vDeltaI_b,vDeltaI,,VFB_jrmc03ak,R,,,Roughly traced,
4327,18586,37,12,4.2958069441138736e-05,PFR_a,PFR_a(PB11a)_L4_C4,CX,,cb_intrinsic,13892,PFR_a,PFR_a,,VFB_jrmc1ik0,L,,,Roughly traced,
4328,18670,37,10,4.2958069441138736e-05,PFR_b,PFR_b(PB11b)_R7_C2,CX,,cb_intrinsic,13892,PFR_b,PFR_b,,VFB_jrmc1ikf,R,,,Roughly traced,
4329,18744,37,9,4.2958069441138736e-05,PEN_a(PEN1),PEN_a(PB06a)_L5,CX,,cb_intrinsic,,PEN_a(PEN1),PEN_a(PEN1),,VFB_jrmc1i2s,L,,,Roughly traced,
4330,18851,37,12,4.2958069441138736e-05,PFL3,PFL3(PB12c)_L1_C8_irreg,CX,,cb_intrinsic,11557,PFL3,PFL3,,VFB_jrmc1i51,R,,,Roughly traced,
4331,19013,37,6,4.2958069441138736e-05,AVLP715m,AVLP715m_R,,,cb_intrinsic,11286,,,,VFB_jrmc3j9w,R,CG,,Roughly traced,
4332,19189,37,7,4.2958069441138736e-05,PEN_a(PEN1),PEN_a(PB06a)_L2,CX,,cb_intrinsic,,PEN_a(PEN1),PEN_a(PEN1),,VFB_jrmc1i2t,L,,,Roughly traced,
4333,19300,37,5,4.2958069441138736e-05,PVLP080_b,PVLP080_b_R,,,cb_intrinsic,11313,PVLP080b,PVLP080,,VFB_jrmc1kc1,R,,,Roughly traced,
4334,20119,37,7,4.2958069441138736e-05,CB1938,CB1938_R,,,cb_intrinsic,10357,CB1938,,,VFB_jrmc392c,R,CG,,Prelim Roughly traced,
4335,20524,37,4,4.2958069441138736e-05,Li16,Li16_L,,,ol_intrinsic,,Li28,,,VFB_jrmc1yob,L,,,Prelim Roughly traced,
4336,21923,37,5,4.2958069441138736e-05,AVLP334,AVLP334_L,,,cb_intrinsic,12427,CB3518,AVLP334,,VFB_jrmc3imj,L,,,Prelim Roughly traced,
4337,22302,37,10,4.2958069441138736e-05,hDeltaM,hDeltaM_C3,CX,,cb_intrinsic,11512,hDeltaM,hDeltaM,,VFB_jrmc02na,R,,,Prelim Roughly traced,
4338,35088,37,8,4.2958069441138736e-05,FB3C,FB3C_R,CX,,cb_intrinsic,13893,"FB3B,FB3C,FB3E",FB3C,,VFB_jrmc3037,R,,,Prelim Roughly traced,
4339,35794,37,11,4.2958069441138736e-05,PFNd,PFNd(PB04)_R4_C6,CX,,cb_intrinsic,10817,PFNd,PFNd,,VFB_jrmc1i8l,R,,,Roughly traced,
4340,36227,37,8,4.2958069441138736e-05,FC1A,FC1A_C6_L,CX,,cb_intrinsic,27502,"FC1A,FC1B,FC1F",FC1A,,VFB_jrmc2spy,L,,,Roughly traced,
4341,38706,37,6,4.2958069441138736e-05,ExR2,ExR2_R,CX,,cb_intrinsic,18156,ExR2,ExR2,,VFB_jrmc2zyw,R,,,Roughly traced,
4342,39091,37,13,4.2958069441138736e-05,FB4P_a,FB4P_a_R,CX,,cb_intrinsic,12311,FB4P_a,FB4P_a,,VFB_jrmc305j,R,,,Roughly traced,
4343,41559,37,10,4.2958069441138736e-05,FC2A,FC2A_C9_L,CX,,cb_intrinsic,23643,FC2A,FC2A,,VFB_jrmc2stn,L,,,Roughly traced,
4344,53863,37,23,4.2958069441138736e-05,KCab-c,KCab-c_R,Kenyon_Cell,,cb_intrinsic,11862,KCab,"KCab-m,KCab-c,KCab-s",,VFB_jrmc2iy3,R,,,Roughly traced,
4345,57384,37,10,4.2958069441138736e-05,PFR_a,PFR_a(PB11a)_R5_C5,CX,,cb_intrinsic,13892,PFR_a,PFR_a,,VFB_jrmc1ijn,R,,,Roughly traced,
4346,63261,37,9,4.2958069441138736e-05,vDeltaG,vDeltaG_C6,CX,,cb_intrinsic,11512,"vDeltaG,vDeltaH",vDeltaG,,VFB_jrmc039j,L,,,Roughly traced,
4347,64253,37,26,4.2958069441138736e-05,KCab-s,KCab-s_R,Kenyon_Cell,,cb_intrinsic,11862,KCab,"KCab-m,KCab-c,KCab-s",,VFB_jrmc2jtj,R,,,Roughly traced,
4348,66015,37,22,4.2958069441138736e-05,KCab-s,KCab-s_R,Kenyon_Cell,,cb_intrinsic,11862,KCab,"KCab-m,KCab-c,KCab-s",,VFB_jrmc2jjr,R,,,Roughly traced,
4349,66531,37,27,4.2958069441138736e-05,KCab-s,KCab-s_L,Kenyon_Cell,,cb_intrinsic,11862,KCab,"KCab-m,KCab-c,KCab-s",,VFB_jrmc2jnd,L,,,Roughly traced,
4350,70261,37,19,4.2958069441138736e-05,KCab-c,KCab-c_L,Kenyon_Cell,,cb_intrinsic,11862,KCab,"KCab-m,KCab-c,KCab-s",,VFB_jrmc2iln,L,,,Roughly traced,
4351,71039,37,22,4.2958069441138736e-05,KCab-m,KCab-m_R,Kenyon_Cell,,cb_intrinsic,11862,KCab,"KCab-m,KCab-c,KCab-s",,VFB_jrmc2j8k,R,,,Roughly traced,
4352,72681,37,22,4.2958069441138736e-05,KCab-m,KCab-m_L,Kenyon_Cell,,cb_intrinsic,11862,KCab,"KCab-m,KCab-c,KCab-s",,VFB_jrmc2izf,L,,,Roughly traced,
4353,72913,37,25,4.2958069441138736e-05,KCab-s,KCab-s_R,Kenyon_Cell,,cb_intrinsic,11862,KCab,"KCab-m,KCab-c,KCab-s",,VFB_jrmc2joo,R,,,Roughly traced,
4354,73570,37,21,4.2958069441138736e-05,KCab-c,KCab-c_R,Kenyon_Cell,,cb_intrinsic,11862,KCab,"KCab-m,KCab-c,KCab-s",,VFB_jrmc2iyg,R,,,Roughly traced,
4355,73588,37,21,4.2958069441138736e-05,KCab-s,KCab-s_R,Kenyon_Cell,,cb_intrinsic,11862,KCab,"KCab-m,KCab-c,KCab-s",,VFB_jrmc2jsm,R,,,Prelim Roughly traced,
4356,76898,37,18,4.2958069441138736e-05,KCab-s,KCab-s_R,Kenyon_Cell,,cb_intrinsic,11862,KCab,"KCab-m,KCab-c,KCab-s",,VFB_jrmc2jos,R,,,Roughly traced,
4357,77914,37,21,4.2958069441138736e-05,KCab-s,KCab-s_L,Kenyon_Cell,,cb_intrinsic,11862,KCab,"KCab-m,KCab-c,KCab-s",,VFB_jrmc2jqs,L,,,Roughly traced,
4358,78356,37,22,4.2958069441138736e-05,KCab-s,KCab-s_R,Kenyon_Cell,,cb_intrinsic,11862,KCab,"KCab-m,KCab-c,KCab-s",,VFB_jrmc2jrp,R,,,Roughly traced,
4359,80453,37,10,4.2958069441138736e-05,PFNd,PFNd(PB04)_R4_C6,CX,,cb_intrinsic,10817,PFNd,PFNd,,VFB_jrmc1i91,R,,,Roughly traced,
4360,80744,37,14,4.2958069441138736e-05,PAM01,PAM01(y5)_L,DAN,,cb_intrinsic,74856,PAM01,PAM01,,VFB_jrmc1pq7,L,,,Roughly traced,
4361,83278,37,18,4.2958069441138736e-05,KCab-m,KCab-m_R,Kenyon_Cell,,cb_intrinsic,11862,KCab,"KCab-m,KCab-c,KCab-s",,VFB_jrmc2j8y,R,,,Roughly traced,
4362,83835,37,16,4.2958069441138736e-05,KCab-m,KCab-m_R,Kenyon_Cell,,cb_intrinsic,11862,KCab,"KCab-m,KCab-c,KCab-s",,VFB_jrmc2j8z,R,,,Roughly traced,
4363,85391,37,27,4.2958069441138736e-05,KCab-s,KCab-s_R,Kenyon_Cell,,cb_intrinsic,11862,KCab,"KCab-m,KCab-c,KCab-s",,VFB_jrmc2jsv,R,,,Roughly traced,
4364,87121,37,13,4.2958069441138736e-05,FB5X,FB5X_L,CX,,cb_intrinsic,12311,FB5X,FB5X,,VFB_jrmc309l,L,,,Roughly traced,
4365,91544,37,21,4.2958069441138736e-05,KCab-s,KCab-s_R,Kenyon_Cell,,cb_intrinsic,11862,KCab,"KCab-m,KCab-c,KCab-s",,VFB_jrmc2jik,R,,,Roughly traced,
4366,94018,37,15,4.2958069441138736e-05,KCab-m,KCab-m_R,Kenyon_Cell,,cb_intrinsic,11862,KCab,"KCab-m,KCab-c,KCab-s",,VFB_jrmc2j34,R,,,Roughly traced,
4367,94622,37,20,4.2958069441138736e-05,KCab-c,KCab-c_R,Kenyon_Cell,,cb_intrinsic,11862,KCab,"KCab-m,KCab-c,KCab-s",,VFB_jrmc2iu2,R,,,Roughly traced,
4368,94754,37,27,4.2958069441138736e-05,KCab-s,KCab-s_R,Kenyon_Cell,,cb_intrinsic,11862,KCab,"KCab-m,KCab-c,KCab-s",,VFB_jrmc2jpj,R,,,Roughly traced,
4369,96977,37,22,4.2958069441138736e-05,KCab-s,KCab-s_R,Kenyon_Cell,,cb_intrinsic,11862,KCab,"KCab-m,KCab-c,KCab-s",,VFB_jrmc2jpl,R,,,Roughly traced,
4370,98590,37,24,4.2958069441138736e-05,KCab-m,KCab-m_L,Kenyon_Cell,,cb_intrinsic,11862,KCab,"KCab-m,KCab-c,KCab-s",,VFB_jrmc2j55,L,,,Roughly traced,
4371,98813,37,22,4.2958069441138736e-05,KCab-m,KCab-m_L,Kenyon_Cell,,cb_intrinsic,11862,KCab,"KCab-m,KCab-c,KCab-s",,VFB_jrmc2jcu,L,,,Roughly traced,
4372,100497,37,22,4.2958069441138736e-05,KCab-s,KCab-s_R,Kenyon_Cell,,cb_intrinsic,11862,KCab,"KCab-m,KCab-c,KCab-s",,VFB_jrmc2jpn,R,,,Roughly traced,
4373,103401,37,25,4.2958069441138736e-05,KCab-s,KCab-s_R,Kenyon_Cell,,cb_intrinsic,11862,KCab,"KCab-m,KCab-c,KCab-s",,VFB_jrmc2jpr,R,,,Roughly traced,
4374,103941,37,22,4.2958069441138736e-05,KCab-m,KCab-m_L,Kenyon_Cell,,cb_intrinsic,11862,KCab,"KCab-m,KCab-c,KCab-s",,VFB_jrmc2j03,L,,,Roughly traced,
4375,104086,37,22,4.2958069441138736e-05,KCab-s,KCab-s_R,Kenyon_Cell,,cb_intrinsic,11862,KCab,"KCab-m,KCab-c,KCab-s",,VFB_jrmc2jiu,R,,,Roughly traced,
4376,105509,37,21,4.2958069441138736e-05,KCab-m,KCab-m_L,Kenyon_Cell,,cb_intrinsic,11862,KCab,"KCab-m,KCab-c,KCab-s",,VFB_jrmc2j08,L,,,Roughly traced,
4377,105929,37,20,4.2958069441138736e-05,KCab-m,KCab-m_L,Kenyon_Cell,,cb_intrinsic,11862,KCab,"KCab-m,KCab-c,KCab-s",,VFB_jrmc2j0a,L,,,Roughly traced,
4378,105960,37,25,4.2958069441138736e-05,KCab-s,KCab-s_L,Kenyon_Cell,,cb_intrinsic,11862,KCab,"KCab-m,KCab-c,KCab-s",,VFB_jrmc2juu,L,,,Roughly traced,
4379,106511,37,27,4.2958069441138736e-05,KCab-m,KCab-m_L,Kenyon_Cell,,cb_intrinsic,11862,KCab,"KCab-m,KCab-c,KCab-s",,VFB_jrmc2j0b,L,,,Roughly traced,
4380,106828,37,20,4.2958069441138736e-05,KCab-m,KCab-m_R,Kenyon_Cell,,cb_intrinsic,11862,KCab,"KCab-m,KCab-c,KCab-s",,VFB_jrmc2j3j,R,,,Roughly traced,
4381,107285,37,13,4.2958069441138736e-05,PAM08,PAM08(y4)_L,DAN,,cb_intrinsic,47196,PAM08,PAM08,,VFB_jrmc1pw4,L,,,Prelim Roughly traced,
4382,107761,37,22,4.2958069441138736e-05,KCab-m,KCab-m_R,Kenyon_Cell,,cb_intrinsic,11862,KCab,"KCab-m,KCab-c,KCab-s",,VFB_jrmc2j9f,R,,,Roughly traced,
4383,109870,37,24,4.2958069441138736e-05,KCab-m,KCab-m_L,Kenyon_Cell,,cb_intrinsic,11862,KCab,"KCab-m,KCab-c,KCab-s",,VFB_jrmc2j0g,L,,,Roughly traced,
4384,111652,37,17,4.2958069441138736e-05,KCab-s,KCab-s_L,Kenyon_Cell,,cb_intrinsic,11862,KCab,"KCab-m,KCab-c,KCab-s",,VFB_jrmc2jqy,L,,,Roughly traced,
4385,111754,37,24,4.2958069441138736e-05,KCab-c,KCab-c_L,Kenyon_Cell,,cb_intrinsic,11862,KCab,"KCab-m,KCab-c,KCab-s",,VFB_jrmc2iq8,L,,,Roughly traced,
4386,113835,37,18,4.2958069441138736e-05,KCab-m,KCab-m_R,Kenyon_Cell,,cb_intrinsic,11862,KCab,"KCab-m,KCab-c,KCab-s",,VFB_jrmc2j3r,R,,,Roughly traced,
4387,113903,37,20,4.2958069441138736e-05,KCab-m,KCab-m_R,Kenyon_Cell,,cb_intrinsic,11862,KCab,"KCab-m,KCab-c,KCab-s",,VFB_jrmc2jcr,R,,,Roughly traced,
4388,114316,37,24,4.2958069441138736e-05,KCab-s,KCab-s_R,Kenyon_Cell,,cb_intrinsic,11862,KCab,"KCab-m,KCab-c,KCab-s",,VFB_jrmc2jpz,R,,,Roughly traced,
4389,115485,37,20,4.2958069441138736e-05,KCab-s,KCab-s_R,Kenyon_Cell,,cb_intrinsic,11862,KCab,"KCab-m,KCab-c,KCab-s",,VFB_jrmc2jm6,R,,,Roughly traced,
4390,121597,37,20,4.2958069441138736e-05,KCab-c,KCab-c_L,Kenyon_Cell,,cb_intrinsic,11862,KCab,"KCab-m,KCab-c,KCab-s",,VFB_jrmc2imj,L,,,Roughly traced,
4391,122226,37,26,4.2958069441138736e-05,KCab-m,KCab-m_L,Kenyon_Cell,,cb_intrinsic,11862,KCab,"KCab-m,KCab-c,KCab-s",,VFB_jrmc2j0t,L,,,Roughly traced,
4392,126683,37,19,4.2958069441138736e-05,KCab-m,KCab-m_L,Kenyon_Cell,,cb_intrinsic,11862,KCab,"KCab-m,KCab-c,KCab-s",,VFB_jrmc2j11,L,,,Roughly traced,
4393,137866,37,27,4.2958069441138736e-05,KCab-s,KCab-s_L,Kenyon_Cell,,cb_intrinsic,11862,KCab,"KCab-m,KCab-c,KCab-s",,VFB_jrmc2jn6,L,,,Roughly traced,
4394,139706,37,19,4.2958069441138736e-05,PAM11,PAM11(a1)_R,DAN,,cb_intrinsic,119763,PAM11,PAM11,,VFB_jrmc1px4,R,,,Roughly traced,
4395,151013,37,20,4.2958069441138736e-05,PAM03,PAM03(B2B'2a)_L,DAN,,cb_intrinsic,72601,PAM03,PAM03,,VFB_jrmc1ps5,L,,,Roughly traced,
4396,157016,37,17,4.2958069441138736e-05,PAM11,PAM11(a1)_L,DAN,,cb_intrinsic,114661,PAM11,PAM11,,VFB_jrmc1px9,L,,,Roughly traced,
4397,157166,37,22,4.2958069441138736e-05,KCab-s,KCab-s_R,Kenyon_Cell,,cb_intrinsic,11862,KCab,"KCab-m,KCab-c,KCab-s",,VFB_jrmc2jz9,R,,,Roughly traced,
4398,159158,37,12,4.2958069441138736e-05,PAM01,PAM01(y5)_L,DAN,,cb_intrinsic,74856,PAM01,PAM01,,VFB_jrmc1pr6,L,,,Roughly traced,
4399,159692,37,21,4.2958069441138736e-05,KCab-c,KCab-c_R,Kenyon_Cell,,cb_intrinsic,11862,KCab,"KCab-m,KCab-c,KCab-s",,VFB_jrmc2ix8,R,,,Prelim Roughly traced,
4400,162655,37,20,4.2958069441138736e-05,KCab-m,KCab-m_L,Kenyon_Cell,,cb_intrinsic,11862,KCab,"KCab-m,KCab-c,KCab-s",,VFB_jrmc2jck,L,,,Roughly traced,
4401,164590,37,22,4.2958069441138736e-05,KCab-c,KCab-c_L,Kenyon_Cell,,cb_intrinsic,11862,KCab,"KCab-m,KCab-c,KCab-s",,VFB_jrmc2in4,L,,,Roughly traced,
4402,167297,37,17,4.2958069441138736e-05,KCab-c,KCab-c_L,Kenyon_Cell,,cb_intrinsic,11862,KCab,"KCab-m,KCab-c,KCab-s",,VFB_jrmc2iyj,L,,,Roughly traced,
4403,170005,37,25,4.2958069441138736e-05,KCab-s,KCab-s_L,Kenyon_Cell,,cb_intrinsic,11862,KCab,"KCab-m,KCab-c,KCab-s",,VFB_jrmc2jzo,L,,,Roughly traced,
4404,173573,37,25,4.2958069441138736e-05,KCab-c,KCab-c_R,Kenyon_Cell,,cb_intrinsic,11862,KCab,"KCab-m,KCab-c,KCab-s",,VFB_jrmc2iz3,R,,,Prelim Roughly traced,
4405,174608,37,20,4.2958069441138736e-05,KCab-c,KCab-c_L,Kenyon_Cell,,cb_intrinsic,11862,KCab,"KCab-m,KCab-c,KCab-s",,VFB_jrmc2is0,L,,,Roughly traced,
4406,178810,37,22,4.2958069441138736e-05,KCab-m,KCab-m_R,Kenyon_Cell,,cb_intrinsic,11862,KCab,"KCab-m,KCab-c,KCab-s",,VFB_jrmc2j4i,R,,,Roughly traced,
4407,180403,37,22,4.2958069441138736e-05,PAM09,PAM09(B1ped)_R,DAN,,cb_intrinsic,28434,PAM09,PAM09,,VFB_jrmc1pwc,R,,,Roughly traced,
4408,192245,37,21,4.2958069441138736e-05,PAM05,PAM05(B'2p)_R,DAN,,cb_intrinsic,92324,PAM05,PAM05,,VFB_jrmc1pth,R,,,Roughly traced,
4409,218583,37,23,4.2958069441138736e-05,PAM04,PAM04(B2)_R,DAN,,cb_intrinsic,108429,PAM04,PAM04,,VFB_jrmc1psg,R,,,Roughly traced,
4410,512156,37,15,4.2958069441138736e-05,SMP115,SMP115_L,,,cb_intrinsic,18185,SMP115,SMP115,,VFB_jrmc1d2m,L,,,Roughly traced,
4411,512750,37,8,4.2958069441138736e-05,LAL042,LAL042_L,,,cb_intrinsic,,LAL042,LAL042,,VFB_jrmc2cp1,L,,,Roughly traced,
4412,518777,37,15,4.2958069441138736e-05,CRE039,CRE039_L,,,cb_intrinsic,19594,CB1251,CRE039,,VFB_jrmc350h,L,,,Roughly traced,
4413,518830,37,9,4.2958069441138736e-05,PFR_b,PFR_b(PB11b)_R1_C8,CX,,cb_intrinsic,13892,PFR_b,PFR_b,,VFB_jrmc1ik4,R,,,Roughly traced,
4414,522991,37,9,4.2958069441138736e-05,ExR7,ExR7_L,CX,,cb_intrinsic,,ExR7,ExR7,,VFB_jrmc2zza,L,,,Roughly traced,
4415,524270,37,11,4.2958069441138736e-05,PFNd,PFNd(PB04)_L4_C3,CX,,cb_intrinsic,10817,PFNd,PFNd,,VFB_jrmc1i9d,L,,,Roughly traced,
4416,524883,37,11,4.2958069441138736e-05,PLP074,PLP074_R,,,cb_intrinsic,10794,VESa2_H02,PLP074,,VFB_jrmc1iru,R,,,Roughly traced,
4417,533431,37,4,4.2958069441138736e-05,PLP246,PLP246_L,,,cb_intrinsic,,PLP246,PLP246,,VFB_jrmc1j4l,L,,,Roughly traced,
4418,534983,37,24,4.2958069441138736e-05,KCab-s,KCab-s_R,Kenyon_Cell,,cb_intrinsic,11862,KCab,"KCab-m,KCab-c,KCab-s",,VFB_jrmc2jqg,R,,,Prelim Roughly traced,
4419,580386,37,18,4.2958069441138736e-05,KCab-m,KCab-m_L,Kenyon_Cell,,cb_intrinsic,11862,KCab,"KCab-m,KCab-c,KCab-s",,VFB_jrmc2j2b,L,,,Roughly traced,
4420,581228,37,16,4.2958069441138736e-05,KCab-c,KCab-c_L,Kenyon_Cell,,cb_intrinsic,11862,KCab,"KCab-m,KCab-c,KCab-s",,VFB_jrmc2int,L,,,Roughly traced,
4421,10098,36,7,4.1797040537324175e-05,AVLP442,AVLP442_L,,,cb_intrinsic,,AVLP442,AVLP442,,VFB_jrmc3iu7,L,,,Roughly traced,
4422,10195,36,15,4.1797040537324175e-05,DNp29,DNp29(NPFP1)_R,,xn,descending_neuron,,DNp29,NPFP1,DNp29,VFB_jrmc30p2,R,,,Roughly traced,
4423,10369,36,12,4.1797040537324175e-05,LAL198,LAL198_L,,,cb_intrinsic,,LAL198,LAL198,,VFB_jrmc2d2b,L,,,Roughly traced,
4424,10539,36,9,4.1797040537324175e-05,EPG,EPG(PB08)_R2,CX,,cb_intrinsic,10539,EPG,EPG,,VFB_jrmc2zqt,R,,,Roughly traced,
4425,10617,36,9,4.1797040537324175e-05,GNG105,GNG105_R,,,cb_intrinsic,10510,CB0040,,,VFB_jrmc2tfr,R,LB,,Roughly traced,
4426,10810,36,6,4.1797040537324175e-05,DNp66,DNp66(AVLP499)_L,,xn,descending_neuron,10810,DNp66,AVLP499,DNxn160,VFB_jrmc30r0,L,,,Roughly traced,
4427,11161,36,7,4.1797040537324175e-05,LoVP100,LoVP100_R,,,visual_projection,11090,LTe51,PLP091,,VFB_jrmc1zrj,R,,,Roughly traced,
4428,11416,36,8,4.1797040537324175e-05,LAL083,LAL083_R,,,cb_intrinsic,,CB0757,LAL083,,VFB_jrmc2csc,R,,,Roughly traced,
4429,12315,36,13,4.1797040537324175e-05,SMP156,SMP156_R,,,cb_intrinsic,,SMP156,SMP156,,VFB_jrmc1d5a,R,,,Roughly traced,
4430,12429,36,17,4.1797040537324175e-05,LAL190,LAL190_R,,,cb_intrinsic,11779,LAL190,LAL190,,VFB_jrmc2d1p,R,,,Roughly traced,
4431,12676,36,15,4.1797040537324175e-05,AVLP563,AVLP563_L,,,cb_intrinsic,11115,AVLP563,AVLP563,,VFB_jrmc3j5j,L,CG,,Roughly traced,
4432,15616,36,7,4.1797040537324175e-05,EPG,EPG(PB08)_R3,CX,,cb_intrinsic,10539,EPG,EPG,,VFB_jrmc2zqo,R,,,Roughly traced,
4433,16334,36,8,4.1797040537324175e-05,SIP064,SIP064_L,,,cb_intrinsic,,SIP064,SIP064,,VFB_jrmc1bj9,L,,,Roughly traced,
4434,16373,36,4,4.1797040537324175e-05,LT63,LT63_R,,,visual_projection,11090,LT63,LT63,,VFB_jrmc24ub,R,,,Roughly traced,
4435,17979,36,5,4.1797040537324175e-05,PVLP098,PVLP098_R,,,cb_intrinsic,13705,CB0732,PVLP098,,VFB_jrmc1ke3,R,,,Roughly traced,
4436,18974,36,3,4.1797040537324175e-05,pC1_3a,pC1_3a_R,,,cb_intrinsic,12442,,,,VFB_jrmc1poj,R,,,Roughly traced,
4437,21345,36,11,4.1797040537324175e-05,PFNd,PFNd(PB04)_R6_C4,CX,,cb_intrinsic,10817,PFNd,PFNd,,VFB_jrmc1i8a,R,,,Roughly traced,
4438,24879,36,4,4.1797040537324175e-05,ER4d,ER4d_L,CX,,cb_intrinsic,13094,ER4d,ER4d,,VFB_jrmc2zx8,L,,,Prelim Roughly traced,
4439,27119,36,13,4.1797040537324175e-05,FB4I,FB4I_L,CX,,cb_intrinsic,11994,FB4I,FB4I,,VFB_jrmc304w,L,CG,,Roughly traced,
4440,29577,36,7,4.1797040537324175e-05,CB1842,CB1842_R,,,cb_intrinsic,25053,CB1842,,,VFB_jrmc38wo,R,CG,,Prelim Roughly traced,
4441,33552,36,13,4.1797040537324175e-05,PFR_a,PFR_a(PB11a)_R8_C2,CX,,cb_intrinsic,13892,PFR_a,PFR_a,,VFB_jrmc1ijl,R,,,Roughly traced,
4442,34909,36,15,4.1797040537324175e-05,FB4P_a,FB4P_a_L,CX,,cb_intrinsic,12311,FB4P_a,FB4P_a,,VFB_jrmc305m,L,,,Roughly traced,
4443,35614,36,7,4.1797040537324175e-05,CB1934,CB1934_R,,,cb_intrinsic,25053,CB1934,,,VFB_jrmc3927,R,CG,,Roughly traced,
4444,36201,36,10,4.1797040537324175e-05,FC2A,FC2A_C4_L,CX,,cb_intrinsic,23643,FC2A,FC2A,,VFB_jrmc2sty,L,,,Roughly traced,
4445,38182,36,10,4.1797040537324175e-05,FB4P_b,FB4P_b_L,CX,,cb_intrinsic,12311,,FB4P_b,,VFB_jrmc305o,L,,,Roughly traced,
4446,42267,36,12,4.1797040537324175e-05,PFNd,PFNd(PB04)_L6_C5,CX,,cb_intrinsic,10817,PFNd,PFNd,,VFB_jrmc1i8q,L,,,Roughly traced,
4447,47042,36,6,4.1797040537324175e-05,PVLP115,PVLP115_L,,,cb_intrinsic,,PVLP115,PVLP115,,VFB_jrmc1kgh,L,,,Roughly traced,
4448,53652,36,6,4.1797040537324175e-05,CRE018,CRE018_L,,,cb_intrinsic,21230,CRE018b,CRE018,,VFB_jrmc34sa,L,,,Prelim Roughly traced,
4449,54176,36,7,4.1797040537324175e-05,vDeltaI_b,vDeltaI_b_C6,CX,,cb_intrinsic,11512,vDeltaI_b,vDeltaI,,VFB_jrmc03al,R,,,Roughly traced,
4450,62517,36,21,4.1797040537324175e-05,KCab-m,KCab-m_R,Kenyon_Cell,,cb_intrinsic,11862,KCab,"KCab-m,KCab-c,KCab-s",,VFB_jrmc2j8i,R,,,Roughly traced,
4451,66561,36,7,4.1797040537324175e-05,vDeltaI_b,vDeltaI_b_C0,CX,,cb_intrinsic,11512,vDeltaI_b,vDeltaI,,VFB_jrmc03b1,R,,,Roughly traced,
4452,67344,36,22,4.1797040537324175e-05,KCab-c,KCab-c_R,Kenyon_Cell,,cb_intrinsic,11862,KCab,"KCab-m,KCab-c,KCab-s",,VFB_jrmc2iti,R,,,Roughly traced,
4453,68098,36,20,4.1797040537324175e-05,KCab-c,KCab-c_R,Kenyon_Cell,,cb_intrinsic,11862,KCab,"KCab-m,KCab-c,KCab-s",,VFB_jrmc2itj,R,,,Roughly traced,
4454,68495,36,19,4.1797040537324175e-05,KCab-s,KCab-s_R,Kenyon_Cell,,cb_intrinsic,11862,KCab,"KCab-m,KCab-c,KCab-s",,VFB_jrmc2joj,R,,,Roughly traced,
4455,71189,36,20,4.1797040537324175e-05,KCab-c,KCab-c_R,Kenyon_Cell,,cb_intrinsic,11862,KCab,"KCab-m,KCab-c,KCab-s",,VFB_jrmc2iyp,R,,,Roughly traced,
4456,71389,36,7,4.1797040537324175e-05,CB4166,CB4166_L,,,cb_intrinsic,10657,CB4166,,,VFB_jrmc3biq,L,,,Prelim Roughly traced,
4457,73442,36,17,4.1797040537324175e-05,KCab-m,KCab-m_R,Kenyon_Cell,,cb_intrinsic,11862,KCab,"KCab-m,KCab-c,KCab-s",,VFB_jrmc2j8l,R,,,Roughly traced,
4458,74553,36,22,4.1797040537324175e-05,KCab-m,KCab-m_R,Kenyon_Cell,,cb_intrinsic,11862,KCab,"KCab-m,KCab-c,KCab-s",,VFB_jrmc2j8o,R,,,Roughly traced,
4459,79615,36,15,4.1797040537324175e-05,PFR_b,PFR_b(PB11b)_L1_C9_irreg,CX,,cb_intrinsic,13892,PFR_b,PFR_b,,VFB_jrmc1ik6,L,,,Roughly traced,
4460,81657,36,24,4.1797040537324175e-05,KCab-m,KCab-m_R,Kenyon_Cell,,cb_intrinsic,11862,KCab,"KCab-m,KCab-c,KCab-s",,VFB_jrmc2j8w,R,,,Roughly traced,
4461,84641,36,27,4.1797040537324175e-05,KCab-s,KCab-s_R,Kenyon_Cell,,cb_intrinsic,11862,KCab,"KCab-m,KCab-c,KCab-s",,VFB_jrmc2jrt,R,,,Roughly traced,
4462,91595,36,27,4.1797040537324175e-05,KCab-s,KCab-s_R,Kenyon_Cell,,cb_intrinsic,11862,KCab,"KCab-m,KCab-c,KCab-s",,VFB_jrmc2jry,R,,,Roughly traced,
4463,92274,36,21,4.1797040537324175e-05,KCab-c,KCab-c_R,Kenyon_Cell,,cb_intrinsic,11862,KCab,"KCab-m,KCab-c,KCab-s",,VFB_jrmc2iwv,R,,,Roughly traced,
4464,93288,36,19,4.1797040537324175e-05,KCab-s,KCab-s_R,Kenyon_Cell,,cb_intrinsic,11862,KCab,"KCab-m,KCab-c,KCab-s",,VFB_jrmc2jyw,R,,,Roughly traced,
4465,94430,36,22,4.1797040537324175e-05,KCab-m,KCab-m_L,Kenyon_Cell,,cb_intrinsic,11862,KCab,"KCab-m,KCab-c,KCab-s",,VFB_jrmc2j6r,L,,,Roughly traced,
4466,94614,36,22,4.1797040537324175e-05,KCab-s,KCab-s_L,Kenyon_Cell,,cb_intrinsic,11862,KCab,"KCab-m,KCab-c,KCab-s",,VFB_jrmc2jnk,L,,,Roughly traced,
4467,94790,36,21,4.1797040537324175e-05,KCab-s,KCab-s_R,Kenyon_Cell,,cb_intrinsic,11862,KCab,"KCab-m,KCab-c,KCab-s",,VFB_jrmc2jll,R,,,Roughly traced,
4468,96273,36,19,4.1797040537324175e-05,KCab-c,KCab-c_R,Kenyon_Cell,,cb_intrinsic,11862,KCab,"KCab-m,KCab-c,KCab-s",,VFB_jrmc2ioz,R,,,Roughly traced,
4469,98070,36,20,4.1797040537324175e-05,KCab-m,KCab-m_L,Kenyon_Cell,,cb_intrinsic,11862,KCab,"KCab-m,KCab-c,KCab-s",,VFB_jrmc2j6u,L,,,Roughly traced,
4470,101490,36,23,4.1797040537324175e-05,KCab-s,KCab-s_R,Kenyon_Cell,,cb_intrinsic,11862,KCab,"KCab-m,KCab-c,KCab-s",,VFB_jrmc2jlv,R,,,Roughly traced,
4471,108345,36,21,4.1797040537324175e-05,KCab-s,KCab-s_L,Kenyon_Cell,,cb_intrinsic,11862,KCab,"KCab-m,KCab-c,KCab-s",,VFB_jrmc2jw6,L,,,Roughly traced,
4472,108640,36,18,4.1797040537324175e-05,KCab-m,KCab-m_L,Kenyon_Cell,,cb_intrinsic,11862,KCab,"KCab-m,KCab-c,KCab-s",,VFB_jrmc2jak,L,,,Roughly traced,
4473,109871,36,23,4.1797040537324175e-05,KCab-m,KCab-m_R,Kenyon_Cell,,cb_intrinsic,11862,KCab,"KCab-m,KCab-c,KCab-s",,VFB_jrmc2ja7,R,,,Roughly traced,
4474,110338,36,18,4.1797040537324175e-05,KCab-c,KCab-c_R,Kenyon_Cell,,cb_intrinsic,11862,KCab,"KCab-m,KCab-c,KCab-s",,VFB_jrmc2iy8,R,,,Roughly traced,
4475,113606,36,23,4.1797040537324175e-05,KCab-s,KCab-s_R,Kenyon_Cell,,cb_intrinsic,11862,KCab,"KCab-m,KCab-c,KCab-s",,VFB_jrmc2jpy,R,,,Roughly traced,
4476,113611,36,24,4.1797040537324175e-05,KCab-s,KCab-s_R,Kenyon_Cell,,cb_intrinsic,11862,KCab,"KCab-m,KCab-c,KCab-s",,VFB_jrmc2ju4,R,,,Roughly traced,
4477,114745,36,24,4.1797040537324175e-05,KCab-s,KCab-s_L,Kenyon_Cell,,cb_intrinsic,11862,KCab,"KCab-m,KCab-c,KCab-s",,VFB_jrmc2juw,L,,,Roughly traced,
4478,115174,36,22,4.1797040537324175e-05,KCab-m,KCab-m_L,Kenyon_Cell,,cb_intrinsic,11862,KCab,"KCab-m,KCab-c,KCab-s",,VFB_jrmc2j5f,L,,,Roughly traced,
4479,117883,36,18,4.1797040537324175e-05,KCab-s,KCab-s_R,Kenyon_Cell,,cb_intrinsic,11862,KCab,"KCab-m,KCab-c,KCab-s",,VFB_jrmc2jq2,R,,,Roughly traced,
4480,118595,36,21,4.1797040537324175e-05,KCab-c,KCab-c_R,Kenyon_Cell,,cb_intrinsic,11862,KCab,"KCab-m,KCab-c,KCab-s",,VFB_jrmc2ip7,R,,,Roughly traced,
4481,120259,36,22,4.1797040537324175e-05,PAM04,PAM04(B2)_R,DAN,,cb_intrinsic,108429,PAM04,PAM04,,VFB_jrmc1psl,R,,,Roughly traced,
4482,121769,36,20,4.1797040537324175e-05,KCab-s,KCab-s_R,Kenyon_Cell,,cb_intrinsic,11862,KCab,"KCab-m,KCab-c,KCab-s",,VFB_jrmc2jyr,R,,,Prelim Roughly traced,
4483,121966,36,21,4.1797040537324175e-05,KCab-c,KCab-c_R,Kenyon_Cell,,cb_intrinsic,11862,KCab,"KCab-m,KCab-c,KCab-s",,VFB_jrmc2iya,R,,,Prelim Roughly traced,
4484,124128,36,24,4.1797040537324175e-05,KCab-m,KCab-m_L,Kenyon_Cell,,cb_intrinsic,11862,KCab,"KCab-m,KCab-c,KCab-s",,VFB_jrmc2j77,L,,,Roughly traced,
4485,125729,36,4,4.1797040537324175e-05,PFNm_b,PFNm_b_R5_C6,CX,,cb_intrinsic,14631,PFNm,PFNm_b,,VFB_jrmc1ia9,R,,,Prelim Roughly traced,
4486,128076,36,21,4.1797040537324175e-05,PAM04,PAM04(B2)_R,DAN,,cb_intrinsic,37845,PAM04,PAM04,,VFB_jrmc1ps7,R,,,Roughly traced,
4487,130971,36,11,4.1797040537324175e-05,hDeltaI,hDeltaI_12_C10,CX,,cb_intrinsic,11512,hDeltaI,hDeltaI,,VFB_jrmc02ks,L,,,Prelim Roughly traced,
4488,138826,36,24,4.1797040537324175e-05,KCab-s,KCab-s_R,Kenyon_Cell,,cb_intrinsic,11862,KCab,"KCab-m,KCab-c,KCab-s",,VFB_jrmc2jmf,R,,,Prelim Roughly traced,
4489,138929,36,25,4.1797040537324175e-05,KCab-c,KCab-c_R,Kenyon_Cell,,cb_intrinsic,11862,KCab,"KCab-m,KCab-c,KCab-s",,VFB_jrmc2ixl,R,,,Prelim Roughly traced,
4490,139252,36,26,4.1797040537324175e-05,KCab-s,KCab-s_R,Kenyon_Cell,,cb_intrinsic,11862,KCab,"KCab-m,KCab-c,KCab-s",,VFB_jrmc2jmg,R,,,Prelim Roughly traced,
4491,143645,36,19,4.1797040537324175e-05,KCab-m,KCab-m_L,Kenyon_Cell,,cb_intrinsic,11862,KCab,"KCab-m,KCab-c,KCab-s",,VFB_jrmc2j19,L,,,Roughly traced,
4492,146387,36,21,4.1797040537324175e-05,KCab-s,KCab-s_R,Kenyon_Cell,,cb_intrinsic,11862,KCab,"KCab-m,KCab-c,KCab-s",,VFB_jrmc2jj0,R,,,Prelim Roughly traced,
4493,148328,36,22,4.1797040537324175e-05,PAM02,PAM02(B'2a)_L,DAN,,cb_intrinsic,107986,PAM02,PAM02,,VFB_jrmc1prl,L,,,Prelim Roughly traced,
4494,150364,36,4,4.1797040537324175e-05,PFNm_b,PFNm_b_L5_C4,CX,,cb_intrinsic,14631,PFNm,PFNm_b,,VFB_jrmc1iac,L,,,Prelim Roughly traced,
4495,150983,36,22,4.1797040537324175e-05,PAM14,PAM14(B'1m)_L,DAN,,cb_intrinsic,115868,PAM14,PAM14,,VFB_jrmc1i1x,L,,,Roughly traced,
4496,151958,36,25,4.1797040537324175e-05,KCab-s,KCab-s_R,Kenyon_Cell,,cb_intrinsic,11862,KCab,"KCab-m,KCab-c,KCab-s",,VFB_jrmc2job,R,,,Prelim Roughly traced,
4497,158368,36,18,4.1797040537324175e-05,KCab-m,KCab-m_L,Kenyon_Cell,,cb_intrinsic,11862,KCab,"KCab-m,KCab-c,KCab-s",,VFB_jrmc2j1f,L,,,Roughly traced,
4498,160277,36,24,4.1797040537324175e-05,PAM06,PAM06(B'2m)_R,DAN,,cb_intrinsic,92324,PAM06,PAM06,,VFB_jrmc1pu4,R,,,Roughly traced,
4499,160320,36,8,4.1797040537324175e-05,MBON25-like,MBON25-like(y2)_L,MBON,,cb_intrinsic,25975,"MBON25,MBON34",,,VFB_jrmc20b5,L,,,Roughly traced,
4500,163500,36,22,4.1797040537324175e-05,KCab-m,KCab-m_L,Kenyon_Cell,,cb_intrinsic,11862,KCab,"KCab-m,KCab-c,KCab-s",,VFB_jrmc2j1n,L,,,Roughly traced,
4501,165660,36,19,4.1797040537324175e-05,KCab-m,KCab-m_L,Kenyon_Cell,,cb_intrinsic,11862,KCab,"KCab-m,KCab-c,KCab-s",,VFB_jrmc2j1q,L,,,Roughly traced,
4502,173188,36,24,4.1797040537324175e-05,KCab-s,KCab-s_R,Kenyon_Cell,,cb_intrinsic,11862,KCab,"KCab-m,KCab-c,KCab-s",,VFB_jrmc2jqa,R,,,Prelim Roughly traced,
4503,174587,36,18,4.1797040537324175e-05,KCab-m,KCab-m_R,Kenyon_Cell,,cb_intrinsic,11862,KCab,"KCab-m,KCab-c,KCab-s",,VFB_jrmc2j4h,R,,,Prelim Roughly traced,
4504,174813,36,24,4.1797040537324175e-05,KCab-c,KCab-c_L,Kenyon_Cell,,cb_intrinsic,11862,KCab,"KCab-m,KCab-c,KCab-s",,VFB_jrmc2is1,L,,,Roughly traced,
4505,178476,36,14,4.1797040537324175e-05,KCab-s,KCab-s_R,Kenyon_Cell,,cb_intrinsic,11862,KCab,"KCab-m,KCab-c,KCab-s",,VFB_jrmc2jqb,R,,,Roughly traced,
4506,181884,36,20,4.1797040537324175e-05,KCab-m,KCab-m_L,Kenyon_Cell,,cb_intrinsic,11862,KCab,"KCab-m,KCab-c,KCab-s",,VFB_jrmc2j22,L,,,Roughly traced,
4507,209656,36,23,4.1797040537324175e-05,PAM13,PAM13(B'1ap)_L,DAN,,cb_intrinsic,115868,PAM13,PAM13,,VFB_jrmc1pyb,L,,,Roughly traced,
4508,213743,36,22,4.1797040537324175e-05,PAM05,PAM05(B'2p)_R,DAN,,cb_intrinsic,92324,PAM05,PAM05,,VFB_jrmc1pta,R,,,Roughly traced,
4509,238644,36,16,4.1797040537324175e-05,PAM11,PAM11(a1)_R,DAN,,cb_intrinsic,114661,PAM11,PAM11,,VFB_jrmc1px6,R,,,Roughly traced,
4510,272106,36,22,4.1797040537324175e-05,KCab-m,KCab-m_R,Kenyon_Cell,,cb_intrinsic,11862,KCab,"KCab-m,KCab-c,KCab-s",,VFB_jrmc2j4s,R,,,Prelim Roughly traced,
4511,511960,36,3,4.1797040537324175e-05,AVLP399,AVLP399_R,,,cb_intrinsic,11119,AVLP399,AVLP399,,VFB_jrmc3iqw,R,,,Roughly traced,
4512,512070,36,5,4.1797040537324175e-05,PVLP135,PVLP135_L,,,cb_intrinsic,,PVLP135,PVLP135,,VFB_jrmc1kio,L,,,Roughly traced,
4513,512459,36,13,4.1797040537324175e-05,CRE025,CRE025_L,,,cb_intrinsic,,CRE025,CRE025,,VFB_jrmc34sy,L,,,Roughly traced,
4514,513163,36,8,4.1797040537324175e-05,VES007,VES007_R,,,cb_intrinsic,513163,VES007,VES007,,VFB_jrmc074y,R,,,Roughly traced,
4515,513601,36,12,4.1797040537324175e-05,LHCENT4,LHCENT4_R,,,cb_intrinsic,11030,LHCENT4,LHCENT4,,VFB_jrmc21xm,R,,,Roughly traced,
4516,515424,36,3,4.1797040537324175e-05,AVLP294,AVLP294_L,,,cb_intrinsic,10657,AVLP294,AVLP294,,VFB_jrmc3iia,L,,,Roughly traced,
4517,518220,36,10,4.1797040537324175e-05,LNOa,LNOa(LAL-NO3a)_R,CX,,cb_intrinsic,15674,LNOa,LNOa,,VFB_jrmc238f,R,CG,,Roughly traced,
4518,519351,36,12,4.1797040537324175e-05,PFL3,PFL3(PB12c)_L4_C5,CX,,cb_intrinsic,11557,PFL3,PFL3,,VFB_jrmc1i5k,L,,,Roughly traced,
4519,520889,36,9,4.1797040537324175e-05,aIPg_m1,aIPg_m1_L,,,cb_intrinsic,10498,,,,VFB_jrmc028v,L,,,Roughly traced,
4520,522983,36,7,4.1797040537324175e-05,SMP446,SMP446_R,,,cb_intrinsic,32230,SMP446b,SMP446,,VFB_jrmc1dxa,R,,,Roughly traced,
4521,524073,36,8,4.1797040537324175e-05,EPG,EPG(PB08)_L2,CX,,cb_intrinsic,10539,EPG,EPG,,VFB_jrmc2zq4,L,,,Roughly traced,
4522,529293,36,4,4.1797040537324175e-05,AVLP600,AVLP600_R,,,cb_intrinsic,,CB3514,,,VFB_jrmc3j7i,R,,,Roughly traced,
4523,531425,36,6,4.1797040537324175e-05,GNG506,GNG506_L,,,cb_intrinsic,,CB0534,,,VFB_jrmc2u94,L,,,Roughly traced,
4524,548340,36,28,4.1797040537324175e-05,KCab-m,KCab-m_L,Kenyon_Cell,,cb_intrinsic,11862,KCab,"KCab-m,KCab-c,KCab-s",,VFB_jrmc2jco,L,,,Roughly traced,
4525,562916,36,15,4.1797040537324175e-05,KCa'b'-ap1,KCa'b'-ap1_R,Kenyon_Cell,,cb_intrinsic,17488,KCapbp-ap1,KCa'b'-ap1,,VFB_jrmc2i7t,R,,,Roughly traced,
4526,569417,36,24,4.1797040537324175e-05,KCab-s,KCab-s_R,Kenyon_Cell,,cb_intrinsic,11862,KCab,"KCab-m,KCab-c,KCab-s",,VFB_jrmc2jjc,R,,,Prelim Roughly traced,
4527,10035,35,11,4.0636011633509614e-05,AstA1,AstA1_L,,,cb_intrinsic,,AstA1,AstA1,,VFB_jrmc3jh0,L,,,Roughly traced,
4528,10290,35,7,4.0636011633509614e-05,LAL138,LAL138_R,,,cb_intrinsic,,LAL138,LAL138,,VFB_jrmc2cxj,R,,,Roughly traced,
4529,10606,35,6,4.0636011633509614e-05,LAL125,LAL125_L,,,cb_intrinsic,,"LAL125,LAL108",LAL125,,VFB_jrmc2cwe,L,,,Roughly traced,
4530,10669,35,20,4.0636011633509614e-05,CRE074,CRE074_R,,,cb_intrinsic,,CRE074,CRE074,,VFB_jrmc34xc,R,,,Roughly traced,
4531,11055,35,8,4.0636011633509614e-05,LT62,LT62_R,,,visual_projection,10450,LT62,LT62,,VFB_jrmc24u9,R,,,Roughly traced,
4532,11271,35,10,4.0636011633509614e-05,LHCENT14,LHCENT14_L,,,cb_intrinsic,,LHCENT14,LHCENT14,,VFB_jrmc21xf,L,,,Roughly traced,
4533,11610,35,10,4.0636011633509614e-05,DNae007,DNae007(VES009)_R,,xn,descending_neuron,10360,DNae007,VES009,DNxn143,VFB_jrmc37n5,R,,,Roughly traced,
4534,12232,35,3,4.0636011633509614e-05,GNG515,GNG515_R,,,cb_intrinsic,,CB0497,,,VFB_jrmc2u9l,R,GNG,,Roughly traced,
4535,12243,35,11,4.0636011633509614e-05,SMP077,SMP077_L,,,cb_intrinsic,,SMP077,SMP077,,VFB_jrmc1cz2,L,,,Roughly traced,
4536,13125,35,5,4.0636011633509614e-05,PVLP135,PVLP135_R,,,cb_intrinsic,,PVLP135,PVLP135,,VFB_jrmc1kil,R,,,Roughly traced,
4537,13724,35,15,4.0636011633509614e-05,LAL100,LAL100_R,,,cb_intrinsic,,LAL100,LAL100,,VFB_jrmc2cup,R,,,Roughly traced,
4538,15134,35,5,4.0636011633509614e-05,AVLP418,AVLP418_R,,,cb_intrinsic,10978,AVLP418,AVLP418,,VFB_jrmc3ise,R,,,Roughly traced,
4539,16862,35,3,4.0636011633509614e-05,LAL112,LAL112_R,,,cb_intrinsic,,LAL112,LAL112,,VFB_jrmc2cvk,R,,,Roughly traced,
4540,16908,35,15,4.0636011633509614e-05,FB4O,FB4O_R,CX,,cb_intrinsic,12311,FB4O,FB4O,,VFB_jrmc305e,R,,,Roughly traced,
4541,17133,35,5,4.0636011633509614e-05,AVLP448,AVLP448_R,,,cb_intrinsic,,AVLP448,AVLP448,,VFB_jrmc3iul,R,,,Roughly traced,
4542,18193,35,4,4.0636011633509614e-05,AVLP372,AVLP372_R,,,cb_intrinsic,11191,CB1839,AVLP372,,VFB_jrmc3iol,R,,,Roughly traced,
4543,18925,35,5,4.0636011633509614e-05,AVLP541,AVLP541_R,,,cb_intrinsic,18925,AVLP541b,AVLP541,,VFB_jrmc3j2q,R,,,Prelim Roughly traced,
4544,20906,35,7,4.0636011633509614e-05,FB2F_a,FB2F_a_R,CX,,cb_intrinsic,10396,CB4171,FB2F_a,,VFB_jrmc301b,R,,,Roughly traced,
4545,22386,35,10,4.0636011633509614e-05,SMP143,SMP143(SMP149)_R,,,cb_intrinsic,,"SMP143,SMP149","SMP143,SMP149",,VFB_jrmc1d4f,R,,,Roughly traced,
4546,23419,35,8,4.0636011633509614e-05,FB3C,FB3C_L,CX,,cb_intrinsic,13893,"FB3B,FB3C,FB3E",FB3C,,VFB_jrmc303i,L,,,Prelim Roughly traced,
4547,24410,35,9,4.0636011633509614e-05,CB1852,CB1852_L,,,cb_intrinsic,18739,CB1852,,,VFB_jrmc38xj,L,,,Prelim Roughly traced,
4548,25396,35,15,4.0636011633509614e-05,SMP143,SMP143(SMP149)_L,,,cb_intrinsic,,"SMP143,SMP149","SMP143,SMP149",,VFB_jrmc1d4d,L,,,Roughly traced,
4549,26294,35,9,4.0636011633509614e-05,LHAV2b2_b,LHAV2b2_b_R,,,cb_intrinsic,13095,LHAV2b2a,LHAV2b2_b,,VFB_jrmc2936,R,,,Roughly traced,
4550,28254,35,7,4.0636011633509614e-05,PFNv,PFNv(PB05)_R2_C9,CX,,cb_intrinsic,10817,PFNv,PFNv,,VFB_jrmc1iiy,R,,,Roughly traced,
4551,28339,35,4,4.0636011633509614e-05,ER4d,ER4d_R,CX,,cb_intrinsic,13094,ER4d,ER4d,,VFB_jrmc2zxi,R,,,Prelim Roughly traced,
4552,29806,35,5,4.0636011633509614e-05,SMP568_a,SMP568_a_L,,,cb_intrinsic,10332,SMP568,SMP568_a,,VFB_jrmc16fi,L,,,Roughly traced,
4553,35018,35,7,4.0636011633509614e-05,FC1B,FC1B_C9_L,CX,,cb_intrinsic,27502,"FC1A,FC1B,FC1F",FC1B,,VFB_jrmc2sqk,L,,,Roughly traced,
4554,36094,35,6,4.0636011633509614e-05,MBON19,MBON19(a2p3p)_L,MBON,,cb_intrinsic,20835,MBON19,MBON19,,VFB_jrmc20ao,L,,,Roughly traced,
4555,48248,35,7,4.0636011633509614e-05,FC1A,FC1A_C8_R,CX,,cb_intrinsic,27502,"FC1A,FC1B,FC1F",FC1A,,VFB_jrmc2spx,R,,,Roughly traced,
4556,48558,35,10,4.0636011633509614e-05,FB2I_a,FB2I_a_R,CX,,cb_intrinsic,10396,CB.FB2E10,FB2I_a,,VFB_jrmc3027,R,,,Roughly traced,
4557,50427,35,19,4.0636011633509614e-05,KCab-s,KCab-s_R,Kenyon_Cell,,cb_intrinsic,11862,KCab,"KCab-m,KCab-c,KCab-s",,VFB_jrmc2jyo,R,,,Roughly traced,
4558,57309,35,9,4.0636011633509614e-05,FC1B,FC1B_C7_R,CX,,cb_intrinsic,27502,"FC1A,FC1B,FC1F",FC1B,,VFB_jrmc2sqj,R,,,Roughly traced,
4559,57381,35,3,4.0636011633509614e-05,CB2035,CB2035_L,,,cb_intrinsic,14283,CB2035,,,VFB_jrmc396n,L,,,Prelim Roughly traced,
4560,59347,35,9,4.0636011633509614e-05,AVLP711m,AVLP711m_L,,,cb_intrinsic,11286,,,,VFB_jrmc3j9g,L,CG,,Roughly traced,
4561,69603,35,21,4.0636011633509614e-05,KCab-s,KCab-s_L,Kenyon_Cell,,cb_intrinsic,11862,KCab,"KCab-m,KCab-c,KCab-s",,VFB_jrmc2jqp,L,,,Roughly traced,
4562,72299,35,21,4.0636011633509614e-05,KCab-c,KCab-c_R,Kenyon_Cell,,cb_intrinsic,11862,KCab,"KCab-m,KCab-c,KCab-s",,VFB_jrmc2iwd,R,,,Roughly traced,
4563,74856,35,10,4.0636011633509614e-05,PAM01,PAM01(y5)_L,DAN,,cb_intrinsic,74856,PAM01,PAM01,,VFB_jrmc1pq6,L,,,Roughly traced,
4564,75149,35,19,4.0636011633509614e-05,KCab-s,KCab-s_R,Kenyon_Cell,,cb_intrinsic,11862,KCab,"KCab-m,KCab-c,KCab-s",,VFB_jrmc2jri,R,,,Roughly traced,
4565,79562,35,19,4.0636011633509614e-05,KCab-c,KCab-c_R,Kenyon_Cell,,cb_intrinsic,11862,KCab,"KCab-m,KCab-c,KCab-s",,VFB_jrmc2iog,R,,,Roughly traced,
4566,80395,35,21,4.0636011633509614e-05,KCab-c,KCab-c_L,Kenyon_Cell,,cb_intrinsic,11862,KCab,"KCab-m,KCab-c,KCab-s",,VFB_jrmc2ilt,L,,,Roughly traced,
4567,81278,35,24,4.0636011633509614e-05,KCab-c,KCab-c_L,Kenyon_Cell,,cb_intrinsic,11862,KCab,"KCab-m,KCab-c,KCab-s",,VFB_jrmc2ilu,L,,,Roughly traced,
4568,82789,35,24,4.0636011633509614e-05,KCab-s,KCab-s_R,Kenyon_Cell,,cb_intrinsic,11862,KCab,"KCab-m,KCab-c,KCab-s",,VFB_jrmc2jp2,R,,,Roughly traced,
4569,83121,35,18,4.0636011633509614e-05,KCab-c,KCab-c_L,Kenyon_Cell,,cb_intrinsic,11862,KCab,"KCab-m,KCab-c,KCab-s",,VFB_jrmc2iuy,L,,,Roughly traced,
4570,83852,35,25,4.0636011633509614e-05,PAM06,PAM06(B'2m)_R,DAN,,cb_intrinsic,72601,PAM06,PAM06,,VFB_jrmc1ptx,R,,,Roughly traced,
4571,85377,35,16,4.0636011633509614e-05,KCab-m,KCab-m_R,Kenyon_Cell,,cb_intrinsic,11862,KCab,"KCab-m,KCab-c,KCab-s",,VFB_jrmc2j2n,R,,,Roughly traced,
4572,86041,35,19,4.0636011633509614e-05,KCab-m,KCab-m_L,Kenyon_Cell,,cb_intrinsic,11862,KCab,"KCab-m,KCab-c,KCab-s",,VFB_jrmc2j6l,L,,,Roughly traced,
4573,86079,35,20,4.0636011633509614e-05,KCab-s,KCab-s_R,Kenyon_Cell,,cb_intrinsic,11862,KCab,"KCab-m,KCab-c,KCab-s",,VFB_jrmc2jzt,R,,,Roughly traced,
4574,87138,35,20,4.0636011633509614e-05,KCab-c,KCab-c_L,Kenyon_Cell,,cb_intrinsic,11862,KCab,"KCab-m,KCab-c,KCab-s",,VFB_jrmc2ilx,L,,,Roughly traced,
4575,88023,35,18,4.0636011633509614e-05,KCab-m,KCab-m_R,Kenyon_Cell,,cb_intrinsic,11862,KCab,"KCab-m,KCab-c,KCab-s",,VFB_jrmc2j2t,R,,,Roughly traced,
4576,93326,35,24,4.0636011633509614e-05,KCab-s,KCab-s_R,Kenyon_Cell,,cb_intrinsic,11862,KCab,"KCab-m,KCab-c,KCab-s",,VFB_jrmc2jlj,R,,,Roughly traced,
4577,94336,35,24,4.0636011633509614e-05,KCab-s,KCab-s_R,Kenyon_Cell,,cb_intrinsic,11862,KCab,"KCab-m,KCab-c,KCab-s",,VFB_jrmc2jlk,R,,,Prelim Roughly traced,
4578,95015,35,6,4.0636011633509614e-05,vDeltaI_b,vDeltaI_b_C3,CX,,cb_intrinsic,11512,vDeltaI_b,vDeltaI,,VFB_jrmc03as,R,,,Roughly traced,
4579,102357,35,18,4.0636011633509614e-05,KCab-c,KCab-c_R,Kenyon_Cell,,cb_intrinsic,11862,KCab,"KCab-m,KCab-c,KCab-s",,VFB_jrmc2ixh,R,,,Roughly traced,
4580,104545,35,22,4.0636011633509614e-05,KCab-m,KCab-m_L,Kenyon_Cell,,cb_intrinsic,11862,KCab,"KCab-m,KCab-c,KCab-s",,VFB_jrmc2j05,L,,,Roughly traced,
4581,105330,35,25,4.0636011633509614e-05,KCab-s,KCab-s_R,Kenyon_Cell,,cb_intrinsic,11862,KCab,"KCab-m,KCab-c,KCab-s",,VFB_jrmc2jvz,R,,,Roughly traced,
4582,105676,35,23,4.0636011633509614e-05,KCab-s,KCab-s_R,Kenyon_Cell,,cb_intrinsic,11862,KCab,"KCab-m,KCab-c,KCab-s",,VFB_jrmc2jps,R,,,Roughly traced,
4583,106942,35,19,4.0636011633509614e-05,KCab-m,KCab-m_L,Kenyon_Cell,,cb_intrinsic,11862,KCab,"KCab-m,KCab-c,KCab-s",,VFB_jrmc2j0c,L,,,Roughly traced,
4584,114209,35,17,4.0636011633509614e-05,KCab-m,KCab-m_R,Kenyon_Cell,,cb_intrinsic,11862,KCab,"KCab-m,KCab-c,KCab-s",,VFB_jrmc2j3s,R,,,Roughly traced,
4585,120291,35,23,4.0636011633509614e-05,KCab-s,KCab-s_L,Kenyon_Cell,,cb_intrinsic,11862,KCab,"KCab-m,KCab-c,KCab-s",,VFB_jrmc2jns,L,,,Roughly traced,
4586,121446,35,18,4.0636011633509614e-05,KCab-c,KCab-c_L,Kenyon_Cell,,cb_intrinsic,11862,KCab,"KCab-m,KCab-c,KCab-s",,VFB_jrmc2isx,L,,,Roughly traced,
4587,125185,35,26,4.0636011633509614e-05,KCab-s,KCab-s_L,Kenyon_Cell,,cb_intrinsic,11862,KCab,"KCab-m,KCab-c,KCab-s",,VFB_jrmc2jn5,L,,,Roughly traced,
4588,125531,35,6,4.0636011633509614e-05,vDeltaG,vDeltaG_C1,CX,,cb_intrinsic,11512,"vDeltaG,vDeltaH",vDeltaG,,VFB_jrmc039o,L,,,Roughly traced,
4589,127463,35,23,4.0636011633509614e-05,KCab-c,KCab-c_L,Kenyon_Cell,,cb_intrinsic,11862,KCab,"KCab-m,KCab-c,KCab-s",,VFB_jrmc2iqj,L,,,Roughly traced,
4590,130007,35,7,4.0636011633509614e-05,FC1B,FC1B_C2_L,CX,,cb_intrinsic,27502,"FC1A,FC1B,FC1F",FC1B,,VFB_jrmc2sqx,L,,,Roughly traced,
4591,135290,35,15,4.0636011633509614e-05,PAM15,PAM15(y5B'2a)_R,DAN,,cb_intrinsic,63391,PAM15,PAM15,,VFB_jrmc1i21,R,,,Roughly traced,
4592,137539,35,20,4.0636011633509614e-05,PAM11,PAM11(a1)_R,DAN,,cb_intrinsic,114661,PAM11,PAM11,,VFB_jrmc1px2,R,,,Roughly traced,
4593,138162,35,22,4.0636011633509614e-05,KCab-c,KCab-c_L,Kenyon_Cell,,cb_intrinsic,11862,KCab,"KCab-m,KCab-c,KCab-s",,VFB_jrmc2imq,L,,,Roughly traced,
4594,140961,35,26,4.0636011633509614e-05,KCab-m,KCab-m_L,Kenyon_Cell,,cb_intrinsic,11862,KCab,"KCab-m,KCab-c,KCab-s",,VFB_jrmc2j17,L,,,Roughly traced,
4595,141510,35,18,4.0636011633509614e-05,PAM15,PAM15(y5B'2a)_R,DAN,,cb_intrinsic,63391,PAM15,PAM15,,VFB_jrmc1i20,R,,,Roughly traced,
4596,145497,35,21,4.0636011633509614e-05,KCab-c,KCab-c_R,Kenyon_Cell,,cb_intrinsic,11862,KCab,"KCab-m,KCab-c,KCab-s",,VFB_jrmc2ixi,R,,,Prelim Roughly traced,
4597,156598,35,21,4.0636011633509614e-05,KCab-s,KCab-s_R,Kenyon_Cell,,cb_intrinsic,11862,KCab,"KCab-m,KCab-c,KCab-s",,VFB_jrmc2jq7,R,,,Roughly traced,
4598,160750,35,17,4.0636011633509614e-05,KCab-m,KCab-m_L,Kenyon_Cell,,cb_intrinsic,11862,KCab,"KCab-m,KCab-c,KCab-s",,VFB_jrmc2jat,L,,,Roughly traced,
4599,163974,35,23,4.0636011633509614e-05,KCab-c,KCab-c_L,Kenyon_Cell,,cb_intrinsic,11862,KCab,"KCab-m,KCab-c,KCab-s",,VFB_jrmc2ivo,L,,,Roughly traced,
4600,165105,35,20,4.0636011633509614e-05,KCab-s,KCab-s_L,Kenyon_Cell,,cb_intrinsic,11862,KCab,"KCab-m,KCab-c,KCab-s",,VFB_jrmc2jvq,L,,,Roughly traced,
4601,166749,35,19,4.0636011633509614e-05,KCab-m,KCab-m_L,Kenyon_Cell,,cb_intrinsic,11862,KCab,"KCab-m,KCab-c,KCab-s",,VFB_jrmc2j7y,L,,,Roughly traced,
4602,170919,35,21,4.0636011633509614e-05,KCab-s,KCab-s_L,Kenyon_Cell,,cb_intrinsic,11862,KCab,"KCab-m,KCab-c,KCab-s",,VFB_jrmc2jn9,L,,,Roughly traced,
4603,188606,35,19,4.0636011633509614e-05,KCab-c,KCab-c_R,Kenyon_Cell,,cb_intrinsic,11862,KCab,"KCab-m,KCab-c,KCab-s",,VFB_jrmc2iye,R,,,Roughly traced,
4604,200684,35,20,4.0636011633509614e-05,KCab-s,KCab-s_R,Kenyon_Cell,,cb_intrinsic,11862,KCab,"KCab-m,KCab-c,KCab-s",,VFB_jrmc2jtc,R,,,Roughly traced,
4605,294758,35,20,4.0636011633509614e-05,KCab-c,KCab-c_R,Kenyon_Cell,,cb_intrinsic,11862,KCab,"KCab-m,KCab-c,KCab-s",,VFB_jrmc2ipj,R,,,Roughly traced,
4606,512348,35,8,4.0636011633509614e-05,CB1938,CB1938_L,,,cb_intrinsic,10357,CB1938,,,VFB_jrmc392e,L,CG,,Prelim Roughly traced,
4607,514045,35,11,4.0636011633509614e-05,PEN_a(PEN1),PEN_a(PB06a)_R3,CX,,cb_intrinsic,,PEN_a(PEN1),PEN_a(PEN1),,VFB_jrmc1i2z,R,,,Roughly traced,
4608,514522,35,5,4.0636011633509614e-05,AVLP163,AVLP163_R,,,cb_intrinsic,12156,CB3625,AVLP163,,VFB_jrmc3i6j,R,,,Roughly traced,
4609,517101,35,4,4.0636011633509614e-05,LAL172,LAL172_L,,,cb_intrinsic,,"LAL171,LAL172",LAL172,,VFB_jrmc2d07,L,,,Roughly traced,
4610,517630,35,6,4.0636011633509614e-05,CB3302,CB3302_R,,,cb_intrinsic,12317,CB3302,,,VFB_jrmc3aj8,R,CG,,Roughly traced,
4611,519865,35,3,4.0636011633509614e-05,LAL112,LAL112_L,,,cb_intrinsic,,LAL112,LAL112,,VFB_jrmc2cvi,L,,,Roughly traced,
4612,520395,35,10,4.0636011633509614e-05,MBON15,MBON15(a'1)_L,MBON,,cb_intrinsic,20835,MBON15,MBON15,,VFB_jrmc20a8,L,,,Roughly traced,
4613,520811,35,11,4.0636011633509614e-05,PFL3,PFL3(PB12c)_R6_C2,CX,,cb_intrinsic,11557,PFL3,PFL3,,VFB_jrmc1i58,R,,,Roughly traced,
4614,521940,35,4,4.0636011633509614e-05,SMP144,SMP144_L,,,cb_intrinsic,,"SMP144,SMP150",SMP144,,VFB_jrmc1d4g,L,,,Roughly traced,
4615,522346,35,7,4.0636011633509614e-05,PVLP013,PVLP013_L,,,cb_intrinsic,11762,PVLP013,PVLP013,,VFB_jrmc1k77,L,,,Roughly traced,
4616,522807,35,14,4.0636011633509614e-05,LAL134,LAL134_R,,,cb_intrinsic,,"SMP544,LAL134",LAL134,,VFB_jrmc2cxd,R,,,Roughly traced,
4617,524795,35,11,4.0636011633509614e-05,FB4F_b,FB4F_b_R,CX,,cb_intrinsic,11994,FB4F,FB4F_b,,VFB_jrmc304k,R,CG,,Roughly traced,
4618,525777,35,22,4.0636011633509614e-05,SMP165,SMP165_R,,,cb_intrinsic,,SMP165,SMP165,,VFB_jrmc1d60,R,,,Roughly traced,
4619,530033,35,8,4.0636011633509614e-05,FB2E,FB2E_L,CX,,cb_intrinsic,10396,CB.FB2E8,FB2E,,VFB_jrmc3014,L,,,Roughly traced,
4620,547586,35,19,4.0636011633509614e-05,KCab-c,KCab-c_R,Kenyon_Cell,,cb_intrinsic,11862,KCab,"KCab-m,KCab-c,KCab-s",,VFB_jrmc2ipk,R,,,Prelim Roughly traced,
4621,550557,35,21,4.0636011633509614e-05,KCab-c,KCab-c_L,Kenyon_Cell,,cb_intrinsic,11862,KCab,"KCab-m,KCab-c,KCab-s",,VFB_jrmc2isk,L,,,Roughly traced,
4622,580579,35,26,4.0636011633509614e-05,PAM03,PAM03(B2B'2a)_R,DAN,,cb_intrinsic,92324,PAM03,PAM03,,VFB_jrmc1prx,R,,,Roughly traced,
4623,10031,34,6,3.9474982729695053e-05,AOTU041,AOTU041_R,,,cb_intrinsic,,AOTU041,AOTU041,,VFB_jrmc3hm6,R,,,Roughly traced,
4624,10061,34,4,3.9474982729695053e-05,DCH,DCH_L,,,visual_centrifugal,,DCH,DCH,,VFB_jrmc37id,L,,,Roughly traced,
4625,10158,34,7,3.9474982729695053e-05,LT56,LT56_L,,,visual_centrifugal,,LT56,LT56,,VFB_jrmc24ty,L,,,Prelim Roughly traced,
4626,10486,34,9,3.9474982729695053e-05,LHPV10b1,LHPV10b1_R,,,cb_intrinsic,10486,LHPV10b1,LHPV10b1,,VFB_jrmc222p,R,,,Roughly traced,
4627,11233,34,11,3.9474982729695053e-05,DNa11,DNa11(VES008)_R,,xl,descending_neuron,10360,DNa11,VES008,DNa11,VFB_jrmc37mh,R,,,Prelim Roughly traced,
4628,11535,34,6,3.9474982729695053e-05,AVLP749m,AVLP749m_L,,,cb_intrinsic,11535,,,,VFB_jrmc3jdn,L,,,Roughly traced,
4629,11682,34,12,3.9474982729695053e-05,LHCENT10,LHCENT10_R,,,cb_intrinsic,,LHCENT10,LHCENT10,,VFB_jrmc21wu,R,,,Roughly traced,
4630,11874,34,10,3.9474982729695053e-05,EPG,EPG(PB08)_L7,CX,,cb_intrinsic,10539,EPG,EPG,,VFB_jrmc2zpu,L,,,Roughly traced,
4631,12311,34,12,3.9474982729695053e-05,FB5D,FB5D_R,CX,,cb_intrinsic,12311,"FB5D,FB5E",FB5D,,VFB_jrmc3079,R,,,Prelim Roughly traced,
4632,12323,34,9,3.9474982729695053e-05,PVLP115,PVLP115_R,,,cb_intrinsic,,PVLP115,PVLP115,,VFB_jrmc1kgg,R,,,Roughly traced,
4633,12396,34,3,3.9474982729695053e-05,AVLP533,AVLP533_R,,,cb_intrinsic,,AVLP533,AVLP533,,VFB_jrmc3j28,R,,,Roughly traced,
4634,12731,34,9,3.9474982729695053e-05,AVLP251,AVLP251_R,,,cb_intrinsic,,AVLP251,AVLP251,,VFB_jrmc3ieh,R,,,Roughly traced,
4635,12979,34,6,3.9474982729695053e-05,LT75,LT75_R,,,visual_projection,,LT75,LT75,,VFB_jrmc24vf,R,,,Roughly traced,
4636,13173,34,24,3.9474982729695053e-05,KCab-c,KCab-c_R,Kenyon_Cell,,cb_intrinsic,11862,KCab,"KCab-m,KCab-c,KCab-s",,VFB_jrmc2iw9,R,,,Roughly traced,
4637,13425,34,8,3.9474982729695053e-05,VES010,VES010_R,,,cb_intrinsic,13345,VES010,VES010,,VFB_jrmc0751,R,,,Roughly traced,
4638,13737,34,7,3.9474982729695053e-05,CRE077,CRE077_R,,,cb_intrinsic,12985,CRE077,CRE077,,VFB_jrmc34xi,R,,,Roughly traced,
4639,13892,34,9,3.9474982729695053e-05,PFR_b,PFR_b(PB11b)_R1_C1_irreg,CX,,cb_intrinsic,13892,PFR_b,PFR_b,,VFB_jrmc1ikj,R,,,Roughly traced,
4640,14036,34,4,3.9474982729695053e-05,AVLP488,AVLP488_R,,,cb_intrinsic,,AVLP488,AVLP488,,VFB_jrmc3iyw,R,,,Roughly traced,
4641,14551,34,5,3.9474982729695053e-05,AVLP435_b,AVLP435_b_R,,,cb_intrinsic,,AVLP435b,AVLP435,,VFB_jrmc3itw,R,,,Roughly traced,
4642,15789,34,8,3.9474982729695053e-05,LAL002,LAL002_L,,,cb_intrinsic,,LAL002,LAL002,,VFB_jrmc2clh,L,,,Roughly traced,
4643,16280,34,8,3.9474982729695053e-05,AVLP155_b,AVLP155_b_R,,,cb_intrinsic,11224,CB1758,AVLP155,,VFB_jrmc3i60,R,,,Roughly traced,
4644,17419,34,4,3.9474982729695053e-05,ER6,ER6_R,CX,,cb_intrinsic,14464,ER6,ER6,,VFB_jrmc2zyp,R,,,Roughly traced,
4645,17909,34,6,3.9474982729695053e-05,ATL026,ATL026_L,,,cb_intrinsic,15149,ATL026,ATL026,,VFB_jrmc3hrc,L,,,Roughly traced,
4646,18573,34,4,3.9474982729695053e-05,AVLP308,AVLP308_R,,,cb_intrinsic,10657,AVLP308,AVLP308,,VFB_jrmc3ik9,R,,,Prelim Roughly traced,
4647,18779,34,10,3.9474982729695053e-05,PEN_a(PEN1),PEN_a(PB06a)_R8,CX,,cb_intrinsic,,PEN_a(PEN1),PEN_a(PEN1),,VFB_jrmc1i32,R,,,Roughly traced,
4648,19042,34,5,3.9474982729695053e-05,PVLP099,PVLP099_R,,,cb_intrinsic,13705,PVLP099,PVLP099,,VFB_jrmc1keb,R,,,Roughly traced,
4649,20404,34,4,3.9474982729695053e-05,ER4d,ER4d_L,CX,,cb_intrinsic,13094,ER4d,ER4d,,VFB_jrmc2zx4,L,,,Prelim Roughly traced,
4650,20560,34,5,3.9474982729695053e-05,AVLP552,AVLP552_R,,,cb_intrinsic,18925,"CB3859,CB3861",AVLP552,,VFB_jrmc3j4o,R,,,Prelim Roughly traced,
4651,20818,34,11,3.9474982729695053e-05,PEN_a(PEN1),PEN_a(PB06a)_L9,CX,,cb_intrinsic,,PEN_a(PEN1),PEN_a(PEN1),,VFB_jrmc1i2o,L,,,Roughly traced,
4652,20980,34,4,3.9474982729695053e-05,ER4d,ER4d_R,CX,,cb_intrinsic,13094,ER4d,ER4d,,VFB_jrmc2zxe,R,,,Prelim Roughly traced,
4653,22870,34,21,3.9474982729695053e-05,CRE105,CRE105_L,,,cb_intrinsic,22870,CRE105,CRE105,,VFB_jrmc3505,L,,,Roughly traced,
4654,23080,34,4,3.9474982729695053e-05,ER4d,ER4d_R,CX,,cb_intrinsic,13094,ER4d,ER4d,,VFB_jrmc2zxg,R,,,Prelim Roughly traced,
4655,23112,34,5,3.9474982729695053e-05,PVLP074,PVLP074_R,,,cb_intrinsic,12427,PVLP074b,PVLP074,,VFB_jrmc1kbm,R,,,Roughly traced,
4656,24202,34,5,3.9474982729695053e-05,PVLP148,PVLP148_R,,,cb_intrinsic,,PVLP148,PVLP148,,VFB_jrmc1kjb,R,,,Roughly traced,
4657,28266,34,11,3.9474982729695053e-05,CRE028,CRE028_L,,,cb_intrinsic,25975,CB1064,CRE028,,VFB_jrmc34t7,L,,,Roughly traced,
4658,32432,34,15,3.9474982729695053e-05,hDeltaC,hDeltaC_13_C11,CX,,cb_intrinsic,11512,hDeltaC,hDeltaC,,VFB_jrmc02j6,L,,,Prelim Roughly traced,
4659,34900,34,17,3.9474982729695053e-05,LCNOp,LCNOp_L,CX,,cb_intrinsic,34900,LCNOp,LCNOp,,VFB_jrmc28sk,L,CG,,Roughly traced,
4660,35129,34,6,3.9474982729695053e-05,FB2F_a,FB2F_a_R,CX,,cb_intrinsic,10396,CB4171,FB2F_a,,VFB_jrmc301a,R,,,Roughly traced,
4661,46508,34,5,3.9474982729695053e-05,AVLP715m,AVLP715m_L,,,cb_intrinsic,11286,,,,VFB_jrmc3j9v,L,CG,,Roughly traced,
4662,47850,34,13,3.9474982729695053e-05,FB5D,FB5D_L,CX,,cb_intrinsic,12311,"FB5D,FB5E",FB5D,,VFB_jrmc3077,L,,,Roughly traced,
4663,48583,34,10,3.9474982729695053e-05,FC3_a,FC3_a_C7_R,CX,,cb_intrinsic,23643,FC3,FC3,,VFB_jrmc2sw8,R,,,Roughly traced,
4664,49365,34,21,3.9474982729695053e-05,KCab-s,KCab-s_R,Kenyon_Cell,,cb_intrinsic,11862,KCab,"KCab-m,KCab-c,KCab-s",,VFB_jrmc2jjh,R,,,Roughly traced,
4665,50659,34,21,3.9474982729695053e-05,KCab-c,KCab-c_R,Kenyon_Cell,,cb_intrinsic,11862,KCab,"KCab-m,KCab-c,KCab-s",,VFB_jrmc2inv,R,,,Roughly traced,
4666,66891,34,15,3.9474982729695053e-05,KCab-s,KCab-s_R,Kenyon_Cell,,cb_intrinsic,11862,KCab,"KCab-m,KCab-c,KCab-s",,VFB_jrmc2jjt,R,,,Roughly traced,
4667,69518,34,22,3.9474982729695053e-05,KCab-c,KCab-c_R,Kenyon_Cell,,cb_intrinsic,11862,KCab,"KCab-m,KCab-c,KCab-s",,VFB_jrmc2ipl,R,,,Roughly traced,
4668,69651,34,23,3.9474982729695053e-05,KCab-s,KCab-s_L,Kenyon_Cell,,cb_intrinsic,11862,KCab,"KCab-m,KCab-c,KCab-s",,VFB_jrmc2jne,L,,,Roughly traced,
4669,69713,34,20,3.9474982729695053e-05,KCab-m,KCab-m_L,Kenyon_Cell,,cb_intrinsic,11862,KCab,"KCab-m,KCab-c,KCab-s",,VFB_jrmc2j4v,L,,,Roughly traced,
4670,70211,34,25,3.9474982729695053e-05,KCab-m,KCab-m_L,Kenyon_Cell,,cb_intrinsic,11862,KCab,"KCab-m,KCab-c,KCab-s",,VFB_jrmc2iza,L,,,Roughly traced,
4671,70378,34,21,3.9474982729695053e-05,KCab-s,KCab-s_R,Kenyon_Cell,,cb_intrinsic,11862,KCab,"KCab-m,KCab-c,KCab-s",,VFB_jrmc2jz7,R,,,Roughly traced,
4672,73191,34,23,3.9474982729695053e-05,KCab-s,KCab-s_R,Kenyon_Cell,,cb_intrinsic,11862,KCab,"KCab-m,KCab-c,KCab-s",,VFB_jrmc2jre,R,,,Roughly traced,
4673,74869,34,19,3.9474982729695053e-05,KCab-s,KCab-s_R,Kenyon_Cell,,cb_intrinsic,11862,KCab,"KCab-m,KCab-c,KCab-s",,VFB_jrmc2jka,R,,,Prelim Roughly traced,
4674,75997,34,22,3.9474982729695053e-05,KCab-s,KCab-s_R,Kenyon_Cell,,cb_intrinsic,11862,KCab,"KCab-m,KCab-c,KCab-s",,VFB_jrmc2jxn,R,,,Roughly traced,
4675,76566,34,24,3.9474982729695053e-05,KCab-m,KCab-m_L,Kenyon_Cell,,cb_intrinsic,11862,KCab,"KCab-m,KCab-c,KCab-s",,VFB_jrmc2izi,L,,,Roughly traced,
4676,76605,34,21,3.9474982729695053e-05,KCab-m,KCab-m_L,Kenyon_Cell,,cb_intrinsic,11862,KCab,"KCab-m,KCab-c,KCab-s",,VFB_jrmc2izj,L,,,Roughly traced,
4677,79203,34,18,3.9474982729695053e-05,KCab-c,KCab-c_R,Kenyon_Cell,,cb_intrinsic,11862,KCab,"KCab-m,KCab-c,KCab-s",,VFB_jrmc2ioe,R,,,Roughly traced,
4678,79877,34,17,3.9474982729695053e-05,KCab-c,KCab-c_R,Kenyon_Cell,,cb_intrinsic,11862,KCab,"KCab-m,KCab-c,KCab-s",,VFB_jrmc2itu,R,,,Roughly traced,
4679,80009,34,21,3.9474982729695053e-05,KCab-c,KCab-c_R,Kenyon_Cell,,cb_intrinsic,11862,KCab,"KCab-m,KCab-c,KCab-s",,VFB_jrmc2iol,R,,,Roughly traced,
4680,84334,34,23,3.9474982729695053e-05,KCab-s,KCab-s_R,Kenyon_Cell,,cb_intrinsic,11862,KCab,"KCab-m,KCab-c,KCab-s",,VFB_jrmc2jsu,R,,,Roughly traced,
4681,85017,34,22,3.9474982729695053e-05,KCab-c,KCab-c_R,Kenyon_Cell,,cb_intrinsic,11862,KCab,"KCab-m,KCab-c,KCab-s",,VFB_jrmc2itz,R,,,Roughly traced,
4682,85110,34,20,3.9474982729695053e-05,KCab-s,KCab-s_R,Kenyon_Cell,,cb_intrinsic,11862,KCab,"KCab-m,KCab-c,KCab-s",,VFB_jrmc2jp7,R,,,Roughly traced,
4683,85342,34,25,3.9474982729695053e-05,KCab-s,KCab-s_R,Kenyon_Cell,,cb_intrinsic,11862,KCab,"KCab-m,KCab-c,KCab-s",,VFB_jrmc2jkv,R,,,Roughly traced,
4684,86528,34,16,3.9474982729695053e-05,KCab-m,KCab-m_R,Kenyon_Cell,,cb_intrinsic,11862,KCab,"KCab-m,KCab-c,KCab-s",,VFB_jrmc2ja2,R,,,Roughly traced,
4685,86768,34,24,3.9474982729695053e-05,KCab-s,KCab-s_R,Kenyon_Cell,,cb_intrinsic,11862,KCab,"KCab-m,KCab-c,KCab-s",,VFB_jrmc2jp9,R,,,Roughly traced,
4686,87177,34,19,3.9474982729695053e-05,PAM08,PAM08(y4)_L,DAN,,cb_intrinsic,49043,PAM08,PAM08,,VFB_jrmc1put,L,,,Prelim Roughly traced,
4687,91287,34,20,3.9474982729695053e-05,KCab-c,KCab-c_L,Kenyon_Cell,,cb_intrinsic,11862,KCab,"KCab-m,KCab-c,KCab-s",,VFB_jrmc2ipy,L,,,Roughly traced,
4688,92563,34,19,3.9474982729695053e-05,KCab-m,KCab-m_R,Kenyon_Cell,,cb_intrinsic,11862,KCab,"KCab-m,KCab-c,KCab-s",,VFB_jrmc2j95,R,,,Roughly traced,
4689,96263,34,19,3.9474982729695053e-05,KCab-s,KCab-s_L,Kenyon_Cell,,cb_intrinsic,11862,KCab,"KCab-m,KCab-c,KCab-s",,VFB_jrmc2jnl,L,,,Roughly traced,
4690,100237,34,18,3.9474982729695053e-05,KCab-c,KCab-c_L,Kenyon_Cell,,cb_intrinsic,11862,KCab,"KCab-m,KCab-c,KCab-s",,VFB_jrmc2im0,L,,,Roughly traced,
4691,100294,34,2,3.9474982729695053e-05,LAL150,LAL150_R,,,cb_intrinsic,21400,LAL150a,LAL150,,VFB_jrmc2cyr,R,,,Roughly traced,
4692,100586,34,8,3.9474982729695053e-05,FB4A_a,FB4A_a_L,CX,,cb_intrinsic,11994,FB4A,FB4A,,VFB_jrmc303p,L,CG,,Prelim Roughly traced,
4693,100885,34,20,3.9474982729695053e-05,KCab-c,KCab-c_L,Kenyon_Cell,,cb_intrinsic,11862,KCab,"KCab-m,KCab-c,KCab-s",,VFB_jrmc2im2,L,,,Roughly traced,
4694,101981,34,25,3.9474982729695053e-05,KCab-m,KCab-m_L,Kenyon_Cell,,cb_intrinsic,11862,KCab,"KCab-m,KCab-c,KCab-s",,VFB_jrmc2j00,L,,,Roughly traced,
4695,102587,34,19,3.9474982729695053e-05,KCab-s,KCab-s_R,Kenyon_Cell,,cb_intrinsic,11862,KCab,"KCab-m,KCab-c,KCab-s",,VFB_jrmc2jlx,R,,,Roughly traced,
4696,104846,34,23,3.9474982729695053e-05,KCab-s,KCab-s_R,Kenyon_Cell,,cb_intrinsic,11862,KCab,"KCab-m,KCab-c,KCab-s",,VFB_jrmc2js3,R,,,Roughly traced,
4697,107840,34,20,3.9474982729695053e-05,KCab-m,KCab-m_R,Kenyon_Cell,,cb_intrinsic,11862,KCab,"KCab-m,KCab-c,KCab-s",,VFB_jrmc2j3n,R,,,Roughly traced,
4698,109862,34,21,3.9474982729695053e-05,KCab-s,KCab-s_R,Kenyon_Cell,,cb_intrinsic,11862,KCab,"KCab-m,KCab-c,KCab-s",,VFB_jrmc2jt4,R,,,Roughly traced,
4699,115267,34,23,3.9474982729695053e-05,KCab-s,KCab-s_R,Kenyon_Cell,,cb_intrinsic,11862,KCab,"KCab-m,KCab-c,KCab-s",,VFB_jrmc2jiw,R,,,Roughly traced,
4700,117243,34,22,3.9474982729695053e-05,KCab-s,KCab-s_R,Kenyon_Cell,,cb_intrinsic,11862,KCab,"KCab-m,KCab-c,KCab-s",,VFB_jrmc2jm7,R,,,Roughly traced,
4701,117777,34,21,3.9474982729695053e-05,KCab-s,KCab-s_R,Kenyon_Cell,,cb_intrinsic,11862,KCab,"KCab-m,KCab-c,KCab-s",,VFB_jrmc2jq1,R,,,Roughly traced,
4702,119532,34,24,3.9474982729695053e-05,KCab-s,KCab-s_L,Kenyon_Cell,,cb_intrinsic,11862,KCab,"KCab-m,KCab-c,KCab-s",,VFB_jrmc2jux,L,,,Roughly traced,
4703,121665,34,18,3.9474982729695053e-05,KCab-m,KCab-m_L,Kenyon_Cell,,cb_intrinsic,11862,KCab,"KCab-m,KCab-c,KCab-s",,VFB_jrmc2j75,L,,,Roughly traced,
4704,123939,34,18,3.9474982729695053e-05,KCab-m,KCab-m_L,Kenyon_Cell,,cb_intrinsic,11862,KCab,"KCab-m,KCab-c,KCab-s",,VFB_jrmc2j0x,L,,,Roughly traced,
4705,126057,34,24,3.9474982729695053e-05,KCab-m,KCab-m_L,Kenyon_Cell,,cb_intrinsic,11862,KCab,"KCab-m,KCab-c,KCab-s",,VFB_jrmc2j79,L,,,Roughly traced,
4706,131212,34,22,3.9474982729695053e-05,KCab-m,KCab-m_L,Kenyon_Cell,,cb_intrinsic,11862,KCab,"KCab-m,KCab-c,KCab-s",,VFB_jrmc2j7e,L,,,Roughly traced,
4707,131419,34,29,3.9474982729695053e-05,PAM06,PAM06(B'2m)_R,DAN,,cb_intrinsic,72601,PAM06,PAM06,,VFB_jrmc1ptn,R,,,Roughly traced,
4708,131765,34,23,3.9474982729695053e-05,KCab-c,KCab-c_L,Kenyon_Cell,,cb_intrinsic,11862,KCab,"KCab-m,KCab-c,KCab-s",,VFB_jrmc2it2,L,,,Roughly traced,
4709,134271,34,21,3.9474982729695053e-05,KCab-c,KCab-c_L,Kenyon_Cell,,cb_intrinsic,11862,KCab,"KCab-m,KCab-c,KCab-s",,VFB_jrmc2iqr,L,,,Roughly traced,
4710,134769,34,28,3.9474982729695053e-05,PAM06,PAM06(B'2m)_R,DAN,,cb_intrinsic,92324,PAM06,PAM06,,VFB_jrmc1pu3,R,,,Roughly traced,
4711,141914,34,19,3.9474982729695053e-05,KCab-m,KCab-m_L,Kenyon_Cell,,cb_intrinsic,11862,KCab,"KCab-m,KCab-c,KCab-s",,VFB_jrmc2j7p,L,,,Roughly traced,
4712,142795,34,25,3.9474982729695053e-05,KCab-m,KCab-m_R,Kenyon_Cell,,cb_intrinsic,11862,KCab,"KCab-m,KCab-c,KCab-s",,VFB_jrmc2jca,R,,,Prelim Roughly traced,
4713,148213,34,18,3.9474982729695053e-05,KCab-c,KCab-c_R,Kenyon_Cell,,cb_intrinsic,11862,KCab,"KCab-m,KCab-c,KCab-s",,VFB_jrmc2iyr,R,,,Prelim Roughly traced,
4714,152019,34,18,3.9474982729695053e-05,PAM08,PAM08(y4)_R,DAN,,cb_intrinsic,47196,PAM08,PAM08,,VFB_jrmc1pvg,R,,,Prelim Roughly traced,
4715,152601,34,20,3.9474982729695053e-05,KCab-m,KCab-m_R,Kenyon_Cell,,cb_intrinsic,11862,KCab,"KCab-m,KCab-c,KCab-s",,VFB_jrmc2jcc,R,,,Prelim Roughly traced,
4716,152997,34,24,3.9474982729695053e-05,PAM05,PAM05(B'2p)_L,DAN,,cb_intrinsic,72601,PAM05,PAM05,,VFB_jrmc1ptd,L,,,Roughly traced,
4717,154495,34,21,3.9474982729695053e-05,KCab-m,KCab-m_L,Kenyon_Cell,,cb_intrinsic,11862,KCab,"KCab-m,KCab-c,KCab-s",,VFB_jrmc2j7q,L,,,Roughly traced,
4718,155692,34,19,3.9474982729695053e-05,KCab-s,KCab-s_R,Kenyon_Cell,,cb_intrinsic,11862,KCab,"KCab-m,KCab-c,KCab-s",,VFB_jrmc2jq6,R,,,Prelim Roughly traced,
4719,160563,34,21,3.9474982729695053e-05,KCab-c,KCab-c_L,Kenyon_Cell,,cb_intrinsic,11862,KCab,"KCab-m,KCab-c,KCab-s",,VFB_jrmc2irc,L,,,Roughly traced,
4720,166533,34,17,3.9474982729695053e-05,KCab-c,KCab-c_L,Kenyon_Cell,,cb_intrinsic,11862,KCab,"KCab-m,KCab-c,KCab-s",,VFB_jrmc2irk,L,,,Roughly traced,
4721,166876,34,18,3.9474982729695053e-05,KCab-m,KCab-m_L,Kenyon_Cell,,cb_intrinsic,11862,KCab,"KCab-m,KCab-c,KCab-s",,VFB_jrmc2jcm,L,,,Roughly traced,
4722,170040,34,26,3.9474982729695053e-05,KCab-s,KCab-s_R,Kenyon_Cell,,cb_intrinsic,11862,KCab,"KCab-m,KCab-c,KCab-s",,VFB_jrmc2jtb,R,,,Prelim Roughly traced,
4723,172224,34,25,3.9474982729695053e-05,KCab-c,KCab-c_L,Kenyon_Cell,,cb_intrinsic,11862,KCab,"KCab-m,KCab-c,KCab-s",,VFB_jrmc2ina,L,,,Roughly traced,
4724,174185,34,23,3.9474982729695053e-05,KCab-m,KCab-m_L,Kenyon_Cell,,cb_intrinsic,11862,KCab,"KCab-m,KCab-c,KCab-s",,VFB_jrmc2j1x,L,,,Roughly traced,
4725,178189,34,22,3.9474982729695053e-05,KCab-m,KCab-m_L,Kenyon_Cell,,cb_intrinsic,11862,KCab,"KCab-m,KCab-c,KCab-s",,VFB_jrmc2jce,L,,,Roughly traced,
4726,188114,34,23,3.9474982729695053e-05,KCab-m,KCab-m_L,Kenyon_Cell,,cb_intrinsic,11862,KCab,"KCab-m,KCab-c,KCab-s",,VFB_jrmc2j23,L,,,Roughly traced,
4727,201756,34,23,3.9474982729695053e-05,KCab-s,KCab-s_L,Kenyon_Cell,,cb_intrinsic,11862,KCab,"KCab-m,KCab-c,KCab-s",,VFB_jrmc2jr6,L,,,Roughly traced,
4728,217737,34,23,3.9474982729695053e-05,PAM14,PAM14(B'1m)_L,DAN,,cb_intrinsic,115868,PAM14,PAM14,,VFB_jrmc1i1m,L,,,Roughly traced,
4729,239873,34,18,3.9474982729695053e-05,PAM04,PAM04(B2)_L,DAN,,cb_intrinsic,144678,PAM04,PAM04,,VFB_jrmc1pst,L,,,Roughly traced,
4730,261849,34,19,3.9474982729695053e-05,KCab-m,KCab-m_R,Kenyon_Cell,,cb_intrinsic,11862,KCab,"KCab-m,KCab-c,KCab-s",,VFB_jrmc2j4q,R,,,Prelim Roughly traced,
4731,512927,34,10,3.9474982729695053e-05,PEN_a(PEN1),PEN_a(PB06a)_R2,CX,,cb_intrinsic,,PEN_a(PEN1),PEN_a(PEN1),,VFB_jrmc1i2y,R,,,Roughly traced,
4732,513032,34,11,3.9474982729695053e-05,PFL3,PFL3(PB12c)_L5_C7,CX,,cb_intrinsic,11557,PFL3,PFL3,,VFB_jrmc1i5h,L,,,Roughly traced,
4733,516044,34,25,3.9474982729695053e-05,PAM04,PAM04(B2)_R,DAN,,cb_intrinsic,37845,PAM04,PAM04,,VFB_jrmc1ps8,R,,,Roughly traced,
4734,518606,34,8,3.9474982729695053e-05,FC2A,FC2A_C8_L,CX,,cb_intrinsic,23643,FC2A,FC2A,,VFB_jrmc2sts,L,,,Roughly traced,
4735,518959,34,19,3.9474982729695053e-05,KCab-s,KCab-s_R,Kenyon_Cell,,cb_intrinsic,11862,KCab,"KCab-m,KCab-c,KCab-s",,VFB_jrmc2jja,R,,,Prelim Roughly traced,
4736,519328,34,9,3.9474982729695053e-05,EPG,EPG(PB08)_L3,CX,,cb_intrinsic,10539,EPG,EPG,,VFB_jrmc2zqj,L,,,Roughly traced,
4737,520337,34,14,3.9474982729695053e-05,CRE074,CRE074_L,,,cb_intrinsic,,CRE074,CRE074,,VFB_jrmc34xb,L,,,Roughly traced,
4738,520384,34,11,3.9474982729695053e-05,PAM12,PAM12(y3)_R,DAN,,cb_intrinsic,61360,PAM12,PAM12,,VFB_jrmc1pxa,R,,,Roughly traced,
4739,520516,34,5,3.9474982729695053e-05,PVLP080_a,PVLP080_a_L,,,cb_intrinsic,11313,PVLP080a,PVLP080,,VFB_jrmc1kbx,L,,,Roughly traced,
4740,520818,34,9,3.9474982729695053e-05,EPG,EPG(PB08)_L4,CX,,cb_intrinsic,10539,EPG,EPG,,VFB_jrmc2zqs,L,,,Roughly traced,
4741,521587,34,8,3.9474982729695053e-05,CRE043_c2,CRE043_c2_L,,,cb_intrinsic,25004,CRE043b,CRE043_c,,VFB_jrmc34u9,L,,,Roughly traced,
4742,522745,34,4,3.9474982729695053e-05,ER2_c,ER2_c_L,CX,,cb_intrinsic,11933,ER2,ER2_c,,VFB_jrmc2zsh,L,,,Roughly traced,
4743,523772,34,4,3.9474982729695053e-05,LAL016,LAL016_L,,,cb_intrinsic,,LAL016,LAL016,,VFB_jrmc2cmd,L,,,Roughly traced,
4744,531862,34,8,3.9474982729695053e-05,LT41,LT41_L,,,visual_centrifugal,10345,LT41,LT41,,VFB_jrmc24rw,L,,,Prelim Roughly traced,
4745,532704,34,9,3.9474982729695053e-05,FC2A,FC2A_C1_R,CX,,cb_intrinsic,23643,FC2A,FC2A,,VFB_jrmc2stx,R,,,Roughly traced,
4746,556700,34,6,3.9474982729695053e-05,vDeltaI_b,vDeltaI_b_C9,CX,,cb_intrinsic,11512,vDeltaI_b,vDeltaI,,VFB_jrmc03b3,R,,,Roughly traced,
4747,909818,34,27,3.9474982729695053e-05,PAM03,PAM03(B2B'2a)_R,DAN,,cb_intrinsic,72601,PAM03,PAM03,,VFB_jrmc1prw,R,,,Roughly traced,
4748,10406,33,10,3.831395382588049e-05,AOTU012,AOTU012_R,,,cb_intrinsic,,AOTU012,AOTU012,,VFB_jrmc3hj5,R,,,Roughly traced,
4749,10635,33,13,3.831395382588049e-05,CRE021,CRE021_R,,,cb_intrinsic,,CRE021,CRE021,,VFB_jrmc34so,R,,,Roughly traced,
4750,10871,33,10,3.831395382588049e-05,SLP130,SLP130_L,,,cb_intrinsic,,SLP130,SLP130,,VFB_jrmc1c2t,L,,,Roughly traced,
4751,10916,33,16,3.831395382588049e-05,CRE021,CRE021_L,,,cb_intrinsic,,CRE021,CRE021,,VFB_jrmc34sp,L,,,Roughly traced,
4752,10995,33,9,3.831395382588049e-05,PVLP120,PVLP120_R,,,cb_intrinsic,,PVLP120,PVLP120,,VFB_jrmc1kgm,R,,,Roughly traced,
4753,11112,33,9,3.831395382588049e-05,LHCENT9,LHCENT9_L,,,cb_intrinsic,,LHCENT9,LHCENT9,,VFB_jrmc21xw,L,,,Roughly traced,
4754,11126,33,14,3.831395382588049e-05,SAD010,SAD010_L,,,cb_intrinsic,,SAD010,SAD010,,VFB_jrmc1au1,L,,,Prelim Roughly traced,
4755,11133,33,12,3.831395382588049e-05,DNp70,DNp70(CL305)_R,,xn,descending_neuron,10580,DNp70,CL305,DNp70,VFB_jrmc30r8,R,CG,,Prelim Roughly traced,
4756,11224,33,7,3.831395382588049e-05,AVLP154,AVLP154_R,,,cb_intrinsic,11224,AVLP154,AVLP154,,VFB_jrmc3i5w,R,,,Roughly traced,
4757,11719,33,7,3.831395382588049e-05,PLP256,PLP256(hb1221457679)_R,,,cb_intrinsic,,CB0143,(hb1221457679),,VFB_jrmc1j52,R,,,Roughly traced,
4758,11854,33,10,3.831395382588049e-05,AVLP717m,AVLP717m_R,,,cb_intrinsic,11286,,,,VFB_jrmc3ja2,R,CG,,Roughly traced,
4759,11937,33,6,3.831395382588049e-05,AVLP077,AVLP077_L,,,cb_intrinsic,,AVLP077,AVLP077,,VFB_jrmc3hzt,L,,,Roughly traced,
4760,12189,33,7,3.831395382588049e-05,DNb08,DNb08(VES083)_L,,xl,descending_neuron,,DNb08,VES083,DNb08,VFB_jrmc37nw,L,,,Prelim Roughly traced,
4761,12404,33,3,3.831395382588049e-05,AVLP099,AVLP099_L,,,cb_intrinsic,12404,AVLP099,AVLP099,,VFB_jrmc3i13,L,CG,,Prelim Roughly traced,
4762,12442,33,2,3.831395382588049e-05,pC1_4a,pC1_4a_L,,,cb_intrinsic,12442,,,,VFB_jrmc1pox,L,,,Roughly traced,
4763,12519,33,4,3.831395382588049e-05,AVLP023,AVLP023_R,,,cb_intrinsic,,AVLP023,AVLP023,,VFB_jrmc3hu6,R,,,Roughly traced,
4764,12547,33,3,3.831395382588049e-05,AVLP085,AVLP085_R,,,cb_intrinsic,,AVLP085,AVLP085,,VFB_jrmc3i08,R,,,Roughly traced,
4765,12773,33,8,3.831395382588049e-05,AVLP316,AVLP316_L,,,cb_intrinsic,11320,AVLP316,AVLP316,,VFB_jrmc3ill,L,,,Roughly traced,
4766,13637,33,21,3.831395382588049e-05,GNG322,GNG322(hb579425252)_L,,,cb_intrinsic,12721,CB0546,(hb579425252),,VFB_jrmc2tsq,L,TC,,Roughly traced,
4767,13831,33,16,3.831395382588049e-05,SMP744,SMP744_L,,,cb_intrinsic,,CB0272,,,VFB_jrmc16nt,L,,,Roughly traced,
4768,14479,33,4,3.831395382588049e-05,LoVP47,LoVP47_R,,,visual_projection,,LTe17,,,VFB_jrmc200z,R,,,Roughly traced,
4769,15173,33,6,3.831395382588049e-05,AVLP711m,AVLP711m_R,,,cb_intrinsic,11286,,,,VFB_jrmc3j9i,R,CG,,Roughly traced,
4770,15441,33,18,3.831395382588049e-05,LAL154,LAL154_L,,,cb_intrinsic,,LAL154,LAL154,,VFB_jrmc2cz0,L,,,Prelim Roughly traced,
4771,15669,33,8,3.831395382588049e-05,SMP504,SMP504_L,,,cb_intrinsic,15669,SMP504,SMP504,,VFB_jrmc1e1j,L,,,Roughly traced,
4772,16752,33,7,3.831395382588049e-05,AVLP111,AVLP111_R,,,cb_intrinsic,10357,"CB2547,CB3651",AVLP111,,VFB_jrmc3i2m,R,CG,,Roughly traced,
4773,16985,33,7,3.831395382588049e-05,aIPg2,aIPg2_L,,,cb_intrinsic,15464,"CB2204,CB1127",aIPg2,,VFB_jrmc0282,L,,,Roughly traced,
4774,18709,33,6,3.831395382588049e-05,aIPg6,aIPg6_R,,,cb_intrinsic,11963,"CB1618,CB3330",SMP574,,VFB_jrmc028b,R,,,Roughly traced,
4775,18803,33,13,3.831395382588049e-05,PFL3,PFL3(PB12c)_R1_C7,CX,,cb_intrinsic,11557,PFL3,PFL3,,VFB_jrmc1i5m,R,,,Roughly traced,
4776,19650,33,3,3.831395382588049e-05,pC1_3a,pC1_3a_L,,,cb_intrinsic,12442,,,,VFB_jrmc1pok,L,,,Roughly traced,
4777,19716,33,5,3.831395382588049e-05,PVLP074,PVLP074_R,,,cb_intrinsic,12427,PVLP074a,PVLP074,,VFB_jrmc1kbj,R,,,Roughly traced,
4778,19791,33,4,3.831395382588049e-05,ER4d,ER4d_L,CX,,cb_intrinsic,13094,ER4d,ER4d,,VFB_jrmc2zxn,L,,,Prelim Roughly traced,
4779,20063,33,4,3.831395382588049e-05,AVLP297,AVLP297_R,,,cb_intrinsic,10657,AVLP297,AVLP297,,VFB_jrmc3iiv,R,,,Roughly traced,
4780,20201,33,5,3.831395382588049e-05,AVLP296_b,AVLP296_b_R,,,cb_intrinsic,15187,CB3675,AVLP296,,VFB_jrmc3iin,R,,,Roughly traced,
4781,23520,33,4,3.831395382588049e-05,ER4d,ER4d_L,CX,,cb_intrinsic,13094,ER4d,ER4d,,VFB_jrmc2zx7,L,,,Prelim Roughly traced,
4782,23874,33,4,3.831395382588049e-05,ER4d,ER4d_R,CX,,cb_intrinsic,13094,ER4d,ER4d,,VFB_jrmc2zxl,R,,,Prelim Roughly traced,
4783,24076,33,4,3.831395382588049e-05,ER4d,ER4d_R,CX,,cb_intrinsic,13094,ER4d,ER4d,,VFB_jrmc2zxm,R,,,Prelim Roughly traced,
4784,25530,33,8,3.831395382588049e-05,FB2F_a,FB2F_a_R,CX,,cb_intrinsic,10396,CB4171,FB2F_a,,VFB_jrmc3018,R,,,Roughly traced,
4785,25549,33,11,3.831395382588049e-05,PFR_b,PFR_b(PB11b)_R4_C5,CX,,cb_intrinsic,13892,PFR_b,PFR_b,,VFB_jrmc1ik7,R,,,Roughly traced,
4786,29471,33,19,3.831395382588049e-05,KCab-m,KCab-m_R,Kenyon_Cell,,cb_intrinsic,11862,KCab,"KCab-m,KCab-c,KCab-s",,VFB_jrmc2j8g,R,,,Roughly traced,
4787,34801,33,6,3.831395382588049e-05,PVLP034,PVLP034_L,,,cb_intrinsic,16504,CB3652,PVLP034,,VFB_jrmc1k8o,L,,,Roughly traced,
4788,36785,33,7,3.831395382588049e-05,FB5X,FB5X_L,CX,,cb_intrinsic,12311,FB5X,FB5X,,VFB_jrmc309m,L,,,Roughly traced,
4789,39465,33,7,3.831395382588049e-05,FB5E,FB5E_L,CX,,cb_intrinsic,15929,"FB5D,FB5E",FB5E,,VFB_jrmc307b,L,,,Roughly traced,
4790,47528,33,11,3.831395382588049e-05,PFNd,PFNd(PB04)_L4_C3,CX,,cb_intrinsic,10817,PFNd,PFNd,,VFB_jrmc1i8v,L,,,Roughly traced,
4791,59818,33,18,3.831395382588049e-05,KCab-s,KCab-s_R,Kenyon_Cell,,cb_intrinsic,11862,KCab,"KCab-m,KCab-c,KCab-s",,VFB_jrmc2ji8,R,,,Roughly traced,
4792,65420,33,21,3.831395382588049e-05,KCab-c,KCab-c_R,Kenyon_Cell,,cb_intrinsic,11862,KCab,"KCab-m,KCab-c,KCab-s",,VFB_jrmc2inx,R,,,Roughly traced,
4793,65483,33,19,3.831395382588049e-05,KCab-c,KCab-c_R,Kenyon_Cell,,cb_intrinsic,11862,KCab,"KCab-m,KCab-c,KCab-s",,VFB_jrmc2ixg,R,,,Roughly traced,
4794,65708,33,21,3.831395382588049e-05,KCab-s,KCab-s_L,Kenyon_Cell,,cb_intrinsic,11862,KCab,"KCab-m,KCab-c,KCab-s",,VFB_jrmc2jwl,L,,,Roughly traced,
4795,66458,33,24,3.831395382588049e-05,KCab-s,KCab-s_L,Kenyon_Cell,,cb_intrinsic,11862,KCab,"KCab-m,KCab-c,KCab-s",,VFB_jrmc2jqn,L,,,Roughly traced,
4796,67047,33,9,3.831395382588049e-05,vDeltaG,vDeltaG_C9,CX,,cb_intrinsic,11512,"vDeltaG,vDeltaH",vDeltaG,,VFB_jrmc039l,R,,,Roughly traced,
4797,67384,33,11,3.831395382588049e-05,PLP132,PLP132_R,,,cb_intrinsic,,PLP132,PLP132,,VFB_jrmc1ixf,R,,,Roughly traced,
4798,70690,33,26,3.831395382588049e-05,KCab-m,KCab-m_L,Kenyon_Cell,,cb_intrinsic,11862,KCab,"KCab-m,KCab-c,KCab-s",,VFB_jrmc2izb,L,,,Roughly traced,
4799,74461,33,19,3.831395382588049e-05,KCab-m,KCab-m_R,Kenyon_Cell,,cb_intrinsic,11862,KCab,"KCab-m,KCab-c,KCab-s",,VFB_jrmc2j9z,R,,,Prelim Roughly traced,
4800,75789,33,10,3.831395382588049e-05,FB2C,FB2C_R,CX,,cb_intrinsic,17749,CB.FB2I2,FB2C,,VFB_jrmc300t,R,CG,,Prelim Roughly traced,
4801,76194,33,8,3.831395382588049e-05,PEN_a(PEN1),PEN_a(PB06a)_R5,CX,,cb_intrinsic,,PEN_a(PEN1),PEN_a(PEN1),,VFB_jrmc1i2x,R,,,Roughly traced,
4802,76910,33,10,3.831395382588049e-05,aIPg_m2,aIPg_m2_L,,,cb_intrinsic,10498,,,,VFB_jrmc028x,L,,,Roughly traced,
4803,78909,33,17,3.831395382588049e-05,KCab-c,KCab-c_R,Kenyon_Cell,,cb_intrinsic,11862,KCab,"KCab-m,KCab-c,KCab-s",,VFB_jrmc2iod,R,,,Roughly traced,
4804,79972,33,19,3.831395382588049e-05,KCab-m,KCab-m_R,Kenyon_Cell,,cb_intrinsic,11862,KCab,"KCab-m,KCab-c,KCab-s",,VFB_jrmc2j8r,R,,,Roughly traced,
4805,81645,33,17,3.831395382588049e-05,KCab-c,KCab-c_L,Kenyon_Cell,,cb_intrinsic,11862,KCab,"KCab-m,KCab-c,KCab-s",,VFB_jrmc2ipq,L,,,Roughly traced,
4806,83413,33,20,3.831395382588049e-05,KCab-c,KCab-c_L,Kenyon_Cell,,cb_intrinsic,11862,KCab,"KCab-m,KCab-c,KCab-s",,VFB_jrmc2iso,L,,,Roughly traced,
4807,86153,33,21,3.831395382588049e-05,KCab-c,KCab-c_R,Kenyon_Cell,,cb_intrinsic,11862,KCab,"KCab-m,KCab-c,KCab-s",,VFB_jrmc2ioq,R,,,Roughly traced,
4808,86639,33,21,3.831395382588049e-05,KCab-s,KCab-s_R,Kenyon_Cell,,cb_intrinsic,11862,KCab,"KCab-m,KCab-c,KCab-s",,VFB_jrmc2jsx,R,,,Roughly traced,
4809,88068,33,23,3.831395382588049e-05,KCab-s,KCab-s_R,Kenyon_Cell,,cb_intrinsic,11862,KCab,"KCab-m,KCab-c,KCab-s",,VFB_jrmc2jl3,R,,,Roughly traced,
4810,91391,33,11,3.831395382588049e-05,PAM12,PAM12(y3)_L,DAN,,cb_intrinsic,55210,PAM12,PAM12,,VFB_jrmc1pxi,L,,,Roughly traced,
4811,92324,33,27,3.831395382588049e-05,PAM06,PAM06(B'2m)_R,DAN,,cb_intrinsic,92324,PAM06,PAM06,,VFB_jrmc1pty,R,,,Roughly traced,
4812,95265,33,25,3.831395382588049e-05,KCab-s,KCab-s_L,Kenyon_Cell,,cb_intrinsic,11862,KCab,"KCab-m,KCab-c,KCab-s",,VFB_jrmc2jzh,L,,,Roughly traced,
4813,95367,33,22,3.831395382588049e-05,KCab-m,KCab-m_R,Kenyon_Cell,,cb_intrinsic,11862,KCab,"KCab-m,KCab-c,KCab-s",,VFB_jrmc2j98,R,,,Roughly traced,
4814,96274,33,17,3.831395382588049e-05,KCab-c,KCab-c_R,Kenyon_Cell,,cb_intrinsic,11862,KCab,"KCab-m,KCab-c,KCab-s",,VFB_jrmc2ip0,R,,,Roughly traced,
4815,97601,33,22,3.831395382588049e-05,KCab-s,KCab-s_R,Kenyon_Cell,,cb_intrinsic,11862,KCab,"KCab-m,KCab-c,KCab-s",,VFB_jrmc2jio,R,,,Roughly traced,
4816,98445,33,20,3.831395382588049e-05,KCab-m,KCab-m_L,Kenyon_Cell,,cb_intrinsic,11862,KCab,"KCab-m,KCab-c,KCab-s",,VFB_jrmc2jcg,L,,,Roughly traced,
4817,100815,33,21,3.831395382588049e-05,KCab-s,KCab-s_R,Kenyon_Cell,,cb_intrinsic,11862,KCab,"KCab-m,KCab-c,KCab-s",,VFB_jrmc2jt1,R,,,Roughly traced,
4818,101313,33,22,3.831395382588049e-05,KCab-m,KCab-m_L,Kenyon_Cell,,cb_intrinsic,11862,KCab,"KCab-m,KCab-c,KCab-s",,VFB_jrmc2izy,L,,,Roughly traced,
4819,103482,33,8,3.831395382588049e-05,FC1F,FC1F_C8_R,CX,,cb_intrinsic,27502,"FC1A,FC1B,FC1F",FC1F,,VFB_jrmc2stf,R,,,Roughly traced,
4820,104713,33,19,3.831395382588049e-05,PAM08,PAM08(y4)_R,DAN,,cb_intrinsic,47196,PAM08,PAM08,,VFB_jrmc1pvz,R,,,Prelim Roughly traced,
4821,107336,33,18,3.831395382588049e-05,KCab-m,KCab-m_R,Kenyon_Cell,,cb_intrinsic,11862,KCab,"KCab-m,KCab-c,KCab-s",,VFB_jrmc2j3l,R,,,Roughly traced,
4822,107571,33,5,3.831395382588049e-05,PFNm_b,PFNm_b_L8_C7,CX,,cb_intrinsic,14631,PFNm,PFNm_b,,VFB_jrmc1ia3,L,,,Prelim Roughly traced,
4823,110653,33,21,3.831395382588049e-05,PAM05,PAM05(B'2p)_R,DAN,,cb_intrinsic,72601,PAM05,PAM05,,VFB_jrmc1pt5,R,,,Roughly traced,
4824,111060,33,20,3.831395382588049e-05,KCab-s,KCab-s_R,Kenyon_Cell,,cb_intrinsic,11862,KCab,"KCab-m,KCab-c,KCab-s",,VFB_jrmc2jiv,R,,,Roughly traced,
4825,111640,33,18,3.831395382588049e-05,KCab-c,KCab-c_L,Kenyon_Cell,,cb_intrinsic,11862,KCab,"KCab-m,KCab-c,KCab-s",,VFB_jrmc2im7,L,,,Roughly traced,
4826,111665,33,14,3.831395382588049e-05,PAM12,PAM12(y3)_R,DAN,,cb_intrinsic,55210,PAM12,PAM12,,VFB_jrmc1pxl,R,,,Roughly traced,
4827,112683,33,20,3.831395382588049e-05,KCab-m,KCab-m_L,Kenyon_Cell,,cb_intrinsic,11862,KCab,"KCab-m,KCab-c,KCab-s",,VFB_jrmc2j0k,L,,,Roughly traced,
4828,118007,33,21,3.831395382588049e-05,KCab-m,KCab-m_L,Kenyon_Cell,,cb_intrinsic,11862,KCab,"KCab-m,KCab-c,KCab-s",,VFB_jrmc2j5g,L,,,Roughly traced,
4829,118351,33,19,3.831395382588049e-05,KCab-s,KCab-s_R,Kenyon_Cell,,cb_intrinsic,11862,KCab,"KCab-m,KCab-c,KCab-s",,VFB_jrmc2jm8,R,,,Roughly traced,
4830,119635,33,22,3.831395382588049e-05,KCab-s,KCab-s_L,Kenyon_Cell,,cb_intrinsic,11862,KCab,"KCab-m,KCab-c,KCab-s",,VFB_jrmc2jy7,L,,,Roughly traced,
4831,123107,33,19,3.831395382588049e-05,KCab-m,KCab-m_L,Kenyon_Cell,,cb_intrinsic,11862,KCab,"KCab-m,KCab-c,KCab-s",,VFB_jrmc2j0v,L,,,Roughly traced,
4832,123978,33,18,3.831395382588049e-05,KCab-c,KCab-c_L,Kenyon_Cell,,cb_intrinsic,11862,KCab,"KCab-m,KCab-c,KCab-s",,VFB_jrmc2isy,L,,,Roughly traced,
4833,124605,33,17,3.831395382588049e-05,KCab-m,KCab-m_R,Kenyon_Cell,,cb_intrinsic,11862,KCab,"KCab-m,KCab-c,KCab-s",,VFB_jrmc2ja9,R,,,Prelim Roughly traced,
4834,125080,33,19,3.831395382588049e-05,PAM04,PAM04(B2)_L,DAN,,cb_intrinsic,37845,PAM04,PAM04,,VFB_jrmc1psh,L,,,Roughly traced,
4835,126061,33,17,3.831395382588049e-05,hDeltaI,hDeltaI_05_C4,CX,,cb_intrinsic,11512,hDeltaI,hDeltaI,,VFB_jrmc02l1,R,,,Prelim Roughly traced,
4836,130531,33,19,3.831395382588049e-05,KCab-m,KCab-m_L,Kenyon_Cell,,cb_intrinsic,11862,KCab,"KCab-m,KCab-c,KCab-s",,VFB_jrmc2j7d,L,,,Roughly traced,
4837,131936,33,18,3.831395382588049e-05,KCab-m,KCab-m_L,Kenyon_Cell,,cb_intrinsic,11862,KCab,"KCab-m,KCab-c,KCab-s",,VFB_jrmc2j5n,L,,,Roughly traced,
4838,132791,33,17,3.831395382588049e-05,KCab-s,KCab-s_R,Kenyon_Cell,,cb_intrinsic,11862,KCab,"KCab-m,KCab-c,KCab-s",,VFB_jrmc2jy1,R,,,Prelim Roughly traced,
4839,133308,33,15,3.831395382588049e-05,KCab-m,KCab-m_L,Kenyon_Cell,,cb_intrinsic,11862,KCab,"KCab-m,KCab-c,KCab-s",,VFB_jrmc2j5q,L,,,Roughly traced,
4840,137299,33,9,3.831395382588049e-05,FC2A,FC2A_C5_L,CX,,cb_intrinsic,23643,FC2A,FC2A,,VFB_jrmc2str,L,,,Roughly traced,
4841,139382,33,8,3.831395382588049e-05,FB4A_a,FB4A_a_L,CX,,cb_intrinsic,11994,FB4A,FB4A,,VFB_jrmc303o,L,CG,,Prelim Roughly traced,
4842,144515,33,24,3.831395382588049e-05,KCab-s,KCab-s_R,Kenyon_Cell,,cb_intrinsic,11862,KCab,"KCab-m,KCab-c,KCab-s",,VFB_jrmc2jmi,R,,,Prelim Roughly traced,
4843,156554,33,22,3.831395382588049e-05,KCab-s,KCab-s_L,Kenyon_Cell,,cb_intrinsic,11862,KCab,"KCab-m,KCab-c,KCab-s",,VFB_jrmc2jwu,L,,,Roughly traced,
4844,157281,33,18,3.831395382588049e-05,KCab-s,KCab-s_R,Kenyon_Cell,,cb_intrinsic,11862,KCab,"KCab-m,KCab-c,KCab-s",,VFB_jrmc2jq8,R,,,Roughly traced,
4845,158169,33,22,3.831395382588049e-05,KCab-c,KCab-c_L,Kenyon_Cell,,cb_intrinsic,11862,KCab,"KCab-m,KCab-c,KCab-s",,VFB_jrmc2irb,L,,,Roughly traced,
4846,158372,33,24,3.831395382588049e-05,PAM08,PAM08(y4)_L,DAN,,cb_intrinsic,95523,PAM08,PAM08,,VFB_jrmc1puu,L,,,Prelim Roughly traced,
4847,159831,33,21,3.831395382588049e-05,PAM14,PAM14(B'1m)_L,DAN,,cb_intrinsic,115868,PAM14,PAM14,,VFB_jrmc1i1v,L,,,Roughly traced,
4848,162116,33,21,3.831395382588049e-05,PAM13,PAM13(B'1ap)_L,DAN,,cb_intrinsic,115868,PAM13,PAM13,,VFB_jrmc1py7,L,,,Roughly traced,
4849,165307,33,24,3.831395382588049e-05,KCab-s,KCab-s_R,Kenyon_Cell,,cb_intrinsic,11862,KCab,"KCab-m,KCab-c,KCab-s",,VFB_jrmc2jzl,R,,,Prelim Roughly traced,
4850,167413,33,17,3.831395382588049e-05,KCab-c,KCab-c_L,Kenyon_Cell,,cb_intrinsic,11862,KCab,"KCab-m,KCab-c,KCab-s",,VFB_jrmc2iyt,L,,,Roughly traced,
4851,173951,33,25,3.831395382588049e-05,KCab-s,KCab-s_L,Kenyon_Cell,,cb_intrinsic,11862,KCab,"KCab-m,KCab-c,KCab-s",,VFB_jrmc2jr4,L,,,Roughly traced,
4852,178234,33,12,3.831395382588049e-05,vDeltaM,vDeltaM_C8,CX,,cb_intrinsic,11512,vDeltaM,vDeltaM,,VFB_jrmc03f4,R,,,Roughly traced,
4853,179219,33,20,3.831395382588049e-05,KCab-s,KCab-s_R,Kenyon_Cell,,cb_intrinsic,11862,KCab,"KCab-m,KCab-c,KCab-s",,VFB_jrmc2jqc,R,,,Roughly traced,
4854,196985,33,21,3.831395382588049e-05,PAM05,PAM05(B'2p)_R,DAN,,cb_intrinsic,72601,PAM05,PAM05,,VFB_jrmc1ptl,R,,,Roughly traced,
4855,206851,33,15,3.831395382588049e-05,PAM12,PAM12(y3)_R,DAN,,cb_intrinsic,55210,PAM12,PAM12,,VFB_jrmc1pxk,R,,,Roughly traced,
4856,207463,33,21,3.831395382588049e-05,PAM06,PAM06(B'2m)_R,DAN,,cb_intrinsic,92324,PAM06,PAM06,,VFB_jrmc1pub,R,,,Roughly traced,
4857,214044,33,20,3.831395382588049e-05,KCab-m,KCab-m_R,Kenyon_Cell,,cb_intrinsic,11862,KCab,"KCab-m,KCab-c,KCab-s",,VFB_jrmc2j4n,R,,,Prelim Roughly traced,
4858,217007,33,24,3.831395382588049e-05,PAM06,PAM06(B'2m)_R,DAN,,cb_intrinsic,92324,PAM06,PAM06,,VFB_jrmc1ptp,R,,,Roughly traced,
4859,218356,33,18,3.831395382588049e-05,KCab-m,KCab-m_R,Kenyon_Cell,,cb_intrinsic,11862,KCab,"KCab-m,KCab-c,KCab-s",,VFB_jrmc2j4o,R,,,Prelim Roughly traced,
4860,513284,33,8,3.831395382588049e-05,EPG,EPG(PB08)_R3,CX,,cb_intrinsic,10539,EPG,EPG,,VFB_jrmc2zq6,R,,,Roughly traced,
4861,513768,33,5,3.831395382588049e-05,AVLP529,AVLP529_L,,,cb_intrinsic,22357,CB1842,AVLP529,,VFB_jrmc3j1x,L,CG,,Roughly traced,
4862,516134,33,4,3.831395382588049e-05,AVLP372,AVLP372_L,,,cb_intrinsic,11191,CB1839,AVLP372,,VFB_jrmc3ioo,L,,,Roughly traced,
4863,519720,33,7,3.831395382588049e-05,LAL184,LAL184_L,,,cb_intrinsic,,LAL184,LAL184,,VFB_jrmc2d10,L,,,Roughly traced,
4864,519944,33,5,3.831395382588049e-05,LAL124,LAL124_L,,,cb_intrinsic,,LAL124,LAL124,,VFB_jrmc2cwd,L,,,Roughly traced,
4865,521404,33,5,3.831395382588049e-05,CB0930,CB0930_R,,,cb_intrinsic,21387,CB0930,,,VFB_jrmc3fde,R,,,Roughly traced,
4866,521634,33,11,3.831395382588049e-05,PFNd,PFNd(PB04)_L2_C1,CX,,cb_intrinsic,10817,PFNd,PFNd,,VFB_jrmc1i96,L,,,Roughly traced,
4867,521687,33,16,3.831395382588049e-05,AVLP477,AVLP477_L,,,cb_intrinsic,,AVLP477,AVLP477,,VFB_jrmc3ixp,L,,,Roughly traced,
4868,522853,33,12,3.831395382588049e-05,PFL2,PFL2(PB12b)_R2_C4,CX,,cb_intrinsic,11557,PFL2,PFL2,,VFB_jrmc1i4t,R,,,Roughly traced,
4869,526085,33,10,3.831395382588049e-05,PFR_a,PFR_a(PB11a)_L3_C3,CX,,cb_intrinsic,13892,PFR_a,PFR_a,,VFB_jrmc1iji,L,,,Roughly traced,
4870,532290,33,19,3.831395382588049e-05,KCab-s,KCab-s_R,Kenyon_Cell,,cb_intrinsic,11862,KCab,"KCab-m,KCab-c,KCab-s",,VFB_jrmc2jmv,R,,,Prelim Roughly traced,
4871,550362,33,21,3.831395382588049e-05,KCab-s,KCab-s_R,Kenyon_Cell,,cb_intrinsic,11862,KCab,"KCab-m,KCab-c,KCab-s",,VFB_jrmc2jte,R,,,Prelim Roughly traced,
4872,558793,33,8,3.831395382588049e-05,AVLP053,AVLP053_L,,,cb_intrinsic,,AVLP053,AVLP053,,VFB_jrmc3hy3,L,,,Roughly traced,
4873,558869,33,13,3.831395382588049e-05,SMP146,SMP146_R,,,cb_intrinsic,,SMP146,SMP146,,VFB_jrmc1d4l,R,,,Roughly traced,
4874,563537,33,7,3.831395382588049e-05,AVLP551,AVLP551_R,,,cb_intrinsic,18925,"CB3859,CB3861",AVLP551,,VFB_jrmc3j4k,R,,,Roughly traced,
4875,10299,32,12,3.715292492206594e-05,AstA1,AstA1_R,,,cb_intrinsic,,AstA1,AstA1,,VFB_jrmc3jgz,R,,,Roughly traced,
4876,10580,32,12,3.715292492206594e-05,DNp70,DNp70(CL305)_L,,xn,descending_neuron,10580,DNp70,CL305,DNp70,VFB_jrmc30r9,L,CG,,Prelim Roughly traced,
4877,10683,32,7,3.715292492206594e-05,SLP003,SLP003_R,,,cb_intrinsic,,SLP003,SLP003,,VFB_jrmc1brp,R,,,Roughly traced,
4878,11128,32,4,3.715292492206594e-05,AVLP085,AVLP085_L,,,cb_intrinsic,,AVLP085,AVLP085,,VFB_jrmc3i07,L,,,Roughly traced,
4879,11190,32,17,3.715292492206594e-05,LHCENT4,LHCENT4_L,,,cb_intrinsic,11030,LHCENT4,LHCENT4,,VFB_jrmc21xl,L,,,Roughly traced,
4880,11290,32,7,3.715292492206594e-05,DNp66,DNp66(AVLP499)_R,,xn,descending_neuron,10810,DNp66,AVLP499,DNxn160,VFB_jrmc30r1,R,,,Roughly traced,
4881,11311,32,10,3.715292492206594e-05,CL248,CL248_R,,,cb_intrinsic,,CL248,CL248,,VFB_jrmc34iw,R,,,Roughly traced,
4882,11457,32,5,3.715292492206594e-05,LAL108,LAL108(LAL125)_L,,,cb_intrinsic,,"LAL125,LAL108",LAL108,,VFB_jrmc2cuz,L,,,Roughly traced,
4883,11477,32,9,3.715292492206594e-05,LHPV6q1,LHPV6q1_R,,,cb_intrinsic,,LHPV6q1,LHPV6q1,,VFB_jrmc22mb,R,,,Roughly traced,
4884,11549,32,5,3.715292492206594e-05,AVLP535,AVLP535_L,,,cb_intrinsic,,AVLP535,AVLP535,,VFB_jrmc3j2c,L,,,Roughly traced,
4885,11630,32,9,3.715292492206594e-05,AVLP498,AVLP498_R,,,cb_intrinsic,,AVLP498,AVLP498,,VFB_jrmc3izt,R,,,Roughly traced,
4886,11673,32,11,3.715292492206594e-05,PFL2,PFL2(PB12b)_R4_C2,CX,,cb_intrinsic,11557,PFL2,PFL2,,VFB_jrmc1i4o,R,,,Roughly traced,
4887,11691,32,15,3.715292492206594e-05,LHCENT11,LHCENT11_R,,,cb_intrinsic,,LHCENT11,LHCENT11,,VFB_jrmc21wv,R,,,Roughly traced,
4888,11798,32,11,3.715292492206594e-05,PVLP138,PVLP138_R,,,cb_intrinsic,10483,PVLP138,PVLP138,,VFB_jrmc1kis,R,CG,,Roughly traced,
4889,11878,32,6,3.715292492206594e-05,LAL183,LAL183_R,,,cb_intrinsic,,LAL183,LAL183,,VFB_jrmc2d0z,R,,,Roughly traced,
4890,12044,32,10,3.715292492206594e-05,DNb08,DNb08(VES082)_R,,xl,descending_neuron,,DNb08,VES082,DNb08,VFB_jrmc37ny,R,,,Prelim Roughly traced,
4891,12104,32,13,3.715292492206594e-05,GLNO,GLNO(LAL-NO1)_L,CX,,cb_intrinsic,12104,GLNO,GLNO,,VFB_jrmc2tae,L,CG,,Roughly traced,
4892,12297,32,6,3.715292492206594e-05,LAL169,LAL169_L,,,cb_intrinsic,,LAL169,LAL169,,VFB_jrmc2d01,L,,,Roughly traced,
4893,13521,32,6,3.715292492206594e-05,AVLP432,AVLP432_L,,,cb_intrinsic,,AVLP432,AVLP432,,VFB_jrmc3itk,L,,,Roughly traced,
4894,13807,32,11,3.715292492206594e-05,SMP157,SMP157_L,,,cb_intrinsic,13807,SMP157,SMP157,,VFB_jrmc1d5d,L,,,Roughly traced,
4895,14219,32,4,3.715292492206594e-05,AVLP749m,AVLP749m_R,,,cb_intrinsic,11535,,,,VFB_jrmc3jdk,R,,,Roughly traced,
4896,14705,32,12,3.715292492206594e-05,PPL107,PPL107_R,DAN,,cb_intrinsic,,PPL107,PPL107,,VFB_jrmc1j6a,R,,,Roughly traced,
4897,15279,32,5,3.715292492206594e-05,AVLP152,AVLP152_R,,,cb_intrinsic,15279,AVLP152,AVLP152,,VFB_jrmc3i5s,R,,,Roughly traced,
4898,18739,32,9,3.715292492206594e-05,CB1852,CB1852_L,,,cb_intrinsic,18739,CB1852,,,VFB_jrmc38xn,L,,,Prelim Roughly traced,
4899,18956,32,5,3.715292492206594e-05,LAL171,LAL171_R,,,cb_intrinsic,,"LAL171,LAL172",LAL171,,VFB_jrmc2d05,R,,,Roughly traced,
4900,18968,32,5,3.715292492206594e-05,LHAV2b2_a,LHAV2b2_a_R,,,cb_intrinsic,13095,LHAV2b2a,LHAV2b2_a,,VFB_jrmc2933,R,,,Prelim Roughly traced,
4901,19376,32,5,3.715292492206594e-05,LT52,LT52_R,,,visual_projection,11913,LT52,LT52,,VFB_jrmc24th,R,,,Roughly traced,
4902,19917,32,4,3.715292492206594e-05,ER2_c,ER2_c_R,CX,,cb_intrinsic,11933,ER2,ER2_c,,VFB_jrmc2zsl,R,,,Roughly traced,
4903,19977,32,6,3.715292492206594e-05,PVLP074,PVLP074_L,,,cb_intrinsic,12427,PVLP074b,PVLP074,,VFB_jrmc1kbg,L,,,Roughly traced,
4904,20281,32,3,3.715292492206594e-05,AVLP105,AVLP105_R,,,cb_intrinsic,12404,AVLP105a,AVLP105,,VFB_jrmc3i1z,R,CG,,Prelim Roughly traced,
4905,21369,32,5,3.715292492206594e-05,PVLP080_b,PVLP080_b_R,,,cb_intrinsic,11313,PVLP080b,PVLP080,,VFB_jrmc1kc4,R,,,Prelim Roughly traced,
4906,22419,32,11,3.715292492206594e-05,LAL192,LAL192_R,,,cb_intrinsic,,LAL192,LAL192,,VFB_jrmc2d1s,R,,,Roughly traced,
4907,22869,32,6,3.715292492206594e-05,AVLP412,AVLP412_R,,,cb_intrinsic,10083,"CB1221,CB3628",AVLP412,,VFB_jrmc3is3,R,,,Roughly traced,
4908,23698,32,4,3.715292492206594e-05,AVLP297,AVLP297_R,,,cb_intrinsic,10657,AVLP297,AVLP297,,VFB_jrmc3iir,R,,,Roughly traced,
4909,23968,32,4,3.715292492206594e-05,pC1_4a,pC1_4a_R,,,cb_intrinsic,12442,,,,VFB_jrmc1pou,R,,,Roughly traced,
4910,25975,32,18,3.715292492206594e-05,CRE027,CRE027_L,,,cb_intrinsic,25975,CRE027,CRE027,,VFB_jrmc34t1,L,,,Roughly traced,
4911,30773,32,5,3.715292492206594e-05,FB2E,FB2E_R,CX,,cb_intrinsic,10396,CB.FB2E8,FB2E,,VFB_jrmc3017,R,,,Roughly traced,
4912,33617,32,5,3.715292492206594e-05,MBON19,MBON19(a2p3p)_R,MBON,,cb_intrinsic,20835,MBON19,MBON19,,VFB_jrmc20aq,R,,,Roughly traced,
4913,38870,32,3,3.715292492206594e-05,LAL150,LAL150_L,,,cb_intrinsic,21400,LAL150a,LAL150,,VFB_jrmc2cyn,L,,,Roughly traced,
4914,53086,32,9,3.715292492206594e-05,PEN_a(PEN1),PEN_a(PB06a)_L6,CX,,cb_intrinsic,,PEN_a(PEN1),PEN_a(PEN1),,VFB_jrmc1i2w,L,,,Roughly traced,
4915,56695,32,9,3.715292492206594e-05,FB3C,FB3C_L,CX,,cb_intrinsic,13893,"FB3B,FB3C,FB3E",FB3C,,VFB_jrmc3036,L,,,Prelim Roughly traced,
4916,66137,32,19,3.715292492206594e-05,KCab-c,KCab-c_R,Kenyon_Cell,,cb_intrinsic,11862,KCab,"KCab-m,KCab-c,KCab-s",,VFB_jrmc2ium,R,,,Roughly traced,
4917,67282,32,16,3.715292492206594e-05,KCab-m,KCab-m_L,Kenyon_Cell,,cb_intrinsic,11862,KCab,"KCab-m,KCab-c,KCab-s",,VFB_jrmc2j63,L,,,Roughly traced,
4918,67654,32,20,3.715292492206594e-05,KCab-s,KCab-s_R,Kenyon_Cell,,cb_intrinsic,11862,KCab,"KCab-m,KCab-c,KCab-s",,VFB_jrmc2jtk,R,,,Roughly traced,
4919,68230,32,6,3.715292492206594e-05,CB1934,CB1934_L,,,cb_intrinsic,25053,CB1934,,,VFB_jrmc3928,L,CG,,Roughly traced,
4920,68268,32,12,3.715292492206594e-05,FB4P_a,FB4P_a_L,CX,,cb_intrinsic,12311,FB4P_a,FB4P_a,,VFB_jrmc305k,L,,,Roughly traced,
4921,70336,32,18,3.715292492206594e-05,KCab-c,KCab-c_R,Kenyon_Cell,,cb_intrinsic,11862,KCab,"KCab-m,KCab-c,KCab-s",,VFB_jrmc2iy4,R,,,Roughly traced,
4922,71088,32,19,3.715292492206594e-05,KCab-s,KCab-s_R,Kenyon_Cell,,cb_intrinsic,11862,KCab,"KCab-m,KCab-c,KCab-s",,VFB_jrmc2jyv,R,,,Roughly traced,
4923,71120,32,21,3.715292492206594e-05,KCab-s,KCab-s_R,Kenyon_Cell,,cb_intrinsic,11862,KCab,"KCab-m,KCab-c,KCab-s",,VFB_jrmc2jk4,R,,,Roughly traced,
4924,71691,32,18,3.715292492206594e-05,KCab-c,KCab-c_R,Kenyon_Cell,,cb_intrinsic,11862,KCab,"KCab-m,KCab-c,KCab-s",,VFB_jrmc2iym,R,,,Roughly traced,
4925,72430,32,10,3.715292492206594e-05,FB2C,FB2C_R,CX,,cb_intrinsic,17749,CB.FB2I2,FB2C,,VFB_jrmc300v,R,CG,,Roughly traced,
4926,73508,32,19,3.715292492206594e-05,KCab-c,KCab-c_R,Kenyon_Cell,,cb_intrinsic,11862,KCab,"KCab-m,KCab-c,KCab-s",,VFB_jrmc2iyf,R,,,Roughly traced,
4927,74103,32,16,3.715292492206594e-05,KCab-m,KCab-m_R,Kenyon_Cell,,cb_intrinsic,11862,KCab,"KCab-m,KCab-c,KCab-s",,VFB_jrmc2j8m,R,,,Roughly traced,
4928,74812,32,29,3.715292492206594e-05,KCab-s,KCab-s_R,Kenyon_Cell,,cb_intrinsic,11862,KCab,"KCab-m,KCab-c,KCab-s",,VFB_jrmc2jrh,R,,,Roughly traced,
4929,76585,32,10,3.715292492206594e-05,MBON25-like,MBON25-like(y2)_R,MBON,,cb_intrinsic,25975,,,,VFB_jrmc20b6,R,,,Roughly traced,
4930,81053,32,20,3.715292492206594e-05,KCab-m,KCab-m_R,Kenyon_Cell,,cb_intrinsic,11862,KCab,"KCab-m,KCab-c,KCab-s",,VFB_jrmc2j8t,R,,,Roughly traced,
4931,81968,32,20,3.715292492206594e-05,KCab-c,KCab-c_L,Kenyon_Cell,,cb_intrinsic,11862,KCab,"KCab-m,KCab-c,KCab-s",,VFB_jrmc2ilv,L,,,Roughly traced,
4932,86324,32,23,3.715292492206594e-05,KCab-s,KCab-s_L,Kenyon_Cell,,cb_intrinsic,11862,KCab,"KCab-m,KCab-c,KCab-s",,VFB_jrmc2jul,L,,,Roughly traced,
4933,86670,32,17,3.715292492206594e-05,KCab-m,KCab-m_R,Kenyon_Cell,,cb_intrinsic,11862,KCab,"KCab-m,KCab-c,KCab-s",,VFB_jrmc2j2r,R,,,Roughly traced,
4934,88554,32,20,3.715292492206594e-05,KCab-m,KCab-m_L,Kenyon_Cell,,cb_intrinsic,11862,KCab,"KCab-m,KCab-c,KCab-s",,VFB_jrmc2izs,L,,,Roughly traced,
4935,89067,32,19,3.715292492206594e-05,KCab-m,KCab-m_L,Kenyon_Cell,,cb_intrinsic,11862,KCab,"KCab-m,KCab-c,KCab-s",,VFB_jrmc2j52,L,,,Roughly traced,
4936,89834,32,18,3.715292492206594e-05,KCab-m,KCab-m_R,Kenyon_Cell,,cb_intrinsic,11862,KCab,"KCab-m,KCab-c,KCab-s",,VFB_jrmc2jdv,R,,,Roughly traced,
4937,90574,32,11,3.715292492206594e-05,PFR_a,PFR_a(PB11a)_L3_C3,CX,,cb_intrinsic,13892,PFR_a,PFR_a,,VFB_jrmc1ijf,L,,,Roughly traced,
4938,90809,32,18,3.715292492206594e-05,KCab-m,KCab-m_R,Kenyon_Cell,,cb_intrinsic,11862,KCab,"KCab-m,KCab-c,KCab-s",,VFB_jrmc2j2x,R,,,Roughly traced,
4939,91032,32,5,3.715292492206594e-05,AVLP224_b,AVLP224_b_L,,,cb_intrinsic,21387,CB0930,AVLP224_b,,VFB_jrmc3ich,L,,,Roughly traced,
4940,91870,32,7,3.715292492206594e-05,vDeltaI_b,vDeltaI_b_C7,CX,,cb_intrinsic,11512,vDeltaI_b,vDeltaI,,VFB_jrmc03aq,L,,,Roughly traced,
4941,93593,32,22,3.715292492206594e-05,KCab-m,KCab-m_R,Kenyon_Cell,,cb_intrinsic,11862,KCab,"KCab-m,KCab-c,KCab-s",,VFB_jrmc2j33,R,,,Roughly traced,
4942,94101,32,19,3.715292492206594e-05,KCab-s,KCab-s_R,Kenyon_Cell,,cb_intrinsic,11862,KCab,"KCab-m,KCab-c,KCab-s",,VFB_jrmc2jpi,R,,,Roughly traced,
4943,95523,32,23,3.715292492206594e-05,PAM08,PAM08(y4)_L,DAN,,cb_intrinsic,95523,PAM08,PAM08,,VFB_jrmc1pvt,L,,,Prelim Roughly traced,
4944,96711,32,20,3.715292492206594e-05,KCab-s,KCab-s_R,Kenyon_Cell,,cb_intrinsic,11862,KCab,"KCab-m,KCab-c,KCab-s",,VFB_jrmc2ju0,R,,,Roughly traced,
4945,97258,32,24,3.715292492206594e-05,KCab-m,KCab-m_R,Kenyon_Cell,,cb_intrinsic,11862,KCab,"KCab-m,KCab-c,KCab-s",,VFB_jrmc2jd1,R,,,Roughly traced,
4946,97573,32,17,3.715292492206594e-05,KCab-m,KCab-m_R,Kenyon_Cell,,cb_intrinsic,11862,KCab,"KCab-m,KCab-c,KCab-s",,VFB_jrmc2j36,R,,,Roughly traced,
4947,97946,32,8,3.715292492206594e-05,vDeltaI_b,vDeltaI_b_C0,CX,,cb_intrinsic,11512,vDeltaI_b,vDeltaI,,VFB_jrmc03b2,L,,,Roughly traced,
4948,98924,32,19,3.715292492206594e-05,KCab-s,KCab-s_R,Kenyon_Cell,,cb_intrinsic,11862,KCab,"KCab-m,KCab-c,KCab-s",,VFB_jrmc2jlp,R,,,Roughly traced,
4949,99785,32,23,3.715292492206594e-05,KCab-c,KCab-c_R,Kenyon_Cell,,cb_intrinsic,11862,KCab,"KCab-m,KCab-c,KCab-s",,VFB_jrmc2iy7,R,,,Roughly traced,
4950,100258,32,10,3.715292492206594e-05,PAM01,PAM01(y5)_R,DAN,,cb_intrinsic,74856,PAM01,PAM01,,VFB_jrmc1pr2,R,,,Roughly traced,
4951,100341,32,18,3.715292492206594e-05,KCab-c,KCab-c_L,Kenyon_Cell,,cb_intrinsic,11862,KCab,"KCab-m,KCab-c,KCab-s",,VFB_jrmc2im1,L,,,Roughly traced,
4952,102310,32,22,3.715292492206594e-05,KCab-s,KCab-s_R,Kenyon_Cell,,cb_intrinsic,11862,KCab,"KCab-m,KCab-c,KCab-s",,VFB_jrmc2jir,R,,,Roughly traced,
4953,104284,32,20,3.715292492206594e-05,KCab-c,KCab-c_L,Kenyon_Cell,,cb_intrinsic,11862,KCab,"KCab-m,KCab-c,KCab-s",,VFB_jrmc2iq2,L,,,Roughly traced,
4954,104460,32,12,3.715292492206594e-05,PAM12,PAM12(y3)_L,DAN,,cb_intrinsic,61360,PAM12,PAM12,,VFB_jrmc1pxs,L,,,Roughly traced,
4955,104887,32,20,3.715292492206594e-05,KCab-m,KCab-m_R,Kenyon_Cell,,cb_intrinsic,11862,KCab,"KCab-m,KCab-c,KCab-s",,VFB_jrmc2j3g,R,,,Roughly traced,
4956,104970,32,19,3.715292492206594e-05,KCab-m,KCab-m_L,Kenyon_Cell,,cb_intrinsic,11862,KCab,"KCab-m,KCab-c,KCab-s",,VFB_jrmc2j06,L,,,Roughly traced,
4957,105338,32,19,3.715292492206594e-05,KCab-m,KCab-m_L,Kenyon_Cell,,cb_intrinsic,11862,KCab,"KCab-m,KCab-c,KCab-s",,VFB_jrmc2j07,L,,,Roughly traced,
4958,105349,32,17,3.715292492206594e-05,KCab-s,KCab-s_R,Kenyon_Cell,,cb_intrinsic,11862,KCab,"KCab-m,KCab-c,KCab-s",,VFB_jrmc2jyq,R,,,Roughly traced,
4959,108126,32,19,3.715292492206594e-05,KCab-m,KCab-m_R,Kenyon_Cell,,cb_intrinsic,11862,KCab,"KCab-m,KCab-c,KCab-s",,VFB_jrmc2jdu,R,,,Roughly traced,
4960,108478,32,12,3.715292492206594e-05,PFL3,PFL3(PB12c)_L1_C3,CX,,cb_intrinsic,11557,PFL3,PFL3,,VFB_jrmc1i5d,L,,,Roughly traced,
4961,109988,32,21,3.715292492206594e-05,KCab-s,KCab-s_R,Kenyon_Cell,,cb_intrinsic,11862,KCab,"KCab-m,KCab-c,KCab-s",,VFB_jrmc2ju3,R,,,Roughly traced,
4962,112610,32,20,3.715292492206594e-05,KCab-m,KCab-m_L,Kenyon_Cell,,cb_intrinsic,11862,KCab,"KCab-m,KCab-c,KCab-s",,VFB_jrmc2j5d,L,,,Roughly traced,
4963,113244,32,21,3.715292492206594e-05,KCab-m,KCab-m_L,Kenyon_Cell,,cb_intrinsic,11862,KCab,"KCab-m,KCab-c,KCab-s",,VFB_jrmc2j0l,L,,,Roughly traced,
4964,113840,32,8,3.715292492206594e-05,FB4A_a,FB4A_a_R,CX,,cb_intrinsic,11994,FB4A,FB4A,,VFB_jrmc303n,R,CG,,Prelim Roughly traced,
4965,113924,32,2,3.715292492206594e-05,FB5U,FB5U_R,CX,,cb_intrinsic,31585,"FB5R,FB5U",FB5U,,VFB_jrmc308r,R,,,Roughly traced,
4966,116304,32,18,3.715292492206594e-05,KCab-m,KCab-m_L,Kenyon_Cell,,cb_intrinsic,11862,KCab,"KCab-m,KCab-c,KCab-s",,VFB_jrmc2j0r,L,,,Roughly traced,
4967,123472,32,22,3.715292492206594e-05,KCab-m,KCab-m_L,Kenyon_Cell,,cb_intrinsic,11862,KCab,"KCab-m,KCab-c,KCab-s",,VFB_jrmc2j5k,L,,,Roughly traced,
4968,124807,32,23,3.715292492206594e-05,KCab-m,KCab-m_L,Kenyon_Cell,,cb_intrinsic,11862,KCab,"KCab-m,KCab-c,KCab-s",,VFB_jrmc2j0y,L,,,Roughly traced,
4969,125002,32,19,3.715292492206594e-05,KCab-m,KCab-m_L,Kenyon_Cell,,cb_intrinsic,11862,KCab,"KCab-m,KCab-c,KCab-s",,VFB_jrmc2j0z,L,,,Roughly traced,
4970,126900,32,11,3.715292492206594e-05,PAM12,PAM12(y3)_L,DAN,,cb_intrinsic,55210,PAM12,PAM12,,VFB_jrmc1pxt,L,,,Roughly traced,
4971,131100,32,23,3.715292492206594e-05,KCg-m,KCg-m_R,Kenyon_Cell,,cb_intrinsic,14292,KCg-m,KCg-m,,VFB_jrmc2klx,R,,,Prelim Roughly traced,
4972,132066,32,21,3.715292492206594e-05,KCab-c,KCab-c_L,Kenyon_Cell,,cb_intrinsic,11862,KCab,"KCab-m,KCab-c,KCab-s",,VFB_jrmc2it3,L,,,Roughly traced,
4973,134265,32,20,3.715292492206594e-05,PAM06,PAM06(B'2m)_R,DAN,,cb_intrinsic,92324,PAM06,PAM06,,VFB_jrmc1pu2,R,,,Roughly traced,
4974,146774,32,22,3.715292492206594e-05,PAM14,PAM14(B'1m)_R,DAN,,cb_intrinsic,115868,PAM14,PAM14,,VFB_jrmc1i1z,R,,,Roughly traced,
4975,147184,32,22,3.715292492206594e-05,PAM08,PAM08(y4)_L,DAN,,cb_intrinsic,49043,PAM08,PAM08,,VFB_jrmc1pvm,L,,,Prelim Roughly traced,
4976,147591,32,19,3.715292492206594e-05,PAM06,PAM06(B'2m)_R,DAN,,cb_intrinsic,72601,PAM06,PAM06,,VFB_jrmc1pua,R,,,Roughly traced,
4977,154293,32,10,3.715292492206594e-05,vDeltaG,vDeltaG_C8,CX,,cb_intrinsic,11512,"vDeltaG,vDeltaH",vDeltaG,,VFB_jrmc039t,R,,,Roughly traced,
4978,157389,32,23,3.715292492206594e-05,KCab-s,KCab-s_L,Kenyon_Cell,,cb_intrinsic,11862,KCab,"KCab-m,KCab-c,KCab-s",,VFB_jrmc2ji1,L,,,Roughly traced,
4979,167009,32,13,3.715292492206594e-05,PAM01,PAM01(y5)_R,DAN,,cb_intrinsic,74856,PAM01,PAM01,,VFB_jrmc1pr5,R,,,Roughly traced,
4980,171676,32,11,3.715292492206594e-05,vDeltaL,vDeltaL_C7,CX,,cb_intrinsic,11512,vDeltaL,vDeltaL,,VFB_jrmc03d6,R,,,Roughly traced,
4981,176429,32,19,3.715292492206594e-05,PAM04,PAM04(B2)_L,DAN,,cb_intrinsic,37845,PAM04,PAM04,,VFB_jrmc1psx,L,,,Roughly traced,
4982,177603,32,19,3.715292492206594e-05,PAM04,PAM04(B2)_L,DAN,,cb_intrinsic,37845,PAM04,PAM04,,VFB_jrmc1pt1,L,,,Roughly traced,
4983,178307,32,21,3.715292492206594e-05,KCab-c,KCab-c_R,Kenyon_Cell,,cb_intrinsic,11862,KCab,"KCab-m,KCab-c,KCab-s",,VFB_jrmc2ixc,R,,,Roughly traced,
4984,188103,32,18,3.715292492206594e-05,KCab-c,KCab-c_L,Kenyon_Cell,,cb_intrinsic,11862,KCab,"KCab-m,KCab-c,KCab-s",,VFB_jrmc2inl,L,,,Roughly traced,
4985,193963,32,22,3.715292492206594e-05,KCab-m,KCab-m_L,Kenyon_Cell,,cb_intrinsic,11862,KCab,"KCab-m,KCab-c,KCab-s",,VFB_jrmc2j61,L,,,Roughly traced,
4986,197319,32,19,3.715292492206594e-05,KCab-m,KCab-m_R,Kenyon_Cell,,cb_intrinsic,11862,KCab,"KCab-m,KCab-c,KCab-s",,VFB_jrmc2j9u,R,,,Roughly traced,
4987,202330,32,23,3.715292492206594e-05,PAM13,PAM13(B'1ap)_R,DAN,,cb_intrinsic,103433,PAM13,PAM13,,VFB_jrmc1py0,R,,,Roughly traced,
4988,203037,32,20,3.715292492206594e-05,KCab-c,KCab-c_L,Kenyon_Cell,,cb_intrinsic,11862,KCab,"KCab-m,KCab-c,KCab-s",,VFB_jrmc2itf,L,,,Roughly traced,
4989,242429,32,26,3.715292492206594e-05,PAM08,PAM08(y4)_R,DAN,,cb_intrinsic,95523,PAM08,PAM08,,VFB_jrmc1pv1,R,,,Prelim Roughly traced,
4990,336850,32,21,3.715292492206594e-05,PAM03,PAM03(B2B'2a)_L,DAN,,cb_intrinsic,92324,PAM03,PAM03,,VFB_jrmc1prv,L,,,Roughly traced,
4991,514195,32,10,3.715292492206594e-05,CL212,CL212_R,,,cb_intrinsic,,CL212,CL212,,VFB_jrmc34hf,R,,,Prelim Roughly traced,
4992,515675,32,6,3.715292492206594e-05,EPG,EPG(PB08)_R1,CX,,cb_intrinsic,10539,EPG,EPG,,VFB_jrmc2zqr,R,,,Roughly traced,
4993,519517,32,5,3.715292492206594e-05,AVLP749m,AVLP749m_L,,,cb_intrinsic,11535,,,,VFB_jrmc3jdp,L,,,Roughly traced,
4994,519616,32,16,3.715292492206594e-05,PPL107,PPL107_L,DAN,,cb_intrinsic,,PPL107,PPL107,,VFB_jrmc1j6b,L,,,Roughly traced,
4995,519941,32,10,3.715292492206594e-05,EPG,EPG(PB08)_L3,CX,,cb_intrinsic,10539,EPG,EPG,,VFB_jrmc2zq2,L,,,Roughly traced,
4996,520573,32,16,3.715292492206594e-05,PFL2,PFL2(PB12b)_R5_C1,CX,,cb_intrinsic,11557,PFL2,PFL2,,VFB_jrmc1i4x,R,,,Roughly traced,
4997,520651,32,6,3.715292492206594e-05,AVLP730m,AVLP730m_L,,,cb_intrinsic,10657,,,,VFB_jrmc3jbb,L,,,Roughly traced,
4998,523425,32,14,3.715292492206594e-05,SMP541,SMP541_R,,,cb_intrinsic,13865,SMP541,SMP541,,VFB_jrmc16e3,R,,,Roughly traced,
4999,523627,32,24,3.715292492206594e-05,CRE080_c,CRE080_c_L,,,cb_intrinsic,12216,CRE080c,CRE080,,VFB_jrmc34xu,L,,,Roughly traced,
5000,523791,32,16,3.715292492206594e-05,PAM04,PAM04(B2)_R,DAN,,cb_intrinsic,37845,PAM04,PAM04,,VFB_jrmc1psw,R,,,Roughly traced,
