downstream_group,total_weight,target_neurons,consensus_dopamine_edges,fraction_of_consensus_dopamine_output
unannotated,277333,255293,265941,0.3219916289816035
KCg-m,102041,1342,56404,0.11847255037414156
KCab-s,29258,657,17129,0.03396938366780641
KCa'b'-ap2,25205,291,12605,0.029263733520645995
KCa'b'-m,19352,205,8569,0.022468231346619374
KCa'b'-ap1,19285,199,7997,0.0223904424100638
KCab-m,18337,536,10797,0.021289787009247597
KCg-d,16874,206,7128,0.019591201722966894
KCab-p,14215,129,4799,0.016504025867723978
KCab-c,12279,488,7667,0.014256273909938989
APL,11669,2,628,0.013548046278612107
MBON09,5617,4,300,0.006521499352726386
hDeltaB,5069,19,201,0.005885255513436007
MBON03,4876,2,190,0.005661176934999797
MBON05,4727,2,237,0.0054881836283314275
MBON06,4624,2,126,0.005368597651238528
DPM,4184,2,580,0.004857744933560121
MBON11,3120,2,154,0.0036224101799014288
cb_intrinsic,2853,534,1297,0.003312415462582941
MBON01,2598,2,183,0.003016353092110228
MBON07,2370,4,123,0.0027516385020405084
hDeltaJ,2104,31,380,0.0024428048136258354
MBON04,2055,2,192,0.0023859143973389216
PFNd,1986,40,447,0.002305803402975717
MBON26,1613,2,141,0.001872739621852886
MBON02,1446,2,142,0.0016788477949158545
Li14,1445,216,669,0.0016776867660120399
PAM08,1367,50,776,0.001587126511514504
hDeltaA,1353,12,152,0.0015708721068611003
MBON21,1282,2,236,0.0014884390546902665
PAM10,1257,15,389,0.0014594133320949025
Li21,1249,202,581,0.001450125100864386
PFR_a,1246,28,298,0.0014466420141529424
EPG,1168,46,332,0.0013560817596554066
MBON32,1157,2,39,0.0013433104417134465
PAM01,1147,44,582,0.001331700152675301
MBON12,1115,4,53,0.001294547227753235
PAM06,1111,28,705,0.0012899031121379767
PFNp_b,1081,136,546,0.00125507224502354
MBON35,1062,2,42,0.0012330126958510633
LC17,1044,325,546,0.001212114175582401
MBON14,1005,4,15,0.0011668340483336332
vDeltaI_a,999,17,133,0.0011598678749107458
ER4d,965,26,105,0.0011203928921810508
PAM04,960,32,620,0.0011145877476619781
FB4M,921,4,80,0.0010693076204132102
MBON31,903,2,54,0.0010484091001445482
PAM05,898,20,479,0.0010426039556254753
PFL3,888,24,265,0.0010309936665873296
LPLC4,848,97,316,0.0009845525104347473
PAM12,839,22,315,0.0009741032503004163
MBON13,838,2,19,0.0009729422213966017
Li22,835,220,522,0.000969459134685158
OA-VPM3,819,2,105,0.000950882672224125
hDeltaI,818,17,240,0.0009497216433203105
PFNv,789,20,155,0.0009160518051096882
PFNm_b,772,26,117,0.0008963143137448407
PPL101,763,2,59,0.0008858650536105096
MeVP17,760,14,65,0.0008823819668990659
FB3A,746,4,52,0.0008661275622456621
PAM11,729,15,298,0.0008463900708808146
FB4C,725,2,52,0.0008417459552655563
KCg-s1,689,2,157,0.0007999489147282322
PEN_a(PEN1),668,20,174,0.0007755673077481264
MBON27,667,2,147,0.0007744062788443118
PPL103,667,2,43,0.0007744062788443118
vDeltaM,665,55,367,0.0007720842210366827
ExR1,663,4,32,0.0007697621632290535
FC1B,660,22,149,0.0007662790765176099
LC10b,657,93,257,0.0007627959898061662
PAM07,648,14,232,0.0007523467296718352
MBON24,643,2,117,0.0007465415851527624
LC13,634,168,396,0.0007360923250184314
PFR_b,634,16,169,0.0007360923250184314
Li33,622,2,8,0.0007221599781726566
PAM13,621,16,311,0.0007209989492688421
vDeltaL,614,37,275,0.0007128717469421401
TmY17,612,297,480,0.0007105496891345111
LC10d,605,196,399,0.0007024224868078091
FC2A,598,18,182,0.0006942952844811071
TmY5a,594,449,548,0.0006896511688658489
PFNp_c,590,40,203,0.0006850070532505906
vDeltaI_b,585,20,135,0.0006792019087315179
FB4L,571,4,65,0.000662947504078114
MBON30,570,2,104,0.0006617864751742995
MBON29,568,2,146,0.0006594644173666703
FB2B_a,559,4,52,0.0006490151572323393
LT52,555,34,129,0.000644371041617081
MBON18,553,2,15,0.000642048983809452
vDeltaG,553,18,145,0.000642048983809452
MBON33,551,2,92,0.0006397269260018228
TmY9a,546,303,452,0.00063392178148275
vDeltaH,532,9,76,0.0006176673768293462
Li23,527,115,297,0.0006118622323102734
PFNa,527,58,274,0.0006118622323102734
LC20a,526,62,210,0.0006107012034064588
vDeltaK,517,47,256,0.0006002519432721277
PPL105,515,2,18,0.0005979298854644987
PAM14,506,18,330,0.0005874806253301676
FB2I_a,498,10,93,0.0005781923940996511
LC10a,497,209,368,0.0005770313651958366
MBON10,496,9,220,0.000575870336292022
AVLP749m,494,12,68,0.0005735482784843929
Li39,474,2,11,0.0005503277004081016
FB1H,472,2,65,0.0005480056426004726
LOLP1,468,69,220,0.0005433615269852143
LT51,463,22,97,0.0005375563824661415
FB4Y,459,4,92,0.0005329122668508833
TmY20,458,244,379,0.0005317512379470687
FB5N,456,4,30,0.0005294291801394396
FC2B,454,27,200,0.0005271071223318104
LC20b,442,76,217,0.0005131747754860358
hDeltaH,438,8,79,0.0005085306598707775
MBON20,436,2,55,0.0005062086020631483
PEN_b(PEN2),430,22,159,0.000499242428640261
FB2D,423,6,72,0.0004911152263135591
ER2_c,422,20,80,0.0004899541974097445
AVLP001,415,2,16,0.0004818269950830426
FB4F_c,412,6,79,0.0004783439083715989
PFNm_a,408,21,104,0.00047369979275634067
FC1F,396,15,115,0.00045976744591056594
PPL102,395,2,49,0.00045860641700675136
MBON16,392,2,13,0.0004551233302953077
PAM03,392,12,265,0.0004551233302953077
PAM09,392,9,215,0.0004551233302953077
hDeltaK,387,31,196,0.0004493181857762349
hDeltaC,385,20,222,0.0004469961279686058
CRE011,383,2,63,0.0004446740701609767
FR1,383,18,184,0.0004446740701609767
AVLP080,382,2,17,0.0004435130412571621
VES092,380,2,33,0.00044119098344953296
Y14,377,156,285,0.0004377078967380893
KCg-s2,375,2,114,0.0004353858389304602
CRE039,373,8,113,0.00043306378112283105
Tm24,373,172,286,0.00043306378112283105
FB2A,369,4,63,0.0004284196655075728
PAM02,368,17,196,0.00042725863660375823
FB4K,366,4,88,0.00042493657879612913
LHAV2b2_a,365,9,42,0.00042377554989231456
Y3,363,268,328,0.00042145349208468546
FC1A,360,17,103,0.00041797040537324174
Li13,350,65,182,0.00040636011633509616
Li32,345,2,8,0.00040055497181602334
hDeltaM,343,8,82,0.00039823291400839424
PFL2,342,12,138,0.00039707188510457967
PFGs,337,18,152,0.00039126674058550685
ExR5,332,4,89,0.0003854615960664341
FB3C,331,13,110,0.0003843005671626195
FC3_b,329,20,162,0.0003819785093549904
LNO2,325,2,36,0.0003773343937397322
TmY10,319,226,285,0.0003703682203168448
TmY9b,317,236,283,0.0003680461625092157
KCg-s3,314,2,99,0.00036456307579777196
TmY21,314,193,263,0.00036456307579777196
FC1D,313,25,142,0.00036340204689395744
FB4B,309,2,36,0.0003587579312786992
LC22,306,70,184,0.00035527484456725553
AVLP079,305,2,15,0.00035411381566344095
ExR4,304,2,23,0.0003529527867596264
FB1C,302,4,59,0.0003506307289519973
SMP108,294,2,55,0.0003413424977214808
Y13,294,146,225,0.0003413424977214808
LNO1,292,4,52,0.00033902043991385165
FC2C,290,47,206,0.00033669838210622255
FB4O,287,6,85,0.00033321529539477883
FB4N,285,2,32,0.00033089323758714973
LC15,285,105,204,0.00033089323758714973
FC3_a,284,17,139,0.00032973220868333516
PFNp_a,284,62,190,0.00032973220868333516
Li34b,283,60,164,0.0003285711797795206
FB5A,279,4,48,0.0003239270641642624
Tm5Y,277,228,258,0.00032160500635663325
EL,275,18,123,0.00031928294854900415
OLVC5,274,2,22,0.0003181219196451896
TmY4,274,204,243,0.0003181219196451896
FC3_c,273,15,115,0.000316960890741375
ExR6,270,2,34,0.00031347780402993133
LC28,270,61,155,0.00031347780402993133
CRE013,268,2,34,0.0003111557462223022
LC10e,261,94,174,0.00030302854389560027
LAL150,259,10,33,0.0003007064860879712
LC16,259,125,203,0.0003007064860879712
MBON15-like,259,4,31,0.0003007064860879712
AVLP536,257,2,10,0.000298384428280342
LoVC18,257,4,57,0.000298384428280342
vDeltaF,257,18,121,0.000298384428280342
Tm20,252,232,243,0.00029257928376126926
LC10c-1,249,103,178,0.00028909619704982554
AVLP532,248,2,6,0.000287935168146011
Li20,248,38,107,0.000287935168146011
AVLP078,247,2,11,0.00028677413924219644
FS2,247,40,181,0.00028677413924219644
LPLC2,247,130,200,0.00028677413924219644
PVLP010,246,2,21,0.00028561311033838187
LHPV10d1,245,2,23,0.0002844520814345673
Tlp11,243,62,142,0.0002821300236269382
ER4m,242,11,55,0.0002809689947231236
ATL017,238,2,15,0.0002763248791078654
CRE048,238,2,52,0.0002763248791078654
FB4R,235,6,74,0.0002728417923964217
FB4X,235,2,24,0.0002728417923964217
LC9,235,129,188,0.0002728417923964217
LAL159,234,2,65,0.00027168076349260714
MeVP51,232,2,10,0.00026935870568497804
aIPg_m4,232,2,22,0.00026935870568497804
CB1852,231,9,73,0.00026819767678116347
AVLP577,230,4,26,0.0002670366478773489
FB2M_a,229,4,39,0.00026587561897353437
FB4A_a,229,6,52,0.00026587561897353437
LHAD1g1,228,2,18,0.0002647145900697198
TuBu09,228,21,88,0.0002647145900697198
LC6,226,99,179,0.00026239253226209065
oviIN,226,2,51,0.00026239253226209065
SIP087,225,2,33,0.00026123150335827613
ATL018,224,4,27,0.00026007047445446155
Li18a,223,49,120,0.000258909445550647
PPL104,223,2,53,0.000258909445550647
LAL072,222,2,9,0.0002577484166468324
AVLP323,221,4,28,0.0002565873877430179
FB5V_a,221,6,40,0.0002565873877430179
ATL027,220,2,13,0.0002554263588392033
PPL106,219,2,21,0.00025426532993538874
AVLP204,218,4,31,0.00025310430103157416
Y12,217,113,160,0.00025194327212775964
AVLP285,215,4,22,0.0002496212143201305
AVLP297,215,8,31,0.0002496212143201305
AVLP076,214,2,18,0.0002484601854163159
AVLP610,214,2,15,0.0002484601854163159
PFL1,213,14,105,0.0002472991565125014
MBON28,212,2,21,0.0002461381276086868
aIPg1,212,8,48,0.0002461381276086868
LAL113,210,4,13,0.0002438160698010577
PFNp_d,209,28,108,0.00024265504089724313
FB2B_b,207,4,57,0.000240332983089614
FB4D_c,206,2,25,0.00023917195418579946
LLPC1,206,129,163,0.00023917195418579946
LC24,205,81,157,0.0002380109252819849
T4a,205,181,186,0.0002380109252819849
AVLP542,204,2,6,0.00023684989637817033
FC1E,204,22,119,0.00023684989637817033
Li34a,204,65,138,0.00023684989637817033
LC21,203,106,162,0.0002356888674743558
FB4F_a,202,4,52,0.0002345278385705412
TuBu10,202,15,54,0.0002345278385705412
SMP147,201,2,28,0.00023336680966672666
AN10B045,200,22,40,0.0002322057807629121
GNG667,200,2,38,0.0002322057807629121
LAL144,199,6,19,0.00023104475185909754
AVLP316,198,6,45,0.00022988372295528297
FB4Q_c,198,3,27,0.00022988372295528297
PFNp_e,197,23,96,0.00022872269405146842
Tm38,197,133,175,0.00022872269405146842
aIPg2,197,6,21,0.00022872269405146842
AOTU046,195,4,32,0.0002264006362438393
AVLP294,195,4,17,0.0002264006362438393
SMP376,195,2,63,0.0002264006362438393
AVLP465,194,16,61,0.00022523960734002472
KCg-s4,194,2,76,0.00022523960734002472
LC10c-2,194,92,150,0.00022523960734002472
LC40,194,34,117,0.00022523960734002472
LLPC3,194,115,148,0.00022523960734002472
MBON15,193,4,45,0.00022407857843621018
OA-VUMa6,191,2,66,0.00022175652062858105
PVLP074,191,9,44,0.00022175652062858105
PVLP080_b,191,6,28,0.00022175652062858105
CRE040,190,2,48,0.00022059549172476648
GLNO,190,4,50,0.00022059549172476648
LC12,190,150,177,0.00022059549172476648
LHMB1,188,2,24,0.00021827343391713736
TmY14,188,136,152,0.00021827343391713736
aSP10B,188,11,49,0.00021827343391713736
CRE041,187,2,26,0.0002171124050133228
Li31,187,2,8,0.0002171124050133228
CRE078,186,4,31,0.00021595137610950824
Li16,186,4,16,0.00021595137610950824
FB4D_a,185,2,23,0.0002147903472056937
MBON17,184,2,15,0.00021362931830187911
LPLC1,183,89,146,0.00021246828939806457
FB2F_a,181,6,44,0.00021014623159043544
PVLP072,181,10,39,0.00021014623159043544
Tm5a,181,146,163,0.00021014623159043544
AVLP592,180,2,11,0.00020898520268662087
SIP136m,180,2,27,0.00020898520268662087
LC27,179,42,107,0.00020782417378280632
LLPC2,179,125,143,0.00020782417378280632
PVLP099,179,8,34,0.00020782417378280632
PVLP131,179,3,20,0.00020782417378280632
CRE042,178,2,33,0.00020666314487899178
VA1v_vPN,178,4,10,0.00020666314487899178
Y11,178,93,139,0.00020666314487899178
ER6,177,4,17,0.0002055021159751772
LHAV2b2_b,177,4,28,0.0002055021159751772
VES022,177,11,65,0.0002055021159751772
MBON22,176,2,48,0.00020434108707136265
AVLP541,175,10,45,0.00020318005816754808
SMP568_a,173,8,55,0.00020085800035991896
Li12,170,4,16,0.0001973749136484753
FB2F_b,169,3,27,0.0001962138847446607
LC11,169,103,141,0.0001962138847446607
SMP177,169,2,42,0.0001962138847446607
Tm37,169,135,156,0.0001962138847446607
AVLP537,168,2,10,0.00019505285584084617
AVLP705m,168,9,61,0.00019505285584084617
LC33,168,30,83,0.00019505285584084617
LoVC22,168,4,38,0.00019505285584084617
Li27,167,86,134,0.0001938918269370316
PVLP017,167,2,13,0.0001938918269370316
PVLP080_a,167,4,20,0.0001938918269370316
SMP377,167,15,57,0.0001938918269370316
vDeltaB,167,30,90,0.0001938918269370316
AVLP562,166,2,31,0.00019273079803321704
LAL022,166,6,51,0.00019273079803321704
ExR2,165,4,29,0.00019156976912940247
FB4D_b,162,2,26,0.0001880866824179588
CRE018,161,8,24,0.00018692565351414422
PVLP098,161,8,38,0.00018692565351414422
vDeltaE,160,18,94,0.00018576462461032968
LHPV5e3,159,2,40,0.0001846035957065151
Li19,159,50,112,0.0001846035957065151
PVLP135,159,4,19,0.0001846035957065151
SMP145,159,2,77,0.0001846035957065151
Tm39,159,124,144,0.0001846035957065151
pC1_4a,159,6,15,0.0001846035957065151
vDeltaA_b,159,30,86,0.0001846035957065151
AVLP538,158,2,13,0.00018344256680270056
LoVP14,158,19,68,0.00018344256680270056
OA-VUMa8,158,1,32,0.00018344256680270056
AVLP714m,157,6,33,0.00018228153789888598
LoVC16,157,4,20,0.00018228153789888598
Tlp12,157,91,134,0.00018228153789888598
aIPg_m2,157,4,36,0.00018228153789888598
LCNOpm,156,2,25,0.00018112050899507143
LT70,156,11,41,0.00018112050899507143
MBON23,156,2,10,0.00018112050899507143
SMP163,156,2,27,0.00018112050899507143
vDeltaJ,156,11,72,0.00018112050899507143
AVLP016,155,2,21,0.00017995948009125686
Tm16,155,116,140,0.00017995948009125686
AVLP753m,154,12,67,0.0001787984511874423
MeLo13,154,54,106,0.0001787984511874423
CB1062,153,8,60,0.00017763742228362776
SMP175,153,2,18,0.00017763742228362776
AVLP746m,152,6,48,0.0001764763933798132
CRE027,152,4,75,0.0001764763933798132
FB5X,152,6,49,0.0001764763933798132
LHCENT3,152,2,42,0.0001764763933798132
LoVCLo3,152,2,32,0.0001764763933798132
LAL015,151,2,16,0.00017531536447599864
LAL123,151,2,26,0.00017531536447599864
LC31b,151,10,42,0.00017531536447599864
AVLP551,150,6,33,0.00017415433557218407
LHAV2b2_d,150,2,11,0.00017415433557218407
PEG,150,18,82,0.00017415433557218407
OA-VUMa1,149,2,41,0.00017299330666836952
PVLP016,149,2,14,0.00017299330666836952
vDeltaA_a,149,51,95,0.00017299330666836952
vDeltaC,148,27,81,0.00017183227776455495
AVLP451,147,8,44,0.0001706712488607404
CRE004,147,2,49,0.0001706712488607404
ER2_a,147,12,47,0.0001706712488607404
FC1C_b,147,16,85,0.0001706712488607404
LHPV2a1_c,146,8,34,0.00016951021995692582
FB2K,145,9,68,0.00016834919105311128
aIPg6,145,5,27,0.00016834919105311128
AVLP083,144,1,5,0.0001671881621492967
CRE102,144,2,25,0.0001671881621492967
FB4A_b,144,2,18,0.0001671881621492967
KCg,144,1,53,0.0001671881621492967
LHPD2c7,144,4,34,0.0001671881621492967
PVLP061,144,2,11,0.0001671881621492967
PVLP082,144,10,54,0.0001671881621492967
SMP471,144,2,30,0.0001671881621492967
LAL082,143,2,4,0.00016602713324548215
MBON25,143,2,20,0.00016602713324548215
LAL014,142,2,12,0.00016486610434166758
PVLP034,142,10,43,0.00016486610434166758
CRE044,141,8,66,0.00016370507543785303
TmY13,141,116,133,0.00016370507543785303
FB2C,140,5,49,0.00016254404653403846
AVLP730m,138,3,19,0.00016022198872640934
SMP384,138,2,44,0.00016022198872640934
AVLP526,137,8,39,0.0001590609598225948
PAM15,137,4,70,0.0001590609598225948
CB2035,136,6,23,0.00015789993091878021
CB4170,136,9,55,0.00015789993091878021
CRE022,136,2,45,0.00015789993091878021
VP1d+VP4_l2PN1,136,2,7,0.00015789993091878021
AOTU008,135,25,51,0.00015673890201496567
PVLP133,135,24,79,0.00015673890201496567
AVLP334,134,5,23,0.0001555778731111511
AVLP525,134,6,35,0.0001555778731111511
DNp27,134,2,39,0.0001555778731111511
DNp32,134,2,27,0.0001555778731111511
LT36,134,2,19,0.0001555778731111511
hDeltaG,134,8,67,0.0001555778731111511
CRE081,133,6,69,0.00015441684420733654
LC36,133,30,75,0.00015441684420733654
ATL008,132,2,7,0.00015325581530352197
FB4G,132,2,26,0.00015325581530352197
FS1A_a,132,16,83,0.00015325581530352197
LAL083,132,4,27,0.00015325581530352197
LAL112,132,4,12,0.00015325581530352197
MBON19,132,4,20,0.00015325581530352197
CB0930,131,4,18,0.00015209478639970742
LAL120_b,131,2,20,0.00015209478639970742
LC14a-2,131,15,73,0.00015209478639970742
FB4P_a,130,4,51,0.00015093375749589285
LoVC1,130,2,19,0.00015093375749589285
LoVP16,130,11,49,0.00015093375749589285
PVLP076,130,2,17,0.00015093375749589285
CB1883,129,3,24,0.0001497727285920783
VES202m,129,7,22,0.0001497727285920783
LHCENT1,127,2,7,0.00014745067078444918
LHPD5d1,127,4,61,0.00014745067078444918
OA-ASM3,127,2,32,0.00014745067078444918
Tm33,127,93,114,0.00014745067078444918
AVLP600,126,4,19,0.00014628964188063463
LT39,126,2,18,0.00014628964188063463
SMP048,126,2,56,0.00014628964188063463
LAL155,125,4,42,0.00014512861297682006
PVLP097,125,14,59,0.00014512861297682006
LC19,124,14,50,0.0001439675840730055
PVLP036,124,6,19,0.0001439675840730055
SMP142,124,2,54,0.0001439675840730055
CB0951,123,6,51,0.00014280655516919093
CB3302,123,4,20,0.00014280655516919093
FB4J,123,2,25,0.00014280655516919093
LHPV9b1,123,2,25,0.00014280655516919093
LPT60,123,2,15,0.00014280655516919093
Tm36,122,87,112,0.0001416455262653764
ExR7,121,4,35,0.0001404844973615618
LAL120_a,121,2,16,0.0001404844973615618
OA-ASM2,121,2,34,0.0001404844973615618
SIP119m,121,9,28,0.0001404844973615618
SMP179,121,2,47,0.0001404844973615618
5-HTPMPV03,120,2,33,0.00013932346845774726
AVLP082,120,2,7,0.00013932346845774726
AVLP111,120,5,32,0.00013932346845774726
FB2G_b,120,6,57,0.00013932346845774726
FS4A,120,51,104,0.00013932346845774726
LHCENT8,120,4,36,0.00013932346845774726
MBON25-like,120,4,32,0.00013932346845774726
AVLP258,119,2,19,0.0001381624395539327
CL339,119,2,20,0.0001381624395539327
DNpe023,119,2,11,0.0001381624395539327
GNG316,119,2,7,0.0001381624395539327
LoVP101,119,2,19,0.0001381624395539327
AVLP155_a,118,2,12,0.00013700141065011814
AVLP449,118,2,13,0.00013700141065011814
AVLP715m,118,4,18,0.00013700141065011814
SIP121m,118,6,23,0.00013700141065011814
VES041,118,2,31,0.00013700141065011814
AVLP711m,117,5,29,0.00013584038174630357
AVLP734m,117,8,42,0.00013584038174630357
LAL051,117,2,7,0.00013584038174630357
SMP143,117,4,44,0.00013584038174630357
AVLP105,116,5,17,0.00013467935284248902
AVLP126,116,11,31,0.00013467935284248902
AVLP235,116,6,26,0.00013467935284248902
LT42,116,2,24,0.00013467935284248902
OA-VUMa4,116,2,29,0.00013467935284248902
AVLP435_a,115,2,10,0.00013351832393867445
CB4166,115,2,14,0.00013351832393867445
FB1G,115,2,40,0.00013351832393867445
LC43,115,14,54,0.00013351832393867445
PVLP093,115,2,23,0.00013351832393867445
SMP247,115,9,30,0.00013351832393867445
SMP586,115,2,34,0.00013351832393867445
mALD4,115,2,33,0.00013351832393867445
CB4096,114,13,36,0.0001323572950348599
FB5K,114,2,11,0.0001323572950348599
PVLP148,114,4,19,0.0001323572950348599
TmY16,114,82,100,0.0001323572950348599
CRE107,113,2,44,0.00013119626613104532
FB5U,113,4,8,0.00013119626613104532
FR2,113,18,78,0.00013119626613104532
LHPV2g1,113,4,22,0.00013119626613104532
LHPV6f1,113,11,33,0.00013119626613104532
vDeltaD,113,20,71,0.00013119626613104532
AVLP501,112,2,17,0.00013003523722723078
CRE012,112,2,32,0.00013003523722723078
FB5AB,112,2,13,0.00013003523722723078
FB5D,112,3,37,0.00013003523722723078
AVLP099,111,4,15,0.0001288742083234162
LAL129,111,2,20,0.0001288742083234162
AVLP710m,110,2,17,0.00012771317941960165
LoVP92,110,13,40,0.00012771317941960165
aIPg5,110,6,37,0.00012771317941960165
AOTU041,109,4,19,0.00012655215051578708
AVLP488,109,4,21,0.00012655215051578708
CB3513,109,4,16,0.00012655215051578708
CL366,109,2,34,0.00012655215051578708
FB2G_a,109,2,16,0.00012655215051578708
FB5M,109,2,20,0.00012655215051578708
LoVP6,109,22,61,0.00012655215051578708
SMP568_b,109,6,39,0.00012655215051578708
TuBu02,109,12,45,0.00012655215051578708
CRE024,108,2,60,0.00012539112161197253
MeVP18,108,6,22,0.00012539112161197253
aIPg_m1,108,4,36,0.00012539112161197253
5-HTPLP01,107,2,11,0.00012423009270815796
AVLP295,107,6,27,0.00012423009270815796
FB2E,107,4,23,0.00012423009270815796
FS1A_c,107,18,80,0.00012423009270815796
LT78,107,8,30,0.00012423009270815796
SMP133,107,9,51,0.00012423009270815796
SMP446,107,4,23,0.00012423009270815796
AVLP289,106,2,9,0.0001230690638043434
LPC1,106,70,79,0.0001230690638043434
SIP104m,106,8,25,0.0001230690638043434
SMP709m,106,2,28,0.0001230690638043434
WED195,106,2,14,0.0001230690638043434
AVLP372,105,4,16,0.00012190803490052885
PS196_b,105,2,18,0.00012190803490052885
SMP448,105,6,19,0.00012190803490052885
TuBu08,105,19,52,0.00012190803490052885
AVLP370_b,104,2,16,0.00012074700599671429
DNb08,104,4,32,0.00012074700599671429
FB4P_b,104,3,27,0.00012074700599671429
FC1C_a,104,12,62,0.00012074700599671429
FS4C,104,27,90,0.00012074700599671429
LC37,104,15,58,0.00012074700599671429
LHPV12a1,104,2,9,0.00012074700599671429
SIP070,104,6,47,0.00012074700599671429
AVLP103,103,8,17,0.00011958597709289973
CRE028,103,6,53,0.00011958597709289973
LHCENT10,103,4,37,0.00011958597709289973
LT56,103,2,14,0.00011958597709289973
MeVP1,103,61,77,0.00011958597709289973
PPM1203,103,2,16,0.00011958597709289973
PVLP073,103,5,26,0.00011958597709289973
Tm31,103,71,92,0.00011958597709289973
AVLP500,102,2,12,0.00011842494818908517
CB3503,102,6,24,0.00011842494818908517
CB3667,102,3,23,0.00011842494818908517
CL303,102,2,22,0.00011842494818908517
CRE095,102,7,38,0.00011842494818908517
AVLP340,101,2,13,0.0001172639192852706
CB1932,101,10,46,0.0001172639192852706
LAL098,101,2,5,0.0001172639192852706
LH008m,101,11,45,0.0001172639192852706
LT83,101,2,10,0.0001172639192852706
AVLP385,100,10,20,0.00011610289038145604
DNp13,100,2,17,0.00011610289038145604
LAL207,100,2,7,0.00011610289038145604
AVLP337,99,5,21,0.00011494186147764148
AVLP478,99,2,9,0.00011494186147764148
AVLP479,99,4,16,0.00011494186147764148
CB0356,99,2,12,0.00011494186147764148
CB1938,99,3,20,0.00011494186147764148
CL311,99,2,19,0.00011494186147764148
CRE103,99,10,41,0.00011494186147764148
LC14b,99,36,79,0.00011494186147764148
PVLP088,99,7,28,0.00011494186147764148
SMP006,99,9,56,0.00011494186147764148
SMP198,99,2,22,0.00011494186147764148
SMP714m,99,6,66,0.00011494186147764148
CRE080_a,98,2,38,0.00011378083257382692
FB2F_d,98,4,37,0.00011378083257382692
M_adPNm8,98,6,12,0.00011378083257382692
SMP178,98,2,24,0.00011378083257382692
AVLP060,97,7,28,0.00011261980367001236
AVLP597,97,2,17,0.00011261980367001236
DNa13,97,4,11,0.00011261980367001236
LHPV2a1_d,97,5,26,0.00011261980367001236
LoVP13,97,40,68,0.00011261980367001236
DNa03,96,2,8,0.0001114587747661978
GNG322,96,2,46,0.0001114587747661978
MB-C1,96,5,18,0.0001114587747661978
SIP122m,96,8,17,0.0001114587747661978
AVLP748m,95,5,16,0.00011029774586238324
LT77,95,6,28,0.00011029774586238324
T4b,95,89,91,0.00011029774586238324
TuBu03,95,21,63,0.00011029774586238324
aSP10A_b,95,10,39,0.00011029774586238324
mALD1,95,2,34,0.00011029774586238324
AVLP086,94,2,12,0.00010913671695856868
CRE055,94,17,36,0.00010913671695856868
DNp55,94,2,10,0.00010913671695856868
MeLo14,94,32,69,0.00010913671695856868
OA-VPM4,94,2,50,0.00010913671695856868
PVLP011,94,2,10,0.00010913671695856868
SMP385,94,2,33,0.00010913671695856868
TuBu07,94,21,52,0.00010913671695856868
AVLP732m,93,6,33,0.00010797568805475412
CRE003_b,93,12,43,0.00010797568805475412
CRE067,93,6,75,0.00010797568805475412
PLP211,93,2,27,0.00010797568805475412
SMP114,93,2,37,0.00010797568805475412
AVLP539,92,2,11,0.00010681465915093956
FB4P_c,92,2,25,0.00010681465915093956
LoVP1,92,40,72,0.00010681465915093956
T4d,92,87,88,0.00010681465915093956
Tlp13,92,60,80,0.00010681465915093956
AOTU042,91,4,31,0.000105653630247125
AVLP259,91,4,21,0.000105653630247125
AVLP454_a1,91,4,21,0.000105653630247125
CB4167,91,6,21,0.000105653630247125
CRE100,91,2,41,0.000105653630247125
LAL100,91,2,35,0.000105653630247125
LAL110,91,10,46,0.000105653630247125
LC29,91,35,68,0.000105653630247125
LoVC15,91,6,31,0.000105653630247125
AVLP476,90,2,14,0.00010449260134331044
CRE076,90,2,30,0.00010449260134331044
FB5H,90,2,13,0.00010449260134331044
LoVC19,90,4,31,0.00010449260134331044
MeLo7,90,55,77,0.00010449260134331044
SMP116,90,2,36,0.00010449260134331044
SMP204,90,2,16,0.00010449260134331044
Tm5c,90,79,83,0.00010449260134331044
AVLP153,89,2,9,0.00010333157243949589
AVLP279,89,13,52,0.00010333157243949589
CB1688,89,2,19,0.00010333157243949589
CRE023,89,2,39,0.00010333157243949589
PVLP018,89,2,18,0.00010333157243949589
SMP541,89,2,24,0.00010333157243949589
ANXXX027,88,14,32,0.00010217054353568133
AVLP163,88,4,18,0.00010217054353568133
AVLP535,88,2,10,0.00010217054353568133
FB4Q_a,88,2,15,0.00010217054353568133
FS1B_a,88,13,66,0.00010217054353568133
M_vPNml65,88,6,14,0.00010217054353568133
MeTu3c,88,66,78,0.00010217054353568133
PVLP033,88,9,38,0.00010217054353568133
AN02A002,87,2,22,0.00010100951463186677
AVLP077,87,2,12,0.00010100951463186677
AVLP531,87,2,18,0.00010100951463186677
SIP146m,87,9,31,0.00010100951463186677
WED072,87,6,28,0.00010100951463186677
pC1_10c,87,4,18,0.00010100951463186677
AVLP728m,86,6,26,9.98484857280522e-05
FB2H_b,86,2,19,9.98484857280522e-05
FB2L,86,4,51,9.98484857280522e-05
LAL023,86,4,18,9.98484857280522e-05
LAL030_a,86,6,33,9.98484857280522e-05
LHPD2a4_a,86,8,27,9.98484857280522e-05
PS233,86,4,21,9.98484857280522e-05
PVLP205m,86,8,50,9.98484857280522e-05
SIP076,86,20,60,9.98484857280522e-05
SMP112,86,6,40,9.98484857280522e-05
WEDPN16_d,86,6,33,9.98484857280522e-05
AVLP496,85,7,44,9.868745682423764e-05
CRE050,85,2,58,9.868745682423764e-05
FB5F,85,2,16,9.868745682423764e-05
LC26,85,54,73,9.868745682423764e-05
LT63,85,4,16,9.868745682423764e-05
LoVP26,85,12,35,9.868745682423764e-05
T5a,85,78,80,9.868745682423764e-05
CB3019,84,5,31,9.752642792042308e-05
LAL131,84,4,14,9.752642792042308e-05
PVLP123,84,10,43,9.752642792042308e-05
SIP064,84,2,17,9.752642792042308e-05
VES087,84,4,36,9.752642792042308e-05
AVLP412,83,4,17,9.636539901660852e-05
AVLP436,83,4,18,9.636539901660852e-05
LAL154,83,2,39,9.636539901660852e-05
SIP028,83,9,40,9.636539901660852e-05
WED094,83,5,13,9.636539901660852e-05
AVLP053,82,2,17,9.520437011279396e-05
AVLP566,82,4,19,9.520437011279396e-05
CB1842,82,2,13,9.520437011279396e-05
CB4072,82,19,58,9.520437011279396e-05
CRE077,82,2,13,9.520437011279396e-05
ExR8,82,4,40,9.520437011279396e-05
LAL198,82,2,30,9.520437011279396e-05
LHPV5e1,82,2,32,9.520437011279396e-05
MDN,82,4,20,9.520437011279396e-05
PVLP106,82,2,10,9.520437011279396e-05
SIP106m,82,2,16,9.520437011279396e-05
SMP156,82,2,27,9.520437011279396e-05
Tm5b,82,75,80,9.520437011279396e-05
AVLP121,81,6,22,9.40433412089794e-05
AVLP477,81,2,33,9.40433412089794e-05
AVLP527,81,5,30,9.40433412089794e-05
CB1168,81,9,44,9.40433412089794e-05
CB1638,81,10,20,9.40433412089794e-05
GNG700m,81,2,6,9.40433412089794e-05
LHCENT6,81,2,12,9.40433412089794e-05
MeLo2,81,58,74,9.40433412089794e-05
AVLP529,80,2,10,9.288231230516484e-05
CRE005,80,4,41,9.288231230516484e-05
DNpe053,80,2,31,9.288231230516484e-05
LAL170,80,2,14,9.288231230516484e-05
LC35a,80,10,34,9.288231230516484e-05
MBON17-like,80,2,13,9.288231230516484e-05
PVLP007,80,11,42,9.288231230516484e-05
SMP115,80,2,28,9.288231230516484e-05
SMP503,80,2,36,9.288231230516484e-05
aIPg10,80,4,23,9.288231230516484e-05
AVLP394,79,6,32,9.172128340135028e-05
AVLP563,79,2,34,9.172128340135028e-05
AVLP733m,79,6,24,9.172128340135028e-05
CRE080_b,79,2,29,9.172128340135028e-05
FB2M_b,79,2,21,9.172128340135028e-05
LHPV2a1_a,79,6,23,9.172128340135028e-05
LT58,79,2,8,9.172128340135028e-05
mALB1,79,2,31,9.172128340135028e-05
AVLP565,78,2,14,9.056025449753572e-05
FB4F_b,78,2,23,9.056025449753572e-05
PVLP122,78,6,30,9.056025449753572e-05
PVLP203m,78,8,40,9.056025449753572e-05
SMP075,78,4,50,9.056025449753572e-05
SMP148,78,4,46,9.056025449753572e-05
AVLP224_b,77,2,9,8.939922559372116e-05
AVLP557,77,4,20,8.939922559372116e-05
FS1B_b,77,16,65,8.939922559372116e-05
LC46b,77,10,33,8.939922559372116e-05
LHAV2b3,77,5,27,8.939922559372116e-05
LPC2,77,44,54,8.939922559372116e-05
SIP145m,77,6,34,8.939922559372116e-05
WED145,77,9,29,8.939922559372116e-05
CB3684,76,4,19,8.82381966899066e-05
CRE001,76,5,40,8.82381966899066e-05
FB4E_a,76,5,45,8.82381966899066e-05
FB5V_b,76,6,28,8.82381966899066e-05
FB5V_c,76,5,26,8.82381966899066e-05
FS1A_b,76,13,50,8.82381966899066e-05
Li18b,76,28,52,8.82381966899066e-05
LoVP47,76,2,8,8.82381966899066e-05
PLP246,76,2,11,8.82381966899066e-05
Tm30,76,56,67,8.82381966899066e-05
AVLP442,75,2,13,8.707716778609203e-05
AVLP544,75,2,6,8.707716778609203e-05
AVLP572,75,2,17,8.707716778609203e-05
DA4m_adPN,75,2,5,8.707716778609203e-05
LAL137,75,2,18,8.707716778609203e-05
LAL184,75,2,15,8.707716778609203e-05
LC14a-1,75,27,55,8.707716778609203e-05
LH006m,75,7,31,8.707716778609203e-05
PVLP121,75,2,15,8.707716778609203e-05
SLP130,75,2,23,8.707716778609203e-05
Tm26,75,44,63,8.707716778609203e-05
VES007,75,2,15,8.707716778609203e-05
AOTU012,74,2,18,8.591613888227747e-05
AVLP037,74,5,28,8.591613888227747e-05
AVLP308,74,4,14,8.591613888227747e-05
CB4169,74,6,33,8.591613888227747e-05
DNae007,74,2,18,8.591613888227747e-05
FB4E_b,74,4,36,8.591613888227747e-05
LAL138,74,2,16,8.591613888227747e-05
LAL175,74,4,24,8.591613888227747e-05
LAL183,74,2,13,8.591613888227747e-05
LHPV3c1,74,2,16,8.591613888227747e-05
Li35,74,26,51,8.591613888227747e-05
LoVP18,74,12,32,8.591613888227747e-05
SIP071,74,6,30,8.591613888227747e-05
SIP116m,74,6,27,8.591613888227747e-05
SMP165,74,2,41,8.591613888227747e-05
SMP447,74,4,25,8.591613888227747e-05
Tm34,74,60,72,8.591613888227747e-05
AVLP018,73,2,13,8.475510997846291e-05
AVLP104,73,14,26,8.475510997846291e-05
AVLP432,73,2,12,8.475510997846291e-05
DNde003,73,4,19,8.475510997846291e-05
LHCENT9,73,2,15,8.475510997846291e-05
LHPV2a1_e,73,3,17,8.475510997846291e-05
LT81,73,11,41,8.475510997846291e-05
PLP257,73,2,17,8.475510997846291e-05
SMP504,73,2,20,8.475510997846291e-05
AVLP545,72,2,4,8.359408107464835e-05
AVLP717m,72,2,23,8.359408107464835e-05
CB2950,72,8,19,8.359408107464835e-05
CL268,72,6,33,8.359408107464835e-05
DNp59,72,2,20,8.359408107464835e-05
DNpe042,72,2,28,8.359408107464835e-05
LAL050,72,8,16,8.359408107464835e-05
LHPV8a1,72,2,37,8.359408107464835e-05
PVLP081,72,4,21,8.359408107464835e-05
SMP081,72,4,35,8.359408107464835e-05
mAL_m8,72,15,27,8.359408107464835e-05
pC1_9a,72,4,32,8.359408107464835e-05
AVLP177_a,71,4,18,8.243305217083379e-05
AVLP224_a,71,6,29,8.243305217083379e-05
AVLP490,71,4,20,8.243305217083379e-05
CB2342,71,10,29,8.243305217083379e-05
FB2F_c,71,4,32,8.243305217083379e-05
LAL016,71,2,9,8.243305217083379e-05
LAL040,71,2,22,8.243305217083379e-05
LoVP49,71,2,8,8.243305217083379e-05
OA-ASM1,71,4,35,8.243305217083379e-05
PS196_a,71,2,18,8.243305217083379e-05
VES021,71,5,42,8.243305217083379e-05
pC1_18b,71,4,10,8.243305217083379e-05
AVLP017,70,2,18,8.127202326701923e-05
AVLP444,70,4,21,8.127202326701923e-05
CRE086,70,6,23,8.127202326701923e-05
Nod1,70,4,13,8.127202326701923e-05
PVLP115,70,2,15,8.127202326701923e-05
PVLP151,70,4,29,8.127202326701923e-05
AVLP107,69,4,18,8.011099436320467e-05
AVLP280,69,2,15,8.011099436320467e-05
AVLP346,69,6,21,8.011099436320467e-05
AVLP743m,69,11,32,8.011099436320467e-05
CB1072,69,14,49,8.011099436320467e-05
CRE074,69,2,34,8.011099436320467e-05
CRE080_d,69,2,38,8.011099436320467e-05
FS4B,69,26,62,8.011099436320467e-05
LAL030_b,69,6,30,8.011099436320467e-05
LAL171,69,2,9,8.011099436320467e-05
LH002m,69,9,39,8.011099436320467e-05
LH004m,69,6,26,8.011099436320467e-05
LHAV2b4,69,10,35,8.011099436320467e-05
LHCENT2,69,2,8,8.011099436320467e-05
LHPD4c1,69,2,10,8.011099436320467e-05
LHPV2e1_a,69,10,32,8.011099436320467e-05
M_adPNm5,69,9,28,8.011099436320467e-05
PVLP008_c,69,12,45,8.011099436320467e-05
SMP702m,69,4,17,8.011099436320467e-05
WED057,69,19,35,8.011099436320467e-05
pC1_3a,69,2,6,8.011099436320467e-05
AVLP036,68,4,38,7.894996545939011e-05
AVLP201,68,2,16,7.894996545939011e-05
AVLP370_a,68,2,11,7.894996545939011e-05
CB1934,68,2,13,7.894996545939011e-05
CL065,68,2,23,7.894996545939011e-05
DNp66,68,2,13,7.894996545939011e-05
LAL149,68,4,11,7.894996545939011e-05
LC25,68,35,50,7.894996545939011e-05
LHCENT4,68,2,29,7.894996545939011e-05
MeLo8,68,38,58,7.894996545939011e-05
MeVC25,68,2,14,7.894996545939011e-05
PLP074,68,2,20,7.894996545939011e-05
PVLP085,68,8,27,7.894996545939011e-05
VES020,68,6,43,7.894996545939011e-05
VES063,68,4,26,7.894996545939011e-05
AVLP040,67,9,36,7.778893655557555e-05
AVLP329,67,4,14,7.778893655557555e-05
AVLP399,67,2,6,7.778893655557555e-05
AstA1,67,2,23,7.778893655557555e-05
CB1268,67,11,26,7.778893655557555e-05
CB1357,67,11,30,7.778893655557555e-05
CB1956,67,6,19,7.778893655557555e-05
CB3466,67,4,22,7.778893655557555e-05
ExR3,67,2,26,7.778893655557555e-05
GNG105,67,2,17,7.778893655557555e-05
LH007m,67,8,32,7.778893655557555e-05
LPi12,67,4,8,7.778893655557555e-05
PVLP014,67,2,12,7.778893655557555e-05
PVLP101,67,8,35,7.778893655557555e-05
AVLP015,66,2,20,7.662790765176098e-05
AVLP038,66,8,42,7.662790765176098e-05
AVLP064,66,5,22,7.662790765176098e-05
AVLP300_a,66,4,23,7.662790765176098e-05
AVLP310,66,7,28,7.662790765176098e-05
AVLP448,66,2,10,7.662790765176098e-05
AVLP718m,66,5,15,7.662790765176098e-05
AVLP744m,66,7,23,7.662790765176098e-05
CRE021,66,2,29,7.662790765176098e-05
GNG317,66,2,8,7.662790765176098e-05
AVLP085,65,2,7,7.546687874794642e-05
AVLP176_b,65,5,28,7.546687874794642e-05
AVLP333,65,4,17,7.546687874794642e-05
AVLP396,65,2,12,7.546687874794642e-05
AVLP524_b,65,6,23,7.546687874794642e-05
AVLP729m,65,6,29,7.546687874794642e-05
CRE085,65,4,28,7.546687874794642e-05
CRE092,65,6,38,7.546687874794642e-05
DNp70,65,2,24,7.546687874794642e-05
FB4I,65,2,21,7.546687874794642e-05
LAL104,65,4,31,7.546687874794642e-05
LAL172,65,2,8,7.546687874794642e-05
LAL185,65,4,28,7.546687874794642e-05
LAL190,65,2,33,7.546687874794642e-05
LHCENT14,65,2,20,7.546687874794642e-05
LoVP100,65,2,13,7.546687874794642e-05
SMP012,65,4,28,7.546687874794642e-05
VES200m,65,11,43,7.546687874794642e-05
WED168,65,8,33,7.546687874794642e-05
AVLP115,64,12,28,7.430584984413188e-05
AVLP706m,64,6,37,7.430584984413188e-05
CB0381,64,4,23,7.430584984413188e-05
CB0929,64,6,28,7.430584984413188e-05
CB2049,64,5,23,7.430584984413188e-05
CB2655,64,4,13,7.430584984413188e-05
FB5R,64,4,9,7.430584984413188e-05
LC4,64,52,61,7.430584984413188e-05
LoVC25,64,20,38,7.430584984413188e-05
PPL107,64,2,28,7.430584984413188e-05
SAD010,64,2,28,7.430584984413188e-05
SMP245,64,10,33,7.430584984413188e-05
WED002,64,16,41,7.430584984413188e-05
WEDPN7A,64,7,27,7.430584984413188e-05
pC1_6a,64,6,25,7.430584984413188e-05
AVLP023,63,2,11,7.314482094031732e-05
AVLP311_a1,63,4,18,7.314482094031732e-05
AVLP489,63,4,17,7.314482094031732e-05
CRE080_c,63,2,49,7.314482094031732e-05
LAL169,63,2,13,7.314482094031732e-05
LAL196,63,6,24,7.314482094031732e-05
LAL304m,63,5,37,7.314482094031732e-05
LHPV2b3,63,14,26,7.314482094031732e-05
LT41,63,2,16,7.314482094031732e-05
M_l2PN3t18,63,4,20,7.314482094031732e-05
PVLP013,63,2,11,7.314482094031732e-05
SIP100m,63,10,24,7.314482094031732e-05
SMP154,63,2,24,7.314482094031732e-05
SMP456,63,2,29,7.314482094031732e-05
SMP476,63,4,32,7.314482094031732e-05
Tm4,63,56,59,7.314482094031732e-05
VES011,63,2,17,7.314482094031732e-05
WEDPN7B,63,8,25,7.314482094031732e-05
AVLP155_b,62,2,14,7.198379203650275e-05
AVLP169,62,2,7,7.198379203650275e-05
AVLP213,62,2,10,7.198379203650275e-05
AVLP243,62,4,25,7.198379203650275e-05
AVLP348,62,4,16,7.198379203650275e-05
AVLP430,62,2,10,7.198379203650275e-05
AVLP498,62,2,18,7.198379203650275e-05
AVLP752m,62,6,23,7.198379203650275e-05
CB4116,62,17,33,7.198379203650275e-05
CRE016,62,6,27,7.198379203650275e-05
LAL059,62,6,18,7.198379203650275e-05
LNOa,62,2,18,7.198379203650275e-05
LoVP5,62,22,43,7.198379203650275e-05
PLP254,62,4,17,7.198379203650275e-05
PVLP047,62,8,32,7.198379203650275e-05
aIPg8,62,3,18,7.198379203650275e-05
AVLP112,61,4,18,7.08227631326882e-05
AVLP299_b,61,6,32,7.08227631326882e-05
AVLP418,61,2,10,7.08227631326882e-05
AVLP435_b,61,2,9,7.08227631326882e-05
AVLP494,61,6,30,7.08227631326882e-05
AVLP505,61,2,15,7.08227631326882e-05
CB1085,61,5,27,7.08227631326882e-05
CB1148,61,13,42,7.08227631326882e-05
CB2538,61,4,13,7.08227631326882e-05
CB3056,61,6,30,7.08227631326882e-05
CB4168,61,8,32,7.08227631326882e-05
CRE043_c2,61,2,17,7.08227631326882e-05
CRE083,61,6,28,7.08227631326882e-05
DNa11,61,2,20,7.08227631326882e-05
GNG506,61,2,11,7.08227631326882e-05
LAL134,61,2,24,7.08227631326882e-05
LCNOp,61,2,25,7.08227631326882e-05
SIP123m,61,4,10,7.08227631326882e-05
Tm40,61,52,61,7.08227631326882e-05
pC1_16b,61,8,30,7.08227631326882e-05
AVLP026,60,14,42,6.966173422887363e-05
FB5W_a,60,6,33,6.966173422887363e-05
LAL165,60,2,19,6.966173422887363e-05
Li38,60,2,8,6.966173422887363e-05
PVLP060,60,6,20,6.966173422887363e-05
PVLP096,60,4,22,6.966173422887363e-05
PVLP120,60,2,15,6.966173422887363e-05
SIP073,60,6,20,6.966173422887363e-05
SIP141m,60,6,13,6.966173422887363e-05
T4c,60,57,59,6.966173422887363e-05
VES203m,60,6,31,6.966173422887363e-05
WED035,60,10,21,6.966173422887363e-05
WED092,60,10,41,6.966173422887363e-05
aSP10A_a,60,6,19,6.966173422887363e-05
AVLP152,59,2,10,6.850070532505907e-05
AVLP374,59,4,9,6.850070532505907e-05
CB1570,59,9,9,6.850070532505907e-05
CB2676,59,2,11,6.850070532505907e-05
CB3305,59,3,17,6.850070532505907e-05
CRE059,59,4,32,6.850070532505907e-05
CRE105,59,2,39,6.850070532505907e-05
LAL189,59,6,24,6.850070532505907e-05
LAL192,59,2,19,6.850070532505907e-05
LHAV1a3,59,12,35,6.850070532505907e-05
LoVP50,59,7,30,6.850070532505907e-05
MeLo3a,59,43,53,6.850070532505907e-05
OA-VUMa2,59,2,14,6.850070532505907e-05
PLP115_b,59,16,34,6.850070532505907e-05
SIP135m,59,10,36,6.850070532505907e-05
SLP179_b,59,12,12,6.850070532505907e-05
SMP568_d,59,3,17,6.850070532505907e-05
AN08B026,58,6,16,6.733967642124451e-05
ATL026,58,2,10,6.733967642124451e-05
AVLP004_a,58,7,25,6.733967642124451e-05
AVLP067,58,4,20,6.733967642124451e-05
AVLP292,58,5,22,6.733967642124451e-05
AVLP559,58,8,29,6.733967642124451e-05
AVLP731m,58,4,20,6.733967642124451e-05
CB1339,58,10,27,6.733967642124451e-05
GNG579,58,2,20,6.733967642124451e-05
LAL042,58,2,15,6.733967642124451e-05
LAL109,58,4,16,6.733967642124451e-05
LH003m,58,6,30,6.733967642124451e-05
SMP568_c,58,4,26,6.733967642124451e-05
SMP744,58,2,36,6.733967642124451e-05
TmY18,58,53,55,6.733967642124451e-05
VES045,58,2,20,6.733967642124451e-05
AVLP409,57,4,17,6.617864751742995e-05
AVLP533,57,2,6,6.617864751742995e-05
CB2674,57,5,27,6.617864751742995e-05
CB3427,57,2,14,6.617864751742995e-05
GNG515,57,2,6,6.617864751742995e-05
LAL002,57,2,16,6.617864751742995e-05
LAL034,57,8,21,6.617864751742995e-05
LAL206,57,4,22,6.617864751742995e-05
LoVC11,57,2,20,6.617864751742995e-05
LoVP2,57,31,50,6.617864751742995e-05
PLP256,57,2,12,6.617864751742995e-05
PVLP138,57,2,19,6.617864751742995e-05
SLP003,57,2,14,6.617864751742995e-05
SLP369,57,12,13,6.617864751742995e-05
SMP050,57,2,24,6.617864751742995e-05
SMP110,57,4,26,6.617864751742995e-05
SMP144,57,2,11,6.617864751742995e-05
SMP146,57,2,29,6.617864751742995e-05
SMP199,57,2,18,6.617864751742995e-05
VES047,57,2,17,6.617864751742995e-05
AVLP455,56,3,13,6.501761861361539e-05
AVLP502,56,2,14,6.501761861361539e-05
CB2321,56,4,14,6.501761861361539e-05
CB2339,56,4,24,6.501761861361539e-05
CB2659,56,5,31,6.501761861361539e-05
CL212,56,2,18,6.501761861361539e-05
CRE025,56,2,24,6.501761861361539e-05
CRE043_c1,56,2,12,6.501761861361539e-05
DNp30,56,2,20,6.501761861361539e-05
DNp35,56,2,10,6.501761861361539e-05
LAL108,56,2,10,6.501761861361539e-05
LAL122,56,2,12,6.501761861361539e-05
LHPV6q1,56,2,19,6.501761861361539e-05
LT75,56,2,11,6.501761861361539e-05
LoVCLo2,56,2,25,6.501761861361539e-05
PLP015,56,4,18,6.501761861361539e-05
PVLP004,56,15,36,6.501761861361539e-05
SMP543,56,2,24,6.501761861361539e-05
VP4+VL1_l2PN,56,2,19,6.501761861361539e-05
vLN25,56,4,8,6.501761861361539e-05
AVLP244,55,6,18,6.385658970980083e-05
AVLP315,55,2,13,6.385658970980083e-05
AVLP339,55,2,9,6.385658970980083e-05
AVLP591,55,2,13,6.385658970980083e-05
CB1099,55,5,19,6.385658970980083e-05
FB1B,55,4,23,6.385658970980083e-05
FB5C,55,3,27,6.385658970980083e-05
FS3_a,55,15,45,6.385658970980083e-05
FS3_c,55,14,41,6.385658970980083e-05
LAL020,55,4,8,6.385658970980083e-05
LAL037,55,4,8,6.385658970980083e-05
LC18,55,46,54,6.385658970980083e-05
LC39a,55,6,20,6.385658970980083e-05
LoVC20,55,2,15,6.385658970980083e-05
SIP075,55,6,11,6.385658970980083e-05
Tm29,55,52,53,6.385658970980083e-05
VES003,55,2,10,6.385658970980083e-05
VL2a_vPN,55,6,10,6.385658970980083e-05
WED016,55,2,5,6.385658970980083e-05
pC1_12b,55,4,17,6.385658970980083e-05
pC1_1a,55,7,33,6.385658970980083e-05
AVLP593,54,2,20,6.269556080598627e-05
AVLP742m,54,6,37,6.269556080598627e-05
CB2412,54,4,15,6.269556080598627e-05
FB1E_a,54,5,29,6.269556080598627e-05
FB2H_a,54,2,17,6.269556080598627e-05
FB3E,54,2,17,6.269556080598627e-05
FB4Q_b,54,2,13,6.269556080598627e-05
FB5E,54,2,17,6.269556080598627e-05
LAL124,54,2,12,6.269556080598627e-05
LC31a,54,26,46,6.269556080598627e-05
LHAV2b1,54,8,22,6.269556080598627e-05
LHCENT11,54,2,27,6.269556080598627e-05
LPi3412,54,34,42,6.269556080598627e-05
LoVP89,54,5,25,6.269556080598627e-05
LoVP90a,54,2,8,6.269556080598627e-05
PLP132,54,2,18,6.269556080598627e-05
PVLP150,54,2,11,6.269556080598627e-05
SMP077,54,2,19,6.269556080598627e-05
SMP386,54,2,17,6.269556080598627e-05
VES010,54,2,13,6.269556080598627e-05
WED164,54,13,27,6.269556080598627e-05
mAL_m1,54,12,25,6.269556080598627e-05
ATL032,53,2,5,6.15345319021717e-05
AVLP045,53,10,32,6.15345319021717e-05
AVLP062,53,4,17,6.15345319021717e-05
AVLP109,53,6,19,6.15345319021717e-05
CB1330,53,9,30,6.15345319021717e-05
CB1434,53,6,19,6.15345319021717e-05
CB2066,53,10,20,6.15345319021717e-05
CB4073,53,15,41,6.15345319021717e-05
CB4163,53,6,29,6.15345319021717e-05
CRE034,53,4,24,6.15345319021717e-05
CRE049,53,2,20,6.15345319021717e-05
CRE051,53,6,26,6.15345319021717e-05
CRE052,53,8,30,6.15345319021717e-05
DNa02,53,2,9,6.15345319021717e-05
DNp103,53,2,17,6.15345319021717e-05
DNpe052,53,2,16,6.15345319021717e-05
FB4E_c,53,2,21,6.15345319021717e-05
GNG104,53,2,22,6.15345319021717e-05
GNG321,53,2,13,6.15345319021717e-05
LAL011,53,2,14,6.15345319021717e-05
LAL021,53,8,20,6.15345319021717e-05
LAL125,53,2,10,6.15345319021717e-05
LAL135,53,2,11,6.15345319021717e-05
LPT114,53,20,39,6.15345319021717e-05
LT11,53,2,11,6.15345319021717e-05
OA-AL2i1,53,2,21,6.15345319021717e-05
PLP001,53,3,15,6.15345319021717e-05
SIP086,53,2,8,6.15345319021717e-05
AVLP156,52,2,14,6.0373502998357144e-05
AVLP209,52,2,15,6.0373502998357144e-05
AVLP210,52,2,12,6.0373502998357144e-05
AVLP296_b,52,2,8,6.0373502998357144e-05
AVLP462,52,8,35,6.0373502998357144e-05
CB1498,52,3,11,6.0373502998357144e-05
CB2286,52,3,13,6.0373502998357144e-05
CB4208,52,9,26,6.0373502998357144e-05
CL063,52,2,14,6.0373502998357144e-05
CL129,52,2,20,6.0373502998357144e-05
CL199,52,2,26,6.0373502998357144e-05
DNde002,52,2,19,6.0373502998357144e-05
FB5G_a,52,4,8,6.0373502998357144e-05
LAL008,52,2,23,6.0373502998357144e-05
LAL116,52,2,21,6.0373502998357144e-05
LAL152,52,2,22,6.0373502998357144e-05
LAL303m,52,5,28,6.0373502998357144e-05
LHAD1a2,52,14,24,6.0373502998357144e-05
LHAV9a1_c,52,6,25,6.0373502998357144e-05
LHPD2c2,52,10,36,6.0373502998357144e-05
LT62,52,2,14,6.0373502998357144e-05
LT65,52,2,8,6.0373502998357144e-05
LoVP32,52,6,22,6.0373502998357144e-05
PVLP012,52,4,20,6.0373502998357144e-05
PVLP021,52,4,14,6.0373502998357144e-05
PVLP111,52,9,31,6.0373502998357144e-05
SIP102m,52,2,15,6.0373502998357144e-05
mALD3,52,2,20,6.0373502998357144e-05
AVLP034,51,2,19,5.9212474094542583e-05
AVLP165,51,4,16,5.9212474094542583e-05
CB2719,51,4,25,5.9212474094542583e-05
CRE088,51,4,24,5.9212474094542583e-05
DCH,51,2,8,5.9212474094542583e-05
DNg100,51,2,21,5.9212474094542583e-05
DNg104,51,2,18,5.9212474094542583e-05
FB2I_b,51,2,18,5.9212474094542583e-05
FB3D,51,1,10,5.9212474094542583e-05
IB017,51,2,21,5.9212474094542583e-05
LAL010,51,2,14,5.9212474094542583e-05
LAL167,51,4,19,5.9212474094542583e-05
LHAV1d2,51,10,20,5.9212474094542583e-05
LHAV6a3,51,11,11,5.9212474094542583e-05
LHPV10b1,51,2,17,5.9212474094542583e-05
LoVP27,51,10,27,5.9212474094542583e-05
PVLP112,51,8,27,5.9212474094542583e-05
PVLP210m,51,6,25,5.9212474094542583e-05
SMP157,51,2,20,5.9212474094542583e-05
SMP593,51,2,24,5.9212474094542583e-05
Tm12,51,48,50,5.9212474094542583e-05
VES019,51,6,37,5.9212474094542583e-05
pC1_10b,51,4,16,5.9212474094542583e-05
AOTU019,50,2,20,5.805144519072802e-05
ATL022,50,2,10,5.805144519072802e-05
ATL025,50,2,7,5.805144519072802e-05
AVLP117,50,5,23,5.805144519072802e-05
AVLP176_c,50,5,22,5.805144519072802e-05
AVLP290_b,50,4,16,5.805144519072802e-05
AVLP299_d,50,5,29,5.805144519072802e-05
AVLP300_b,50,4,18,5.805144519072802e-05
AVLP440,50,1,5,5.805144519072802e-05
AVLP709m,50,8,28,5.805144519072802e-05
CB1108,50,2,15,5.805144519072802e-05
CL274,50,7,33,5.805144519072802e-05
CRE014,50,4,20,5.805144519072802e-05
CRE089,50,2,14,5.805144519072802e-05
DNp71,50,2,14,5.805144519072802e-05
DNpe025,50,2,16,5.805144519072802e-05
FB1D,50,5,20,5.805144519072802e-05
FB5Q,50,4,16,5.805144519072802e-05
IB005,50,2,6,5.805144519072802e-05
LAL029_c,50,2,9,5.805144519072802e-05
LAL195,50,2,16,5.805144519072802e-05
LAL200,50,2,19,5.805144519072802e-05
LHPV4a1,50,6,14,5.805144519072802e-05
LHPV4c1_c,50,8,10,5.805144519072802e-05
LHPV6k1,50,6,18,5.805144519072802e-05
LPT112,50,26,38,5.805144519072802e-05
MeTu4c,50,42,46,5.805144519072802e-05
PPM1201,50,4,25,5.805144519072802e-05
SMP011_a,50,2,18,5.805144519072802e-05
VCH,50,2,9,5.805144519072802e-05
aSP10C_a,50,9,21,5.805144519072802e-05
AL-MBDL1,49,2,17,5.689041628691346e-05
AN06B009,49,2,23,5.689041628691346e-05
AVLP051,49,6,27,5.689041628691346e-05
AVLP191,49,11,26,5.689041628691346e-05
AVLP281,49,2,10,5.689041628691346e-05
CB1185,49,4,26,5.689041628691346e-05
CB2117,49,5,15,5.689041628691346e-05
CB3391,49,5,23,5.689041628691346e-05
CL248,49,2,15,5.689041628691346e-05
CRE008,49,2,18,5.689041628691346e-05
CRE070,49,2,18,5.689041628691346e-05
CRE094,49,5,23,5.689041628691346e-05
DNge135,49,2,18,5.689041628691346e-05
DNpe031,49,4,18,5.689041628691346e-05
ER3m,49,16,36,5.689041628691346e-05
FB4Z_a,49,8,33,5.689041628691346e-05
GNG525,49,2,8,5.689041628691346e-05
IB118,49,2,16,5.689041628691346e-05
LHAV9a1_b,49,6,35,5.689041628691346e-05
LT46,49,2,10,5.689041628691346e-05
LT73,49,3,13,5.689041628691346e-05
MeVP53,49,2,8,5.689041628691346e-05
PLP017,49,4,21,5.689041628691346e-05
PLP058,49,2,10,5.689041628691346e-05
SLP056,49,2,8,5.689041628691346e-05
WEDPN17_a1,49,7,27,5.689041628691346e-05
WEDPN8C,49,13,30,5.689041628691346e-05
pC1_10a,49,2,16,5.689041628691346e-05
AVLP139,48,4,19,5.57293873830989e-05
AVLP166,48,4,22,5.57293873830989e-05
AVLP390,48,4,16,5.57293873830989e-05
AVLP590,48,2,16,5.57293873830989e-05
AVLP751m,48,2,18,5.57293873830989e-05
CB1109,48,10,31,5.57293873830989e-05
CB3666,48,4,19,5.57293873830989e-05
CB3863,48,2,9,5.57293873830989e-05
CL213,48,2,12,5.57293873830989e-05
CRE046,48,2,13,5.57293873830989e-05
IB012,48,2,19,5.57293873830989e-05
LAL071,48,8,24,5.57293873830989e-05
LAL117,48,4,23,5.57293873830989e-05
LHPV7c1,48,2,23,5.57293873830989e-05
LoVP93,48,11,30,5.57293873830989e-05
PLP162,48,4,26,5.57293873830989e-05
PVLP149,48,4,22,5.57293873830989e-05
SIP037,48,6,23,5.57293873830989e-05
SIP053,48,10,32,5.57293873830989e-05
SIP117m,48,2,8,5.57293873830989e-05
SMP544,48,2,25,5.57293873830989e-05
SMP555,48,2,13,5.57293873830989e-05
WEDPN17_c,48,8,21,5.57293873830989e-05
AVLP437,47,2,10,5.456835847928434e-05
AVLP558,47,6,20,5.456835847928434e-05
CB0431,47,2,15,5.456835847928434e-05
CB2143,47,8,33,5.456835847928434e-05
CB2491,47,3,15,5.456835847928434e-05
CB2706,47,2,10,5.456835847928434e-05
CRE066,47,4,41,5.456835847928434e-05
DNp29,47,2,23,5.456835847928434e-05
FS3_d,47,22,40,5.456835847928434e-05
IB064,47,2,25,5.456835847928434e-05
LHAV2k8,47,2,10,5.456835847928434e-05
LHPV2a3,47,5,15,5.456835847928434e-05
LT40,47,2,18,5.456835847928434e-05
PLP247,47,2,11,5.456835847928434e-05
PVLP028,47,4,24,5.456835847928434e-05
SIP103m,47,9,16,5.456835847928434e-05
SMP150,47,2,16,5.456835847928434e-05
SMP237,47,2,13,5.456835847928434e-05
SMP273,47,2,19,5.456835847928434e-05
SMP457,47,2,19,5.456835847928434e-05
VES001,47,2,11,5.456835847928434e-05
ATL015,46,2,7,5.340732957546978e-05
AVLP186,46,4,20,5.340732957546978e-05
AVLP187,46,9,31,5.340732957546978e-05
AVLP219_a,46,4,16,5.340732957546978e-05
AVLP552,46,2,8,5.340732957546978e-05
AVLP584,46,8,21,5.340732957546978e-05
CB0582,46,2,10,5.340732957546978e-05
CB1149,46,7,25,5.340732957546978e-05
CB3697,46,4,5,5.340732957546978e-05
CB4121,46,8,8,5.340732957546978e-05
CL109,46,2,21,5.340732957546978e-05
CL144,46,2,10,5.340732957546978e-05
CL286,46,2,16,5.340732957546978e-05
CL319,46,2,18,5.340732957546978e-05
FB5L,46,2,11,5.340732957546978e-05
LAL302m,46,8,31,5.340732957546978e-05
LHPD5c1,46,2,4,5.340732957546978e-05
LT54,46,2,13,5.340732957546978e-05
LoVP90b,46,2,12,5.340732957546978e-05
MeLo10,46,30,43,5.340732957546978e-05
MeVPLo1,46,4,23,5.340732957546978e-05
OA-VUMa3,46,2,20,5.340732957546978e-05
PPL202,46,2,15,5.340732957546978e-05
SIP042_a,46,6,25,5.340732957546978e-05
WEDPN12,46,2,16,5.340732957546978e-05
aMe_TBD1,46,2,19,5.340732957546978e-05
AVLP081,45,2,10,5.224630067165522e-05
AVLP102,45,2,7,5.224630067165522e-05
AVLP154,45,2,13,5.224630067165522e-05
AVLP164,45,4,19,5.224630067165522e-05
AVLP176_d,45,5,24,5.224630067165522e-05
AVLP251,45,2,14,5.224630067165522e-05
AVLP314,45,2,13,5.224630067165522e-05
AVLP407,45,4,14,5.224630067165522e-05
AVLP454_a2,45,2,10,5.224630067165522e-05
AVLP547,45,2,5,5.224630067165522e-05
AVLP702m,45,4,24,5.224630067165522e-05
CB1114,45,10,10,5.224630067165522e-05
CB2453,45,4,21,5.224630067165522e-05
CB3910,45,3,24,5.224630067165522e-05
CL256,45,2,14,5.224630067165522e-05
CRE037,45,6,35,5.224630067165522e-05
DNp42,45,2,15,5.224630067165522e-05
FB5B,45,6,22,5.224630067165522e-05
GNG502,45,2,6,5.224630067165522e-05
LHAD1b5,45,12,20,5.224630067165522e-05
LHAD1f2,45,2,6,5.224630067165522e-05
M_l2PNm16,45,4,21,5.224630067165522e-05
MeTu4a,45,36,41,5.224630067165522e-05
MeVCMe1,45,4,26,5.224630067165522e-05
PVLP048,45,8,26,5.224630067165522e-05
PVLP092,45,6,20,5.224630067165522e-05
PVLP118,45,4,23,5.224630067165522e-05
SIP074_b,45,6,11,5.224630067165522e-05
SIP112m,45,8,16,5.224630067165522e-05
SLP057,45,2,8,5.224630067165522e-05
SLP176,45,13,15,5.224630067165522e-05
TuBu01,45,10,30,5.224630067165522e-05
TuBu05,45,10,27,5.224630067165522e-05
VES013,45,2,9,5.224630067165522e-05
WED129,45,4,10,5.224630067165522e-05
AOTU101m,44,2,18,5.108527176784066e-05
AVLP059,44,4,15,5.108527176784066e-05
AVLP219_c,44,6,24,5.108527176784066e-05
AVLP290_a,44,2,10,5.108527176784066e-05
AVLP293,44,4,16,5.108527176784066e-05
AVLP347,44,4,16,5.108527176784066e-05
CB0677,44,2,9,5.108527176784066e-05
CB1504,44,5,12,5.108527176784066e-05
CL261,44,4,32,5.108527176784066e-05
DNbe003,44,2,13,5.108527176784066e-05
DNp36,44,2,5,5.108527176784066e-05
DNp62,44,2,28,5.108527176784066e-05
DNpe056,44,2,12,5.108527176784066e-05
FLA001m,44,11,20,5.108527176784066e-05
IB031,44,4,21,5.108527176784066e-05
LAL073,44,2,5,5.108527176784066e-05
LAL136_b,44,7,28,5.108527176784066e-05
LAL203,44,4,26,5.108527176784066e-05
LAL300m,44,4,19,5.108527176784066e-05
LHAV5a8,44,6,9,5.108527176784066e-05
LHPD2a6,44,8,24,5.108527176784066e-05
LPT100,44,25,31,5.108527176784066e-05
LoVP106,44,2,8,5.108527176784066e-05
LoVP68,44,2,11,5.108527176784066e-05
PLP163,44,2,16,5.108527176784066e-05
PVLP137,44,2,12,5.108527176784066e-05
PVLP202m,44,6,25,5.108527176784066e-05
SIP115m,44,4,14,5.108527176784066e-05
SLP279,44,2,11,5.108527176784066e-05
SLP438,44,4,19,5.108527176784066e-05
SMP008,44,9,26,5.108527176784066e-05
SMP010,44,2,17,5.108527176784066e-05
T5b,44,42,43,5.108527176784066e-05
VES054,44,2,12,5.108527176784066e-05
WED108,44,2,12,5.108527176784066e-05
pC1_11b,44,2,13,5.108527176784066e-05
AVLP087,43,2,6,4.99242428640261e-05
AVLP256,43,6,16,4.99242428640261e-05
AVLP546,43,2,4,4.99242428640261e-05
AVLP573,43,2,14,4.99242428640261e-05
AVLP574,43,4,15,4.99242428640261e-05
CB0391,43,3,14,4.99242428640261e-05
CB3450,43,4,19,4.99242428640261e-05
CB4082,43,11,32,4.99242428640261e-05
CL001,43,2,18,4.99242428640261e-05
CL030,43,4,19,4.99242428640261e-05
CL042,43,4,9,4.99242428640261e-05
CRE003_a,43,7,19,4.99242428640261e-05
GNG304,43,2,16,4.99242428640261e-05
LAL028,43,3,13,4.99242428640261e-05
LAL045,43,2,16,4.99242428640261e-05
LAL060_b,43,6,17,4.99242428640261e-05
LAL075,43,2,11,4.99242428640261e-05
LAL162,43,2,11,4.99242428640261e-05
LHPV3b1_b,43,6,16,4.99242428640261e-05
LPi2e,43,32,38,4.99242428640261e-05
LT37,43,2,9,4.99242428640261e-05
LoVP103,43,2,10,4.99242428640261e-05
MeVC4a,43,2,23,4.99242428640261e-05
PLP026,43,8,27,4.99242428640261e-05
SAD045,43,10,29,4.99242428640261e-05
SIP047,43,10,25,4.99242428640261e-05
SLP012,43,8,10,4.99242428640261e-05
SLP314,43,8,21,4.99242428640261e-05
SLP421,43,10,14,4.99242428640261e-05
SLP457,43,4,21,4.99242428640261e-05
SMP715m,43,4,29,4.99242428640261e-05
VES033,43,7,20,4.99242428640261e-05
WED046,43,2,9,4.99242428640261e-05
AN09B004,42,10,24,4.876321396021154e-05
AOTU103m,42,4,19,4.876321396021154e-05
AVLP069_c,42,6,22,4.876321396021154e-05
AVLP124,42,4,12,4.876321396021154e-05
AVLP168,42,6,22,4.876321396021154e-05
AVLP189_b,42,5,20,4.876321396021154e-05
AVLP283,42,5,19,4.876321396021154e-05
AVLP303,42,5,21,4.876321396021154e-05
AVLP433_a,42,2,16,4.876321396021154e-05
AVLP480,42,8,26,4.876321396021154e-05
AVLP567,42,4,16,4.876321396021154e-05
CB0115,42,6,21,4.876321396021154e-05
CB1020,42,6,9,4.876321396021154e-05
CB2133,42,6,16,4.876321396021154e-05
CB2469,42,6,24,4.876321396021154e-05
CB3660,42,5,21,4.876321396021154e-05
CB4120,42,13,16,4.876321396021154e-05
CL080,42,4,16,4.876321396021154e-05
CL257,42,2,13,4.876321396021154e-05
CL267,42,4,18,4.876321396021154e-05
CRE043_b,42,2,22,4.876321396021154e-05
CRE071,42,2,17,4.876321396021154e-05
DNae005,42,2,13,4.876321396021154e-05
DNp34,42,2,13,4.876321396021154e-05
FB5P,42,4,20,4.876321396021154e-05
LAL013,42,2,21,4.876321396021154e-05
LAL101,42,2,15,4.876321396021154e-05
LAL160,42,2,15,4.876321396021154e-05
LHAV5a4_c,42,4,7,4.876321396021154e-05
LPT111,42,35,40,4.876321396021154e-05
LoVC2,42,2,11,4.876321396021154e-05
OLVC2,42,2,15,4.876321396021154e-05
PVLP049,42,4,19,4.876321396021154e-05
PVLP206m,42,4,23,4.876321396021154e-05
PVLP207m,42,8,27,4.876321396021154e-05
PVLP214m,42,9,31,4.876321396021154e-05
SIP118m,42,7,27,4.876321396021154e-05
SLP112,42,6,12,4.876321396021154e-05
SLP160,42,9,17,4.876321396021154e-05
SLP217,42,8,24,4.876321396021154e-05
SMP556,42,2,12,4.876321396021154e-05
VL1_ilPN,42,2,7,4.876321396021154e-05
VL2p_adPN,42,2,4,4.876321396021154e-05
WEDPN11,42,2,12,4.876321396021154e-05
AN19B019,41,2,23,4.760218505639698e-05
AVLP039,41,6,19,4.760218505639698e-05
AVLP332,41,2,10,4.760218505639698e-05
AVLP504,41,2,9,4.760218505639698e-05
AVLP762m,41,5,21,4.760218505639698e-05
CB2037,41,6,27,4.760218505639698e-05
CRE054,41,9,22,4.760218505639698e-05
CRE056,41,8,25,4.760218505639698e-05
DNpe020,41,2,22,4.760218505639698e-05
GNG661,41,2,17,4.760218505639698e-05
LAL043_e,41,2,18,4.760218505639698e-05
LAL081,41,2,8,4.760218505639698e-05
LHPD2a2,41,10,24,4.760218505639698e-05
LHPV2d1,41,4,19,4.760218505639698e-05
LHPV4g1,41,11,20,4.760218505639698e-05
LLPC4,41,6,15,4.760218505639698e-05
LT35,41,2,18,4.760218505639698e-05
LT43,41,4,17,4.760218505639698e-05
LoVP84,41,7,24,4.760218505639698e-05
PLP209,41,2,16,4.760218505639698e-05
PS077,41,14,34,4.760218505639698e-05
PVLP127,41,3,16,4.760218505639698e-05
SCL001m,41,10,24,4.760218505639698e-05
SIP011,41,8,19,4.760218505639698e-05
SLP212_c,41,2,11,4.760218505639698e-05
SLP285,41,12,22,4.760218505639698e-05
SMP011_b,41,2,16,4.760218505639698e-05
SMP472,41,4,27,4.760218505639698e-05
SMP589,41,2,15,4.760218505639698e-05
VES053,41,2,17,4.760218505639698e-05
WEDPN4,41,2,23,4.760218505639698e-05
pIP1,41,2,17,4.760218505639698e-05
ATL029,40,2,8,4.644115615258242e-05
AVLP120,40,5,18,4.644115615258242e-05
AVLP160,40,2,8,4.644115615258242e-05
AVLP215,40,2,12,4.644115615258242e-05
AVLP232,40,12,26,4.644115615258242e-05
AVLP321,40,2,11,4.644115615258242e-05
AVLP331a,40,2,11,4.644115615258242e-05
AVLP405,40,4,14,4.644115615258242e-05
AVLP457,40,2,13,4.644115615258242e-05
AVLP507,40,2,11,4.644115615258242e-05
AVLP724m,40,2,12,4.644115615258242e-05
AVLP739m,40,5,21,4.644115615258242e-05
CB1300,40,4,19,4.644115615258242e-05
CB1748,40,2,12,4.644115615258242e-05
CB2251,40,5,21,4.644115615258242e-05
CRE068,40,4,24,4.644115615258242e-05
CRE072,40,4,25,4.644115615258242e-05
LAL157,40,2,21,4.644115615258242e-05
LAL176,40,2,20,4.644115615258242e-05
LHPV2c5,40,7,16,4.644115615258242e-05
LHPV5c1,40,11,12,4.644115615258242e-05
MeVC2,40,2,19,4.644115615258242e-05
PS292,40,4,19,4.644115615258242e-05
PVLP002,40,2,13,4.644115615258242e-05
PVLP008_b,40,4,20,4.644115615258242e-05
PVLP046,40,14,29,4.644115615258242e-05
PVLP144,40,6,31,4.644115615258242e-05
PVLP204m,40,6,20,4.644115615258242e-05
SIP066,40,4,26,4.644115615258242e-05
SLP004,40,2,10,4.644115615258242e-05
SMP018,40,19,29,4.644115615258242e-05
SMP076,40,2,23,4.644115615258242e-05
SMP117_a,40,2,16,4.644115615258242e-05
T5d,40,39,40,4.644115615258242e-05
VES204m,40,6,24,4.644115615258242e-05
WED157,40,6,18,4.644115615258242e-05
AVLP145,39,11,25,4.528012724876786e-05
AVLP179,39,4,20,4.528012724876786e-05
AVLP183,39,5,16,4.528012724876786e-05
AVLP217,39,2,7,4.528012724876786e-05
AVLP264,39,4,15,4.528012724876786e-05
AVLP373,39,2,9,4.528012724876786e-05
AVLP417,39,4,14,4.528012724876786e-05
AVLP725m,39,4,14,4.528012724876786e-05
CB0079,39,2,9,4.528012724876786e-05
CB1220,39,9,18,4.528012724876786e-05
CB1457,39,9,16,4.528012724876786e-05
CB2207,39,7,20,4.528012724876786e-05
CB3791,39,3,4,4.528012724876786e-05
CB4162,39,4,17,4.528012724876786e-05
CL211,39,2,14,4.528012724876786e-05
CRE020,39,4,15,4.528012724876786e-05
CRE043_a2,39,2,21,4.528012724876786e-05
CRE079,39,2,15,4.528012724876786e-05
DNp69,39,2,15,4.528012724876786e-05
FB2J_b,39,2,13,4.528012724876786e-05
FB6S,39,8,23,4.528012724876786e-05
IB024,39,2,9,4.528012724876786e-05
LAL156_b,39,2,11,4.528012724876786e-05
LAL186,39,2,9,4.528012724876786e-05
LC41,39,12,30,4.528012724876786e-05
LHAV2g5,39,4,19,4.528012724876786e-05
LHPD2a1,39,9,17,4.528012724876786e-05
LT74,39,6,24,4.528012724876786e-05
LoVC27,39,10,27,4.528012724876786e-05
PLP019,39,2,15,4.528012724876786e-05
PLP142,39,4,16,4.528012724876786e-05
PLP144,39,2,13,4.528012724876786e-05
PPM1205,39,2,8,4.528012724876786e-05
PVLP114,39,2,21,4.528012724876786e-05
SIP025,39,2,12,4.528012724876786e-05
SMP109,39,2,18,4.528012724876786e-05
SMP122,39,3,25,4.528012724876786e-05
SMP180,39,2,16,4.528012724876786e-05
SMP185,39,2,13,4.528012724876786e-05
SMP728m,39,5,21,4.528012724876786e-05
VES005,39,2,13,4.528012724876786e-05
WED034,39,6,15,4.528012724876786e-05
WEDPN14,39,6,18,4.528012724876786e-05
pC1_10d,39,3,12,4.528012724876786e-05
ANXXX250,38,2,9,4.41190983449533e-05
AOTU033,38,2,14,4.41190983449533e-05
AOTU059,38,10,23,4.41190983449533e-05
AVLP019,38,2,11,4.41190983449533e-05
AVLP044_b,38,3,14,4.41190983449533e-05
AVLP149,38,12,26,4.41190983449533e-05
AVLP175,38,2,15,4.41190983449533e-05
AVLP338,38,4,16,4.41190983449533e-05
AVLP410,38,6,21,4.41190983449533e-05
AVLP521,38,6,26,4.41190983449533e-05
CB1255,38,3,15,4.41190983449533e-05
CB1534,38,3,14,4.41190983449533e-05
CB2846,38,4,15,4.41190983449533e-05
CB3545,38,4,14,4.41190983449533e-05
CB4225,38,5,19,4.41190983449533e-05
CL058,38,2,8,4.41190983449533e-05
DNg13,38,2,11,4.41190983449533e-05
DNp52,38,2,16,4.41190983449533e-05
ER2_d,38,5,17,4.41190983449533e-05
IB062,38,2,21,4.41190983449533e-05
ICL012m,38,4,17,4.41190983449533e-05
LAL208,38,2,10,4.41190983449533e-05
LHAV6b3,38,11,12,4.41190983449533e-05
LHPV5g1_b,38,7,20,4.41190983449533e-05
LPT23,38,6,11,4.41190983449533e-05
Li30,38,10,24,4.41190983449533e-05
LoVP10,38,11,25,4.41190983449533e-05
LoVP59,38,2,7,4.41190983449533e-05
PPL108,38,2,19,4.41190983449533e-05
PVLP107,38,2,12,4.41190983449533e-05
SIP054,38,4,23,4.41190983449533e-05
SIP107m,38,2,7,4.41190983449533e-05
SIP124m,38,7,14,4.41190983449533e-05
SLP327,38,4,5,4.41190983449533e-05
SMP049,38,2,19,4.41190983449533e-05
SMP052,38,4,26,4.41190983449533e-05
SMP053,38,2,18,4.41190983449533e-05
SMP477,38,4,19,4.41190983449533e-05
TmY15,38,32,35,4.41190983449533e-05
VES023,38,7,27,4.41190983449533e-05
WED060,38,4,18,4.41190983449533e-05
WED104,38,2,8,4.41190983449533e-05
pC1_7b,38,4,14,4.41190983449533e-05
AN17B012,37,2,6,4.2958069441138736e-05
AVLP088,37,2,12,4.2958069441138736e-05
AVLP158,37,2,15,4.2958069441138736e-05
AVLP193,37,2,12,4.2958069441138736e-05
AVLP325_b,37,5,23,4.2958069441138736e-05
AVLP523,37,6,17,4.2958069441138736e-05
AVLP712m,37,2,15,4.2958069441138736e-05
CB1073,37,6,8,4.2958069441138736e-05
CB1238,37,4,7,4.2958069441138736e-05
CB3439,37,6,22,4.2958069441138736e-05
CB3569,37,4,9,4.2958069441138736e-05
CB3908,37,6,22,4.2958069441138736e-05
CB4194,37,7,26,4.2958069441138736e-05
CL356,37,4,22,4.2958069441138736e-05
CL360,37,2,13,4.2958069441138736e-05
CL365,37,4,28,4.2958069441138736e-05
CRE017,37,4,14,4.2958069441138736e-05
DNb05,37,2,10,4.2958069441138736e-05
DNp23,37,2,12,4.2958069441138736e-05
DNp54,37,2,17,4.2958069441138736e-05
FB2J_c,37,2,19,4.2958069441138736e-05
FB5J,37,2,13,4.2958069441138736e-05
FS3_b,37,14,35,4.2958069441138736e-05
IB049,37,4,20,4.2958069441138736e-05
LAL001,37,2,10,4.2958069441138736e-05
LAL085,37,4,22,4.2958069441138736e-05
LAL145,37,4,14,4.2958069441138736e-05
LAL182,37,2,19,4.2958069441138736e-05
LAL191,37,2,15,4.2958069441138736e-05
LHCENT12_b,37,4,4,4.2958069441138736e-05
LHPV6h2,37,7,11,4.2958069441138736e-05
LHPV6k2,37,4,11,4.2958069441138736e-05
LT88,37,2,8,4.2958069441138736e-05
PLP005,37,2,11,4.2958069441138736e-05
PLP028,37,7,25,4.2958069441138736e-05
PLP221,37,2,9,4.2958069441138736e-05
PVLP109,37,4,19,4.2958069441138736e-05
PVLP139,37,4,16,4.2958069441138736e-05
SIP004,37,2,22,4.2958069441138736e-05
SIP101m,37,6,14,4.2958069441138736e-05
SIP130m,37,4,23,4.2958069441138736e-05
SIP147m,37,5,10,4.2958069441138736e-05
SLP215,37,2,12,4.2958069441138736e-05
SMP016_b,37,8,26,4.2958069441138736e-05
SMP054,37,2,9,4.2958069441138736e-05
SMP055,37,4,24,4.2958069441138736e-05
SMP507,37,2,14,4.2958069441138736e-05
T5c,37,37,37,4.2958069441138736e-05
VES067,37,2,18,4.2958069441138736e-05
WED015,37,9,28,4.2958069441138736e-05
WED128,37,8,22,4.2958069441138736e-05
WED143_a,37,8,17,4.2958069441138736e-05
WED163,37,10,26,4.2958069441138736e-05
aSP10C_b,37,6,15,4.2958069441138736e-05
hDeltaL,37,10,32,4.2958069441138736e-05
pC1_3c,37,4,12,4.2958069441138736e-05
pC1_6b,37,2,8,4.2958069441138736e-05
pMP2,37,2,5,4.2958069441138736e-05
AOTU007_b,36,6,14,4.1797040537324175e-05
AVLP084,36,2,6,4.1797040537324175e-05
AVLP192_b,36,2,8,4.1797040537324175e-05
AVLP311_a2,36,6,21,4.1797040537324175e-05
AVLP325_a,36,4,17,4.1797040537324175e-05
AVLP452,36,4,13,4.1797040537324175e-05
AVLP595,36,2,13,4.1797040537324175e-05
CB0625,36,2,8,4.1797040537324175e-05
CB1502,36,4,18,4.1797040537324175e-05
CB2285,36,8,14,4.1797040537324175e-05
CB2310,36,4,15,4.1797040537324175e-05
CB2995,36,5,19,4.1797040537324175e-05
CB3873,36,4,19,4.1797040537324175e-05
CL344_b,36,2,6,4.1797040537324175e-05
CRE010,36,2,19,4.1797040537324175e-05
ER1_b,36,13,27,4.1797040537324175e-05
FB1F,36,2,14,4.1797040537324175e-05
GNG290,36,2,13,4.1797040537324175e-05
LAL019,36,4,12,4.1797040537324175e-05
LAL055,36,2,11,4.1797040537324175e-05
LAL147_c,36,2,5,4.1797040537324175e-05
LAL161,36,2,14,4.1797040537324175e-05
LHAD1b2,36,7,19,4.1797040537324175e-05
LHAV3h1,36,2,4,4.1797040537324175e-05
LT76,36,2,8,4.1797040537324175e-05
LT87,36,2,16,4.1797040537324175e-05
Li17,36,15,29,4.1797040537324175e-05
LoVP76,36,4,12,4.1797040537324175e-05
LoVP8,36,14,27,4.1797040537324175e-05
M_adPNm7,36,3,7,4.1797040537324175e-05
M_l2PNl22,36,2,11,4.1797040537324175e-05
PS203,36,4,22,4.1797040537324175e-05
SIP109m,36,4,19,4.1797040537324175e-05
SLP248,36,2,10,4.1797040537324175e-05
SLP391,36,2,8,4.1797040537324175e-05
SMP082,36,4,24,4.1797040537324175e-05
SMP117_b,36,2,16,4.1797040537324175e-05
SMP155,36,4,21,4.1797040537324175e-05
SMP194,36,4,25,4.1797040537324175e-05
VES049,36,6,18,4.1797040537324175e-05
WED061,36,4,17,4.1797040537324175e-05
mALB2,36,2,16,4.1797040537324175e-05
AN00A006,35,4,23,4.0636011633509614e-05
AN27X011,35,2,10,4.0636011633509614e-05
AVLP266,35,2,8,4.0636011633509614e-05
AVLP299_c,35,3,17,4.0636011633509614e-05
AVLP309,35,6,13,4.0636011633509614e-05
AVLP397,35,2,11,4.0636011633509614e-05
AVLP434_b,35,2,11,4.0636011633509614e-05
AVLP519,35,7,24,4.0636011633509614e-05
AVLP576,35,2,8,4.0636011633509614e-05
CB0477,35,2,18,4.0636011633509614e-05
CB0947,35,7,7,4.0636011633509614e-05
CB1654,35,7,18,4.0636011633509614e-05
CB2479,35,8,13,4.0636011633509614e-05
CB2592,35,7,10,4.0636011633509614e-05
CB2881,35,11,28,4.0636011633509614e-05
CB2937,35,5,11,4.0636011633509614e-05
CB3459,35,2,9,4.0636011633509614e-05
CRE075,35,2,20,4.0636011633509614e-05
FB4H,35,2,21,4.0636011633509614e-05
FB5O,35,2,14,4.0636011633509614e-05
IB018,35,2,12,4.0636011633509614e-05
LAL099,35,2,7,4.0636011633509614e-05
LAL193,35,2,15,4.0636011633509614e-05
LAL204,35,2,10,4.0636011633509614e-05
LHAV2b5,35,4,18,4.0636011633509614e-05
LHAV3e1,35,4,15,4.0636011633509614e-05
LHAV3e2,35,4,18,4.0636011633509614e-05
LHPV5b3,35,14,25,4.0636011633509614e-05
LT64,35,2,7,4.0636011633509614e-05
LT79,35,2,15,4.0636011633509614e-05
LT84,35,2,8,4.0636011633509614e-05
MeTu4f,35,27,32,4.0636011633509614e-05
PLP095,35,4,14,4.0636011633509614e-05
PLP182,35,11,24,4.0636011633509614e-05
PVLP005,35,12,27,4.0636011633509614e-05
PVLP200m_a,35,2,12,4.0636011633509614e-05
SIP069,35,3,21,4.0636011633509614e-05
SIP137m_a,35,2,11,4.0636011633509614e-05
SLP321,35,4,10,4.0636011633509614e-05
SMP068,35,4,18,4.0636011633509614e-05
SMP152,35,2,20,4.0636011633509614e-05
SMP418,35,2,15,4.0636011633509614e-05
SMP450,35,8,28,4.0636011633509614e-05
SMP577,35,2,27,4.0636011633509614e-05
TmY19b,35,19,28,4.0636011633509614e-05
VES056,35,2,19,4.0636011633509614e-05
aSP22,35,2,10,4.0636011633509614e-05
ATL007,34,2,20,3.9474982729695053e-05
AVLP287,34,3,17,3.9474982729695053e-05
AVLP311_b1,34,4,15,3.9474982729695053e-05
AVLP371,34,2,8,3.9474982729695053e-05
AVLP434_a,34,2,8,3.9474982729695053e-05
AVLP454_b3,34,2,10,3.9474982729695053e-05
AVLP464,34,2,10,3.9474982729695053e-05
CB0829,34,4,18,3.9474982729695053e-05
CB1812,34,4,17,3.9474982729695053e-05
CB2257,34,4,14,3.9474982729695053e-05
CB2396,34,5,22,3.9474982729695053e-05
CB3001,34,6,15,3.9474982729695053e-05
CB3104,34,6,14,3.9474982729695053e-05
CB3322,34,4,11,3.9474982729695053e-05
CL117,34,6,22,3.9474982729695053e-05
CL210_a,34,10,24,3.9474982729695053e-05
CL322,34,2,14,3.9474982729695053e-05
CRE090,34,4,18,3.9474982729695053e-05
CRE106,34,4,25,3.9474982729695053e-05
DNae001,34,2,10,3.9474982729695053e-05
DNbe006,34,2,8,3.9474982729695053e-05
DNp45,34,2,16,3.9474982729695053e-05
IB023,34,2,15,3.9474982729695053e-05
IB114,34,2,17,3.9474982729695053e-05
LAL007,34,2,20,3.9474982729695053e-05
LAL052,34,2,18,3.9474982729695053e-05
LAL177,34,2,18,3.9474982729695053e-05
LHAD2b1,34,2,14,3.9474982729695053e-05
LHAV1a1,34,7,19,3.9474982729695053e-05
LHPV5b2,34,16,22,3.9474982729695053e-05
LT61b,34,2,14,3.9474982729695053e-05
Li26,34,17,26,3.9474982729695053e-05
LoVP48,34,2,10,3.9474982729695053e-05
LoVP91,34,2,13,3.9474982729695053e-05
MeLo1,34,26,28,3.9474982729695053e-05
PLP108,34,9,24,3.9474982729695053e-05
PS059,34,4,22,3.9474982729695053e-05
PS217,34,2,17,3.9474982729695053e-05
PS304,34,2,12,3.9474982729695053e-05
PVLP015,34,2,14,3.9474982729695053e-05
PVLP086,34,4,11,3.9474982729695053e-05
PVLP110,34,4,14,3.9474982729695053e-05
SIP065,34,2,14,3.9474982729695053e-05
SLP227,34,8,23,3.9474982729695053e-05
SLP242,34,6,23,3.9474982729695053e-05
SMP084,34,4,24,3.9474982729695053e-05
SMP254,34,2,19,3.9474982729695053e-05
VES064,34,2,16,3.9474982729695053e-05
WED040_a,34,12,25,3.9474982729695053e-05
WED201,34,8,21,3.9474982729695053e-05
AOTU045,33,2,9,3.831395382588049e-05
AVLP005,33,8,15,3.831395382588049e-05
AVLP033,33,2,10,3.831395382588049e-05
AVLP190,33,4,13,3.831395382588049e-05
AVLP195,33,4,12,3.831395382588049e-05
AVLP203_c,33,2,10,3.831395382588049e-05
AVLP211,33,2,10,3.831395382588049e-05
AVLP282,33,4,13,3.831395382588049e-05
AVLP393,33,2,11,3.831395382588049e-05
AVLP395,33,2,12,3.831395382588049e-05
AVLP461,33,6,22,3.831395382588049e-05
AVLP503,33,2,10,3.831395382588049e-05
AVLP571,33,2,13,3.831395382588049e-05
AVLP575,33,2,14,3.831395382588049e-05
CB1189,33,5,13,3.831395382588049e-05
CB1523,33,5,14,3.831395382588049e-05
CB1841,33,4,21,3.831395382588049e-05
CB2105,33,4,8,3.831395382588049e-05
CB3469,33,3,19,3.831395382588049e-05
CL002,33,2,14,3.831395382588049e-05
CL104,33,4,11,3.831395382588049e-05
CL140,33,2,15,3.831395382588049e-05
CL264,33,2,17,3.831395382588049e-05
DNp68,33,2,19,3.831395382588049e-05
DNpe045,33,2,16,3.831395382588049e-05
ER3a_a,33,14,26,3.831395382588049e-05
FB6N,33,2,7,3.831395382588049e-05
GNG587,33,2,14,3.831395382588049e-05
IB048,33,2,15,3.831395382588049e-05
LAL136_a,33,5,21,3.831395382588049e-05
LAL141,33,2,11,3.831395382588049e-05
LAL181,33,2,15,3.831395382588049e-05
LC30,33,23,31,3.831395382588049e-05
LC34,33,10,24,3.831395382588049e-05
LHAV3f1,33,2,6,3.831395382588049e-05
LHCENT5,33,2,23,3.831395382588049e-05
LHPD4d1,33,2,2,3.831395382588049e-05
LHPV6g1,33,2,8,3.831395382588049e-05
Li25,33,28,31,3.831395382588049e-05
LoVP39,33,4,16,3.831395382588049e-05
MeTu1,33,31,33,3.831395382588049e-05
MeVC23,33,2,8,3.831395382588049e-05
PLP032,33,2,18,3.831395382588049e-05
PLP130,33,2,13,3.831395382588049e-05
PLVP059,33,9,27,3.831395382588049e-05
PS065,33,2,13,3.831395382588049e-05
SIP003_a,33,6,12,3.831395382588049e-05
SIP022,33,2,15,3.831395382588049e-05
SIP042_b,33,4,15,3.831395382588049e-05
SIP132m,33,2,13,3.831395382588049e-05
SLP230,33,2,17,3.831395382588049e-05
SLP241,33,9,11,3.831395382588049e-05
SMP123,33,4,24,3.831395382588049e-05
SMP164,33,2,25,3.831395382588049e-05
SMP238,33,2,15,3.831395382588049e-05
WED111,33,4,20,3.831395382588049e-05
WEDPN5,33,2,9,3.831395382588049e-05
aIPg7,33,7,20,3.831395382588049e-05
AOTU100m,32,2,17,3.715292492206594e-05
ATL028,32,2,11,3.715292492206594e-05
AVLP136,32,4,11,3.715292492206594e-05
AVLP205,32,3,12,3.715292492206594e-05
AVLP345_a,32,4,14,3.715292492206594e-05
AVLP387,32,10,15,3.715292492206594e-05
AVLP403,32,3,12,3.715292492206594e-05
AVLP433_b,32,2,7,3.715292492206594e-05
AVLP481,32,8,14,3.715292492206594e-05
AVLP548_d,32,4,7,3.715292492206594e-05
CB1564,32,4,14,3.715292492206594e-05
CB2458,32,3,14,3.715292492206594e-05
CB2523,32,3,8,3.715292492206594e-05
CB3404,32,3,10,3.715292492206594e-05
CB3464,32,8,15,3.715292492206594e-05
CB3594,32,2,8,3.715292492206594e-05
CL270,32,4,20,3.715292492206594e-05
CRE006,32,2,18,3.715292492206594e-05
DNp104,32,2,15,3.715292492206594e-05
FB2J_a,32,2,13,3.715292492206594e-05
FB5S,32,9,15,3.715292492206594e-05
LAL018,32,2,6,3.715292492206594e-05
LAL029_d,32,2,13,3.715292492206594e-05
LAL060_a,32,7,24,3.715292492206594e-05
LHAD3f1_a,32,6,6,3.715292492206594e-05
LHAV1a4,32,7,16,3.715292492206594e-05
LT69,32,2,8,3.715292492206594e-05
LT86,32,2,9,3.715292492206594e-05
LoVP63,32,2,9,3.715292492206594e-05
LoVP73,32,2,10,3.715292492206594e-05
M_vPNml63,32,7,18,3.715292492206594e-05
MeLo4,32,22,28,3.715292492206594e-05
PLP059,32,6,23,3.715292492206594e-05
PS291,32,4,18,3.715292492206594e-05
PVLP062,32,2,17,3.715292492206594e-05
PVLP208m,32,3,17,3.715292492206594e-05
SLP388,32,2,7,3.715292492206594e-05
SMP026,32,2,21,3.715292492206594e-05
SMP118,32,2,15,3.715292492206594e-05
SMP452,32,10,22,3.715292492206594e-05
SMP713m,32,3,21,3.715292492206594e-05
VES040,32,2,21,3.715292492206594e-05
VES077,32,2,11,3.715292492206594e-05
WED184,32,2,23,3.715292492206594e-05
WED209,32,2,14,3.715292492206594e-05
WEDPN17_b,32,6,18,3.715292492206594e-05
WEDPN9,32,2,6,3.715292492206594e-05
pC1_4b,32,2,8,3.715292492206594e-05
pC1_7a,32,4,16,3.715292492206594e-05
pC1_8a,32,2,9,3.715292492206594e-05
AOTU015,31,8,19,3.599189601825138e-05
ATL012,31,4,17,3.599189601825138e-05
AVLP042,31,4,12,3.599189601825138e-05
AVLP220,31,4,13,3.599189601825138e-05
AVLP231,31,5,13,3.599189601825138e-05
AVLP473,31,2,14,3.599189601825138e-05
AVLP509,31,2,8,3.599189601825138e-05
AVLP758m,31,2,13,3.599189601825138e-05
CB1044,31,4,20,3.599189601825138e-05
CB1241,31,4,7,3.599189601825138e-05
CB3574,31,4,22,3.599189601825138e-05
CB3759,31,7,18,3.599189601825138e-05
CL004,31,4,12,3.599189601825138e-05
CL038,31,4,19,3.599189601825138e-05
CL099,31,8,19,3.599189601825138e-05
CRE030_b,31,2,12,3.599189601825138e-05
CRE043_a1,31,2,17,3.599189601825138e-05
CRE045,31,4,17,3.599189601825138e-05
DNp06,31,2,10,3.599189601825138e-05
DNp43,31,2,14,3.599189601825138e-05
FB5AA,31,2,16,3.599189601825138e-05
FB5I,31,2,16,3.599189601825138e-05
LAL029_a,31,2,13,3.599189601825138e-05
LAL049,31,2,10,3.599189601825138e-05
LAL128,31,2,12,3.599189601825138e-05
LAL173,31,4,11,3.599189601825138e-05
LHAD1c2,31,10,25,3.599189601825138e-05
LHAD2e1,31,2,5,3.599189601825138e-05
LHAD3e1_a,31,4,11,3.599189601825138e-05
LHAV1e1,31,2,4,3.599189601825138e-05
LHAV2g2_a,31,7,25,3.599189601825138e-05
LHAV6g1,31,2,15,3.599189601825138e-05
LHPV5c1_d,31,8,10,3.599189601825138e-05
LHPV7a2,31,4,16,3.599189601825138e-05
LPT113,31,16,24,3.599189601825138e-05
Li36,31,2,6,3.599189601825138e-05
LoVP35,31,2,9,3.599189601825138e-05
LoVP7,31,18,27,3.599189601825138e-05
LoVP83,31,7,16,3.599189601825138e-05
LoVP90c,31,2,9,3.599189601825138e-05
PVLP075,31,2,9,3.599189601825138e-05
SAD012,31,4,15,3.599189601825138e-05
SAD084,31,2,15,3.599189601825138e-05
SLP073,31,2,10,3.599189601825138e-05
SLP330,31,5,19,3.599189601825138e-05
SMP132,31,4,14,3.599189601825138e-05
SMP184,31,2,12,3.599189601825138e-05
SMP442,31,2,20,3.599189601825138e-05
SMP588,31,4,23,3.599189601825138e-05
WEDPN3,31,6,20,3.599189601825138e-05
AVLP020,30,2,11,3.4830867114436816e-05
AVLP029,30,2,9,3.4830867114436816e-05
AVLP184,30,2,9,3.4830867114436816e-05
AVLP229,30,6,23,3.4830867114436816e-05
AVLP288,30,4,17,3.4830867114436816e-05
AVLP299_a,30,2,12,3.4830867114436816e-05
AVLP469,30,9,22,3.4830867114436816e-05
AVLP611,30,6,12,3.4830867114436816e-05
CB0297,30,2,13,3.4830867114436816e-05
CB1301,30,2,7,3.4830867114436816e-05
CB2787,30,5,10,3.4830867114436816e-05
CB3445,30,4,14,3.4830867114436816e-05
CB3607,30,3,12,3.4830867114436816e-05
CB3977,30,4,19,3.4830867114436816e-05
CB4176,30,7,19,3.4830867114436816e-05
CB4248,30,5,21,3.4830867114436816e-05
CL203,30,2,19,3.4830867114436816e-05
CL283_a,30,6,15,3.4830867114436816e-05
CL310,30,2,17,3.4830867114436816e-05
CL359,30,4,14,3.4830867114436816e-05
CRE069,30,2,23,3.4830867114436816e-05
CRE108,30,2,20,3.4830867114436816e-05
DNbe002,30,4,21,3.4830867114436816e-05
FC,30,3,19,3.4830867114436816e-05
IB007,30,2,17,3.4830867114436816e-05
IB115,30,4,20,3.4830867114436816e-05
LAL035,30,4,14,3.4830867114436816e-05
LAL047,30,2,9,3.4830867114436816e-05
LAL048,30,10,21,3.4830867114436816e-05
LAL142,30,2,18,3.4830867114436816e-05
LAL147_a,30,4,13,3.4830867114436816e-05
LC35b,30,2,8,3.4830867114436816e-05
LHAD1b2_d,30,5,19,3.4830867114436816e-05
LHAD1k1,30,2,9,3.4830867114436816e-05
LHAV2c1,30,16,21,3.4830867114436816e-05
LHPV3a3_b,30,9,17,3.4830867114436816e-05
LHPV4m1,30,2,20,3.4830867114436816e-05
LHPV5g1_a,30,5,18,3.4830867114436816e-05
LHPV7b1,30,2,5,3.4830867114436816e-05
LPi21,30,2,4,3.4830867114436816e-05
LT85,30,2,14,3.4830867114436816e-05
LoVC4,30,2,16,3.4830867114436816e-05
LoVP69,30,2,8,3.4830867114436816e-05
LoVP97,30,2,12,3.4830867114436816e-05
PPL204,30,2,2,3.4830867114436816e-05
PS060,30,2,12,3.4830867114436816e-05
PS146,30,4,19,3.4830867114436816e-05
PVLP209m,30,11,28,3.4830867114436816e-05
SAD043,30,2,7,3.4830867114436816e-05
SAD070,30,2,11,3.4830867114436816e-05
SIP027,30,7,21,3.4830867114436816e-05
SIP113m,30,5,10,3.4830867114436816e-05
SIP128m,30,5,16,3.4830867114436816e-05
SIP143m,30,4,13,3.4830867114436816e-05
SLP015_c,30,7,7,3.4830867114436816e-05
SLP209,30,2,4,3.4830867114436816e-05
SLP289,30,10,11,3.4830867114436816e-05
SLP470,30,2,4,3.4830867114436816e-05
SMP015,30,2,14,3.4830867114436816e-05
SMP120,30,5,23,3.4830867114436816e-05
SMP546,30,2,16,3.4830867114436816e-05
VES002,30,2,7,3.4830867114436816e-05
VES070,30,2,19,3.4830867114436816e-05
WED020_a,30,2,7,3.4830867114436816e-05
WEDPN6A,30,8,19,3.4830867114436816e-05
WEDPN7C,30,5,16,3.4830867114436816e-05
WEDPN8B,30,10,21,3.4830867114436816e-05
pC1_11a,30,2,11,3.4830867114436816e-05
pC1_3b,30,2,5,3.4830867114436816e-05
ALIN3,29,4,15,3.3669838210622255e-05
ATL030,29,2,7,3.3669838210622255e-05
AVLP004_b,29,5,15,3.3669838210622255e-05
AVLP110_b,29,4,12,3.3669838210622255e-05
AVLP218_b,29,4,14,3.3669838210622255e-05
AVLP262,29,4,16,3.3669838210622255e-05
AVLP411,29,3,9,3.3669838210622255e-05
AVLP530,29,4,15,3.3669838210622255e-05
AVLP716m,29,2,11,3.3669838210622255e-05
CB0316,29,2,13,3.3669838210622255e-05
CB0734,29,4,18,3.3669838210622255e-05
CB0751,29,4,6,3.3669838210622255e-05
CB1263,29,3,3,3.3669838210622255e-05
CB2132,29,2,8,3.3669838210622255e-05
CB2784,29,7,20,3.3669838210622255e-05
CB2919,29,6,6,3.3669838210622255e-05
CB4159,29,2,22,3.3669838210622255e-05
CL092,29,2,10,3.3669838210622255e-05
CL335,29,2,14,3.3669838210622255e-05
CRE009,29,2,19,3.3669838210622255e-05
DNg34,29,2,17,3.3669838210622255e-05
DNpe050,29,2,11,3.3669838210622255e-05
FB5T,29,2,13,3.3669838210622255e-05
FB5Z,29,4,15,3.3669838210622255e-05
FB6A_b,29,2,5,3.3669838210622255e-05
GNG284,29,2,10,3.3669838210622255e-05
LAL003,29,4,13,3.3669838210622255e-05
LAL031,29,4,21,3.3669838210622255e-05
LAL119,29,2,7,3.3669838210622255e-05
LAL127,29,4,14,3.3669838210622255e-05
LAL179,29,6,16,3.3669838210622255e-05
LHAV3b13,29,4,6,3.3669838210622255e-05
LHAV3b2_b,29,4,6,3.3669838210622255e-05
LHAV3k5,29,2,2,3.3669838210622255e-05
LHAV4a1_b,29,7,8,3.3669838210622255e-05
LPT31,29,8,18,3.3669838210622255e-05
LPT51,29,4,12,3.3669838210622255e-05
LT66,29,2,14,3.3669838210622255e-05
LT80,29,4,17,3.3669838210622255e-05
LoVP61,29,4,11,3.3669838210622255e-05
LoVP88,29,2,12,3.3669838210622255e-05
LoVP_unclear,29,8,20,3.3669838210622255e-05
M_lPNm11D,29,10,17,3.3669838210622255e-05
M_lv2PN9t49_b,29,2,9,3.3669838210622255e-05
MeVC4b,29,2,15,3.3669838210622255e-05
MeVP48,29,2,5,3.3669838210622255e-05
OA-AL2i3,29,4,19,3.3669838210622255e-05
PLP006,29,2,7,3.3669838210622255e-05
SAD106,29,2,9,3.3669838210622255e-05
SIP024,29,5,17,3.3669838210622255e-05
SIP126m_a,29,2,11,3.3669838210622255e-05
SIP133m,29,2,4,3.3669838210622255e-05
SLP018,29,9,13,3.3669838210622255e-05
SLP132,29,2,3,3.3669838210622255e-05
SLP440,29,2,2,3.3669838210622255e-05
SMP056,29,2,13,3.3669838210622255e-05
SMP089,29,4,23,3.3669838210622255e-05
SMP151,29,4,25,3.3669838210622255e-05
Tlp14,29,24,28,3.3669838210622255e-05
VES043,29,2,13,3.3669838210622255e-05
VES104,29,2,11,3.3669838210622255e-05
WED017,29,2,9,3.3669838210622255e-05
WED095,29,5,14,3.3669838210622255e-05
mAL_m2b,29,6,10,3.3669838210622255e-05
5-HTPMPV01,28,2,12,3.2508809306807694e-05
AN06B011,28,2,6,3.2508809306807694e-05
AVLP031,28,2,9,3.2508809306807694e-05
AVLP041,28,2,8,3.2508809306807694e-05
AVLP157,28,2,7,3.2508809306807694e-05
AVLP343,28,2,7,3.2508809306807694e-05
AVLP369,28,2,9,3.2508809306807694e-05
AVLP454_b4,28,2,9,3.2508809306807694e-05
AVLP550b,28,6,12,3.2508809306807694e-05
AVLP721m,28,2,9,3.2508809306807694e-05
CB0128,28,2,10,3.2508809306807694e-05
CB2081_a,28,11,22,3.2508809306807694e-05
CB2090,28,3,14,3.2508809306807694e-05
CB3269,28,4,11,3.2508809306807694e-05
CB3441,28,2,14,3.2508809306807694e-05
CB4150,28,3,17,3.2508809306807694e-05
CL269,28,6,19,3.2508809306807694e-05
CRE007,28,2,18,3.2508809306807694e-05
DC2_adPN,28,4,4,3.2508809306807694e-05
DNge138,28,2,19,3.2508809306807694e-05
DNpe022,28,2,11,3.2508809306807694e-05
FLA016,28,2,15,3.2508809306807694e-05
IB014,28,2,18,3.2508809306807694e-05
IB032,28,8,14,3.2508809306807694e-05
LAL168,28,2,13,3.2508809306807694e-05
LHAD1b2_b,28,6,16,3.2508809306807694e-05
LHAD1f3_a,28,4,11,3.2508809306807694e-05
LHAV3k1,28,2,2,3.2508809306807694e-05
LHPV1c2,28,2,12,3.2508809306807694e-05
LHPV3b1_a,28,5,14,3.2508809306807694e-05
LHPV5b1,28,14,16,3.2508809306807694e-05
LHPV6a1,28,14,19,3.2508809306807694e-05
LPi2c,28,18,24,3.2508809306807694e-05
LPi2d,28,23,25,3.2508809306807694e-05
LoVC9,28,2,11,3.2508809306807694e-05
LoVP23,28,6,15,3.2508809306807694e-05
MeVC11,28,2,17,3.2508809306807694e-05
PLP231,28,4,22,3.2508809306807694e-05
PPL201,28,2,13,3.2508809306807694e-05
PS150,28,9,21,3.2508809306807694e-05
PVLP008_a2,28,4,16,3.2508809306807694e-05
PVLP070,28,4,17,3.2508809306807694e-05
PVLP071,28,4,11,3.2508809306807694e-05
SIP003_b,28,7,13,3.2508809306807694e-05
SIP015,28,8,21,3.2508809306807694e-05
SIP052,28,2,14,3.2508809306807694e-05
SIP126m_b,28,2,9,3.2508809306807694e-05
SLP288,28,10,12,3.2508809306807694e-05
SMP030,28,2,15,3.2508809306807694e-05
SMP040,28,2,13,3.2508809306807694e-05
SMP058,28,2,14,3.2508809306807694e-05
SMP126,28,2,7,3.2508809306807694e-05
SMP138,28,2,11,3.2508809306807694e-05
SMP603,28,2,14,3.2508809306807694e-05
TuTuA_2,28,2,8,3.2508809306807694e-05
VES073,28,2,15,3.2508809306807694e-05
VES101,28,6,22,3.2508809306807694e-05
WED114,28,5,18,3.2508809306807694e-05
WED182,28,2,12,3.2508809306807694e-05
WEDPN1A,28,9,16,3.2508809306807694e-05
WEDPN8D,28,5,15,3.2508809306807694e-05
pC1_14a,28,6,14,3.2508809306807694e-05
pC1_2c,28,2,7,3.2508809306807694e-05
5-HTPMPD01,27,2,16,3.134778040299313e-05
AN09B017f,27,2,4,3.134778040299313e-05
ATL038,27,2,9,3.134778040299313e-05
AVLP024_a,27,2,11,3.134778040299313e-05
AVLP025,27,2,7,3.134778040299313e-05
AVLP069_b,27,6,18,3.134778040299313e-05
AVLP200,27,2,7,3.134778040299313e-05
AVLP202,27,2,9,3.134778040299313e-05
AVLP265,27,8,18,3.134778040299313e-05
AVLP298,27,3,11,3.134778040299313e-05
AVLP398,27,2,7,3.134778040299313e-05
AVLP439,27,2,6,3.134778040299313e-05
CB0747,27,2,10,3.134778040299313e-05
CB1213,27,7,16,3.134778040299313e-05
CB1287_b,27,4,8,3.134778040299313e-05
CB1549,27,4,11,3.134778040299313e-05
CB1628,27,6,6,3.134778040299313e-05
CB1699,27,6,17,3.134778040299313e-05
CB1945,27,4,4,3.134778040299313e-05
CB1980,27,4,12,3.134778040299313e-05
CB2316,27,2,10,3.134778040299313e-05
CB2702,27,4,7,3.134778040299313e-05
CB3045,27,3,12,3.134778040299313e-05
CB3065,27,3,5,3.134778040299313e-05
CB3690,27,2,10,3.134778040299313e-05
CB3959,27,4,15,3.134778040299313e-05
CB4100,27,8,8,3.134778040299313e-05
CL275,27,7,16,3.134778040299313e-05
CL326,27,2,18,3.134778040299313e-05
DNd05,27,2,14,3.134778040299313e-05
DNpe027,27,2,13,3.134778040299313e-05
ER1_a,27,9,17,3.134778040299313e-05
GNG590,27,2,11,3.134778040299313e-05
LAL017,27,2,6,3.134778040299313e-05
LAL053,27,2,14,3.134778040299313e-05
LAL115,27,2,15,3.134778040299313e-05
LAL153,27,2,14,3.134778040299313e-05
LAL180,27,4,17,3.134778040299313e-05
LHAD2d1,27,2,12,3.134778040299313e-05
LHAV7a4,27,8,8,3.134778040299313e-05
LHPV2i1,27,3,15,3.134778040299313e-05
LHPV5c1_a,27,8,8,3.134778040299313e-05
LoVC12,27,2,17,3.134778040299313e-05
LoVP36,27,2,7,3.134778040299313e-05
LoVP51,27,2,7,3.134778040299313e-05
LoVP75,27,5,14,3.134778040299313e-05
MeTu3b,27,24,26,3.134778040299313e-05
PLP046,27,11,14,3.134778040299313e-05
PS001,27,2,14,3.134778040299313e-05
PS175,27,2,12,3.134778040299313e-05
PVLP030,27,2,12,3.134778040299313e-05
SIP108m,27,4,11,3.134778040299313e-05
SLP021,27,5,13,3.134778040299313e-05
SLP041,27,6,6,3.134778040299313e-05
SLP275,27,8,14,3.134778040299313e-05
SMP153_a,27,2,7,3.134778040299313e-05
SMP159,27,2,11,3.134778040299313e-05
SMP470,27,2,16,3.134778040299313e-05
VES031,27,7,16,3.134778040299313e-05
VES046,27,2,12,3.134778040299313e-05
VES050,27,4,9,3.134778040299313e-05
VP1m+VP2_lvPN2,27,7,17,3.134778040299313e-05
WED096,27,8,19,3.134778040299313e-05
WEDPN2A,27,6,18,3.134778040299313e-05
mAL_m5b,27,6,11,3.134778040299313e-05
pC1_17b,27,5,13,3.134778040299313e-05
ALIN1,26,4,20,3.0186751499178572e-05
AN07B018,26,2,4,3.0186751499178572e-05
AN08B028,26,4,7,3.0186751499178572e-05
ATL039,26,2,8,3.0186751499178572e-05
AVLP003,26,6,17,3.0186751499178572e-05
AVLP032,26,2,20,3.0186751499178572e-05
AVLP043,26,4,11,3.0186751499178572e-05
AVLP108,26,2,8,3.0186751499178572e-05
AVLP192_a,26,2,7,3.0186751499178572e-05
AVLP269_a,26,6,20,3.0186751499178572e-05
AVLP296_a,26,2,12,3.0186751499178572e-05
AVLP404,26,2,8,3.0186751499178572e-05
AVLP420_a,26,4,8,3.0186751499178572e-05
AVLP427,26,1,4,3.0186751499178572e-05
AVLP555,26,3,9,3.0186751499178572e-05
AVLP722m,26,5,14,3.0186751499178572e-05
CB1017,26,4,18,3.0186751499178572e-05
CB1389,26,6,6,3.0186751499178572e-05
CB1717,26,3,11,3.0186751499178572e-05
CB2390,26,2,6,3.0186751499178572e-05
CB3319,26,2,4,3.0186751499178572e-05
CB3635,26,4,16,3.0186751499178572e-05
CB4071,26,10,17,3.0186751499178572e-05
CB4165,26,4,16,3.0186751499178572e-05
CL258,26,4,16,3.0186751499178572e-05
CL263,26,2,10,3.0186751499178572e-05
CRE104,26,3,18,3.0186751499178572e-05
DL1_adPN,26,4,5,3.0186751499178572e-05
DNa01,26,2,10,3.0186751499178572e-05
DNc02,26,2,17,3.0186751499178572e-05
DNp64,26,2,11,3.0186751499178572e-05
DNpe024,26,2,14,3.0186751499178572e-05
LHPD2a4_b,26,4,16,3.0186751499178572e-05
LoVC29,26,4,14,3.0186751499178572e-05
LoVP25,26,6,14,3.0186751499178572e-05
LoVP4,26,11,20,3.0186751499178572e-05
LoVP40,26,2,9,3.0186751499178572e-05
LoVP70,26,2,9,3.0186751499178572e-05
M_smPN6t2,26,2,10,3.0186751499178572e-05
M_vPNml51,26,2,2,3.0186751499178572e-05
PLP004,26,2,11,3.0186751499178572e-05
PLP053,26,6,15,3.0186751499178572e-05
PLP097,26,2,11,3.0186751499178572e-05
PVLP104,26,4,11,3.0186751499178572e-05
PVLP130,26,2,13,3.0186751499178572e-05
SAD085,26,2,12,3.0186751499178572e-05
SIP142m,26,4,13,3.0186751499178572e-05
SLP122,26,6,15,3.0186751499178572e-05
SLP162,26,8,13,3.0186751499178572e-05
SLP187,26,7,11,3.0186751499178572e-05
SMP064,26,2,16,3.0186751499178572e-05
SMP183,26,2,15,3.0186751499178572e-05
SMP443,26,2,16,3.0186751499178572e-05
SMP723m,26,10,20,3.0186751499178572e-05
VES097,26,4,19,3.0186751499178572e-05
VP1d+VP4_l2PN2,26,2,8,3.0186751499178572e-05
WED056,26,10,18,3.0186751499178572e-05
WED077,26,4,23,3.0186751499178572e-05
WED117,26,6,17,3.0186751499178572e-05
WED118,26,10,21,3.0186751499178572e-05
WED181,26,2,10,3.0186751499178572e-05
mALB3,26,4,13,3.0186751499178572e-05
mALB5,26,2,18,3.0186751499178572e-05
mAL_m11,26,2,13,3.0186751499178572e-05
pC1_9b,26,2,13,3.0186751499178572e-05
pIP10,26,2,14,3.0186751499178572e-05
AN01A089,25,2,14,2.902572259536401e-05
AN17A015,25,2,7,2.902572259536401e-05
AOTU002_b,25,6,12,2.902572259536401e-05
AOTU064,25,2,15,2.902572259536401e-05
ATL002,25,2,8,2.902572259536401e-05
ATL044,25,2,15,2.902572259536401e-05
AVLP044_a,25,5,11,2.902572259536401e-05
AVLP096,25,4,12,2.902572259536401e-05
AVLP214,25,2,8,2.902572259536401e-05
AVLP261_a,25,6,16,2.902572259536401e-05
AVLP302,25,4,12,2.902572259536401e-05
AVLP400,25,4,8,2.902572259536401e-05
AVLP534,25,2,8,2.902572259536401e-05
AVLP596,25,2,9,2.902572259536401e-05
AVLP708m,25,2,14,2.902572259536401e-05
CB0743,25,9,19,2.902572259536401e-05
CB1087,25,6,15,2.902572259536401e-05
CB1171,25,7,17,2.902572259536401e-05
CB2377,25,4,10,2.902572259536401e-05
CB2585,25,6,18,2.902572259536401e-05
CB2934,25,6,11,2.902572259536401e-05
CB3043,25,5,5,2.902572259536401e-05
CB3339,25,4,16,2.902572259536401e-05
CB3874,25,4,21,2.902572259536401e-05
CB4196,25,4,14,2.902572259536401e-05
CB4197,25,6,16,2.902572259536401e-05
CB4231,25,6,14,2.902572259536401e-05
CL029_b,25,2,11,2.902572259536401e-05
CL077,25,4,11,2.902572259536401e-05
CL127,25,4,15,2.902572259536401e-05
CL260,25,2,11,2.902572259536401e-05
CL333,25,2,15,2.902572259536401e-05
CRE043_d,25,2,16,2.902572259536401e-05
CRE065,25,4,17,2.902572259536401e-05
CSD,25,2,8,2.902572259536401e-05
DNbe007,25,2,8,2.902572259536401e-05
DNde005,25,2,9,2.902572259536401e-05
GNG103,25,2,16,2.902572259536401e-05
GNG562,25,2,5,2.902572259536401e-05
ICL013m_b,25,2,5,2.902572259536401e-05
LAL043_c,25,2,12,2.902572259536401e-05
LAL043_d,25,2,15,2.902572259536401e-05
LAL056,25,6,18,2.902572259536401e-05
LHAV3b12,25,2,2,2.902572259536401e-05
LHAV4a4,25,12,14,2.902572259536401e-05
LHAV4c2,25,9,17,2.902572259536401e-05
LHAV4i1,25,4,10,2.902572259536401e-05
LHPV4a2,25,6,14,2.902572259536401e-05
LHPV5d1,25,9,10,2.902572259536401e-05
LHPV6h1_b,25,6,10,2.902572259536401e-05
LHPV6j1,25,2,8,2.902572259536401e-05
LPT101,25,10,16,2.902572259536401e-05
LoVC3,25,2,16,2.902572259536401e-05
LoVCLo1,25,2,15,2.902572259536401e-05
LoVP42,25,2,10,2.902572259536401e-05
M_vPNml72,25,4,5,2.902572259536401e-05
PLP052,25,6,16,2.902572259536401e-05
PLP060,25,2,9,2.902572259536401e-05
PLP157,25,6,14,2.902572259536401e-05
PS011,25,2,13,2.902572259536401e-05
PVLP025,25,4,14,2.902572259536401e-05
PVLP037_unclear,25,2,4,2.902572259536401e-05
PVLP078,25,2,7,2.902572259536401e-05
PVLP140,25,2,10,2.902572259536401e-05
SAD036,25,2,7,2.902572259536401e-05
SIP030,25,4,19,2.902572259536401e-05
SIP137m_b,25,2,10,2.902572259536401e-05
SLP036,25,10,17,2.902572259536401e-05
SLP094_a,25,4,13,2.902572259536401e-05
SLP131,25,2,9,2.902572259536401e-05
SLP376,25,2,2,2.902572259536401e-05
SLP439,25,2,6,2.902572259536401e-05
SMP007,25,8,16,2.902572259536401e-05
SMP059,25,2,13,2.902572259536401e-05
SMP174,25,8,19,2.902572259536401e-05
SMP193,25,4,13,2.902572259536401e-05
SMP570,25,5,20,2.902572259536401e-05
Tm32,25,22,23,2.902572259536401e-05
TuTuA_1,25,2,5,2.902572259536401e-05
VES078,25,2,16,2.902572259536401e-05
VES106,25,2,14,2.902572259536401e-05
WED144,25,3,9,2.902572259536401e-05
WED162,25,7,15,2.902572259536401e-05
pC1_2a,25,4,21,2.902572259536401e-05
AOTU006,24,2,10,2.786469369154945e-05
AVLP055,24,8,15,2.786469369154945e-05
AVLP159,24,2,7,2.786469369154945e-05
AVLP216,24,2,5,2.786469369154945e-05
AVLP234,24,4,9,2.786469369154945e-05
AVLP271,24,4,11,2.786469369154945e-05
AVLP401,24,7,11,2.786469369154945e-05
AVLP423,24,7,10,2.786469369154945e-05
AVLP454_a3,24,2,11,2.786469369154945e-05
AVLP615,24,2,5,2.786469369154945e-05
CB0429,24,2,13,2.786469369154945e-05
CB0656,24,2,9,2.786469369154945e-05
CB0763,24,4,13,2.786469369154945e-05
CB1463,24,4,8,2.786469369154945e-05
CB1795,24,4,17,2.786469369154945e-05
CB2494,24,6,18,2.786469369154945e-05
CB2952,24,4,4,2.786469369154945e-05
CB3023,24,5,6,2.786469369154945e-05
CB3499,24,3,9,2.786469369154945e-05
CB4084,24,11,11,2.786469369154945e-05
CB4086,24,7,7,2.786469369154945e-05
CL021,24,2,14,2.786469369154945e-05
CL023,24,6,16,2.786469369154945e-05
CL053,24,2,15,2.786469369154945e-05
CL123_d,24,2,17,2.786469369154945e-05
CRE043_a3,24,2,17,2.786469369154945e-05
DNp101,24,2,15,2.786469369154945e-05
DNpe026,24,2,14,2.786469369154945e-05
FB4Z_c,24,4,17,2.786469369154945e-05
GNG351,24,3,11,2.786469369154945e-05
GNG461,24,4,11,2.786469369154945e-05
LAL121,24,2,6,2.786469369154945e-05
LAL126,24,4,13,2.786469369154945e-05
LC39b,24,2,8,2.786469369154945e-05
LHAD1i1,24,6,6,2.786469369154945e-05
LHAV2o1,24,2,6,2.786469369154945e-05
LHAV4a2,24,2,6,2.786469369154945e-05
LHAV4a7,24,7,7,2.786469369154945e-05
LHAV7a5,24,6,9,2.786469369154945e-05
LHPV2b5,24,5,10,2.786469369154945e-05
LHPV2c2,24,7,13,2.786469369154945e-05
LHPV3a1,24,4,12,2.786469369154945e-05
LHPV4i1,24,6,14,2.786469369154945e-05
LPT54,24,2,7,2.786469369154945e-05
LPi4a,24,16,19,2.786469369154945e-05
LPsP,24,2,15,2.786469369154945e-05
LoVC26,24,6,15,2.786469369154945e-05
LoVC5,24,2,10,2.786469369154945e-05
LoVP102,24,2,11,2.786469369154945e-05
LoVP72,24,2,9,2.786469369154945e-05
PLP043,24,4,13,2.786469369154945e-05
PLP149,24,4,14,2.786469369154945e-05
PPM1202,24,4,13,2.786469369154945e-05
PS164,24,4,17,2.786469369154945e-05
PS185,24,2,10,2.786469369154945e-05
PVLP024,24,3,9,2.786469369154945e-05
PVLP027,24,2,7,2.786469369154945e-05
PVLP064,24,5,17,2.786469369154945e-05
PVLP141,24,2,12,2.786469369154945e-05
PVLP211m_a,24,2,14,2.786469369154945e-05
SIP029,24,2,12,2.786469369154945e-05
SIP067,24,2,10,2.786469369154945e-05
SLP129_c,24,5,19,2.786469369154945e-05
SLP390,24,2,6,2.786469369154945e-05
SLP441,24,2,5,2.786469369154945e-05
SMP124,24,4,13,2.786469369154945e-05
SMP358,24,6,13,2.786469369154945e-05
SMP548,24,2,8,2.786469369154945e-05
SMP703m,24,11,20,2.786469369154945e-05
VES051,24,4,14,2.786469369154945e-05
VES075,24,2,14,2.786469369154945e-05
WED031,24,9,14,2.786469369154945e-05
WED047,24,4,11,2.786469369154945e-05
WED097,24,4,13,2.786469369154945e-05
WED122,24,2,8,2.786469369154945e-05
WED153,24,6,18,2.786469369154945e-05
hDeltaF,24,7,22,2.786469369154945e-05
mALB4,24,2,13,2.786469369154945e-05
mAL_m3c,24,9,12,2.786469369154945e-05
v2LN4,24,6,15,2.786469369154945e-05
AOTU005,23,2,9,2.670366478773489e-05
AOTU009,23,2,12,2.670366478773489e-05
ATL006,23,2,13,2.670366478773489e-05
AVLP013,23,6,14,2.670366478773489e-05
AVLP137,23,3,9,2.670366478773489e-05
AVLP147,23,5,12,2.670366478773489e-05
AVLP189_a,23,4,13,2.670366478773489e-05
AVLP230,23,6,13,2.670366478773489e-05
AVLP274_a,23,4,15,2.670366478773489e-05
AVLP520,23,2,9,2.670366478773489e-05
AVLP723m,23,2,7,2.670366478773489e-05
CB0785,23,3,8,2.670366478773489e-05
CB0800,23,3,11,2.670366478773489e-05
CB0956,23,9,13,2.670366478773489e-05
CB1089,23,4,4,2.670366478773489e-05
CB1312,23,2,6,2.670366478773489e-05
CB1632,23,2,9,2.670366478773489e-05
CB1964,23,11,14,2.670366478773489e-05
CB2051,23,6,10,2.670366478773489e-05
CB2087,23,4,5,2.670366478773489e-05
CB2481,23,4,10,2.670366478773489e-05
CB2551b,23,4,11,2.670366478773489e-05
CB2624,23,4,12,2.670366478773489e-05
CL071_b,23,6,15,2.670366478773489e-05
CL110,23,2,14,2.670366478773489e-05
CL111,23,2,16,2.670366478773489e-05
CL130,23,2,7,2.670366478773489e-05
CL133,23,2,6,2.670366478773489e-05
CL231,23,4,13,2.670366478773489e-05
CL362,23,2,11,2.670366478773489e-05
CRE038,23,2,14,2.670366478773489e-05
DNg101,23,2,11,2.670366478773489e-05
DNg40,23,2,8,2.670366478773489e-05
FB1A,23,4,20,2.670366478773489e-05
FB5G_c,23,2,9,2.670366478773489e-05
GNG303,23,2,8,2.670366478773489e-05
IB060,23,2,14,2.670366478773489e-05
LHAD1f3_b,23,5,11,2.670366478773489e-05
LHAV2g3,23,6,14,2.670366478773489e-05
LHAV3k2,23,2,4,2.670366478773489e-05
LHAV3m1,23,2,6,2.670366478773489e-05
LHAV4g13,23,4,8,2.670366478773489e-05
LHPV6o1,23,2,9,2.670366478773489e-05
LO_unclear,23,9,18,2.670366478773489e-05
LT1a,23,2,9,2.670366478773489e-05
LT72,23,2,9,2.670366478773489e-05
LoVP45,23,2,10,2.670366478773489e-05
LoVP54,23,2,18,2.670366478773489e-05
M_adPNm3,23,2,7,2.670366478773489e-05
M_l2PNm14,23,2,8,2.670366478773489e-05
PLP042_b,23,8,13,2.670366478773489e-05
PLP094,23,2,9,2.670366478773489e-05
PLP245,23,2,13,2.670366478773489e-05
PS002,23,6,18,2.670366478773489e-05
PS171,23,2,12,2.670366478773489e-05
PVLP019,23,2,10,2.670366478773489e-05
SAD071,23,2,10,2.670366478773489e-05
SIP074_a,23,2,8,2.670366478773489e-05
SIP091,23,2,9,2.670366478773489e-05
SLP072,23,2,10,2.670366478773489e-05
SLP188,23,9,15,2.670366478773489e-05
SLP216,23,2,8,2.670366478773489e-05
SLP247,23,2,17,2.670366478773489e-05
SMP119,23,2,8,2.670366478773489e-05
SMP158,23,2,17,2.670366478773489e-05
SMP207,23,6,19,2.670366478773489e-05
SMP594,23,2,11,2.670366478773489e-05
VES014,23,2,4,2.670366478773489e-05
VES074,23,2,11,2.670366478773489e-05
WED007,23,2,10,2.670366478773489e-05
WED020_b,23,3,9,2.670366478773489e-05
WED093,23,4,17,2.670366478773489e-05
WED102,23,4,11,2.670366478773489e-05
aMe17e,23,2,12,2.670366478773489e-05
hDeltaD,23,6,9,2.670366478773489e-05
mAL_m5a,23,6,10,2.670366478773489e-05
pC1_16a,23,5,11,2.670366478773489e-05
pC1x_c,23,2,9,2.670366478773489e-05
AOTU003,22,6,13,2.554263588392033e-05
AOTU061,22,7,17,2.554263588392033e-05
ATL037,22,2,14,2.554263588392033e-05
AVLP021,22,2,13,2.554263588392033e-05
AVLP069_a,22,4,11,2.554263588392033e-05
AVLP098,22,2,7,2.554263588392033e-05
AVLP178,22,3,10,2.554263588392033e-05
AVLP257,22,2,13,2.554263588392033e-05
AVLP284,22,3,17,2.554263588392033e-05
AVLP312,22,7,15,2.554263588392033e-05
AVLP454_b2,22,2,8,2.554263588392033e-05
AVLP454_b5,22,2,8,2.554263588392033e-05
AVLP491,22,2,14,2.554263588392033e-05
AVLP614,22,2,5,2.554263588392033e-05
AVLP761m,22,4,12,2.554263588392033e-05
AVLP763m,22,2,7,2.554263588392033e-05
CB0986,22,9,17,2.554263588392033e-05
CB2127,22,2,11,2.554263588392033e-05
CB2281,22,2,9,2.554263588392033e-05
CB2512,22,2,9,2.554263588392033e-05
CB2823,22,7,8,2.554263588392033e-05
CB3277,22,2,12,2.554263588392033e-05
CB3488,22,2,10,2.554263588392033e-05
CB4081,22,8,20,2.554263588392033e-05
CB4190,22,4,10,2.554263588392033e-05
CL029_a,22,2,10,2.554263588392033e-05
CL067,22,2,13,2.554263588392033e-05
CL249,22,2,14,2.554263588392033e-05
CL259,22,2,10,2.554263588392033e-05
CL361,22,2,14,2.554263588392033e-05
DNg102,22,4,15,2.554263588392033e-05
DNpe002,22,2,7,2.554263588392033e-05
DNpe034,22,2,5,2.554263588392033e-05
DP1m_adPN,22,2,2,2.554263588392033e-05
GNG291,22,2,10,2.554263588392033e-05
GNG313,22,2,5,2.554263588392033e-05
HST,22,2,6,2.554263588392033e-05
LAL009,22,2,12,2.554263588392033e-05
LHAD1f1,22,7,9,2.554263588392033e-05
LHAV2g6,22,3,11,2.554263588392033e-05
LHAV6e1,22,2,6,2.554263588392033e-05
LHPV4h1,22,8,13,2.554263588392033e-05
LHPV5a1,22,8,9,2.554263588392033e-05
LT47,22,2,11,2.554263588392033e-05
LT59,22,2,7,2.554263588392033e-05
LoVP107,22,2,8,2.554263588392033e-05
LoVP98,22,2,8,2.554263588392033e-05
LoVP99,22,2,8,2.554263588392033e-05
M_l2PN10t19,22,4,15,2.554263588392033e-05
M_lvPNm24,22,4,13,2.554263588392033e-05
OA-AL2i2,22,4,17,2.554263588392033e-05
OA-AL2i4,22,2,13,2.554263588392033e-05
PLP003,22,3,11,2.554263588392033e-05
PLP016,22,2,9,2.554263588392033e-05
PLP037,22,8,17,2.554263588392033e-05
PLP115_a,22,7,13,2.554263588392033e-05
PLP301m,22,4,17,2.554263588392033e-05
PS096,22,9,20,2.554263588392033e-05
PS240,22,6,16,2.554263588392033e-05
PVLP103,22,7,18,2.554263588392033e-05
SIP140m,22,2,4,2.554263588392033e-05
SLP104,22,6,6,2.554263588392033e-05
SLP113,22,6,10,2.554263588392033e-05
SLP157,22,4,5,2.554263588392033e-05
SLP171,22,5,8,2.554263588392033e-05
SLP240_b,22,6,7,2.554263588392033e-05
SLP461,22,2,9,2.554263588392033e-05
SMP085,22,4,13,2.554263588392033e-05
SMP315,22,6,13,2.554263588392033e-05
SMP321_a,22,4,10,2.554263588392033e-05
SMP550,22,2,11,2.554263588392033e-05
SMP604,22,2,11,2.554263588392033e-05
SMP719m,22,8,14,2.554263588392033e-05
VES017,22,2,11,2.554263588392033e-05
VES059,22,2,12,2.554263588392033e-05
VES076,22,2,11,2.554263588392033e-05
VES098,22,2,13,2.554263588392033e-05
VP1m_l2PN,22,2,6,2.554263588392033e-05
WED026,22,5,9,2.554263588392033e-05
WED039,22,5,13,2.554263588392033e-05
WED196,22,1,5,2.554263588392033e-05
WEDPN17_a2,22,4,14,2.554263588392033e-05
aMe30,22,5,13,2.554263588392033e-05
pC1_17a,22,3,10,2.554263588392033e-05
pC1x_d,22,2,5,2.554263588392033e-05
AOTU001,21,6,15,2.438160698010577e-05
AOTU025,21,2,6,2.438160698010577e-05
ATL005,21,2,6,2.438160698010577e-05
ATL034,21,2,9,2.438160698010577e-05
AVLP218_a,21,2,10,2.438160698010577e-05
AVLP221,21,2,7,2.438160698010577e-05
AVLP413,21,2,6,2.438160698010577e-05
AVLP506,21,2,8,2.438160698010577e-05
AVLP580,21,4,14,2.438160698010577e-05
AVLP594,21,2,9,2.438160698010577e-05
AVLP700m,21,5,16,2.438160698010577e-05
AVLP757m,21,2,10,2.438160698010577e-05
CB0121,21,2,11,2.438160698010577e-05
CB0197,21,2,9,2.438160698010577e-05
CB0244,21,2,9,2.438160698010577e-05
CB2107,21,4,9,2.438160698010577e-05
CB2330,21,2,9,2.438160698010577e-05
CB2596,21,4,10,2.438160698010577e-05
CB3433,21,2,9,2.438160698010577e-05
CB3476,21,5,13,2.438160698010577e-05
CB3608,21,2,3,2.438160698010577e-05
CB3630,21,2,12,2.438160698010577e-05
CB3664,21,2,2,2.438160698010577e-05
CB4209,21,7,15,2.438160698010577e-05
CB4245,21,3,11,2.438160698010577e-05
CL032,21,2,8,2.438160698010577e-05
CL236,21,2,13,2.438160698010577e-05
CL266_b1,21,2,13,2.438160698010577e-05
CL282,21,4,12,2.438160698010577e-05
CRE082,21,2,15,2.438160698010577e-05
DNc01,21,2,16,2.438160698010577e-05
DNge083,21,2,5,2.438160698010577e-05
DNp09,21,2,11,2.438160698010577e-05
ER3w_b,21,11,15,2.438160698010577e-05
ER5,21,10,16,2.438160698010577e-05
FB4Z_b,21,3,8,2.438160698010577e-05
GNG282,21,2,11,2.438160698010577e-05
GNG526,21,2,8,2.438160698010577e-05
IB092,21,2,12,2.438160698010577e-05
IB121,21,2,12,2.438160698010577e-05
ICL008m,21,6,13,2.438160698010577e-05
LAL026_a,21,2,12,2.438160698010577e-05
LAL046,21,2,7,2.438160698010577e-05
LAL064,21,4,8,2.438160698010577e-05
LAL156_a,21,2,5,2.438160698010577e-05
LAL205,21,2,11,2.438160698010577e-05
LHAD3a1,21,4,5,2.438160698010577e-05
LHAV1f1,21,9,15,2.438160698010577e-05
LHAV2b2_c,21,2,8,2.438160698010577e-05
LHAV4a5,21,8,8,2.438160698010577e-05
LHAV5a4_a,21,3,3,2.438160698010577e-05
LHAV6a1,21,4,4,2.438160698010577e-05
LHCENT12_a,21,2,2,2.438160698010577e-05
LoVC17,21,5,15,2.438160698010577e-05
LoVP17,21,6,15,2.438160698010577e-05
PLP012,21,2,9,2.438160698010577e-05
PLP065,21,5,16,2.438160698010577e-05
PLP075,21,2,11,2.438160698010577e-05
PLP172,21,9,12,2.438160698010577e-05
PLP208,21,2,13,2.438160698010577e-05
PPL203,21,2,7,2.438160698010577e-05
PVLP113,21,6,15,2.438160698010577e-05
SAD003,21,6,10,2.438160698010577e-05
SIP018,21,2,11,2.438160698010577e-05
SLP027,21,4,4,2.438160698010577e-05
SLP237,21,4,11,2.438160698010577e-05
"SLP283,SLP284",21,7,13,2.438160698010577e-05
SLP464,21,4,5,2.438160698010577e-05
SMP009,21,2,13,2.438160698010577e-05
SMP128,21,2,19,2.438160698010577e-05
SMP181,21,2,12,2.438160698010577e-05
SMP190,21,2,11,2.438160698010577e-05
SMP209,21,5,14,2.438160698010577e-05
SMP489,21,4,16,2.438160698010577e-05
SMP554,21,2,11,2.438160698010577e-05
SMP569,21,4,17,2.438160698010577e-05
SMP720m,21,2,4,2.438160698010577e-05
VC3_adPN,21,6,8,2.438160698010577e-05
VES012,21,2,8,2.438160698010577e-05
VM5v_adPN,21,4,7,2.438160698010577e-05
WED080,21,2,6,2.438160698010577e-05
WED143_c,21,11,15,2.438160698010577e-05
mAL6,21,4,12,2.438160698010577e-05
pC1_13b,21,4,16,2.438160698010577e-05
AN01A086,20,2,10,2.322057807629121e-05
AN07B037_b,20,2,4,2.322057807629121e-05
AN08B034,20,5,10,2.322057807629121e-05
ANXXX102,20,2,7,2.322057807629121e-05
AOTU016_b,20,8,15,2.322057807629121e-05
AOTU020,20,4,16,2.322057807629121e-05
AVLP035,20,2,10,2.322057807629121e-05
AVLP101,20,2,3,2.322057807629121e-05
AVLP162,20,2,7,2.322057807629121e-05
AVLP305,20,4,11,2.322057807629121e-05
AVLP415,20,2,9,2.322057807629121e-05
AVLP508,20,2,9,2.322057807629121e-05
AVLP760m,20,2,9,2.322057807629121e-05
CB0670,20,2,6,2.322057807629121e-05
CB1308,20,4,14,2.322057807629121e-05
CB1478,20,2,13,2.322057807629121e-05
CB1599,20,3,7,2.322057807629121e-05
CB1911,20,3,9,2.322057807629121e-05
CB2245,20,4,16,2.322057807629121e-05
CB2448,20,8,8,2.322057807629121e-05
CB2660,20,1,9,2.322057807629121e-05
CB2667,20,5,9,2.322057807629121e-05
CB3135,20,3,16,2.322057807629121e-05
CB3147,20,2,12,2.322057807629121e-05
CB3396,20,2,10,2.322057807629121e-05
CB3411,20,2,8,2.322057807629121e-05
CB3530,20,4,10,2.322057807629121e-05
CB3683,20,2,8,2.322057807629121e-05
CB4083,20,8,12,2.322057807629121e-05
CL036,20,2,7,2.322057807629121e-05
CL055,20,2,8,2.322057807629121e-05
CL094,20,2,12,2.322057807629121e-05
CL108,20,2,9,2.322057807629121e-05
CL239,20,5,15,2.322057807629121e-05
CL266_a3,20,2,10,2.322057807629121e-05
CL266_b2,20,2,8,2.322057807629121e-05
CL316,20,2,9,2.322057807629121e-05
DM5_lPN,20,6,8,2.322057807629121e-05
DNg111,20,2,10,2.322057807629121e-05
DNge136,20,4,14,2.322057807629121e-05
DNp56,20,2,10,2.322057807629121e-05
ER3d_c,20,8,15,2.322057807629121e-05
FB1E_b,20,2,10,2.322057807629121e-05
GNG569,20,2,7,2.322057807629121e-05
GNG660,20,2,7,2.322057807629121e-05
IB022,20,4,14,2.322057807629121e-05
IB061,20,2,14,2.322057807629121e-05
IB069,20,2,13,2.322057807629121e-05
LAL029_e,20,2,13,2.322057807629121e-05
LAL111,20,2,8,2.322057807629121e-05
LAL301m,20,4,14,2.322057807629121e-05
LHAD1i2_b,20,7,7,2.322057807629121e-05
LHAD2e3,20,2,6,2.322057807629121e-05
LHAV3g2,20,4,5,2.322057807629121e-05
LHAV9a1_a,20,4,15,2.322057807629121e-05
LHPD2c1,20,2,11,2.322057807629121e-05
LHPD2d1,20,2,14,2.322057807629121e-05
LHPD3a4_b,20,8,8,2.322057807629121e-05
LHPD5f1,20,2,9,2.322057807629121e-05
LT1d,20,2,7,2.322057807629121e-05
LoVP28,20,2,9,2.322057807629121e-05
LoVP85,20,2,8,2.322057807629121e-05
M_lPNm11A,20,6,12,2.322057807629121e-05
MeLo3b,20,18,19,2.322057807629121e-05
MeTu4d,20,17,20,2.322057807629121e-05
PLP009,20,6,18,2.322057807629121e-05
PLP044,20,6,10,2.322057807629121e-05
PLP099,20,6,13,2.322057807629121e-05
PS063,20,2,13,2.322057807629121e-05
PS199,20,2,12,2.322057807629121e-05
PVLP008_a1,20,4,15,2.322057807629121e-05
PVLP069,20,2,9,2.322057807629121e-05
SAD094,20,2,7,2.322057807629121e-05
SApp23,20,13,13,2.322057807629121e-05
SIP019,20,2,7,2.322057807629121e-05
SIP045,20,4,14,2.322057807629121e-05
SLP098,20,4,10,2.322057807629121e-05
SLP103,20,7,10,2.322057807629121e-05
SLP312,20,5,11,2.322057807629121e-05
SLP378,20,2,4,2.322057807629121e-05
SLP473,20,2,8,2.322057807629121e-05
SMP017,20,4,14,2.322057807629121e-05
SMP087,20,4,13,2.322057807629121e-05
SMP102,20,5,13,2.322057807629121e-05
SMP322,20,4,14,2.322057807629121e-05
SMP547,20,2,15,2.322057807629121e-05
VES034_b,20,7,15,2.322057807629121e-05
VM5d_adPN,20,10,12,2.322057807629121e-05
VP3+_l2PN,20,6,13,2.322057807629121e-05
WED032,20,7,12,2.322057807629121e-05
WED121,20,2,7,2.322057807629121e-05
WEDPN6B,20,8,15,2.322057807629121e-05
aIPg9,20,3,13,2.322057807629121e-05
aMe20,20,2,12,2.322057807629121e-05
ANXXX094,19,2,8,2.205954917247665e-05
ANXXX434,19,2,5,2.205954917247665e-05
AVLP022,19,3,12,2.205954917247665e-05
AVLP089,19,4,12,2.205954917247665e-05
AVLP110_a,19,4,10,2.205954917247665e-05
AVLP197,19,2,10,2.205954917247665e-05
AVLP269_b,19,4,10,2.205954917247665e-05
AVLP304,19,2,11,2.205954917247665e-05
AVLP320_b,19,2,7,2.205954917247665e-05
AVLP428,19,2,10,2.205954917247665e-05
AVLP454_b6,19,2,8,2.205954917247665e-05
AVLP470_a,19,2,12,2.205954917247665e-05
AVLP704m,19,3,10,2.205954917247665e-05
CB0325,19,2,9,2.205954917247665e-05
CB0650,19,4,8,2.205954917247665e-05
CB1190,19,4,9,2.205954917247665e-05
CB1202,19,2,4,2.205954917247665e-05
CB1340,19,3,9,2.205954917247665e-05
CB1527,19,5,10,2.205954917247665e-05
CB1565,19,4,7,2.205954917247665e-05
CB1691,19,2,12,2.205954917247665e-05
CB2038,19,5,8,2.205954917247665e-05
CB2047,19,7,7,2.205954917247665e-05
CB2053,19,3,3,2.205954917247665e-05
CB2144,19,3,11,2.205954917247665e-05
CB2175,19,4,13,2.205954917247665e-05
CB2343,19,8,18,2.205954917247665e-05
CB2371,19,2,7,2.205954917247665e-05
CB2379,19,3,10,2.205954917247665e-05
CB2550,19,5,12,2.205954917247665e-05
CB2966,19,4,11,2.205954917247665e-05
CB3340,19,4,6,2.205954917247665e-05
CB3374,19,4,6,2.205954917247665e-05
CB3419,19,4,16,2.205954917247665e-05
CB3561,19,2,9,2.205954917247665e-05
CB3576,19,2,6,2.205954917247665e-05
CB4105,19,6,13,2.205954917247665e-05
CB4110,19,10,11,2.205954917247665e-05
CB4132,19,7,15,2.205954917247665e-05
CB4141,19,8,8,2.205954917247665e-05
CL022_a,19,2,11,2.205954917247665e-05
CL056,19,2,7,2.205954917247665e-05
CL064,19,2,8,2.205954917247665e-05
CL112,19,2,8,2.205954917247665e-05
CL185,19,6,10,2.205954917247665e-05
CL214,19,2,10,2.205954917247665e-05
CRE060,19,2,17,2.205954917247665e-05
DNpe040,19,2,8,2.205954917247665e-05
GNG385,19,4,13,2.205954917247665e-05
GNG512,19,2,8,2.205954917247665e-05
IB038,19,4,13,2.205954917247665e-05
IB065,19,2,12,2.205954917247665e-05
IB076,19,4,12,2.205954917247665e-05
LAL027,19,2,12,2.205954917247665e-05
LAL043_a,19,4,13,2.205954917247665e-05
LAL096,19,9,14,2.205954917247665e-05
LHAD1a1,19,6,6,2.205954917247665e-05
LHAD1f5,19,4,6,2.205954917247665e-05
LHAV2g1,19,4,14,2.205954917247665e-05
LHCENT13_a,19,4,9,2.205954917247665e-05
LHPV4a10,19,11,11,2.205954917247665e-05
LHPV4e1,19,2,6,2.205954917247665e-05
LT34,19,2,13,2.205954917247665e-05
LoVP11,19,7,14,2.205954917247665e-05
LoVP24,19,7,14,2.205954917247665e-05
LoVP74,19,4,15,2.205954917247665e-05
LoVP96,19,2,7,2.205954917247665e-05
MBON34,19,2,13,2.205954917247665e-05
M_imPNl92,19,2,15,2.205954917247665e-05
M_l2PNl20,19,2,13,2.205954917247665e-05
PLP096,19,2,11,2.205954917247665e-05
PLP150,19,9,15,2.205954917247665e-05
PS239,19,4,13,2.205954917247665e-05
PVLP020,19,2,9,2.205954917247665e-05
PVLP128,19,5,11,2.205954917247665e-05
PVLP200m_b,19,2,10,2.205954917247665e-05
SIP089,19,8,16,2.205954917247665e-05
SLP094_b,19,4,10,2.205954917247665e-05
SLP150,19,2,8,2.205954917247665e-05
SLP158,19,6,6,2.205954917247665e-05
SLP313,19,3,7,2.205954917247665e-05
SLP328,19,3,16,2.205954917247665e-05
SLP380,19,2,5,2.205954917247665e-05
SLP450,19,6,11,2.205954917247665e-05
SMP210,19,6,15,2.205954917247665e-05
SMP453,19,7,17,2.205954917247665e-05
SMP542,19,2,10,2.205954917247665e-05
SMP567,19,4,9,2.205954917247665e-05
SMP712m,19,2,14,2.205954917247665e-05
Tm35,19,18,19,2.205954917247665e-05
VES089,19,2,12,2.205954917247665e-05
Z_lvPNm1,19,8,11,2.205954917247665e-05
mAL_m7,19,2,5,2.205954917247665e-05
pC1_12a,19,2,8,2.205954917247665e-05
ALON3,18,4,7,2.0898520268662088e-05
AN09B012,18,4,12,2.0898520268662088e-05
AN19B017,18,2,13,2.0898520268662088e-05
AOTU027,18,2,7,2.0898520268662088e-05
AOTU052,18,7,12,2.0898520268662088e-05
ATL033,18,2,11,2.0898520268662088e-05
AVLP024_b,18,2,8,2.0898520268662088e-05
AVLP047,18,5,12,2.0898520268662088e-05
AVLP132,18,2,5,2.0898520268662088e-05
AVLP173,18,2,9,2.0898520268662088e-05
AVLP317,18,2,8,2.0898520268662088e-05
AVLP377,18,11,14,2.0898520268662088e-05
AVLP443,18,2,11,2.0898520268662088e-05
AVLP459,18,2,9,2.0898520268662088e-05
AVLP703m,18,2,9,2.0898520268662088e-05
AVLP720m,18,2,6,2.0898520268662088e-05
CB1056,18,6,12,2.0898520268662088e-05
CB1128,18,4,16,2.0898520268662088e-05
CB1227,18,7,16,2.0898520268662088e-05
CB1316,18,5,13,2.0898520268662088e-05
CB1550,18,2,7,2.0898520268662088e-05
CB1684,18,5,12,2.0898520268662088e-05
CB1811,18,4,4,2.0898520268662088e-05
CB1902,18,2,11,2.0898520268662088e-05
CB2465,18,2,5,2.0898520268662088e-05
CB2625,18,8,14,2.0898520268662088e-05
CB3036,18,4,7,2.0898520268662088e-05
CB3236,18,4,4,2.0898520268662088e-05
CB3250,18,2,9,2.0898520268662088e-05
CB3261,18,6,14,2.0898520268662088e-05
CB3506,18,3,4,2.0898520268662088e-05
CB3739,18,7,11,2.0898520268662088e-05
CB4155,18,6,11,2.0898520268662088e-05
CB4216,18,6,9,2.0898520268662088e-05
CL062_a1,18,2,11,2.0898520268662088e-05
CL062_a2,18,2,8,2.0898520268662088e-05
CL114,18,2,4,2.0898520268662088e-05
CL150,18,2,12,2.0898520268662088e-05
CL271,18,4,11,2.0898520268662088e-05
CL294,18,2,8,2.0898520268662088e-05
CL308,18,2,7,2.0898520268662088e-05
CL367,18,2,11,2.0898520268662088e-05
CRE026,18,2,14,2.0898520268662088e-05
DNa08,18,2,12,2.0898520268662088e-05
DNd02,18,2,9,2.0898520268662088e-05
DNge053,18,2,13,2.0898520268662088e-05
DNge129,18,2,9,2.0898520268662088e-05
GNG532,18,2,7,2.0898520268662088e-05
ICL006m,18,5,14,2.0898520268662088e-05
ICL010m,18,2,12,2.0898520268662088e-05
IbSpsP,18,15,18,2.0898520268662088e-05
LAL084,18,2,8,2.0898520268662088e-05
LAL102,18,2,10,2.0898520268662088e-05
LAL158,18,2,13,2.0898520268662088e-05
LH001m,18,4,9,2.0898520268662088e-05
LHAV2a3,18,8,12,2.0898520268662088e-05
LHAV2p1,18,2,6,2.0898520268662088e-05
LHAV3k6,18,2,4,2.0898520268662088e-05
LHAV5b2,18,4,5,2.0898520268662088e-05
LHAV7a7,18,5,7,2.0898520268662088e-05
LHPV2b2_a,18,9,12,2.0898520268662088e-05
LHPV2c4,18,4,8,2.0898520268662088e-05
LHPV3a2,18,5,10,2.0898520268662088e-05
LHPV4j2,18,2,5,2.0898520268662088e-05
LHPV5c3,18,10,11,2.0898520268662088e-05
LHPV6c1,18,2,6,2.0898520268662088e-05
LHPV6p1,18,2,6,2.0898520268662088e-05
LPi3a,18,13,15,2.0898520268662088e-05
LT55,18,2,9,2.0898520268662088e-05
M_l2PNm15,18,2,9,2.0898520268662088e-05
PLP039,18,6,12,2.0898520268662088e-05
PLP064_b,18,6,13,2.0898520268662088e-05
PLP076,18,2,8,2.0898520268662088e-05
PLP078,18,2,11,2.0898520268662088e-05
PLP217,18,2,13,2.0898520268662088e-05
PS013,18,2,8,2.0898520268662088e-05
PS047_b,18,2,9,2.0898520268662088e-05
PS048_a,18,2,12,2.0898520268662088e-05
PS127,18,2,11,2.0898520268662088e-05
PS157,18,2,9,2.0898520268662088e-05
PS197,18,4,13,2.0898520268662088e-05
PS230,18,4,10,2.0898520268662088e-05
PVLP037,18,6,9,2.0898520268662088e-05
PVLP066,18,4,9,2.0898520268662088e-05
PVLP211m_b,18,2,12,2.0898520268662088e-05
SAD073,18,4,13,2.0898520268662088e-05
SAD077,18,6,9,2.0898520268662088e-05
SAD105,18,2,9,2.0898520268662088e-05
SIP046,18,2,10,2.0898520268662088e-05
SIP110m_a,18,2,5,2.0898520268662088e-05
SLP031,18,2,9,2.0898520268662088e-05
SLP149,18,2,4,2.0898520268662088e-05
SLP404,18,2,10,2.0898520268662088e-05
SLP451,18,4,15,2.0898520268662088e-05
SMP051,18,2,14,2.0898520268662088e-05
SMP111,18,2,6,2.0898520268662088e-05
SMP196_b,18,2,9,2.0898520268662088e-05
SMP253,18,2,8,2.0898520268662088e-05
SMP409,18,7,12,2.0898520268662088e-05
SMP451,18,4,12,2.0898520268662088e-05
SMP492,18,2,13,2.0898520268662088e-05
SMP596,18,2,11,2.0898520268662088e-05
TuBu06,18,7,14,2.0898520268662088e-05
VES004,18,2,7,2.0898520268662088e-05
VES018,18,2,10,2.0898520268662088e-05
VES032,18,2,8,2.0898520268662088e-05
VES103,18,4,13,2.0898520268662088e-05
WED028,18,6,13,2.0898520268662088e-05
WED070,18,2,9,2.0898520268662088e-05
WED075,18,2,9,2.0898520268662088e-05
WED103,18,11,14,2.0898520268662088e-05
WED116,18,2,7,2.0898520268662088e-05
aIPg4,18,2,8,2.0898520268662088e-05
pC1_5a,18,2,9,2.0898520268662088e-05
pC1_8b,18,2,6,2.0898520268662088e-05
vpoEN,18,4,10,2.0898520268662088e-05
AOTU007_a,17,4,8,1.9737491364847527e-05
AOTU013,17,2,12,1.9737491364847527e-05
AOTU029,17,2,7,1.9737491364847527e-05
AOTU060,17,7,11,1.9737491364847527e-05
AVLP027,17,4,14,1.9737491364847527e-05
AVLP212,17,2,6,1.9737491364847527e-05
AVLP252,17,2,5,1.9737491364847527e-05
AVLP306,17,5,11,1.9737491364847527e-05
AVLP322,17,2,8,1.9737491364847527e-05
AVLP342,17,2,5,1.9737491364847527e-05
AVLP420_b,17,4,9,1.9737491364847527e-05
AVLP429,17,2,7,1.9737491364847527e-05
AVLP470_b,17,2,12,1.9737491364847527e-05
AVLP471,17,3,10,1.9737491364847527e-05
AVLP550_b,17,5,8,1.9737491364847527e-05
AVLP608,17,2,8,1.9737491364847527e-05
AVLP609,17,2,5,1.9737491364847527e-05
AVLP735m,17,2,10,1.9737491364847527e-05
AVLP755m,17,2,9,1.9737491364847527e-05
CB0204,17,2,9,1.9737491364847527e-05
CB1007,17,6,13,1.9737491364847527e-05
CB1116,17,1,3,1.9737491364847527e-05
CB1575,17,6,10,1.9737491364847527e-05
CB1672,17,2,7,1.9737491364847527e-05
CB2089,17,5,5,1.9737491364847527e-05
CB2185,17,4,9,1.9737491364847527e-05
CB2459,17,4,11,1.9737491364847527e-05
CB2463,17,4,4,1.9737491364847527e-05
CB2633,17,4,12,1.9737491364847527e-05
CB2769,17,5,8,1.9737491364847527e-05
CB3201,17,4,10,1.9737491364847527e-05
CB3218,17,4,10,1.9737491364847527e-05
CB3255,17,4,14,1.9737491364847527e-05
CB3297,17,2,8,1.9737491364847527e-05
CB3523,17,2,4,1.9737491364847527e-05
CB3528,17,3,10,1.9737491364847527e-05
CB3909,17,2,12,1.9737491364847527e-05
CB4220,17,3,4,1.9737491364847527e-05
CB4242,17,6,10,1.9737491364847527e-05
CL027,17,2,8,1.9737491364847527e-05
CL123_a,17,2,9,1.9737491364847527e-05
CL151,17,2,5,1.9737491364847527e-05
CL290,17,3,8,1.9737491364847527e-05
CL318,17,2,11,1.9737491364847527e-05
DNge041,17,2,10,1.9737491364847527e-05
DNge103,17,2,9,1.9737491364847527e-05
DNp08,17,2,12,1.9737491364847527e-05
DNpe013,17,2,8,1.9737491364847527e-05
FB6R,17,4,7,1.9737491364847527e-05
GNG535,17,2,11,1.9737491364847527e-05
GNG577,17,2,6,1.9737491364847527e-05
LAL012,17,2,7,1.9737491364847527e-05
LAL029_b,17,2,9,1.9737491364847527e-05
LAL030d,17,2,11,1.9737491364847527e-05
LAL130,17,2,9,1.9737491364847527e-05
LHAV1d1,17,4,7,1.9737491364847527e-05
LHAV2a2,17,6,10,1.9737491364847527e-05
LHAV2f2_b,17,6,7,1.9737491364847527e-05
LHAV3b2_c,17,4,5,1.9737491364847527e-05
LHAV4c1,17,5,11,1.9737491364847527e-05
LHAV4d5,17,7,9,1.9737491364847527e-05
LHAV4g7_b,17,7,7,1.9737491364847527e-05
LHAV5a2_a3,17,10,10,1.9737491364847527e-05
LHPD5e1,17,4,10,1.9737491364847527e-05
LHPV6h1,17,6,12,1.9737491364847527e-05
LoVC7,17,2,7,1.9737491364847527e-05
LoVP3,17,9,16,1.9737491364847527e-05
LoVP37,17,2,9,1.9737491364847527e-05
M_ilPNm90,17,2,9,1.9737491364847527e-05
M_lvPNm48,17,7,15,1.9737491364847527e-05
M_vPNml52,17,2,2,1.9737491364847527e-05
MeLo12,17,14,16,1.9737491364847527e-05
PLP131,17,2,10,1.9737491364847527e-05
PLP158,17,7,11,1.9737491364847527e-05
PLP218,17,4,12,1.9737491364847527e-05
PLP239,17,2,6,1.9737491364847527e-05
PS272,17,4,13,1.9737491364847527e-05
PVLP008_a4,17,2,10,1.9737491364847527e-05
PVLP026,17,2,8,1.9737491364847527e-05
PVLP108,17,4,10,1.9737491364847527e-05
SIP032,17,6,11,1.9737491364847527e-05
SLP048,17,2,7,1.9737491364847527e-05
SLP152,17,6,11,1.9737491364847527e-05
SLP278,17,2,9,1.9737491364847527e-05
SLP379,17,2,6,1.9737491364847527e-05
SLP405,17,2,6,1.9737491364847527e-05
SLP456,17,2,11,1.9737491364847527e-05
SMP063,17,2,13,1.9737491364847527e-05
SMP160,17,4,13,1.9737491364847527e-05
SMP252,17,2,9,1.9737491364847527e-05
SMP283,17,4,11,1.9737491364847527e-05
SMP372,17,2,8,1.9737491364847527e-05
SMP381_a,17,6,14,1.9737491364847527e-05
SMP455,17,2,8,1.9737491364847527e-05
SMP493,17,2,14,1.9737491364847527e-05
T2a,17,15,16,1.9737491364847527e-05
TuBu04,17,10,12,1.9737491364847527e-05
VES057,17,2,8,1.9737491364847527e-05
VES085_b,17,2,9,1.9737491364847527e-05
WED004,17,8,12,1.9737491364847527e-05
WED011,17,2,6,1.9737491364847527e-05
WED038,17,9,15,1.9737491364847527e-05
WED074,17,4,13,1.9737491364847527e-05
WED081,17,2,13,1.9737491364847527e-05
WEDPN2B_b,17,2,9,1.9737491364847527e-05
aIPg_m3,17,2,9,1.9737491364847527e-05
pC1_5b,17,4,11,1.9737491364847527e-05
v2LN38,17,4,11,1.9737491364847527e-05
AN04B003,16,6,14,1.857646246103297e-05
AN08B014,16,2,12,1.857646246103297e-05
AN08B024,16,4,6,1.857646246103297e-05
AN17B011,16,2,7,1.857646246103297e-05
AOTU062,16,5,11,1.857646246103297e-05
AVLP188,16,2,9,1.857646246103297e-05
AVLP254,16,2,6,1.857646246103297e-05
AVLP263,16,2,9,1.857646246103297e-05
AVLP267,16,2,6,1.857646246103297e-05
AVLP330,16,2,9,1.857646246103297e-05
AVLP380,16,4,11,1.857646246103297e-05
AVLP511,16,2,9,1.857646246103297e-05
AVLP745m,16,4,12,1.857646246103297e-05
CB0194,16,2,10,1.857646246103297e-05
CB0218,16,2,7,1.857646246103297e-05
CB0925,16,4,9,1.857646246103297e-05
CB1252,16,5,14,1.857646246103297e-05
CB1276,16,7,14,1.857646246103297e-05
CB1287,16,2,12,1.857646246103297e-05
CB1454,16,2,13,1.857646246103297e-05
CB1574,16,5,10,1.857646246103297e-05
CB1593,16,6,7,1.857646246103297e-05
CB1759b,16,6,6,1.857646246103297e-05
CB1818,16,3,9,1.857646246103297e-05
CB1871,16,2,7,1.857646246103297e-05
CB1985,16,4,7,1.857646246103297e-05
CB2151,16,4,10,1.857646246103297e-05
CB2171,16,2,6,1.857646246103297e-05
CB2174,16,3,6,1.857646246103297e-05
CB2309,16,4,11,1.857646246103297e-05
CB2357,16,2,7,1.857646246103297e-05
CB2489,16,2,5,1.857646246103297e-05
CB2584,16,4,9,1.857646246103297e-05
CB2627,16,2,7,1.857646246103297e-05
CB2831,16,7,10,1.857646246103297e-05
CB2955,16,5,6,1.857646246103297e-05
CB3052,16,2,11,1.857646246103297e-05
CB3185,16,3,11,1.857646246103297e-05
CB3400,16,2,6,1.857646246103297e-05
CB3512,16,2,9,1.857646246103297e-05
CB3629,16,2,8,1.857646246103297e-05
CB3676,16,2,7,1.857646246103297e-05
CB4054,16,2,7,1.857646246103297e-05
CB4183,16,4,14,1.857646246103297e-05
CL022_b,16,2,10,1.857646246103297e-05
CL040,16,4,7,1.857646246103297e-05
CL068,16,2,6,1.857646246103297e-05
CL095,16,2,11,1.857646246103297e-05
CL101,16,4,9,1.857646246103297e-05
CL176,16,2,12,1.857646246103297e-05
CL208,16,4,8,1.857646246103297e-05
CL251,16,2,12,1.857646246103297e-05
CL327,16,2,9,1.857646246103297e-05
DNg64,16,2,4,1.857646246103297e-05
DNpe006,16,2,8,1.857646246103297e-05
ER3p_a,16,11,14,1.857646246103297e-05
FB5Y_b,16,2,4,1.857646246103297e-05
GNG548,16,2,11,1.857646246103297e-05
GNG564,16,2,7,1.857646246103297e-05
GNG701m,16,2,12,1.857646246103297e-05
LAL032,16,2,6,1.857646246103297e-05
LAL054,16,2,10,1.857646246103297e-05
LAL061,16,6,13,1.857646246103297e-05
LAL148,16,2,11,1.857646246103297e-05
LAL163,16,2,10,1.857646246103297e-05
LAL166,16,2,14,1.857646246103297e-05
LC23,16,7,13,1.857646246103297e-05
LHAD1f4,16,6,12,1.857646246103297e-05
LHAD3f1_b,16,4,4,1.857646246103297e-05
LHAV2k12_a,16,4,6,1.857646246103297e-05
LHAV2k9,16,6,7,1.857646246103297e-05
LHAV3o1,16,6,8,1.857646246103297e-05
LHAV5a6_a,16,4,4,1.857646246103297e-05
LHAV5a9_a,16,4,4,1.857646246103297e-05
LHAV6c1,16,9,15,1.857646246103297e-05
LHAV7a1,16,5,5,1.857646246103297e-05
LHPV10c1,16,2,8,1.857646246103297e-05
LHPV1c1,16,3,9,1.857646246103297e-05
LHPV2a5,16,4,9,1.857646246103297e-05
LHPV4g2,16,6,8,1.857646246103297e-05
LPi3b,16,12,13,1.857646246103297e-05
LoVP30,16,2,7,1.857646246103297e-05
LoVP43,16,2,11,1.857646246103297e-05
LoVP79,16,2,11,1.857646246103297e-05
M_smPNm1,16,2,9,1.857646246103297e-05
M_vPNml50,16,4,12,1.857646246103297e-05
MeLo9,16,13,15,1.857646246103297e-05
OA-VUMa5,16,2,9,1.857646246103297e-05
PLP199,16,3,6,1.857646246103297e-05
PS088,16,2,14,1.857646246103297e-05
PS099_b,16,2,11,1.857646246103297e-05
PS176,16,2,10,1.857646246103297e-05
PS180,16,2,10,1.857646246103297e-05
PS261,16,4,12,1.857646246103297e-05
PVLP079,16,2,7,1.857646246103297e-05
PVLP126_a,16,2,7,1.857646246103297e-05
SAD075,16,4,12,1.857646246103297e-05
SAD082,16,2,10,1.857646246103297e-05
SAD200m,16,10,15,1.857646246103297e-05
SIP090,16,1,7,1.857646246103297e-05
SLP024,16,11,12,1.857646246103297e-05
SLP240_a,16,4,5,1.857646246103297e-05
SLP255,16,2,7,1.857646246103297e-05
SLP405_c,16,6,11,1.857646246103297e-05
SLP469,16,2,7,1.857646246103297e-05
SMP031,16,1,9,1.857646246103297e-05
SMP069,16,4,13,1.857646246103297e-05
SMP091,16,6,12,1.857646246103297e-05
SMP243,16,8,14,1.857646246103297e-05
SMP272,16,2,11,1.857646246103297e-05
SMP347,16,9,14,1.857646246103297e-05
SMP382,16,5,12,1.857646246103297e-05
SMP399_b,16,4,9,1.857646246103297e-05
SMP551,16,2,11,1.857646246103297e-05
SMP597,16,2,4,1.857646246103297e-05
VA1v_adPN,16,8,10,1.857646246103297e-05
VES065,16,2,11,1.857646246103297e-05
VES091,16,2,8,1.857646246103297e-05
VES093_b,16,4,8,1.857646246103297e-05
WED018,16,2,7,1.857646246103297e-05
WED042,16,7,12,1.857646246103297e-05
WED082,16,4,10,1.857646246103297e-05
l2LN20,16,5,7,1.857646246103297e-05
mAL_m2a,16,4,8,1.857646246103297e-05
pC1_8c,16,2,5,1.857646246103297e-05
vpoIN,16,5,8,1.857646246103297e-05
AN08B018,15,7,10,1.7415433557218408e-05
ANXXX116,15,4,8,1.7415433557218408e-05
AOTU014,15,2,5,1.7415433557218408e-05
AOTU030,15,2,8,1.7415433557218408e-05
AOTU050,15,9,13,1.7415433557218408e-05
ATL011,15,2,6,1.7415433557218408e-05
ATL019,15,3,7,1.7415433557218408e-05
ATL042,15,2,12,1.7415433557218408e-05
AVLP024_c,15,2,7,1.7415433557218408e-05
AVLP030,15,1,4,1.7415433557218408e-05
AVLP161,15,2,5,1.7415433557218408e-05
AVLP198,15,4,14,1.7415433557218408e-05
AVLP203_b,15,2,6,1.7415433557218408e-05
AVLP311_b2,15,2,8,1.7415433557218408e-05
AVLP344,15,4,7,1.7415433557218408e-05
AVLP463,15,6,8,1.7415433557218408e-05
AVLP578,15,2,8,1.7415433557218408e-05
CB0682,15,2,5,1.7415433557218408e-05
CB1050,15,4,6,1.7415433557218408e-05
CB1151,15,2,7,1.7415433557218408e-05
CB1179,15,4,4,1.7415433557218408e-05
CB1246,15,5,5,1.7415433557218408e-05
CB1562,15,2,9,1.7415433557218408e-05
CB1794,15,7,11,1.7415433557218408e-05
CB1866,15,2,8,1.7415433557218408e-05
CB1901,15,6,8,1.7415433557218408e-05
CB1923,15,6,6,1.7415433557218408e-05
CB1976,15,2,4,1.7415433557218408e-05
CB2006,15,4,9,1.7415433557218408e-05
CB2154,15,3,3,1.7415433557218408e-05
CB3051,15,3,5,1.7415433557218408e-05
CB3168,15,3,3,1.7415433557218408e-05
CB3184,15,4,9,1.7415433557218408e-05
CB3287b,15,4,10,1.7415433557218408e-05
CB3619,15,2,7,1.7415433557218408e-05
CB3879,15,2,7,1.7415433557218408e-05
CL024_a,15,5,13,1.7415433557218408e-05
CL054,15,2,11,1.7415433557218408e-05
CL066,15,2,7,1.7415433557218408e-05
CL081,15,3,9,1.7415433557218408e-05
CL167,15,5,10,1.7415433557218408e-05
CL179,15,2,10,1.7415433557218408e-05
CL184,15,4,8,1.7415433557218408e-05
CL266_a1,15,2,11,1.7415433557218408e-05
CRE099,15,4,10,1.7415433557218408e-05
DNg88,15,2,5,1.7415433557218408e-05
DNge127,15,2,9,1.7415433557218408e-05
DNpe021,15,2,12,1.7415433557218408e-05
DNpe039,15,2,9,1.7415433557218408e-05
FB5Y_a,15,2,4,1.7415433557218408e-05
FB6M,15,4,11,1.7415433557218408e-05
GNG011,15,2,11,1.7415433557218408e-05
GNG300,15,2,10,1.7415433557218408e-05
GNG670,15,2,9,1.7415433557218408e-05
IB059_a,15,2,7,1.7415433557218408e-05
LAL199,15,2,12,1.7415433557218408e-05
LHAV2d1,15,2,8,1.7415433557218408e-05
LHAV2k1,15,6,8,1.7415433557218408e-05
LHAV4g17,15,2,2,1.7415433557218408e-05
LHAV4g4_b,15,6,8,1.7415433557218408e-05
LHAV6a7,15,6,6,1.7415433557218408e-05
LHAV7b1,15,9,11,1.7415433557218408e-05
LHPD3c1,15,3,5,1.7415433557218408e-05
LHPD4a1,15,6,6,1.7415433557218408e-05
LHPD4a2,15,4,4,1.7415433557218408e-05
LHPD4d2_b,15,2,2,1.7415433557218408e-05
LHPV2a2,15,2,5,1.7415433557218408e-05
LHPV5a2,15,7,8,1.7415433557218408e-05
LHPV5b6,15,5,8,1.7415433557218408e-05
LHPV5h4,15,7,9,1.7415433557218408e-05
"LHPV6h3,SLP276",15,6,9,1.7415433557218408e-05
LT67,15,2,8,1.7415433557218408e-05
LoVC6,15,2,7,1.7415433557218408e-05
LoVP12,15,13,14,1.7415433557218408e-05
LoVP55,15,4,12,1.7415433557218408e-05
LoVP62,15,4,8,1.7415433557218408e-05
M_l2PNl23,15,2,6,1.7415433557218408e-05
M_spPN4t9,15,2,13,1.7415433557218408e-05
M_spPN5t10,15,2,11,1.7415433557218408e-05
MeVP50,15,2,5,1.7415433557218408e-05
PAL01,15,2,10,1.7415433557218408e-05
PLP008,15,2,6,1.7415433557218408e-05
PLP013,15,4,10,1.7415433557218408e-05
PLP034,15,2,8,1.7415433557218408e-05
PLP071,15,4,12,1.7415433557218408e-05
PLP085,15,4,9,1.7415433557218408e-05
PLP177,15,2,8,1.7415433557218408e-05
PS019,15,4,8,1.7415433557218408e-05
PS183,15,2,12,1.7415433557218408e-05
PS267,15,5,11,1.7415433557218408e-05
PVLP217m,15,2,7,1.7415433557218408e-05
SIP110m_b,15,2,7,1.7415433557218408e-05
SLP164,15,7,7,1.7415433557218408e-05
SLP286,15,7,8,1.7415433557218408e-05
SMP004,15,2,13,1.7415433557218408e-05
SMP079,15,4,14,1.7415433557218408e-05
SMP086,15,4,12,1.7415433557218408e-05
SMP105_b,15,5,7,1.7415433557218408e-05
SMP206,15,3,6,1.7415433557218408e-05
SMP311,15,2,9,1.7415433557218408e-05
SMP383,15,2,9,1.7415433557218408e-05
SMP561,15,2,8,1.7415433557218408e-05
SMP566,15,4,11,1.7415433557218408e-05
VES079,15,2,8,1.7415433557218408e-05
VES088,15,2,9,1.7415433557218408e-05
VLP_TBD1,15,2,9,1.7415433557218408e-05
WED025,15,6,10,1.7415433557218408e-05
WED033,15,10,12,1.7415433557218408e-05
WED107,15,2,7,1.7415433557218408e-05
WED131,15,4,9,1.7415433557218408e-05
WEDPN18,15,3,8,1.7415433557218408e-05
AN06B007,14,4,7,1.6254404653403847e-05
AN10B022,14,4,7,1.6254404653403847e-05
ATL041,14,2,8,1.6254404653403847e-05
AVLP050,14,6,10,1.6254404653403847e-05
AVLP116,14,3,8,1.6254404653403847e-05
AVLP140,14,3,8,1.6254404653403847e-05
AVLP170,14,2,6,1.6254404653403847e-05
AVLP199,14,8,12,1.6254404653403847e-05
AVLP219_b,14,4,10,1.6254404653403847e-05
AVLP261_b,14,2,8,1.6254404653403847e-05
AVLP363,14,3,5,1.6254404653403847e-05
AVLP431,14,2,5,1.6254404653403847e-05
AVLP446,14,2,5,1.6254404653403847e-05
AVLP487,14,2,7,1.6254404653403847e-05
AVLP517,14,4,8,1.6254404653403847e-05
AVLP599,14,2,5,1.6254404653403847e-05
AVLP601,14,2,4,1.6254404653403847e-05
AVLP604,14,2,7,1.6254404653403847e-05
Am1,14,2,4,1.6254404653403847e-05
CB0629,14,2,7,1.6254404653403847e-05
CB0640,14,2,6,1.6254404653403847e-05
CB1207_b,14,6,9,1.6254404653403847e-05
CB1701,14,7,11,1.6254404653403847e-05
CB1821,14,3,4,1.6254404653403847e-05
CB1885,14,6,8,1.6254404653403847e-05
CB1924,14,4,6,1.6254404653403847e-05
CB1959,14,2,4,1.6254404653403847e-05
CB1995,14,2,7,1.6254404653403847e-05
CB2040,14,3,6,1.6254404653403847e-05
CB2152,14,4,12,1.6254404653403847e-05
CB2230,14,3,9,1.6254404653403847e-05
CB2373,14,2,5,1.6254404653403847e-05
CB2498,14,4,7,1.6254404653403847e-05
CB2514,14,5,12,1.6254404653403847e-05
CB2549,14,1,5,1.6254404653403847e-05
CB2595,14,2,5,1.6254404653403847e-05
CB2679,14,5,5,1.6254404653403847e-05
CB2687,14,5,9,1.6254404653403847e-05
CB2689,14,2,11,1.6254404653403847e-05
CB2713,14,4,11,1.6254404653403847e-05
CB2873,14,5,9,1.6254404653403847e-05
CB3143,14,3,10,1.6254404653403847e-05
CB3212,14,1,5,1.6254404653403847e-05
CB3323,14,2,11,1.6254404653403847e-05
CB3357,14,4,6,1.6254404653403847e-05
CB3402,14,2,7,1.6254404653403847e-05
CB3553,14,2,4,1.6254404653403847e-05
CL003,14,2,8,1.6254404653403847e-05
CL031,14,2,8,1.6254404653403847e-05
CL057,14,2,9,1.6254404653403847e-05
CL122_b,14,6,10,1.6254404653403847e-05
CL123_c,14,2,8,1.6254404653403847e-05
CL225,14,5,11,1.6254404653403847e-05
CL250,14,2,5,1.6254404653403847e-05
CRE015,14,2,9,1.6254404653403847e-05
CRE093,14,4,12,1.6254404653403847e-05
DNb03,14,4,10,1.6254404653403847e-05
DNge141,14,2,10,1.6254404653403847e-05
DNpe043,14,2,7,1.6254404653403847e-05
ER2_b,14,4,10,1.6254404653403847e-05
ER3w_a,14,7,11,1.6254404653403847e-05
FB6W,14,2,6,1.6254404653403847e-05
GNG486,14,2,5,1.6254404653403847e-05
GNG523,14,3,6,1.6254404653403847e-05
HSN,14,2,4,1.6254404653403847e-05
HSS,14,2,3,1.6254404653403847e-05
ICL013m_a,14,2,6,1.6254404653403847e-05
LAL074,14,2,7,1.6254404653403847e-05
LAL147_b,14,2,6,1.6254404653403847e-05
LAL151,14,2,4,1.6254404653403847e-05
LHAD1b4,14,4,10,1.6254404653403847e-05
LHAD2c3,14,4,9,1.6254404653403847e-05
LHAV3b2_a,14,4,4,1.6254404653403847e-05
LHAV3e4_a,14,4,7,1.6254404653403847e-05
LHAV3j1,14,3,3,1.6254404653403847e-05
LHAV4l1,14,2,2,1.6254404653403847e-05
LHAV5a2_a2,14,7,7,1.6254404653403847e-05
LHAV5a6_b,14,6,6,1.6254404653403847e-05
LHAV5d1,14,2,3,1.6254404653403847e-05
LHPD2b1,14,4,8,1.6254404653403847e-05
LHPD2c6,14,4,11,1.6254404653403847e-05
LHPD5a1,14,2,10,1.6254404653403847e-05
LHPV1d1,14,2,8,1.6254404653403847e-05
LHPV4c1_b,14,6,8,1.6254404653403847e-05
LHPV4i4,14,2,4,1.6254404653403847e-05
LoVC28,14,3,8,1.6254404653403847e-05
LoVP33,14,5,11,1.6254404653403847e-05
LoVP41,14,2,5,1.6254404653403847e-05
LoVP44,14,2,8,1.6254404653403847e-05
LoVP56,14,2,6,1.6254404653403847e-05
LoVP57,14,2,8,1.6254404653403847e-05
PLP023,14,4,13,1.6254404653403847e-05
PLP048,14,6,11,1.6254404653403847e-05
PLP106,14,5,8,1.6254404653403847e-05
PLP161,14,4,9,1.6254404653403847e-05
PLP213,14,2,10,1.6254404653403847e-05
PLP232,14,2,7,1.6254404653403847e-05
PLP243,14,2,9,1.6254404653403847e-05
PS046,14,2,8,1.6254404653403847e-05
PS049,14,2,6,1.6254404653403847e-05
PS098,14,2,7,1.6254404653403847e-05
PS318,14,4,14,1.6254404653403847e-05
PS335,14,7,14,1.6254404653403847e-05
PVLP001,14,2,6,1.6254404653403847e-05
PVLP084,14,2,7,1.6254404653403847e-05
PVLP102,14,2,7,1.6254404653403847e-05
SA3,14,6,10,1.6254404653403847e-05
SIP081,14,4,10,1.6254404653403847e-05
SLP008,14,4,5,1.6254404653403847e-05
SLP044_d,14,5,5,1.6254404653403847e-05
SLP077,14,2,4,1.6254404653403847e-05
SLP118,14,2,3,1.6254404653403847e-05
SLP119,14,2,6,1.6254404653403847e-05
SLP361,14,4,9,1.6254404653403847e-05
SLP405_a,14,7,10,1.6254404653403847e-05
SLP467,14,5,11,1.6254404653403847e-05
SMP130,14,2,9,1.6254404653403847e-05
SMP196_a,14,2,12,1.6254404653403847e-05
SMP248_a,14,2,4,1.6254404653403847e-05
SMP248_c,14,4,10,1.6254404653403847e-05
SMP248_d,14,2,6,1.6254404653403847e-05
SMP250,14,2,6,1.6254404653403847e-05
SMP323,14,5,10,1.6254404653403847e-05
SMP336,14,2,11,1.6254404653403847e-05
SMP361,14,6,11,1.6254404653403847e-05
SMP387,14,2,8,1.6254404653403847e-05
SMP390,14,2,7,1.6254404653403847e-05
VC5_lvPN,14,6,9,1.6254404653403847e-05
VES025,14,2,8,1.6254404653403847e-05
VES030,14,2,6,1.6254404653403847e-05
VES039,14,2,9,1.6254404653403847e-05
VES048,14,2,8,1.6254404653403847e-05
VES094,14,2,6,1.6254404653403847e-05
VES206m,14,6,11,1.6254404653403847e-05
VL1_vPN,14,2,9,1.6254404653403847e-05
VP3+VP1l_ivPN,14,2,5,1.6254404653403847e-05
WED009,14,5,11,1.6254404653403847e-05
WED155,14,4,11,1.6254404653403847e-05
WEDPN10A,14,2,9,1.6254404653403847e-05
WEDPN2B_a,14,2,7,1.6254404653403847e-05
pC1_15a,14,2,6,1.6254404653403847e-05
pC1_18a,14,2,4,1.6254404653403847e-05
AL-AST1,13,3,5,1.5093375749589286e-05
AN08B022,13,5,8,1.5093375749589286e-05
AN09B011,13,2,5,1.5093375749589286e-05
AN09B017c,13,2,5,1.5093375749589286e-05
AN09B017d,13,2,5,1.5093375749589286e-05
AN09B031,13,2,9,1.5093375749589286e-05
AN10B019,13,6,8,1.5093375749589286e-05
ANXXX093,13,2,6,1.5093375749589286e-05
AOTU016_c,13,4,10,1.5093375749589286e-05
AOTU035,13,2,11,1.5093375749589286e-05
AOTU063_a,13,2,6,1.5093375749589286e-05
AVLP094,13,2,4,1.5093375749589286e-05
AVLP402,13,2,7,1.5093375749589286e-05
AVLP454_b1,13,2,7,1.5093375749589286e-05
AVLP492,13,4,12,1.5093375749589286e-05
CB0154,13,1,5,1.5093375749589286e-05
CB0259,13,2,11,1.5093375749589286e-05
CB0396,13,2,3,1.5093375749589286e-05
CB1124,13,2,11,1.5093375749589286e-05
CB1219,13,6,7,1.5093375749589286e-05
CB1287_c,13,2,3,1.5093375749589286e-05
CB1460,13,5,7,1.5093375749589286e-05
CB1706,13,3,6,1.5093375749589286e-05
CB1804,13,3,5,1.5093375749589286e-05
CB1809,13,5,8,1.5093375749589286e-05
CB1891b,13,2,6,1.5093375749589286e-05
CB2088,13,3,9,1.5093375749589286e-05
CB2226,13,3,3,1.5093375749589286e-05
CB2302,13,5,5,1.5093375749589286e-05
CB2480,13,6,6,1.5093375749589286e-05
CB2630,13,2,7,1.5093375749589286e-05
CB2684,13,1,3,1.5093375749589286e-05
CB2876,13,4,6,1.5093375749589286e-05
CB3042,13,4,6,1.5093375749589286e-05
CB3140,13,6,12,1.5093375749589286e-05
CB3268,13,4,9,1.5093375749589286e-05
CB3407,13,1,3,1.5093375749589286e-05
CB3595,13,2,5,1.5093375749589286e-05
CB3788,13,4,4,1.5093375749589286e-05
CB4106,13,5,11,1.5093375749589286e-05
CB4215,13,4,8,1.5093375749589286e-05
CL071_a,13,2,10,1.5093375749589286e-05
CL093,13,2,11,1.5093375749589286e-05
CL115,13,2,5,1.5093375749589286e-05
CL120,13,6,13,1.5093375749589286e-05
CL123_b,13,2,8,1.5093375749589286e-05
CL152,13,4,11,1.5093375749589286e-05
CL252,13,5,7,1.5093375749589286e-05
CL255,13,5,10,1.5093375749589286e-05
CL283_c,13,4,9,1.5093375749589286e-05
CRE019,13,4,10,1.5093375749589286e-05
CRE062,13,2,11,1.5093375749589286e-05
CRE096,13,2,8,1.5093375749589286e-05
DNae008,13,2,11,1.5093375749589286e-05
DNg43,13,2,8,1.5093375749589286e-05
DNp46,13,2,7,1.5093375749589286e-05
DNpe032,13,2,9,1.5093375749589286e-05
FB7E,13,4,8,1.5093375749589286e-05
FLA003m,13,4,7,1.5093375749589286e-05
GNG106,13,2,6,1.5093375749589286e-05
GNG458,13,2,8,1.5093375749589286e-05
GNG466,13,3,9,1.5093375749589286e-05
GNG595,13,6,11,1.5093375749589286e-05
IB015,13,2,7,1.5093375749589286e-05
IB097,13,2,9,1.5093375749589286e-05
LAL024,13,2,8,1.5093375749589286e-05
LAL043_b,13,2,10,1.5093375749589286e-05
LAL132_a,13,2,6,1.5093375749589286e-05
LC44,13,5,11,1.5093375749589286e-05
LHAD4a1,13,2,7,1.5093375749589286e-05
LHAV3b1,13,7,7,1.5093375749589286e-05
LHAV3q1,13,2,4,1.5093375749589286e-05
LHAV4b1,13,4,4,1.5093375749589286e-05
LHAV5a2_a4,13,7,7,1.5093375749589286e-05
LHAV7a6,13,2,5,1.5093375749589286e-05
LHPD4b1,13,5,6,1.5093375749589286e-05
LHPV2a4,13,6,10,1.5093375749589286e-05
LHPV4b1,13,6,6,1.5093375749589286e-05
LHPV4d10,13,5,5,1.5093375749589286e-05
LHPV4l1,13,2,4,1.5093375749589286e-05
LHPV5m1,13,4,7,1.5093375749589286e-05
LHPV6f5,13,5,9,1.5093375749589286e-05
LPT26,13,2,4,1.5093375749589286e-05
Lat5,13,2,6,1.5093375749589286e-05
LoVP29,13,2,8,1.5093375749589286e-05
LoVP95,13,2,8,1.5093375749589286e-05
M_vPNml67,13,4,4,1.5093375749589286e-05
MeTu4e,13,12,13,1.5093375749589286e-05
OLVC1,13,2,9,1.5093375749589286e-05
PLP010,13,2,8,1.5093375749589286e-05
PLP022,13,2,6,1.5093375749589286e-05
PLP073,13,4,8,1.5093375749589286e-05
PLP079,13,2,9,1.5093375749589286e-05
PLP087,13,4,9,1.5093375749589286e-05
PLP123,13,2,8,1.5093375749589286e-05
PLP160,13,6,11,1.5093375749589286e-05
PLP188,13,7,8,1.5093375749589286e-05
PLP191,13,6,9,1.5093375749589286e-05
PLP229,13,2,9,1.5093375749589286e-05
PS048_b,13,2,7,1.5093375749589286e-05
PS054,13,4,11,1.5093375749589286e-05
PS106,13,4,9,1.5093375749589286e-05
PS202,13,2,9,1.5093375749589286e-05
PS315,13,4,12,1.5093375749589286e-05
PS317,13,2,7,1.5093375749589286e-05
PVLP094,13,2,8,1.5093375749589286e-05
PVLP126_b,13,2,8,1.5093375749589286e-05
SAD021_a,13,5,7,1.5093375749589286e-05
SIP088,13,2,8,1.5093375749589286e-05
SLP026,13,5,7,1.5093375749589286e-05
SLP080,13,2,9,1.5093375749589286e-05
SLP212_a,13,2,5,1.5093375749589286e-05
SLP231,13,2,8,1.5093375749589286e-05
SLP340,13,2,4,1.5093375749589286e-05
SLP424,13,2,6,1.5093375749589286e-05
SLP471,13,2,7,1.5093375749589286e-05
SMP022,13,6,11,1.5093375749589286e-05
SMP080,13,2,5,1.5093375749589286e-05
SMP088,13,3,8,1.5093375749589286e-05
SMP208,13,4,11,1.5093375749589286e-05
SMP258,13,2,7,1.5093375749589286e-05
SMP269,13,2,9,1.5093375749589286e-05
SMP271,13,4,10,1.5093375749589286e-05
SMP405,13,4,8,1.5093375749589286e-05
SMP488,13,2,9,1.5093375749589286e-05
SMP509,13,5,9,1.5093375749589286e-05
SMP549,13,2,8,1.5093375749589286e-05
SMP572,13,4,10,1.5093375749589286e-05
VES052,13,3,11,1.5093375749589286e-05
VES058,13,2,7,1.5093375749589286e-05
VES072,13,2,10,1.5093375749589286e-05
VES085_a,13,2,5,1.5093375749589286e-05
VES102,13,2,10,1.5093375749589286e-05
VES108,13,1,7,1.5093375749589286e-05
VP2_l2PN,13,2,7,1.5093375749589286e-05
VS,13,10,10,1.5093375749589286e-05
WED001,13,7,10,1.5093375749589286e-05
WED055_b,13,4,7,1.5093375749589286e-05
WED089,13,2,11,1.5093375749589286e-05
WED166_d,13,8,11,1.5093375749589286e-05
WED193,13,2,7,1.5093375749589286e-05
WEDPN6C,13,4,8,1.5093375749589286e-05
mAL_m5c,13,6,12,1.5093375749589286e-05
ALPN,12,3,6,1.3932346845774725e-05
AN01A055,12,2,10,1.3932346845774725e-05
AN05B099,12,4,8,1.3932346845774725e-05
AN09B007,12,2,5,1.3932346845774725e-05
AOTU016_a,12,2,7,1.3932346845774725e-05
AOTU026,12,2,6,1.3932346845774725e-05
AOTU028,12,2,6,1.3932346845774725e-05
ATL031,12,2,7,1.3932346845774725e-05
AVL006_a,12,2,7,1.3932346845774725e-05
AVLP002,12,4,9,1.3932346845774725e-05
AVLP028,12,5,11,1.3932346845774725e-05
AVLP090,12,2,5,1.3932346845774725e-05
AVLP097,12,2,7,1.3932346845774725e-05
AVLP194_c2,12,2,7,1.3932346845774725e-05
AVLP203_a,12,2,5,1.3932346845774725e-05
AVLP318,12,2,4,1.3932346845774725e-05
AVLP320_a,12,2,7,1.3932346845774725e-05
AVLP349,12,7,9,1.3932346845774725e-05
AVLP460,12,2,7,1.3932346845774725e-05
AVLP497,12,2,9,1.3932346845774725e-05
AVLP727m,12,5,9,1.3932346845774725e-05
AVLP750m,12,3,8,1.3932346845774725e-05
CB0282,12,2,7,1.3932346845774725e-05
CB0510,12,2,5,1.3932346845774725e-05
CB1077,12,2,4,1.3932346845774725e-05
CB1322,12,7,10,1.3932346845774725e-05
CB1361,12,4,8,1.3932346845774725e-05
CB1554,12,5,11,1.3932346845774725e-05
CB1590,12,5,7,1.3932346845774725e-05
CB1663,12,4,4,1.3932346845774725e-05
CB1850,12,4,4,1.3932346845774725e-05
CB1983,12,6,11,1.3932346845774725e-05
CB2246,12,6,10,1.3932346845774725e-05
CB2693,12,5,8,1.3932346845774725e-05
CB2812,12,3,3,1.3932346845774725e-05
CB2892,12,6,7,1.3932346845774725e-05
CB2967,12,5,9,1.3932346845774725e-05
CB3030,12,2,2,1.3932346845774725e-05
CB3347,12,2,3,1.3932346845774725e-05
CB3362,12,2,9,1.3932346845774725e-05
CB3614,12,4,10,1.3932346845774725e-05
CB4094,12,5,9,1.3932346845774725e-05
CB4195,12,4,9,1.3932346845774725e-05
CL015_b,12,2,7,1.3932346845774725e-05
CL022_c,12,2,9,1.3932346845774725e-05
CL121_b,12,4,11,1.3932346845774725e-05
CL132,12,3,7,1.3932346845774725e-05
CL158,12,2,5,1.3932346845774725e-05
CL254,12,5,10,1.3932346845774725e-05
CL288,12,2,9,1.3932346845774725e-05
CL315,12,2,9,1.3932346845774725e-05
CL344_a,12,2,5,1.3932346845774725e-05
DNg30,12,2,12,1.3932346845774725e-05
DNg75,12,2,8,1.3932346845774725e-05
DNg97,12,2,4,1.3932346845774725e-05
DNp48,12,2,12,1.3932346845774725e-05
ER3d_e,12,4,8,1.3932346845774725e-05
FB6U,12,2,7,1.3932346845774725e-05
GNG297,12,1,5,1.3932346845774725e-05
GNG331,12,4,12,1.3932346845774725e-05
GNG390,12,2,5,1.3932346845774725e-05
GNG499,12,2,7,1.3932346845774725e-05
GNG500,12,2,8,1.3932346845774725e-05
GNG514,12,2,11,1.3932346845774725e-05
IB068,12,2,8,1.3932346845774725e-05
IB095,12,2,8,1.3932346845774725e-05
ICL002m,12,2,11,1.3932346845774725e-05
LAL139,12,2,9,1.3932346845774725e-05
LH005m,12,2,2,1.3932346845774725e-05
LHAD2c1,12,3,8,1.3932346845774725e-05
LHAD2c2,12,4,8,1.3932346845774725e-05
LHAV2g2_b,12,3,9,1.3932346845774725e-05
LHAV4g7_a,12,4,4,1.3932346845774725e-05
LHAV4j1,12,2,2,1.3932346845774725e-05
LHAV6a4,12,4,4,1.3932346845774725e-05
LHAV7a3,12,6,6,1.3932346845774725e-05
LHAV8a1,12,2,8,1.3932346845774725e-05
LHPD2d2,12,2,6,1.3932346845774725e-05
LHPD3a4_c,12,6,6,1.3932346845774725e-05
LHPV4b4,12,7,7,1.3932346845774725e-05
LHPV5b4,12,4,4,1.3932346845774725e-05
LPT110,12,2,9,1.3932346845774725e-05
LT1b,12,2,5,1.3932346845774725e-05
LoVP34,12,2,6,1.3932346845774725e-05
LoVP67,12,2,8,1.3932346845774725e-05
LoVP78,12,3,7,1.3932346845774725e-05
LoVP9,12,6,7,1.3932346845774725e-05
MZ_lv2PN,12,2,5,1.3932346845774725e-05
M_lv2PN9t49_a,12,2,7,1.3932346845774725e-05
MeLo11,12,8,10,1.3932346845774725e-05
MeVP26,12,2,6,1.3932346845774725e-05
MeVP49,12,2,5,1.3932346845774725e-05
MeVPMe1,12,8,11,1.3932346845774725e-05
Nod2,12,2,4,1.3932346845774725e-05
OLVC4,12,2,7,1.3932346845774725e-05
PAL03,12,2,8,1.3932346845774725e-05
PLP018,12,4,10,1.3932346845774725e-05
PLP067,12,6,10,1.3932346845774725e-05
PLP081,12,4,9,1.3932346845774725e-05
PLP129,12,2,6,1.3932346845774725e-05
PLP228,12,2,9,1.3932346845774725e-05
PLP300m,12,4,10,1.3932346845774725e-05
PRW003,12,2,8,1.3932346845774725e-05
PS047_a,12,2,10,1.3932346845774725e-05
PS058,12,2,6,1.3932346845774725e-05
PS061,12,2,11,1.3932346845774725e-05
PS173,12,2,8,1.3932346845774725e-05
PS232,12,2,5,1.3932346845774725e-05
PS263,12,4,8,1.3932346845774725e-05
PS305,12,2,8,1.3932346845774725e-05
PVLP003,12,2,8,1.3932346845774725e-05
PVLP008_a3,12,2,6,1.3932346845774725e-05
PVLP022,12,3,10,1.3932346845774725e-05
PVLP100,12,3,10,1.3932346845774725e-05
PVLP125,12,2,9,1.3932346845774725e-05
PVLP143,12,2,8,1.3932346845774725e-05
PVLP211m_c,12,2,6,1.3932346845774725e-05
SAD040,12,4,5,1.3932346845774725e-05
SIP077,12,3,8,1.3932346845774725e-05
SLP002,12,7,9,1.3932346845774725e-05
SLP034,12,2,5,1.3932346845774725e-05
SLP128,12,6,7,1.3932346845774725e-05
SLP155,12,2,2,1.3932346845774725e-05
SLP198,12,5,5,1.3932346845774725e-05
SLP243,12,2,6,1.3932346845774725e-05
SLP305,12,2,2,1.3932346845774725e-05
SLP377,12,2,3,1.3932346845774725e-05
SMP038,12,2,7,1.3932346845774725e-05
SMP039,12,4,9,1.3932346845774725e-05
SMP214,12,4,9,1.3932346845774725e-05
SMP240,12,2,5,1.3932346845774725e-05
SMP248_b,12,2,6,1.3932346845774725e-05
SMP352,12,7,9,1.3932346845774725e-05
SMP371_a,12,2,9,1.3932346845774725e-05
SMP371_b,12,2,9,1.3932346845774725e-05
SMP419,12,2,8,1.3932346845774725e-05
SMP449,12,2,8,1.3932346845774725e-05
SMP501,12,4,6,1.3932346845774725e-05
SMP571,12,2,7,1.3932346845774725e-05
SMP595,12,2,7,1.3932346845774725e-05
VA7m_lPN,12,5,6,1.3932346845774725e-05
WED078,12,2,10,1.3932346845774725e-05
WED091,12,2,7,1.3932346845774725e-05
WED130,12,2,4,1.3932346845774725e-05
WED194,12,2,8,1.3932346845774725e-05
WEDPN10B,12,2,6,1.3932346845774725e-05
pC1_15c,12,3,8,1.3932346845774725e-05
pC1_1b,12,2,7,1.3932346845774725e-05
AN01A033,11,2,9,1.2771317941960166e-05
AN06A015,11,2,3,1.2771317941960166e-05
AN07B004,11,2,7,1.2771317941960166e-05
AN08B027,11,2,6,1.2771317941960166e-05
AN09B019,11,2,5,1.2771317941960166e-05
AN17A062,11,5,8,1.2771317941960166e-05
AN17B016,11,2,6,1.2771317941960166e-05
AOTU024,11,2,10,1.2771317941960166e-05
AOTU065,11,2,7,1.2771317941960166e-05
ATL009,11,5,10,1.2771317941960166e-05
AVLP093,11,2,4,1.2771317941960166e-05
AVLP095,11,2,5,1.2771317941960166e-05
AVLP129,11,2,6,1.2771317941960166e-05
AVLP180,11,2,6,1.2771317941960166e-05
AVLP419,11,1,2,1.2771317941960166e-05
AVLP474,11,2,6,1.2771317941960166e-05
AVLP486,11,5,8,1.2771317941960166e-05
AVLP736m,11,2,8,1.2771317941960166e-05
CB0140,11,2,8,1.2771317941960166e-05
CB0440,11,2,6,1.2771317941960166e-05
CB0540,11,2,4,1.2771317941960166e-05
CB0591,11,2,4,1.2771317941960166e-05
CB0609,11,2,8,1.2771317941960166e-05
CB0695,11,2,7,1.2771317941960166e-05
CB0976,11,4,7,1.2771317941960166e-05
CB0992,11,2,6,1.2771317941960166e-05
CB0994,11,4,4,1.2771317941960166e-05
CB1104,11,2,2,1.2771317941960166e-05
CB1145,11,5,9,1.2771317941960166e-05
CB1165,11,4,7,1.2771317941960166e-05
CB1275,11,3,5,1.2771317941960166e-05
CB1302,11,4,8,1.2771317941960166e-05
CB1359,11,5,9,1.2771317941960166e-05
CB1510,11,4,9,1.2771317941960166e-05
CB1697,11,3,8,1.2771317941960166e-05
CB1789,11,7,10,1.2771317941960166e-05
CB1909,11,7,7,1.2771317941960166e-05
CB1926,11,1,5,1.2771317941960166e-05
CB1958,11,3,8,1.2771317941960166e-05
CB2027,11,5,8,1.2771317941960166e-05
CB2184,11,4,6,1.2771317941960166e-05
CB2404,11,5,8,1.2771317941960166e-05
CB2420,11,2,7,1.2771317941960166e-05
CB2522,11,4,9,1.2771317941960166e-05
CB2682,11,2,6,1.2771317941960166e-05
CB2805,11,6,7,1.2771317941960166e-05
CB2884,11,4,8,1.2771317941960166e-05
CB2936,11,2,2,1.2771317941960166e-05
CB3013,11,5,9,1.2771317941960166e-05
CB3067,11,2,3,1.2771317941960166e-05
CB3208,11,4,4,1.2771317941960166e-05
CB3435,11,4,6,1.2771317941960166e-05
CB3519,11,3,3,1.2771317941960166e-05
CB3578,11,4,7,1.2771317941960166e-05
CB3606,11,2,4,1.2771317941960166e-05
CB4101,11,6,11,1.2771317941960166e-05
CB4112,11,8,10,1.2771317941960166e-05
CB4117,11,5,9,1.2771317941960166e-05
CB4119,11,6,10,1.2771317941960166e-05
CB4123,11,6,7,1.2771317941960166e-05
CB4151,11,7,9,1.2771317941960166e-05
CB4214,11,4,6,1.2771317941960166e-05
CL028,11,2,6,1.2771317941960166e-05
CL062_b2,11,2,7,1.2771317941960166e-05
CL078_c,11,2,6,1.2771317941960166e-05
CL215,11,4,9,1.2771317941960166e-05
CL353,11,5,9,1.2771317941960166e-05
CRE035,11,2,8,1.2771317941960166e-05
DL2v_adPN,11,5,5,1.2771317941960166e-05
DNa06,11,2,5,1.2771317941960166e-05
DNp63,11,2,6,1.2771317941960166e-05
FB5W_b,11,3,10,1.2771317941960166e-05
FB6A_c,11,2,4,1.2771317941960166e-05
FB6K,11,4,9,1.2771317941960166e-05
FB6P,11,2,7,1.2771317941960166e-05
FB8F_a,11,7,8,1.2771317941960166e-05
GNG134,11,2,5,1.2771317941960166e-05
GNG146,11,2,7,1.2771317941960166e-05
GNG305,11,2,6,1.2771317941960166e-05
GNG497,11,2,8,1.2771317941960166e-05
GNG509,11,2,6,1.2771317941960166e-05
HSE,11,2,4,1.2771317941960166e-05
IB020,11,2,7,1.2771317941960166e-05
IB051,11,3,8,1.2771317941960166e-05
IB059_b,11,2,5,1.2771317941960166e-05
IB094,11,2,9,1.2771317941960166e-05
IB116,11,2,8,1.2771317941960166e-05
ICL003m,11,4,7,1.2771317941960166e-05
ICL011m,11,2,10,1.2771317941960166e-05
LAL025,11,3,8,1.2771317941960166e-05
LAL063,11,2,8,1.2771317941960166e-05
LAL067,11,7,10,1.2771317941960166e-05
LAL076,11,2,7,1.2771317941960166e-05
LAL132_b,11,2,5,1.2771317941960166e-05
LAL133_d,11,2,7,1.2771317941960166e-05
LHAV2b7_a,11,3,8,1.2771317941960166e-05
LHAV3n1,11,5,6,1.2771317941960166e-05
LHAV5a10_b,11,2,6,1.2771317941960166e-05
LHAV6b4,11,2,4,1.2771317941960166e-05
LHCENT13_b,11,3,4,1.2771317941960166e-05
LHPV2b4,11,4,4,1.2771317941960166e-05
LHPV5c1_c,11,2,3,1.2771317941960166e-05
LHPV5h2_a,11,4,4,1.2771317941960166e-05
LHPV5h2_b,11,3,3,1.2771317941960166e-05
LHPV5l1,11,2,9,1.2771317941960166e-05
LHPV6d1,11,7,8,1.2771317941960166e-05
LoVP109,11,1,5,1.2771317941960166e-05
LoVP38,11,3,9,1.2771317941960166e-05
LoVP46,11,2,7,1.2771317941960166e-05
LoVP71,11,4,9,1.2771317941960166e-05
LoVP81,11,4,8,1.2771317941960166e-05
LoVP82,11,4,6,1.2771317941960166e-05
LoVP86,11,2,5,1.2771317941960166e-05
MeVC9,11,2,7,1.2771317941960166e-05
PLP041,11,2,6,1.2771317941960166e-05
PLP042_a,11,4,8,1.2771317941960166e-05
PLP055,11,4,7,1.2771317941960166e-05
PLP109,11,4,8,1.2771317941960166e-05
PLP116,11,2,8,1.2771317941960166e-05
PLP134,11,2,8,1.2771317941960166e-05
PLP141,11,2,6,1.2771317941960166e-05
PLP159,11,4,7,1.2771317941960166e-05
PLP187,11,5,9,1.2771317941960166e-05
PS124,11,2,8,1.2771317941960166e-05
PS153,11,7,11,1.2771317941960166e-05
PS160,11,2,7,1.2771317941960166e-05
PS181,11,2,7,1.2771317941960166e-05
PS191,11,3,7,1.2771317941960166e-05
PS192,11,4,6,1.2771317941960166e-05
PS201,11,2,7,1.2771317941960166e-05
PS242,11,3,7,1.2771317941960166e-05
PS300,11,2,7,1.2771317941960166e-05
PS358,11,2,8,1.2771317941960166e-05
SAD064,11,5,7,1.2771317941960166e-05
SIP041,11,4,10,1.2771317941960166e-05
SLP043,11,5,7,1.2771317941960166e-05
SLP087,11,6,6,1.2771317941960166e-05
SLP142,11,5,5,1.2771317941960166e-05
SLP199,11,6,6,1.2771317941960166e-05
SLP437,11,2,7,1.2771317941960166e-05
SMP014,11,2,9,1.2771317941960166e-05
SMP025,11,7,7,1.2771317941960166e-05
SMP037,11,2,8,1.2771317941960166e-05
SMP043,11,4,5,1.2771317941960166e-05
SMP057,11,3,9,1.2771317941960166e-05
SMP092,11,4,10,1.2771317941960166e-05
SMP139,11,2,9,1.2771317941960166e-05
SMP186,11,2,6,1.2771317941960166e-05
SMP192,11,2,11,1.2771317941960166e-05
SMP215,11,7,10,1.2771317941960166e-05
SMP312,11,4,9,1.2771317941960166e-05
SMP326,11,5,6,1.2771317941960166e-05
SMP388,11,2,8,1.2771317941960166e-05
SMP391,11,3,9,1.2771317941960166e-05
SMP406_a,11,2,6,1.2771317941960166e-05
SMP406_d,11,2,4,1.2771317941960166e-05
TuTuB_a,11,2,6,1.2771317941960166e-05
VES096,11,2,10,1.2771317941960166e-05
VP1d_il2PN,11,2,6,1.2771317941960166e-05
VP1m+_lvPN,11,4,6,1.2771317941960166e-05
V_l2PN,11,2,5,1.2771317941960166e-05
WED010,11,5,8,1.2771317941960166e-05
WED101,11,5,9,1.2771317941960166e-05
WED190,11,1,4,1.2771317941960166e-05
aMe5,11,8,10,1.2771317941960166e-05
pC1x_a,11,2,8,1.2771317941960166e-05
v2LN37,11,2,7,1.2771317941960166e-05
ALIN4,10,2,6,1.1610289038145605e-05
ALON1,10,2,4,1.1610289038145605e-05
AN01B011,10,6,8,1.1610289038145605e-05
AN07B035,10,3,8,1.1610289038145605e-05
AN09B027,10,2,5,1.1610289038145605e-05
AN27X013,10,3,9,1.1610289038145605e-05
ANXXX050,10,2,5,1.1610289038145605e-05
AOTU023,10,2,6,1.1610289038145605e-05
ATL001,10,2,7,1.1610289038145605e-05
ATL003,10,2,6,1.1610289038145605e-05
ATL021,10,2,6,1.1610289038145605e-05
ATL043,10,2,5,1.1610289038145605e-05
AVLP009,10,4,9,1.1610289038145605e-05
AVLP182,10,2,4,1.1610289038145605e-05
AVLP222,10,2,6,1.1610289038145605e-05
AVLP268,10,2,8,1.1610289038145605e-05
AVLP381,10,2,4,1.1610289038145605e-05
AVLP579,10,2,8,1.1610289038145605e-05
AVLP713m,10,2,8,1.1610289038145605e-05
CB0227,10,2,3,1.1610289038145605e-05
CB0466,10,2,5,1.1610289038145605e-05
CB0744,10,3,6,1.1610289038145605e-05
CB1140,10,2,7,1.1610289038145605e-05
CB1464,10,4,8,1.1610289038145605e-05
CB1625,10,2,6,1.1610289038145605e-05
CB1655,10,2,5,1.1610289038145605e-05
CB1695,10,4,8,1.1610289038145605e-05
CB1714,10,2,6,1.1610289038145605e-05
CB1849,10,3,5,1.1610289038145605e-05
CB2018,10,1,8,1.1610289038145605e-05
CB2116,10,5,5,1.1610289038145605e-05
CB2196,10,5,6,1.1610289038145605e-05
CB2374,10,2,6,1.1610289038145605e-05
CB2433,10,5,6,1.1610289038145605e-05
CB2501,10,5,8,1.1610289038145605e-05
CB2507,10,5,6,1.1610289038145605e-05
CB2539,10,5,10,1.1610289038145605e-05
CB2599,10,2,4,1.1610289038145605e-05
CB2733,10,3,6,1.1610289038145605e-05
CB2736,10,3,8,1.1610289038145605e-05
CB2910,10,4,4,1.1610289038145605e-05
CB3121,10,4,7,1.1610289038145605e-05
CB3376,10,4,8,1.1610289038145605e-05
CB3409,10,3,5,1.1610289038145605e-05
CB3570,10,2,4,1.1610289038145605e-05
CB3657,10,3,5,1.1610289038145605e-05
CB3782,10,2,3,1.1610289038145605e-05
CB4085,10,5,5,1.1610289038145605e-05
CB4114,10,6,9,1.1610289038145605e-05
CB4115,10,6,6,1.1610289038145605e-05
CL024_c,10,2,4,1.1610289038145605e-05
CL024_d,10,2,3,1.1610289038145605e-05
CL062_b1,10,2,7,1.1610289038145605e-05
CL073,10,2,7,1.1610289038145605e-05
CL116,10,2,7,1.1610289038145605e-05
CL123_e,10,2,7,1.1610289038145605e-05
CL141,10,2,7,1.1610289038145605e-05
CL159,10,2,6,1.1610289038145605e-05
CL165,10,4,8,1.1610289038145605e-05
CL166,10,4,8,1.1610289038145605e-05
CL180,10,2,4,1.1610289038145605e-05
CL246,10,2,7,1.1610289038145605e-05
CL364,10,2,7,1.1610289038145605e-05
CRE057,10,2,3,1.1610289038145605e-05
DNa10,10,2,7,1.1610289038145605e-05
DNa14,10,2,9,1.1610289038145605e-05
DNd03,10,2,7,1.1610289038145605e-05
DNg24,10,2,3,1.1610289038145605e-05
DNg29,10,2,5,1.1610289038145605e-05
DNg74_b,10,2,5,1.1610289038145605e-05
DNg93,10,2,5,1.1610289038145605e-05
DNge054,10,2,5,1.1610289038145605e-05
DNge079,10,2,5,1.1610289038145605e-05
DNge099,10,2,9,1.1610289038145605e-05
DNp31,10,2,4,1.1610289038145605e-05
"DNp51,DNpe019",10,4,8,1.1610289038145605e-05
DNpe003,10,4,8,1.1610289038145605e-05
DNpe028,10,2,9,1.1610289038145605e-05
D_adPN,10,5,8,1.1610289038145605e-05
ER3a_d,10,4,6,1.1610289038145605e-05
ER3d_d,10,6,9,1.1610289038145605e-05
FB5G_b,10,2,5,1.1610289038145605e-05
GNG504,10,2,7,1.1610289038145605e-05
GNG572,10,3,8,1.1610289038145605e-05
GNG589,10,2,6,1.1610289038145605e-05
IB047,10,2,8,1.1610289038145605e-05
IB066,10,4,9,1.1610289038145605e-05
IB093,10,2,8,1.1610289038145605e-05
LAL094,10,5,7,1.1610289038145605e-05
LAL114,10,2,6,1.1610289038145605e-05
LAL133_b,10,2,6,1.1610289038145605e-05
LAL140,10,2,8,1.1610289038145605e-05
LAL143,10,2,5,1.1610289038145605e-05
LAL164,10,2,8,1.1610289038145605e-05
LHAD1b1_b,10,3,7,1.1610289038145605e-05
LHAV2b11,10,4,7,1.1610289038145605e-05
LHAV2m1,10,4,6,1.1610289038145605e-05
LHAV3d1,10,2,5,1.1610289038145605e-05
LHAV3p1,10,2,4,1.1610289038145605e-05
LHAV5a2_b,10,5,5,1.1610289038145605e-05
LHAV6a8,10,2,2,1.1610289038145605e-05
LHPV2h1,10,2,6,1.1610289038145605e-05
LHPV2i2_a,10,2,6,1.1610289038145605e-05
LHPV2i2_b,10,2,5,1.1610289038145605e-05
LHPV4b2,10,4,5,1.1610289038145605e-05
LHPV4k1,10,3,5,1.1610289038145605e-05
LHPV6l1,10,2,2,1.1610289038145605e-05
LPT116,10,5,7,1.1610289038145605e-05
LPT49,10,2,5,1.1610289038145605e-05
LT61a,10,2,7,1.1610289038145605e-05
LoVP52,10,2,8,1.1610289038145605e-05
MeTu4b,10,9,10,1.1610289038145605e-05
PLP042_c,10,4,9,1.1610289038145605e-05
PLP064_a,10,5,9,1.1610289038145605e-05
PLP086,10,7,8,1.1610289038145605e-05
PLP093,10,2,6,1.1610289038145605e-05
PLP103,10,5,8,1.1610289038145605e-05
PLP128,10,2,7,1.1610289038145605e-05
PLP155,10,6,9,1.1610289038145605e-05
PLP169,10,2,6,1.1610289038145605e-05
PLP197,10,2,5,1.1610289038145605e-05
PLP216,10,2,7,1.1610289038145605e-05
PLP249,10,2,5,1.1610289038145605e-05
PLP258,10,2,6,1.1610289038145605e-05
PS010,10,2,9,1.1610289038145605e-05
PS026,10,4,7,1.1610289038145605e-05
PS111,10,2,5,1.1610289038145605e-05
PS194,10,5,9,1.1610289038145605e-05
PS252,10,5,8,1.1610289038145605e-05
PS306,10,2,7,1.1610289038145605e-05
PS307,10,2,7,1.1610289038145605e-05
PS309,10,2,9,1.1610289038145605e-05
PS327,10,2,7,1.1610289038145605e-05
PVLP009,10,3,8,1.1610289038145605e-05
PVLP090,10,2,8,1.1610289038145605e-05
PVLP201m_d,10,2,6,1.1610289038145605e-05
PVLP213m,10,4,9,1.1610289038145605e-05
SAD008,10,3,5,1.1610289038145605e-05
SAD035,10,2,5,1.1610289038145605e-05
SIP017,10,2,6,1.1610289038145605e-05
SLP025,10,4,4,1.1610289038145605e-05
SLP044_a,10,3,3,1.1610289038145605e-05
SLP047,10,2,4,1.1610289038145605e-05
SLP067,10,2,2,1.1610289038145605e-05
SLP102,10,4,8,1.1610289038145605e-05
SLP236,10,2,6,1.1610289038145605e-05
SLP239,10,2,7,1.1610289038145605e-05
SLP244,10,4,7,1.1610289038145605e-05
SLP258,10,2,7,1.1610289038145605e-05
SLP290,10,4,5,1.1610289038145605e-05
SLP382,10,2,5,1.1610289038145605e-05
SLP384,10,2,5,1.1610289038145605e-05
SMP001,10,2,7,1.1610289038145605e-05
SMP013,10,2,8,1.1610289038145605e-05
SMP066,10,3,8,1.1610289038145605e-05
SMP125,10,2,7,1.1610289038145605e-05
SMP246,10,2,6,1.1610289038145605e-05
SMP324,10,3,8,1.1610289038145605e-05
SMP374,10,4,8,1.1610289038145605e-05
SMP381_b,10,3,8,1.1610289038145605e-05
SMP389_b,10,2,8,1.1610289038145605e-05
SMP406_e,10,2,5,1.1610289038145605e-05
SMP408_b,10,4,7,1.1610289038145605e-05
SMP458,10,2,10,1.1610289038145605e-05
SMP591,10,6,8,1.1610289038145605e-05
SMP592,10,5,7,1.1610289038145605e-05
SMP710m,10,4,6,1.1610289038145605e-05
Tm3,10,10,10,1.1610289038145605e-05
VES027,10,2,8,1.1610289038145605e-05
VES099,10,2,10,1.1610289038145605e-05
VL2a_adPN,10,2,4,1.1610289038145605e-05
VP1m+VP5_ilPN,10,2,5,1.1610289038145605e-05
VP2+Z_lvPN,10,4,7,1.1610289038145605e-05
VP2_adPN,10,1,3,1.1610289038145605e-05
WED023,10,4,6,1.1610289038145605e-05
WED079,10,2,7,1.1610289038145605e-05
WED143_b,10,3,5,1.1610289038145605e-05
WED152,10,2,7,1.1610289038145605e-05
mAL_m9,10,3,5,1.1610289038145605e-05
pC1_19,10,6,7,1.1610289038145605e-05
pC1_2b,10,2,8,1.1610289038145605e-05
pC1x_b,10,2,3,1.1610289038145605e-05
vLN29,10,2,3,1.1610289038145605e-05
AMMC019,9,6,7,1.0449260134331044e-05
AN06B039,9,2,5,1.0449260134331044e-05
AN07B037_a,9,4,7,1.0449260134331044e-05
AN09B033,9,5,7,1.0449260134331044e-05
AN10B034,9,5,5,1.0449260134331044e-05
AN17B002,9,2,4,1.0449260134331044e-05
ANXXX057,9,2,8,1.0449260134331044e-05
ANXXX127,9,2,8,1.0449260134331044e-05
AOTU004,9,5,7,1.0449260134331044e-05
AOTU017,9,3,7,1.0449260134331044e-05
AOTU032,9,4,7,1.0449260134331044e-05
AOTU043,9,2,7,1.0449260134331044e-05
AOTU055,9,3,8,1.0449260134331044e-05
ATL020,9,4,7,1.0449260134331044e-05
AVLP091,9,2,7,1.0449260134331044e-05
AVLP138,9,4,7,1.0449260134331044e-05
AVLP194_c3,9,2,5,1.0449260134331044e-05
AVLP274_b,9,2,4,1.0449260134331044e-05
AVLP421,9,4,6,1.0449260134331044e-05
AVLP447,9,2,5,1.0449260134331044e-05
AVLP475_a,9,2,4,1.0449260134331044e-05
AVLP475_b,9,2,7,1.0449260134331044e-05
AVLP543,9,2,5,1.0449260134331044e-05
AVLP548_e,9,3,5,1.0449260134331044e-05
AVLP607,9,1,4,1.0449260134331044e-05
AVLP613,9,2,6,1.0449260134331044e-05
AVLP719m,9,2,6,1.0449260134331044e-05
CB1074,9,4,9,1.0449260134331044e-05
CB1103,9,2,3,1.0449260134331044e-05
CB1150,9,3,3,1.0449260134331044e-05
CB1174,9,2,2,1.0449260134331044e-05
CB1181,9,6,8,1.0449260134331044e-05
CB1309,9,2,4,1.0449260134331044e-05
CB1394_a,9,4,5,1.0449260134331044e-05
CB1394_b,9,4,6,1.0449260134331044e-05
CB1413,9,2,2,1.0449260134331044e-05
CB1483,9,2,2,1.0449260134331044e-05
CB1487,9,5,9,1.0449260134331044e-05
CB1576,9,4,6,1.0449260134331044e-05
CB1619,9,3,3,1.0449260134331044e-05
CB1629,9,4,4,1.0449260134331044e-05
CB1844,9,4,8,1.0449260134331044e-05
CB1874,9,2,5,1.0449260134331044e-05
CB1899,9,4,8,1.0449260134331044e-05
CB1903,9,3,5,1.0449260134331044e-05
CB1920,9,1,3,1.0449260134331044e-05
CB2048,9,3,5,1.0449260134331044e-05
CB2111,9,2,4,1.0449260134331044e-05
CB2178,9,4,5,1.0449260134331044e-05
CB2206,9,2,6,1.0449260134331044e-05
CB2232,9,2,2,1.0449260134331044e-05
CB2254,9,1,2,1.0449260134331044e-05
CB2290,9,6,6,1.0449260134331044e-05
CB2298,9,4,7,1.0449260134331044e-05
CB2555,9,1,4,1.0449260134331044e-05
CB2620,9,2,5,1.0449260134331044e-05
CB2855,9,2,6,1.0449260134331044e-05
CB2902,9,2,6,1.0449260134331044e-05
CB3080,9,4,6,1.0449260134331044e-05
CB3364,9,5,8,1.0449260134331044e-05
CB3507,9,2,4,1.0449260134331044e-05
CB3638,9,1,4,1.0449260134331044e-05
CB4137,9,3,3,1.0449260134331044e-05
CB4193,9,4,4,1.0449260134331044e-05
CL018,9,6,8,1.0449260134331044e-05
CL069,9,2,5,1.0449260134331044e-05
CL078_a,9,2,4,1.0449260134331044e-05
CL078_b,9,2,5,1.0449260134331044e-05
CL090_e,9,5,8,1.0449260134331044e-05
CL100,9,4,8,1.0449260134331044e-05
CL134,9,5,8,1.0449260134331044e-05
CL135,9,2,7,1.0449260134331044e-05
CL189,9,6,9,1.0449260134331044e-05
CL190,9,5,7,1.0449260134331044e-05
CL191_a,9,4,6,1.0449260134331044e-05
CL205,9,2,5,1.0449260134331044e-05
CL266_a2,9,2,6,1.0449260134331044e-05
CL272_a1,9,2,7,1.0449260134331044e-05
CL272_b1,9,2,7,1.0449260134331044e-05
CL283_b,9,3,7,1.0449260134331044e-05
DC1_adPN,9,2,2,1.0449260134331044e-05
DM1_lPN,9,2,3,1.0449260134331044e-05
DM4_adPN,9,2,2,1.0449260134331044e-05
DNg32,9,2,7,1.0449260134331044e-05
DNge047,9,2,6,1.0449260134331044e-05
DNp11,9,2,5,1.0449260134331044e-05
DNp41,9,3,8,1.0449260134331044e-05
DNp49,9,2,6,1.0449260134331044e-05
EPGt,9,4,9,1.0449260134331044e-05
FB1J,9,2,7,1.0449260134331044e-05
FB6T,9,2,5,1.0449260134331044e-05
FB6V,9,2,5,1.0449260134331044e-05
FB6X,9,2,6,1.0449260134331044e-05
GNG121,9,2,9,1.0449260134331044e-05
GNG127,9,2,4,1.0449260134331044e-05
GNG335,9,2,3,1.0449260134331044e-05
GNG419,9,2,5,1.0449260134331044e-05
GNG420_a,9,2,3,1.0449260134331044e-05
GNG664,9,2,5,1.0449260134331044e-05
IB009,9,2,8,1.0449260134331044e-05
IB050,9,2,5,1.0449260134331044e-05
ICL005m,9,2,7,1.0449260134331044e-05
LAL004,9,1,3,1.0449260134331044e-05
LAL133_a,9,2,5,1.0449260134331044e-05
LAL188_b,9,4,7,1.0449260134331044e-05
LHAD1c3,9,5,5,1.0449260134331044e-05
LHAD3a10,9,2,2,1.0449260134331044e-05
LHAV2b6,9,4,7,1.0449260134331044e-05
LHAV2h1,9,6,7,1.0449260134331044e-05
LHAV3e5,9,3,6,1.0449260134331044e-05
LHAV4a6,9,2,5,1.0449260134331044e-05
LHAV4d1,9,6,6,1.0449260134331044e-05
LHAV4e1_b,9,4,5,1.0449260134331044e-05
LHPD2a5_b,9,2,5,1.0449260134331044e-05
LHPD3a5,9,5,5,1.0449260134331044e-05
LHPV11a1,9,4,5,1.0449260134331044e-05
LHPV4a11,9,2,2,1.0449260134331044e-05
LHPV4a7_d,9,2,2,1.0449260134331044e-05
LHPV4d3,9,5,5,1.0449260134331044e-05
LHPV4d4,9,4,5,1.0449260134331044e-05
LHPV5g2,9,5,8,1.0449260134331044e-05
LHPV6l2,9,2,6,1.0449260134331044e-05
LPi43,9,8,8,1.0449260134331044e-05
LT82a,9,4,8,1.0449260134331044e-05
Li15,9,7,8,1.0449260134331044e-05
LoVP31,9,1,3,1.0449260134331044e-05
LoVP58,9,2,5,1.0449260134331044e-05
LoVP64,9,2,4,1.0449260134331044e-05
LoVP80,9,4,8,1.0449260134331044e-05
M_lvPNm30,9,2,4,1.0449260134331044e-05
MeLo6,9,9,9,1.0449260134331044e-05
MeVC21,9,5,7,1.0449260134331044e-05
MeVP43,9,2,6,1.0449260134331044e-05
MeVP52,9,2,5,1.0449260134331044e-05
OCG06,9,2,8,1.0449260134331044e-05
PLP007,9,2,5,1.0449260134331044e-05
PLP035,9,2,5,1.0449260134331044e-05
PLP042a,9,2,6,1.0449260134331044e-05
PLP054,9,4,9,1.0449260134331044e-05
PLP063,9,2,5,1.0449260134331044e-05
PLP089,9,5,8,1.0449260134331044e-05
PLP092,9,2,7,1.0449260134331044e-05
PLP114,9,2,7,1.0449260134331044e-05
PLP148,9,2,7,1.0449260134331044e-05
PLP156,9,3,7,1.0449260134331044e-05
PLP165,9,3,5,1.0449260134331044e-05
PLP192,9,6,7,1.0449260134331044e-05
PLP230,9,2,7,1.0449260134331044e-05
PLP259,9,2,7,1.0449260134331044e-05
PS137,9,4,9,1.0449260134331044e-05
PS214,9,2,6,1.0449260134331044e-05
PS355,9,2,7,1.0449260134331044e-05
PVLP105,9,3,8,1.0449260134331044e-05
PVLP216m,9,4,8,1.0449260134331044e-05
SAD014,9,3,6,1.0449260134331044e-05
SAD072,9,2,5,1.0449260134331044e-05
SIP049,9,2,5,1.0449260134331044e-05
SIP105m,9,2,6,1.0449260134331044e-05
SLP017,9,3,3,1.0449260134331044e-05
SLP058,9,2,2,1.0449260134331044e-05
SLP071,9,2,3,1.0449260134331044e-05
SLP099,9,2,8,1.0449260134331044e-05
SLP101,9,3,3,1.0449260134331044e-05
SLP105,9,4,5,1.0449260134331044e-05
SLP238,9,2,5,1.0449260134331044e-05
SLP442,9,2,6,1.0449260134331044e-05
SMP002,9,2,7,1.0449260134331044e-05
SMP019,9,3,7,1.0449260134331044e-05
SMP020,9,3,6,1.0449260134331044e-05
SMP021,9,5,8,1.0449260134331044e-05
SMP065,9,3,9,1.0449260134331044e-05
SMP256,9,2,7,1.0449260134331044e-05
SMP427,9,7,8,1.0449260134331044e-05
SMP429,9,5,8,1.0449260134331044e-05
SMP459,9,6,9,1.0449260134331044e-05
SMP531,9,2,4,1.0449260134331044e-05
SMP552,9,2,6,1.0449260134331044e-05
SMP553,9,2,6,1.0449260134331044e-05
SMP_unclear,9,2,6,1.0449260134331044e-05
VES090,9,2,5,1.0449260134331044e-05
VES100,9,2,7,1.0449260134331044e-05
VES107,9,3,6,1.0449260134331044e-05
VM4_lvPN,9,4,6,1.0449260134331044e-05
VM6_adPN,9,2,4,1.0449260134331044e-05
WED006,9,2,5,1.0449260134331044e-05
WED030_a,9,6,8,1.0449260134331044e-05
WED125,9,3,9,1.0449260134331044e-05
WED198,9,2,7,1.0449260134331044e-05
WED207,9,5,5,1.0449260134331044e-05
aMe17a,9,2,7,1.0449260134331044e-05
aMe17c,9,4,8,1.0449260134331044e-05
pC1_13a,9,2,4,1.0449260134331044e-05
pC1_13c,9,2,6,1.0449260134331044e-05
AMMC020,8,4,5,9.288231230516485e-06
AMMC021,8,4,5,9.288231230516485e-06
AN02A001,8,2,2,9.288231230516485e-06
AN03A008,8,2,5,9.288231230516485e-06
AN04B023,8,5,6,9.288231230516485e-06
AN08B007,8,2,3,9.288231230516485e-06
AN08B057,8,2,2,9.288231230516485e-06
AN09B002,8,2,7,9.288231230516485e-06
AN09B029,8,4,7,9.288231230516485e-06
AN09B034,8,2,4,9.288231230516485e-06
AN10B047,8,5,6,9.288231230516485e-06
AN17A026,8,2,6,9.288231230516485e-06
AN17B008,8,4,4,9.288231230516485e-06
AOTU002_a,8,5,6,9.288231230516485e-06
AOTU038,8,6,8,9.288231230516485e-06
AOTU058,8,4,7,9.288231230516485e-06
AOTU063_b,8,2,3,9.288231230516485e-06
AOTU102m,8,2,7,9.288231230516485e-06
ATL035,8,2,6,9.288231230516485e-06
AVLP225_b1,8,3,5,9.288231230516485e-06
AVLP277,8,2,5,9.288231230516485e-06
AVLP419_b,8,2,3,9.288231230516485e-06
AVLP549,8,4,5,9.288231230516485e-06
AVLP560,8,4,8,9.288231230516485e-06
AVLP738m,8,2,7,9.288231230516485e-06
AVLP764m,8,2,5,9.288231230516485e-06
CB0029,8,2,6,9.288231230516485e-06
CB0046,8,2,5,9.288231230516485e-06
CB0346,8,2,7,9.288231230516485e-06
CB0380,8,2,6,9.288231230516485e-06
CB0492,8,2,6,9.288231230516485e-06
CB0633,8,2,4,9.288231230516485e-06
CB0937,8,5,6,9.288231230516485e-06
CB0996,8,3,3,9.288231230516485e-06
CB1000,8,3,6,9.288231230516485e-06
CB1088,8,4,7,9.288231230516485e-06
CB1156,8,3,4,9.288231230516485e-06
CB1314,8,4,7,9.288231230516485e-06
CB1356,8,2,7,9.288231230516485e-06
CB1405,8,2,2,9.288231230516485e-06
CB1447,8,5,6,9.288231230516485e-06
CB1503,8,4,5,9.288231230516485e-06
CB1509,8,2,3,9.288231230516485e-06
CB1557,8,3,4,9.288231230516485e-06
CB1735,8,5,5,9.288231230516485e-06
CB1787,8,2,4,9.288231230516485e-06
CB1815,8,3,6,9.288231230516485e-06
CB1833,8,3,6,9.288231230516485e-06
CB1897,8,5,8,9.288231230516485e-06
CB1955,8,6,8,9.288231230516485e-06
CB1976b,8,2,5,9.288231230516485e-06
CB1987,8,3,5,9.288231230516485e-06
CB2113,8,2,4,9.288231230516485e-06
CB2194,8,3,4,9.288231230516485e-06
CB2262,8,3,6,9.288231230516485e-06
CB2270,8,2,6,9.288231230516485e-06
CB2292,8,7,7,9.288231230516485e-06
CB2315,8,2,4,9.288231230516485e-06
CB2348,8,3,6,9.288231230516485e-06
CB2398,8,4,6,9.288231230516485e-06
CB2472,8,4,6,9.288231230516485e-06
CB2672,8,1,4,9.288231230516485e-06
CB2744,8,5,5,9.288231230516485e-06
CB2981,8,3,8,9.288231230516485e-06
CB3012,8,3,3,9.288231230516485e-06
CB3024,8,4,4,9.288231230516485e-06
CB3381,8,2,4,9.288231230516485e-06
CB3544,8,2,6,9.288231230516485e-06
CB3552,8,4,5,9.288231230516485e-06
CB3598,8,3,4,9.288231230516485e-06
CB3661,8,2,4,9.288231230516485e-06
CB3760,8,3,5,9.288231230516485e-06
CB4111,8,3,4,9.288231230516485e-06
CB4173,8,4,7,9.288231230516485e-06
CB4206,8,5,8,9.288231230516485e-06
CL025,8,2,5,9.288231230516485e-06
CL026,8,2,6,9.288231230516485e-06
CL072,8,2,7,9.288231230516485e-06
CL168,8,4,8,9.288231230516485e-06
CL177,8,2,8,9.288231230516485e-06
CL178,8,2,7,9.288231230516485e-06
CL200,8,2,6,9.288231230516485e-06
DA3_adPN,8,4,5,9.288231230516485e-06
DM2_lPN,8,3,3,9.288231230516485e-06
DNb09,8,2,3,9.288231230516485e-06
DNde001,8,2,4,9.288231230516485e-06
DNge073,8,2,8,9.288231230516485e-06
DNge149,8,1,5,9.288231230516485e-06
DNp04,8,2,6,9.288231230516485e-06
DNp14,8,2,7,9.288231230516485e-06
DNpe001,8,2,8,9.288231230516485e-06
DNpe005,8,2,6,9.288231230516485e-06
ER3w_c,8,4,4,9.288231230516485e-06
FS3,8,1,7,9.288231230516485e-06
GNG671,8,1,7,9.288231230516485e-06
IB026,8,2,6,9.288231230516485e-06
LAL026_b,8,2,5,9.288231230516485e-06
LAL133_c,8,2,4,9.288231230516485e-06
LHAD1c2b,8,2,4,9.288231230516485e-06
LHAD3a8,8,4,7,9.288231230516485e-06
LHAD3d4,8,2,2,9.288231230516485e-06
LHAD3d5,8,2,3,9.288231230516485e-06
LHAV1b1,8,4,8,9.288231230516485e-06
LHAV2k5,8,5,5,9.288231230516485e-06
LHAV2k6,8,2,2,9.288231230516485e-06
LHAV3e6,8,3,4,9.288231230516485e-06
LHAV5a1,8,4,4,9.288231230516485e-06
LHAV5e1,8,2,4,9.288231230516485e-06
LHAV6b1,8,2,3,9.288231230516485e-06
LHCENT13_c,8,3,7,9.288231230516485e-06
LHPV4j4,8,2,3,9.288231230516485e-06
LHPV8c1,8,2,5,9.288231230516485e-06
LPT29,8,2,5,9.288231230516485e-06
LT68,8,4,6,9.288231230516485e-06
LT82b,8,2,5,9.288231230516485e-06
LoVP53,8,2,7,9.288231230516485e-06
LoVP66,8,2,8,9.288231230516485e-06
M_vPNml55,8,2,5,9.288231230516485e-06
MeVC3,8,2,7,9.288231230516485e-06
MeVP41,8,2,5,9.288231230516485e-06
PLP021,8,4,6,9.288231230516485e-06
PLP029,8,2,7,9.288231230516485e-06
PLP069,8,4,6,9.288231230516485e-06
PLP084,8,2,5,9.288231230516485e-06
PLP102,8,4,8,9.288231230516485e-06
PLP143,8,2,7,9.288231230516485e-06
PLP181,8,4,7,9.288231230516485e-06
PLP185,8,3,7,9.288231230516485e-06
PLP189,8,5,7,9.288231230516485e-06
PLP214,8,2,5,9.288231230516485e-06
PLP222,8,2,5,9.288231230516485e-06
PRW010,8,5,7,9.288231230516485e-06
PS008_b,8,7,7,9.288231230516485e-06
PS083_b,8,4,7,9.288231230516485e-06
PS097,8,7,7,9.288231230516485e-06
PS107,8,4,8,9.288231230516485e-06
PS156,8,2,6,9.288231230516485e-06
PS186,8,2,4,9.288231230516485e-06
PS187,8,2,6,9.288231230516485e-06
PS188,8,4,7,9.288231230516485e-06
PS231,8,2,5,9.288231230516485e-06
PS268,8,4,7,9.288231230516485e-06
PS279,8,4,5,9.288231230516485e-06
PS326,8,4,5,9.288231230516485e-06
PVLP031,8,3,5,9.288231230516485e-06
PVLP065,8,2,4,9.288231230516485e-06
PVLP068,8,4,6,9.288231230516485e-06
PVLP134,8,4,6,9.288231230516485e-06
SAD113,8,4,4,9.288231230516485e-06
SIP013,8,3,4,9.288231230516485e-06
SIP111m,8,2,4,9.288231230516485e-06
SLP016,8,2,2,9.288231230516485e-06
SLP038,8,4,6,9.288231230516485e-06
SLP066,8,2,3,9.288231230516485e-06
SLP094_c,8,2,4,9.288231230516485e-06
SLP178,8,3,3,9.288231230516485e-06
SLP179_a,8,3,3,9.288231230516485e-06
SLP206,8,2,5,9.288231230516485e-06
SLP212_b,8,2,2,9.288231230516485e-06
SLP223,8,6,7,9.288231230516485e-06
SLP228,8,4,6,9.288231230516485e-06
SLP256,8,2,5,9.288231230516485e-06
SLP259,8,4,6,9.288231230516485e-06
SLP345,8,4,5,9.288231230516485e-06
SLP358,8,2,4,9.288231230516485e-06
SLP393,8,2,2,9.288231230516485e-06
SLP411,8,2,3,9.288231230516485e-06
SMP028,8,1,5,9.288231230516485e-06
SMP096,8,4,7,9.288231230516485e-06
SMP105_a,8,5,7,9.288231230516485e-06
SMP106,8,6,8,9.288231230516485e-06
SMP134,8,2,7,9.288231230516485e-06
SMP135,8,2,7,9.288231230516485e-06
SMP136,8,2,4,9.288231230516485e-06
SMP172,8,4,5,9.288231230516485e-06
SMP176,8,2,5,9.288231230516485e-06
SMP239,8,2,3,9.288231230516485e-06
SMP255,8,2,5,9.288231230516485e-06
SMP279_a,8,5,6,9.288231230516485e-06
SMP357,8,6,8,9.288231230516485e-06
SMP359,8,3,4,9.288231230516485e-06
SMP370,8,2,6,9.288231230516485e-06
SMP408_a,8,2,6,9.288231230516485e-06
SMP410,8,4,7,9.288231230516485e-06
SMP424,8,4,6,9.288231230516485e-06
SMP438,8,3,3,9.288231230516485e-06
SMP469,8,3,8,9.288231230516485e-06
SMP490,8,3,6,9.288231230516485e-06
SMP496,8,2,6,9.288231230516485e-06
SMP527,8,2,7,9.288231230516485e-06
SMP565,8,3,7,9.288231230516485e-06
SMP578,8,4,7,9.288231230516485e-06
SMP579,8,2,5,9.288231230516485e-06
SMP583,8,2,4,9.288231230516485e-06
SpsP,8,3,6,9.288231230516485e-06
T2,8,8,8,9.288231230516485e-06
VA3_adPN,8,3,4,9.288231230516485e-06
VES016,8,2,7,9.288231230516485e-06
VP2+VC5_l2PN,8,2,5,9.288231230516485e-06
VP4_vPN,8,2,6,9.288231230516485e-06
WED012,8,4,7,9.288231230516485e-06
WED037,8,4,7,9.288231230516485e-06
WED26,8,2,3,9.288231230516485e-06
aMe25,8,2,6,9.288231230516485e-06
aMe8,8,4,7,9.288231230516485e-06
v2LN42,8,5,5,9.288231230516485e-06
vCal2,8,2,6,9.288231230516485e-06
ALIN2,7,2,4,8.127202326701924e-06
AN01B005,7,3,5,8.127202326701924e-06
AN05B097,7,4,6,8.127202326701924e-06
AN05B107,7,2,5,8.127202326701924e-06
AN06B075,7,2,3,8.127202326701924e-06
AN09B016,7,2,4,8.127202326701924e-06
AN09B059,7,2,5,8.127202326701924e-06
AN10B018,7,2,4,8.127202326701924e-06
AN10B024,7,3,5,8.127202326701924e-06
AN10B026,7,2,4,8.127202326701924e-06
AN12B004,7,4,5,8.127202326701924e-06
AN27X015,7,2,5,8.127202326701924e-06
ANXXX120,7,4,4,8.127202326701924e-06
AOTU018,7,4,6,8.127202326701924e-06
AOTU047,7,2,5,8.127202326701924e-06
ATL004,7,2,5,8.127202326701924e-06
AVLP014,7,1,3,8.127202326701924e-06
AVLP046,7,3,6,8.127202326701924e-06
AVLP075,7,2,3,8.127202326701924e-06
AVLP113,7,4,5,8.127202326701924e-06
AVLP143,7,4,6,8.127202326701924e-06
AVLP194_b1,7,1,4,8.127202326701924e-06
AVLP227,7,2,5,8.127202326701924e-06
AVLP253,7,2,4,8.127202326701924e-06
AVLP445,7,2,3,8.127202326701924e-06
AVLP605,7,1,3,8.127202326701924e-06
AVLP612,7,2,5,8.127202326701924e-06
AVLP737m,7,2,4,8.127202326701924e-06
CB0086,7,1,5,8.127202326701924e-06
CB0224,7,2,4,8.127202326701924e-06
CB0683,7,1,3,8.127202326701924e-06
CB1048,7,5,6,8.127202326701924e-06
CB1060,7,3,4,8.127202326701924e-06
CB1201,7,4,4,8.127202326701924e-06
CB1207_a,7,4,6,8.127202326701924e-06
CB1222,7,3,6,8.127202326701924e-06
CB1368,7,4,5,8.127202326701924e-06
CB1556,7,7,7,8.127202326701924e-06
CB1771,7,3,3,8.127202326701924e-06
CB1853,7,4,6,8.127202326701924e-06
CB1895,7,3,5,8.127202326701924e-06
CB1973,7,2,5,8.127202326701924e-06
CB2059,7,3,7,8.127202326701924e-06
CB2064,7,6,7,8.127202326701924e-06
CB2092,7,2,3,8.127202326701924e-06
CB2447,7,2,6,8.127202326701924e-06
CB2478,7,2,5,8.127202326701924e-06
CB2685,7,6,6,8.127202326701924e-06
CB2783,7,2,5,8.127202326701924e-06
CB2786,7,2,5,8.127202326701924e-06
CB2880,7,2,3,8.127202326701924e-06
CB2904,7,3,3,8.127202326701924e-06
CB2922,7,2,7,8.127202326701924e-06
CB2938,7,2,5,8.127202326701924e-06
CB2985,7,2,7,8.127202326701924e-06
CB3089,7,2,4,8.127202326701924e-06
CB3098,7,2,4,8.127202326701924e-06
CB3384,7,2,5,8.127202326701924e-06
CB3399,7,4,7,8.127202326701924e-06
CB3477,7,2,4,8.127202326701924e-06
CB3758,7,2,5,8.127202326701924e-06
CB3869,7,1,2,8.127202326701924e-06
CB3907,7,2,5,8.127202326701924e-06
CB4095,7,5,7,8.127202326701924e-06
CB4097,7,5,5,8.127202326701924e-06
CB4179,7,4,7,8.127202326701924e-06
CB4180,7,1,3,8.127202326701924e-06
CL016,7,4,6,8.127202326701924e-06
CL062_b3,7,2,5,8.127202326701924e-06
CL070_b,7,2,6,8.127202326701924e-06
CL090_d,7,4,7,8.127202326701924e-06
CL091,7,6,7,8.127202326701924e-06
CL113,7,3,4,8.127202326701924e-06
CL126,7,2,5,8.127202326701924e-06
CL149,7,2,4,8.127202326701924e-06
CL182,7,4,5,8.127202326701924e-06
CL191_b,7,4,6,8.127202326701924e-06
CL201,7,2,5,8.127202326701924e-06
CL238,7,2,5,8.127202326701924e-06
CL272_b3,7,2,4,8.127202326701924e-06
CL287,7,2,4,8.127202326701924e-06
CL323,7,3,6,8.127202326701924e-06
CL368,7,2,6,8.127202326701924e-06
DL2d_adPN,7,6,7,8.127202326701924e-06
DM6_adPN,7,4,4,8.127202326701924e-06
DNd04,7,2,5,8.127202326701924e-06
DNg03,7,2,6,8.127202326701924e-06
DNg105,7,2,5,8.127202326701924e-06
DNg90,7,2,6,8.127202326701924e-06
DNp102,7,2,4,8.127202326701924e-06
DNp57,7,2,6,8.127202326701924e-06
DSKMP3,7,2,4,8.127202326701924e-06
ER1_c,7,3,4,8.127202326701924e-06
ER3a_c,7,3,5,8.127202326701924e-06
FB6C_b,7,4,6,8.127202326701924e-06
FB6H,7,2,3,8.127202326701924e-06
FB6Q,7,2,6,8.127202326701924e-06
GNG003,7,1,4,8.127202326701924e-06
GNG217,7,2,4,8.127202326701924e-06
GNG287,7,2,5,8.127202326701924e-06
GNG517,7,2,7,8.127202326701924e-06
GNG575,7,3,6,8.127202326701924e-06
GNG640,7,2,5,8.127202326701924e-06
GNG663,7,4,6,8.127202326701924e-06
IB045,7,4,6,8.127202326701924e-06
IB101,7,2,5,8.127202326701924e-06
IB120,7,2,6,8.127202326701924e-06
ICL004m_b,7,2,6,8.127202326701924e-06
LAL087,7,4,5,8.127202326701924e-06
LC10_unclear,7,3,6,8.127202326701924e-06
LHAD1a4_a,7,3,3,8.127202326701924e-06
LHAD1d2,7,2,6,8.127202326701924e-06
LHAV2b10,7,3,5,8.127202326701924e-06
LHAV2k13,7,2,3,8.127202326701924e-06
LHAV3b6_b,7,4,4,8.127202326701924e-06
LHAV4b4,7,5,5,8.127202326701924e-06
LHAV4g1,7,7,7,8.127202326701924e-06
LHAV4g12,7,4,5,8.127202326701924e-06
LHAV5a2_a1,7,5,5,8.127202326701924e-06
LHAV5c1,7,3,6,8.127202326701924e-06
LHCENT13_d,7,2,6,8.127202326701924e-06
LHPV4a7,7,3,3,8.127202326701924e-06
LHPV4h3,7,2,3,8.127202326701924e-06
LHPV4j3,7,2,2,8.127202326701924e-06
LPT115,7,4,5,8.127202326701924e-06
LPi34,7,5,5,8.127202326701924e-06
LT1c,7,2,5,8.127202326701924e-06
Li29,7,4,7,8.127202326701924e-06
LoVC14,7,2,5,8.127202326701924e-06
LoVP21,7,4,7,8.127202326701924e-06
LoVP22,7,4,5,8.127202326701924e-06
M_adPNm4,7,2,2,8.127202326701924e-06
M_l2PNl21,7,2,6,8.127202326701924e-06
M_lvPNm25,7,3,6,8.127202326701924e-06
M_lvPNm39,7,2,4,8.127202326701924e-06
MeTu3a,7,6,7,8.127202326701924e-06
MeVC1,7,2,6,8.127202326701924e-06
MeVC20,7,4,6,8.127202326701924e-06
MeVC_unclear,7,1,4,8.127202326701924e-06
MeVP47,7,2,5,8.127202326701924e-06
NPFL1-I,7,2,5,8.127202326701924e-06
OLVC3,7,2,3,8.127202326701924e-06
PLP080,7,2,4,8.127202326701924e-06
PLP101,7,5,7,8.127202326701924e-06
PLP111,7,3,7,8.127202326701924e-06
PLP174,7,4,7,8.127202326701924e-06
PLP180,7,3,5,8.127202326701924e-06
PLP190,7,5,7,8.127202326701924e-06
PLP196,7,2,6,8.127202326701924e-06
PLP241,7,3,7,8.127202326701924e-06
PLP252,7,2,4,8.127202326701924e-06
PRW072,7,2,7,8.127202326701924e-06
PS003,7,3,6,8.127202326701924e-06
PS020,7,2,4,8.127202326701924e-06
PS062,7,1,6,8.127202326701924e-06
PS068,7,2,6,8.127202326701924e-06
PS076,7,4,7,8.127202326701924e-06
PS101,7,2,6,8.127202326701924e-06
PS177,7,2,5,8.127202326701924e-06
PS324,7,6,7,8.127202326701924e-06
PVLP089,7,2,5,8.127202326701924e-06
SAD001,7,5,5,8.127202326701924e-06
SAD004,7,4,4,8.127202326701924e-06
SAD009,7,3,5,8.127202326701924e-06
SAD019,7,2,4,8.127202326701924e-06
SAD074,7,2,7,8.127202326701924e-06
SAD078,7,3,5,8.127202326701924e-06
SIP048,7,2,2,8.127202326701924e-06
SLP022,7,2,2,8.127202326701924e-06
SLP042,7,4,6,8.127202326701924e-06
SLP061,7,2,4,8.127202326701924e-06
SLP079,7,2,5,8.127202326701924e-06
SLP122_b,7,2,5,8.127202326701924e-06
SLP250,7,2,4,8.127202326701924e-06
SLP291,7,3,3,8.127202326701924e-06
SLP304,7,3,6,8.127202326701924e-06
SLP319,7,2,2,8.127202326701924e-06
SLP356,7,3,4,8.127202326701924e-06
SLP359,7,2,5,8.127202326701924e-06
SLP360_d,7,5,7,8.127202326701924e-06
SLP385,7,1,2,8.127202326701924e-06
SLP400,7,4,7,8.127202326701924e-06
SLP406,7,2,6,8.127202326701924e-06
SLP472,7,2,4,8.127202326701924e-06
SMP042,7,2,2,8.127202326701924e-06
SMP171,7,5,6,8.127202326701924e-06
SMP321_b,7,2,4,8.127202326701924e-06
SMP334,7,1,3,8.127202326701924e-06
SMP369,7,2,5,8.127202326701924e-06
SMP389_a,7,2,4,8.127202326701924e-06
SMP406_c,7,3,3,8.127202326701924e-06
SMP408_d,7,3,6,8.127202326701924e-06
SMP461,7,6,7,8.127202326701924e-06
SMP506,7,2,4,8.127202326701924e-06
SMP573,7,2,7,8.127202326701924e-06
Tm6,7,7,7,8.127202326701924e-06
VA4_lPN,7,2,2,8.127202326701924e-06
VES024_b,7,2,5,8.127202326701924e-06
VP1m+VP2_lvPN1,7,2,6,8.127202326701924e-06
VP5+Z_adPN,7,2,4,8.127202326701924e-06
VSm,7,4,4,8.127202326701924e-06
WED030_b,7,4,6,8.127202326701924e-06
WED199,7,2,5,8.127202326701924e-06
Z_vPNml1,7,2,4,8.127202326701924e-06
aSP-g3Am,7,2,5,8.127202326701924e-06
ALIN8,6,1,2,6.9661734228873626e-06
AMMC-A1,6,3,5,6.9661734228873626e-06
AMMC011,6,2,5,6.9661734228873626e-06
AMMC034_a,6,3,3,6.9661734228873626e-06
AN05B102a,6,2,4,6.9661734228873626e-06
AN08B012,6,4,6,6.9661734228873626e-06
AN09B060,6,4,4,6.9661734228873626e-06
AN10B027,6,5,5,6.9661734228873626e-06
AN12B006,6,1,1,6.9661734228873626e-06
AN17A050,6,2,4,6.9661734228873626e-06
AN17B009,6,2,3,6.9661734228873626e-06
ANXXX109,6,2,4,6.9661734228873626e-06
AOTU022,6,2,5,6.9661734228873626e-06
AOTU034,6,4,6,6.9661734228873626e-06
ATL036,6,2,4,6.9661734228873626e-06
AVLP194_a,6,3,5,6.9661734228873626e-06
AVLP260,6,2,5,6.9661734228873626e-06
AVLP352,6,2,4,6.9661734228873626e-06
AVLP354,6,3,4,6.9661734228873626e-06
AVLP357,6,3,5,6.9661734228873626e-06
AVLP365,6,4,4,6.9661734228873626e-06
AVLP419_a,6,2,4,6.9661734228873626e-06
CB0397,6,2,5,6.9661734228873626e-06
CB0420,6,2,5,6.9661734228873626e-06
CB0926,6,4,4,6.9661734228873626e-06
CB0943,6,4,5,6.9661734228873626e-06
CB0993,6,5,6,6.9661734228873626e-06
CB1193,6,1,3,6.9661734228873626e-06
CB1194,6,2,5,6.9661734228873626e-06
CB1333,6,5,5,6.9661734228873626e-06
CB1365,6,2,3,6.9661734228873626e-06
CB1407,6,2,4,6.9661734228873626e-06
CB1418,6,3,4,6.9661734228873626e-06
CB1419,6,3,3,6.9661734228873626e-06
CB1541,6,4,5,6.9661734228873626e-06
CB1653,6,2,4,6.9661734228873626e-06
CB1678,6,2,3,6.9661734228873626e-06
CB1679,6,2,5,6.9661734228873626e-06
CB1744,6,2,5,6.9661734228873626e-06
CB1774,6,2,3,6.9661734228873626e-06
CB1782,6,5,5,6.9661734228873626e-06
CB1823,6,4,4,6.9661734228873626e-06
CB1879,6,2,3,6.9661734228873626e-06
CB1927,6,2,3,6.9661734228873626e-06
CB1981,6,3,3,6.9661734228873626e-06
CB2041,6,2,2,6.9661734228873626e-06
CB2081_b,6,4,4,6.9661734228873626e-06
CB2227,6,2,4,6.9661734228873626e-06
CB2228,6,4,4,6.9661734228873626e-06
CB2495,6,2,4,6.9661734228873626e-06
CB2500,6,2,4,6.9661734228873626e-06
CB2518,6,3,4,6.9661734228873626e-06
CB2577,6,1,5,6.9661734228873626e-06
CB2646,6,2,5,6.9661734228873626e-06
CB2671,6,3,5,6.9661734228873626e-06
CB2691,6,2,2,6.9661734228873626e-06
CB2895,6,3,3,6.9661734228873626e-06
CB2979,6,3,3,6.9661734228873626e-06
CB2996,6,2,3,6.9661734228873626e-06
CB3014,6,3,5,6.9661734228873626e-06
CB3044,6,3,5,6.9661734228873626e-06
CB3288,6,4,4,6.9661734228873626e-06
CB3293,6,3,3,6.9661734228873626e-06
CB3316,6,2,4,6.9661734228873626e-06
CB3332,6,1,4,6.9661734228873626e-06
CB3414,6,3,5,6.9661734228873626e-06
CB3496,6,3,4,6.9661734228873626e-06
CB3498,6,2,2,6.9661734228873626e-06
CB3728,6,1,2,6.9661734228873626e-06
CB4070,6,4,5,6.9661734228873626e-06
CB4107,6,4,4,6.9661734228873626e-06
CB4122,6,3,3,6.9661734228873626e-06
CB4174,6,3,6,6.9661734228873626e-06
CB4200,6,2,4,6.9661734228873626e-06
CB4241,6,2,3,6.9661734228873626e-06
CB4243,6,4,6,6.9661734228873626e-06
CL010,6,2,3,6.9661734228873626e-06
CL011,6,1,3,6.9661734228873626e-06
CL014,6,3,5,6.9661734228873626e-06
CL121_a,6,4,6,6.9661734228873626e-06
CL122_a,6,4,6,6.9661734228873626e-06
CL128a,6,4,5,6.9661734228873626e-06
CL142,6,2,4,6.9661734228873626e-06
CL175,6,2,5,6.9661734228873626e-06
CL228,6,2,3,6.9661734228873626e-06
CL235,6,4,5,6.9661734228873626e-06
CL291,6,2,5,6.9661734228873626e-06
CL357,6,2,4,6.9661734228873626e-06
DC3_adPN,6,4,5,6.9661734228873626e-06
DNg49,6,2,6,6.9661734228873626e-06
DNg74_a,6,2,4,6.9661734228873626e-06
DNge150,6,1,4,6.9661734228873626e-06
DNp10,6,2,5,6.9661734228873626e-06
DNp19,6,2,4,6.9661734228873626e-06
DNp39,6,2,6,6.9661734228873626e-06
DNp44,6,2,5,6.9661734228873626e-06
DNpe018,6,2,4,6.9661734228873626e-06
DNpe037,6,2,6,6.9661734228873626e-06
FB6B,6,2,2,6.9661734228873626e-06
GNG113,6,2,3,6.9661734228873626e-06
GNG162,6,2,3,6.9661734228873626e-06
GNG299,6,1,2,6.9661734228873626e-06
GNG307,6,2,4,6.9661734228873626e-06
GNG420_b,6,2,4,6.9661734228873626e-06
GNG487,6,2,3,6.9661734228873626e-06
GNG491,6,1,4,6.9661734228873626e-06
GNG521,6,2,4,6.9661734228873626e-06
GNG563,6,2,4,6.9661734228873626e-06
GNG597,6,5,6,6.9661734228873626e-06
GNG633,6,3,5,6.9661734228873626e-06
H1,6,2,4,6.9661734228873626e-06
IB004_a,6,6,6,6.9661734228873626e-06
IB010,6,2,4,6.9661734228873626e-06
IB021,6,2,6,6.9661734228873626e-06
LAL086,6,2,5,6.9661734228873626e-06
LAL188_a,6,4,5,6.9661734228873626e-06
LAL194,6,4,6,6.9661734228873626e-06
LHAD3g1,6,3,5,6.9661734228873626e-06
LHAV2k10,6,2,2,6.9661734228873626e-06
LHAV2n1,6,2,4,6.9661734228873626e-06
LHAV3e4_b,6,2,2,6.9661734228873626e-06
LHAV3g1,6,4,5,6.9661734228873626e-06
LHAV3k4,6,2,2,6.9661734228873626e-06
LHAV4g14,6,2,4,6.9661734228873626e-06
LHAV6h1,6,2,3,6.9661734228873626e-06
LHPD4e1_b,6,3,3,6.9661734228873626e-06
LHPV2b1,6,4,4,6.9661734228873626e-06
LHPV4a3,6,4,5,6.9661734228873626e-06
LHPV5j1,6,3,5,6.9661734228873626e-06
LHPV7a1,6,4,5,6.9661734228873626e-06
LPT22,6,2,4,6.9661734228873626e-06
LPT53,6,2,4,6.9661734228873626e-06
Lat2,6,3,6,6.9661734228873626e-06
LoVP65,6,2,4,6.9661734228873626e-06
LoVP77,6,2,4,6.9661734228873626e-06
MeVC22,6,3,5,6.9661734228873626e-06
MeVC24,6,2,4,6.9661734228873626e-06
MeVP11,6,4,5,6.9661734228873626e-06
MeVP25,6,2,4,6.9661734228873626e-06
MeVPLp1,6,2,5,6.9661734228873626e-06
MeVPMe2,6,4,5,6.9661734228873626e-06
MeVPMe4,6,3,6,6.9661734228873626e-06
Nod4,6,2,2,6.9661734228873626e-06
OCC01b,6,2,5,6.9661734228873626e-06
OCC02b,6,5,6,6.9661734228873626e-06
PLP057,6,2,5,6.9661734228873626e-06
PLP100,6,2,6,6.9661734228873626e-06
PLP113,6,4,6,6.9661734228873626e-06
PLP121,6,2,5,6.9661734228873626e-06
PLP122_b,6,2,6,6.9661734228873626e-06
PLP139,6,4,5,6.9661734228873626e-06
PLP173,6,3,5,6.9661734228873626e-06
PLP250,6,2,5,6.9661734228873626e-06
PLP261,6,2,4,6.9661734228873626e-06
PS008_a2,6,4,5,6.9661734228873626e-06
PS018_b,6,2,6,6.9661734228873626e-06
PS034,6,3,5,6.9661734228873626e-06
PS055,6,4,5,6.9661734228873626e-06
PS082,6,2,4,6.9661734228873626e-06
PS099_a,6,2,3,6.9661734228873626e-06
PS149,6,2,4,6.9661734228873626e-06
PS234,6,2,5,6.9661734228873626e-06
PS265,6,2,5,6.9661734228873626e-06
PS269,6,4,4,6.9661734228873626e-06
PS274,6,2,4,6.9661734228873626e-06
PS276,6,2,5,6.9661734228873626e-06
PS282,6,6,6,6.9661734228873626e-06
PS310,6,2,3,6.9661734228873626e-06
PS322,6,2,4,6.9661734228873626e-06
PS336,6,3,6,6.9661734228873626e-06
PS348,6,2,4,6.9661734228873626e-06
PVLP063,6,2,6,6.9661734228873626e-06
SAD011,6,4,5,6.9661734228873626e-06
SAD013,6,2,4,6.9661734228873626e-06
SAD021_c,6,4,5,6.9661734228873626e-06
SAD046,6,3,6,6.9661734228873626e-06
SAD053,6,2,2,6.9661734228873626e-06
SAD117,6,4,4,6.9661734228873626e-06
SIP034,6,2,4,6.9661734228873626e-06
SLP011,6,2,2,6.9661734228873626e-06
SLP015_b,6,4,5,6.9661734228873626e-06
SLP076,6,4,6,6.9661734228873626e-06
SLP085,6,4,5,6.9661734228873626e-06
SLP141,6,4,4,6.9661734228873626e-06
SLP153,6,2,3,6.9661734228873626e-06
SLP170,6,2,6,6.9661734228873626e-06
SLP183,6,3,3,6.9661734228873626e-06
SLP189_b,6,3,5,6.9661734228873626e-06
SLP235,6,2,5,6.9661734228873626e-06
SLP322,6,4,6,6.9661734228873626e-06
SLP337,6,3,5,6.9661734228873626e-06
SLP341_a,6,2,4,6.9661734228873626e-06
SLP360_a,6,2,4,6.9661734228873626e-06
SLP360_b,6,2,4,6.9661734228873626e-06
SLP381,6,2,5,6.9661734228873626e-06
SLP392,6,2,3,6.9661734228873626e-06
SLP433,6,2,2,6.9661734228873626e-06
SLP443,6,2,5,6.9661734228873626e-06
SLP444,6,3,4,6.9661734228873626e-06
SMP041,6,2,6,6.9661734228873626e-06
SMP131,6,2,6,6.9661734228873626e-06
SMP153_b,6,2,5,6.9661734228873626e-06
SMP182,6,2,5,6.9661734228873626e-06
SMP203,6,2,4,6.9661734228873626e-06
SMP270,6,3,5,6.9661734228873626e-06
SMP278,6,4,4,6.9661734228873626e-06
SMP328_c,6,2,2,6.9661734228873626e-06
SMP331,6,6,6,6.9661734228873626e-06
SMP397,6,3,5,6.9661734228873626e-06
SMP529,6,2,4,6.9661734228873626e-06
SMP562,6,2,3,6.9661734228873626e-06
SMP705m,6,3,6,6.9661734228873626e-06
SMP721m,6,4,6,6.9661734228873626e-06
VP5+VP3_l2PN,6,2,5,6.9661734228873626e-06
VST2,6,5,6,6.9661734228873626e-06
V_ilPN,6,2,5,6.9661734228873626e-06
WED029,6,3,5,6.9661734228873626e-06
WED041,6,3,6,6.9661734228873626e-06
WED044,6,2,5,6.9661734228873626e-06
WED106,6,3,4,6.9661734228873626e-06
WED119,6,2,6,6.9661734228873626e-06
WED127,6,3,6,6.9661734228873626e-06
WED132,6,2,5,6.9661734228873626e-06
WED154,6,2,5,6.9661734228873626e-06
WED165,6,2,3,6.9661734228873626e-06
WED210,6,2,4,6.9661734228873626e-06
aMe17b,6,3,6,6.9661734228873626e-06
hDeltaE,6,2,2,6.9661734228873626e-06
l2LN22,6,2,3,6.9661734228873626e-06
mAL_m4,6,2,3,6.9661734228873626e-06
pC1_14b,6,2,3,6.9661734228873626e-06
pC1_15b,6,2,4,6.9661734228873626e-06
v2LN33,6,3,4,6.9661734228873626e-06
vCal3,6,2,4,6.9661734228873626e-06
ALIN5,5,2,3,5.805144519072802e-06
AMMC017,5,3,4,5.805144519072802e-06
AMMC036,5,2,4,5.805144519072802e-06
AN05B062,5,3,4,5.805144519072802e-06
AN08B020,5,2,5,5.805144519072802e-06
AN08B032,5,2,2,5.805144519072802e-06
AN08B061,5,3,3,5.805144519072802e-06
AN09B003,5,2,4,5.805144519072802e-06
AN09B015,5,2,4,5.805144519072802e-06
AN09B017b,5,2,4,5.805144519072802e-06
AN09B023,5,2,3,5.805144519072802e-06
AN17A002,5,2,3,5.805144519072802e-06
AN18B019,5,3,4,5.805144519072802e-06
AN19B036,5,3,4,5.805144519072802e-06
ANXXX218,5,1,2,5.805144519072802e-06
ANXXX470,5,2,5,5.805144519072802e-06
AOTU054,5,2,5,5.805144519072802e-06
AOTU056,5,5,5,5.805144519072802e-06
ATL014,5,2,4,5.805144519072802e-06
ATL016,5,2,4,5.805144519072802e-06
ATL023,5,2,4,5.805144519072802e-06
ATL040,5,2,3,5.805144519072802e-06
AVLP225_b2,5,4,4,5.805144519072802e-06
AVLP250,5,3,5,5.805144519072802e-06
AVLP341,5,2,2,5.805144519072802e-06
AVLP484,5,2,3,5.805144519072802e-06
AVLP522,5,2,4,5.805144519072802e-06
AVLP548_f1,5,2,3,5.805144519072802e-06
AVLP548_f2,5,2,4,5.805144519072802e-06
AVLP606,5,1,4,5.805144519072802e-06
CB0084,5,2,4,5.805144519072802e-06
CB0141,5,2,5,5.805144519072802e-06
CB0280,5,2,5,5.805144519072802e-06
CB0285,5,2,5,5.805144519072802e-06
CB0367,5,1,2,5.805144519072802e-06
CB0390,5,2,4,5.805144519072802e-06
CB0813,5,1,3,5.805144519072802e-06
CB1033,5,4,5,5.805144519072802e-06
CB1047,5,3,5,5.805144519072802e-06
CB1065,5,4,5,5.805144519072802e-06
CB1200,5,2,2,5.805144519072802e-06
CB1205,5,3,4,5.805144519072802e-06
CB1260,5,3,5,5.805144519072802e-06
CB1428,5,2,4,5.805144519072802e-06
CB1467,5,3,4,5.805144519072802e-06
CB1500,5,3,3,5.805144519072802e-06
CB1604,5,5,5,5.805144519072802e-06
CB1613,5,4,4,5.805144519072802e-06
CB1626,5,4,4,5.805144519072802e-06
CB1792,5,3,4,5.805144519072802e-06
CB1805,5,3,4,5.805144519072802e-06
CB1876,5,5,5,5.805144519072802e-06
CB1931,5,2,2,5.805144519072802e-06
CB1997,5,3,5,5.805144519072802e-06
CB2000,5,3,4,5.805144519072802e-06
CB2003,5,3,5,5.805144519072802e-06
CB2148,5,4,4,5.805144519072802e-06
CB2202,5,1,2,5.805144519072802e-06
CB2503,5,2,3,5.805144519072802e-06
CB2558,5,4,4,5.805144519072802e-06
CB2642,5,4,5,5.805144519072802e-06
CB2701,5,3,3,5.805144519072802e-06
CB2721,5,3,5,5.805144519072802e-06
CB2861,5,2,4,5.805144519072802e-06
CB2869,5,4,5,5.805144519072802e-06
CB2896,5,4,5,5.805144519072802e-06
CB2940,5,2,4,5.805144519072802e-06
CB3060,5,2,4,5.805144519072802e-06
CB3142,5,2,4,5.805144519072802e-06
CB3162,5,1,2,5.805144519072802e-06
CB3175,5,1,1,5.805144519072802e-06
CB3245,5,2,3,5.805144519072802e-06
CB3278,5,1,1,5.805144519072802e-06
CB3360,5,3,5,5.805144519072802e-06
CB3447,5,4,4,5.805144519072802e-06
CB3453,5,2,4,5.805144519072802e-06
CB3738,5,2,4,5.805144519072802e-06
CB3754,5,3,4,5.805144519072802e-06
CB3953,5,5,5,5.805144519072802e-06
CB3961,5,1,4,5.805144519072802e-06
CB4104,5,4,5,5.805144519072802e-06
CB4118,5,3,3,5.805144519072802e-06
CB4201,5,2,5,5.805144519072802e-06
CL005,5,2,2,5.805144519072802e-06
CL048,5,3,5,5.805144519072802e-06
CL083,5,3,5,5.805144519072802e-06
CL096,5,2,5,5.805144519072802e-06
CL098,5,2,3,5.805144519072802e-06
CL118,5,3,5,5.805144519072802e-06
CL160,5,4,4,5.805144519072802e-06
CL183,5,2,4,5.805144519072802e-06
CL244,5,1,4,5.805144519072802e-06
CL272_a2,5,2,5,5.805144519072802e-06
CL272_b2,5,2,4,5.805144519072802e-06
CL317,5,2,4,5.805144519072802e-06
CL321,5,2,5,5.805144519072802e-06
CL340,5,4,5,5.805144519072802e-06
CL345,5,2,5,5.805144519072802e-06
CL348,5,3,4,5.805144519072802e-06
DM3_adPN,5,2,2,5.805144519072802e-06
DNbe001,5,2,3,5.805144519072802e-06
DNg16,5,2,5,5.805144519072802e-06
DNg36_a,5,4,5,5.805144519072802e-06
DNg41,5,2,4,5.805144519072802e-06
DNg63,5,2,4,5.805144519072802e-06
DNg68,5,1,4,5.805144519072802e-06
DNg96,5,2,3,5.805144519072802e-06
DNge043,5,2,3,5.805144519072802e-06
DNge046,5,2,5,5.805144519072802e-06
DNge063,5,2,5,5.805144519072802e-06
DNge075,5,2,3,5.805144519072802e-06
DNge123,5,2,4,5.805144519072802e-06
DNp07,5,2,4,5.805144519072802e-06
DNp12,5,2,4,5.805144519072802e-06
DNp26,5,1,3,5.805144519072802e-06
DNp47,5,2,3,5.805144519072802e-06
DNpe011,5,2,5,5.805144519072802e-06
DNpe055,5,1,2,5.805144519072802e-06
ER3d_a,5,4,5,5.805144519072802e-06
FB6A_a,5,1,4,5.805144519072802e-06
FB6E,5,1,2,5.805144519072802e-06
FB6Y,5,2,3,5.805144519072802e-06
FB9C,5,3,3,5.805144519072802e-06
GNG087,5,2,3,5.805144519072802e-06
GNG112,5,2,3,5.805144519072802e-06
GNG139,5,2,4,5.805144519072802e-06
GNG266,5,4,4,5.805144519072802e-06
GNG289,5,2,4,5.805144519072802e-06
GNG301,5,2,4,5.805144519072802e-06
GNG359,5,2,3,5.805144519072802e-06
GNG369,5,3,4,5.805144519072802e-06
GNG464,5,3,4,5.805144519072802e-06
GNG543,5,2,5,5.805144519072802e-06
GNG554,5,2,4,5.805144519072802e-06
GNG560,5,2,5,5.805144519072802e-06
GNG666,5,2,4,5.805144519072802e-06
IB016,5,2,5,5.805144519072802e-06
IB087,5,4,4,5.805144519072802e-06
JO-A2,5,4,4,5.805144519072802e-06
LHAD1a4_b,5,3,3,5.805144519072802e-06
LHAD1b3,5,2,5,5.805144519072802e-06
LHAD1j1,5,2,3,5.805144519072802e-06
LHAV1b3,5,2,4,5.805144519072802e-06
LHAV2a5,5,3,4,5.805144519072802e-06
LHAV2b8,5,2,5,5.805144519072802e-06
LHAV2b9,5,2,4,5.805144519072802e-06
LHAV2k11_a,5,2,2,5.805144519072802e-06
LHAV3e3_a,5,1,1,5.805144519072802e-06
LHAV3k3,5,2,2,5.805144519072802e-06
LHAV4a1_a,5,2,2,5.805144519072802e-06
LHAV4e7_b,5,2,3,5.805144519072802e-06
LHAV5b1,5,3,3,5.805144519072802e-06
LHAV7a1_b,5,3,3,5.805144519072802e-06
LHPD1b1,5,2,4,5.805144519072802e-06
LHPD3a2_b,5,4,4,5.805144519072802e-06
LHPD5b1,5,2,4,5.805144519072802e-06
LHPV2c1_a,5,2,3,5.805144519072802e-06
LHPV4a8,5,3,3,5.805144519072802e-06
LHPV5i1,5,2,3,5.805144519072802e-06
LHPV6a10,5,2,2,5.805144519072802e-06
LPT21,5,2,4,5.805144519072802e-06
LPT28,5,2,3,5.805144519072802e-06
LPT30,5,2,3,5.805144519072802e-06
LPi14,5,5,5,5.805144519072802e-06
LoVC23,5,3,5,5.805144519072802e-06
LoVP19,5,2,4,5.805144519072802e-06
LoVP20,5,2,5,5.805144519072802e-06
LoVP60,5,2,4,5.805144519072802e-06
ME_LO_unclear,5,2,3,5.805144519072802e-06
M_l2PNm17,5,2,5,5.805144519072802e-06
M_lPNm12,5,2,4,5.805144519072802e-06
M_lvPNm46,5,2,3,5.805144519072802e-06
M_vPNml60,5,3,4,5.805144519072802e-06
M_vPNml87,5,4,4,5.805144519072802e-06
MeVP14,5,4,5,5.805144519072802e-06
MeVP40,5,2,2,5.805144519072802e-06
MeVP5,5,3,3,5.805144519072802e-06
Nod5,5,2,3,5.805144519072802e-06
PLP002,5,1,4,5.805144519072802e-06
PLP025,5,3,5,5.805144519072802e-06
PLP036,5,2,3,5.805144519072802e-06
PLP124,5,2,5,5.805144519072802e-06
PLP170,5,2,4,5.805144519072802e-06
PLP178,5,1,5,5.805144519072802e-06
PRW012,5,3,5,5.805144519072802e-06
PS007,5,4,4,5.805144519072802e-06
PS022,5,4,5,5.805144519072802e-06
PS072,5,4,5,5.805144519072802e-06
PS090,5,3,4,5.805144519072802e-06
PS115,5,2,4,5.805144519072802e-06
PS143,5,2,5,5.805144519072802e-06
PS182,5,1,5,5.805144519072802e-06
PS213,5,2,3,5.805144519072802e-06
PS303,5,2,4,5.805144519072802e-06
PS308,5,2,2,5.805144519072802e-06
PS349,5,2,4,5.805144519072802e-06
PS356,5,3,5,5.805144519072802e-06
PVLP124,5,1,4,5.805144519072802e-06
PVLP201m_a,5,2,4,5.805144519072802e-06
PVLP201m_c,5,2,5,5.805144519072802e-06
SA2_b,5,3,3,5.805144519072802e-06
SAD051_b,5,4,4,5.805144519072802e-06
SAD101,5,2,4,5.805144519072802e-06
SCL002m,5,5,5,5.805144519072802e-06
SLP019,5,4,4,5.805144519072802e-06
SLP033,5,2,4,5.805144519072802e-06
SLP035,5,3,5,5.805144519072802e-06
SLP070,5,2,4,5.805144519072802e-06
SLP106,5,2,3,5.805144519072802e-06
SLP221,5,2,4,5.805144519072802e-06
SLP287,5,3,3,5.805144519072802e-06
SLP295,5,3,5,5.805144519072802e-06
SLP334,5,2,3,5.805144519072802e-06
SMP024,5,2,3,5.805144519072802e-06
SMP035,5,2,3,5.805144519072802e-06
SMP083,5,3,4,5.805144519072802e-06
SMP170,5,4,5,5.805144519072802e-06
SMP266,5,2,3,5.805144519072802e-06
SMP282,5,4,5,5.805144519072802e-06
SMP313,5,2,4,5.805144519072802e-06
SMP415_b,5,2,5,5.805144519072802e-06
SMP441,5,1,1,5.805144519072802e-06
SMP444,5,2,3,5.805144519072802e-06
SMP508,5,2,4,5.805144519072802e-06
SMP598,5,2,4,5.805144519072802e-06
SMP711m,5,2,3,5.805144519072802e-06
SMP716m,5,3,4,5.805144519072802e-06
SMP742,5,3,4,5.805144519072802e-06
Tm1,5,5,5,5.805144519072802e-06
TmY3,5,5,5,5.805144519072802e-06
VA1d_vPN,5,2,3,5.805144519072802e-06
VA6_adPN,5,2,2,5.805144519072802e-06
VA7l_adPN,5,2,4,5.805144519072802e-06
VES037,5,4,5,5.805144519072802e-06
VES071,5,2,4,5.805144519072802e-06
VES095,5,2,5,5.805144519072802e-06
VES205m,5,2,4,5.805144519072802e-06
WED008,5,1,3,5.805144519072802e-06
WED022,5,2,4,5.805144519072802e-06
WED083,5,2,4,5.805144519072802e-06
WED085,5,2,5,5.805144519072802e-06
WED151,5,1,3,5.805144519072802e-06
WED167,5,2,3,5.805144519072802e-06
WED188,5,1,3,5.805144519072802e-06
WED197,5,2,3,5.805144519072802e-06
WED200,5,2,4,5.805144519072802e-06
dCal1,5,2,5,5.805144519072802e-06
dMS9,5,2,2,5.805144519072802e-06
descending_neuron,5,2,3,5.805144519072802e-06
lLN1_bc,5,3,5,5.805144519072802e-06
lLN2R_a,5,3,3,5.805144519072802e-06
lLN2X04,5,2,4,5.805144519072802e-06
lLN2X12,5,4,5,5.805144519072802e-06
pC1_2a/2b,5,1,4,5.805144519072802e-06
v2LN34A,5,4,5,5.805144519072802e-06
vLN24,5,2,4,5.805144519072802e-06
AMMC015,4,4,4,4.644115615258242e-06
AMMC027,4,2,2,4.644115615258242e-06
AN01B018,4,2,4,4.644115615258242e-06
AN05B102b,4,2,3,4.644115615258242e-06
AN07B078_a,4,2,3,4.644115615258242e-06
AN08B050,4,2,4,4.644115615258242e-06
AN09A005,4,3,4,4.644115615258242e-06
AN09B017e,4,2,2,4.644115615258242e-06
AN19B028,4,2,4,4.644115615258242e-06
AN27X022,4,2,2,4.644115615258242e-06
ANXXX005,4,2,3,4.644115615258242e-06
ANXXX055,4,2,3,4.644115615258242e-06
ANXXX075,4,2,3,4.644115615258242e-06
ANXXX144,4,2,3,4.644115615258242e-06
ANXXX145,4,2,4,4.644115615258242e-06
ANXXX170,4,3,4,4.644115615258242e-06
ANXXX380,4,4,4,4.644115615258242e-06
AOTU002_c,4,3,3,4.644115615258242e-06
AOTU021,4,2,4,4.644115615258242e-06
AOTU036,4,1,3,4.644115615258242e-06
AOTU037,4,4,4,4.644115615258242e-06
AOTU049,4,2,4,4.644115615258242e-06
AVLP048,4,2,2,4.644115615258242e-06
AVLP049,4,3,3,4.644115615258242e-06
AVLP225_b3,4,3,4,4.644115615258242e-06
AVLP345_b,4,1,2,4.644115615258242e-06
AVLP353,4,2,2,4.644115615258242e-06
AVLP485,4,3,4,4.644115615258242e-06
AVLP548_g1,4,2,3,4.644115615258242e-06
CB0061,4,2,3,4.644115615258242e-06
CB0142,4,2,4,4.644115615258242e-06
CB0221,4,2,4,4.644115615258242e-06
CB0645,4,1,2,4.644115615258242e-06
CB0657,4,2,2,4.644115615258242e-06
CB0675,4,2,4,4.644115615258242e-06
CB1012,4,3,3,4.644115615258242e-06
CB1055,4,4,4,4.644115615258242e-06
CB1187,4,2,4,4.644115615258242e-06
CB1247,4,2,2,4.644115615258242e-06
CB1289,4,4,4,4.644115615258242e-06
CB1432,4,3,4,4.644115615258242e-06
CB1533,4,2,4,4.644115615258242e-06
CB1560,4,2,2,4.644115615258242e-06
CB1670,4,1,2,4.644115615258242e-06
CB1687,4,3,3,4.644115615258242e-06
CB1731,4,1,3,4.644115615258242e-06
CB1910,4,2,4,4.644115615258242e-06
CB1914,4,3,3,4.644115615258242e-06
CB2043,4,2,4,4.644115615258242e-06
CB2172,4,2,3,4.644115615258242e-06
CB2323,4,2,4,4.644115615258242e-06
CB2361,4,2,3,4.644115615258242e-06
CB2365,4,3,4,4.644115615258242e-06
CB2545,4,1,2,4.644115615258242e-06
CB2559,4,3,3,4.644115615258242e-06
CB2623,4,2,4,4.644115615258242e-06
CB2678,4,4,4,4.644115615258242e-06
CB2688,4,2,2,4.644115615258242e-06
CB2743,4,1,1,4.644115615258242e-06
CB2755,4,2,2,4.644115615258242e-06
CB2770,4,4,4,4.644115615258242e-06
CB2797,4,3,3,4.644115615258242e-06
CB2816,4,2,3,4.644115615258242e-06
CB2851,4,4,4,4.644115615258242e-06
CB2927,4,3,3,4.644115615258242e-06
CB2947,4,1,3,4.644115615258242e-06
CB2963,4,1,3,4.644115615258242e-06
CB2972,4,2,4,4.644115615258242e-06
CB2976,4,3,3,4.644115615258242e-06
CB2983,4,1,2,4.644115615258242e-06
CB3010,4,4,4,4.644115615258242e-06
CB3021,4,3,3,4.644115615258242e-06
CB3049,4,1,1,4.644115615258242e-06
CB3075,4,3,3,4.644115615258242e-06
CB3093,4,2,4,4.644115615258242e-06
CB3109,4,3,3,4.644115615258242e-06
CB3132,4,2,4,4.644115615258242e-06
CB3204,4,2,3,4.644115615258242e-06
CB3209,4,2,2,4.644115615258242e-06
CB3221,4,2,3,4.644115615258242e-06
CB3264,4,3,3,4.644115615258242e-06
CB3274,4,2,2,4.644115615258242e-06
CB3329,4,2,3,4.644115615258242e-06
CB3479,4,1,4,4.644115615258242e-06
CB3539,4,3,3,4.644115615258242e-06
CB3691,4,2,4,4.644115615258242e-06
CB3768,4,3,3,4.644115615258242e-06
CB3866,4,2,4,4.644115615258242e-06
CB3870,4,3,4,4.644115615258242e-06
CB3900,4,4,4,4.644115615258242e-06
CB3984,4,1,1,4.644115615258242e-06
CB3992,4,3,4,4.644115615258242e-06
CB4217,4,3,4,4.644115615258242e-06
CB4247,4,1,3,4.644115615258242e-06
CL015_a,4,2,3,4.644115615258242e-06
CL024_b,4,1,2,4.644115615258242e-06
CL074,4,3,4,4.644115615258242e-06
CL075_a,4,2,3,4.644115615258242e-06
CL102,4,2,3,4.644115615258242e-06
CL107,4,2,3,4.644115615258242e-06
CL128_f,4,1,2,4.644115615258242e-06
CL136,4,2,3,4.644115615258242e-06
CL157,4,2,4,4.644115615258242e-06
CL161_a,4,2,4,4.644115615258242e-06
CL186,4,2,3,4.644115615258242e-06
CL196,4,3,4,4.644115615258242e-06
CL292,4,3,4,4.644115615258242e-06
CL314,4,1,2,4.644115615258242e-06
CL328,4,3,4,4.644115615258242e-06
CL336,4,2,3,4.644115615258242e-06
CL355,4,3,4,4.644115615258242e-06
CRZ01,4,2,4,4.644115615258242e-06
DA1_lPN,4,4,4,4.644115615258242e-06
DA4l_adPN,4,2,2,4.644115615258242e-06
DGI,4,1,4,4.644115615258242e-06
DNb02,4,3,4,4.644115615258242e-06
DNde007,4,2,4,4.644115615258242e-06
DNg109,4,2,4,4.644115615258242e-06
DNg35,4,2,4,4.644115615258242e-06
DNg36_b,4,3,3,4.644115615258242e-06
DNg45,4,2,4,4.644115615258242e-06
DNg52,4,4,4,4.644115615258242e-06
DNg55,4,1,4,4.644115615258242e-06
DNg66,4,1,2,4.644115615258242e-06
DNg86,4,2,4,4.644115615258242e-06
DNg98,4,2,3,4.644115615258242e-06
DNge013,4,1,2,4.644115615258242e-06
DNge030,4,2,3,4.644115615258242e-06
DNge040,4,2,4,4.644115615258242e-06
DNge082,4,2,4,4.644115615258242e-06
DNge094,4,3,3,4.644115615258242e-06
DNge107,4,2,3,4.644115615258242e-06
DNge145,4,3,3,4.644115615258242e-06
DNge184,4,2,2,4.644115615258242e-06
DNp38,4,2,4,4.644115615258242e-06
DNp60,4,2,4,4.644115615258242e-06
DNp67,4,1,4,4.644115615258242e-06
DNpe012_a,4,3,4,4.644115615258242e-06
DNpe016,4,1,4,4.644115615258242e-06
DNpe030,4,1,3,4.644115615258242e-06
DP1m_vPN,4,3,3,4.644115615258242e-06
ER3a_b,4,2,2,4.644115615258242e-06
FB6D,4,2,3,4.644115615258242e-06
FB6O,4,1,3,4.644115615258242e-06
FB7L,4,3,4,4.644115615258242e-06
FB8H,4,3,3,4.644115615258242e-06
FB8I,4,3,3,4.644115615258242e-06
GNG007,4,1,2,4.644115615258242e-06
GNG107,4,2,3,4.644115615258242e-06
GNG137,4,1,2,4.644115615258242e-06
GNG147,4,2,3,4.644115615258242e-06
GNG190,4,2,3,4.644115615258242e-06
GNG195,4,2,3,4.644115615258242e-06
GNG302,4,1,3,4.644115615258242e-06
GNG306,4,2,2,4.644115615258242e-06
GNG324,4,2,3,4.644115615258242e-06
GNG333,4,2,4,4.644115615258242e-06
GNG375,4,2,2,4.644115615258242e-06
GNG415,4,2,2,4.644115615258242e-06
GNG496,4,2,4,4.644115615258242e-06
GNG508,4,2,2,4.644115615258242e-06
GNG518,4,2,3,4.644115615258242e-06
GNG553,4,2,4,4.644115615258242e-06
GNG657,4,2,3,4.644115615258242e-06
IB035,4,1,3,4.644115615258242e-06
IB058,4,2,4,4.644115615258242e-06
IB070,4,3,4,4.644115615258242e-06
IB071,4,3,4,4.644115615258242e-06
IB083,4,2,4,4.644115615258242e-06
IB117,4,2,4,4.644115615258242e-06
ICL004m_a,4,2,3,4.644115615258242e-06
LAL090,4,3,4,4.644115615258242e-06
LAL197,4,2,4,4.644115615258242e-06
LHAD1d1,4,2,2,4.644115615258242e-06
LHAV2f2_a,4,1,1,4.644115615258242e-06
LHAV2i4,4,3,4,4.644115615258242e-06
LHAV3a1_c,4,2,3,4.644115615258242e-06
LHAV3b8,4,2,2,4.644115615258242e-06
LHAV3i1,4,2,2,4.644115615258242e-06
LHAV4e1_a,4,2,3,4.644115615258242e-06
LHAV4e2_b2,4,2,3,4.644115615258242e-06
LHAV4e4,4,2,3,4.644115615258242e-06
LHAV4g6_a,4,2,2,4.644115615258242e-06
LHAV5a2_d,4,2,2,4.644115615258242e-06
LHAV7a1_a,4,4,4,4.644115615258242e-06
LHPD3a2_c,4,3,3,4.644115615258242e-06
LHPV10a1b,4,2,3,4.644115615258242e-06
LHPV4a9,4,2,2,4.644115615258242e-06
LHPV4b5,4,2,3,4.644115615258242e-06
LHPV4b9,4,1,1,4.644115615258242e-06
LHPV4c4,4,2,4,4.644115615258242e-06
LHPV6f3_b,4,3,3,4.644115615258242e-06
LHPV6m1,4,2,3,4.644115615258242e-06
LPT52,4,2,3,4.644115615258242e-06
LPT59,4,2,3,4.644115615258242e-06
LPi4b,4,1,2,4.644115615258242e-06
LT60,4,2,3,4.644115615258242e-06
LoVP108,4,1,4,4.644115615258242e-06
LoVP94,4,2,3,4.644115615258242e-06
M_lPNm13,4,3,4,4.644115615258242e-06
M_lvPNm47,4,3,4,4.644115615258242e-06
M_vPNml79,4,2,3,4.644115615258242e-06
M_vPNml80,4,1,1,4.644115615258242e-06
M_vPNml83,4,3,3,4.644115615258242e-06
MeLo5,4,3,4,4.644115615258242e-06
MeTu2b,4,4,4,4.644115615258242e-06
MeVC10,4,2,4,4.644115615258242e-06
MeVP23,4,2,3,4.644115615258242e-06
MeVP28,4,2,3,4.644115615258242e-06
MeVP45,4,2,3,4.644115615258242e-06
MeVPOL1,4,1,2,4.644115615258242e-06
OLVC7,4,2,4,4.644115615258242e-06
OLVp_unclear,4,1,1,4.644115615258242e-06
PLP145,4,2,3,4.644115615258242e-06
PLP175,4,2,3,4.644115615258242e-06
PLP184,4,1,3,4.644115615258242e-06
PLP186,4,3,4,4.644115615258242e-06
PLP260,4,2,4,4.644115615258242e-06
PPM1204,4,2,2,4.644115615258242e-06
PRW007,4,3,3,4.644115615258242e-06
PRW029,4,1,2,4.644115615258242e-06
PS005_e,4,2,3,4.644115615258242e-06
PS005_f,4,2,3,4.644115615258242e-06
PS052,4,2,4,4.644115615258242e-06
PS057,4,2,4,4.644115615258242e-06
PS084,4,2,3,4.644115615258242e-06
PS085,4,1,2,4.644115615258242e-06
PS091,4,2,3,4.644115615258242e-06
PS092,4,2,4,4.644115615258242e-06
PS100,4,2,4,4.644115615258242e-06
PS158,4,2,3,4.644115615258242e-06
PS159,4,2,3,4.644115615258242e-06
PS172,4,2,2,4.644115615258242e-06
PS178,4,2,4,4.644115615258242e-06
PS206,4,2,2,4.644115615258242e-06
PS208,4,4,4,4.644115615258242e-06
PS229,4,3,3,4.644115615258242e-06
PS270,4,2,3,4.644115615258242e-06
PS284,4,2,3,4.644115615258242e-06
PS285,4,3,4,4.644115615258242e-06
PS311,4,1,3,4.644115615258242e-06
PS312,4,2,3,4.644115615258242e-06
PS320,4,2,4,4.644115615258242e-06
PS359,4,2,4,4.644115615258242e-06
PVLP046_unclear,4,1,4,4.644115615258242e-06
PVLP201m_b,4,2,4,4.644115615258242e-06
SA1_b,4,3,4,4.644115615258242e-06
SA2_a,4,2,4,4.644115615258242e-06
SAD049,4,2,3,4.644115615258242e-06
SAD051_a,4,3,3,4.644115615258242e-06
SAD079,4,3,4,4.644115615258242e-06
SIP005,4,2,3,4.644115615258242e-06
SIP020_a,4,3,4,4.644115615258242e-06
SIP020_b,4,2,4,4.644115615258242e-06
SIP020_c,4,2,4,4.644115615258242e-06
SIP026,4,2,3,4.644115615258242e-06
SIP078,4,3,3,4.644115615258242e-06
SLP028,4,2,3,4.644115615258242e-06
SLP032,4,1,3,4.644115615258242e-06
SLP082,4,4,4,4.644115615258242e-06
SLP116,4,2,2,4.644115615258242e-06
SLP136,4,2,4,4.644115615258242e-06
SLP168,4,2,2,4.644115615258242e-06
SLP184,4,2,2,4.644115615258242e-06
SLP189,4,3,4,4.644115615258242e-06
SLP208,4,2,2,4.644115615258242e-06
SLP214,4,2,4,4.644115615258242e-06
SLP224,4,4,4,4.644115615258242e-06
SLP229,4,3,4,4.644115615258242e-06
SLP234,4,1,1,4.644115615258242e-06
SLP245,4,3,4,4.644115615258242e-06
SLP274,4,2,2,4.644115615258242e-06
SLP308,4,2,3,4.644115615258242e-06
SLP365,4,2,4,4.644115615258242e-06
SLP396,4,3,3,4.644115615258242e-06
SLP397,4,2,4,4.644115615258242e-06
SLP405_b,4,4,4,4.644115615258242e-06
SLP429,4,2,2,4.644115615258242e-06
SLP455,4,2,4,4.644115615258242e-06
SLP458,4,2,2,4.644115615258242e-06
SMP016_a,4,4,4,4.644115615258242e-06
SMP061,4,3,4,4.644115615258242e-06
SMP188,4,2,4,4.644115615258242e-06
SMP216,4,2,4,4.644115615258242e-06
SMP257,4,2,4,4.644115615258242e-06
SMP293,4,2,4,4.644115615258242e-06
SMP317,4,2,2,4.644115615258242e-06
SMP329,4,2,2,4.644115615258242e-06
SMP333,4,2,2,4.644115615258242e-06
SMP339,4,2,3,4.644115615258242e-06
SMP354,4,2,3,4.644115615258242e-06
SMP362,4,4,4,4.644115615258242e-06
SMP380,4,3,4,4.644115615258242e-06
SMP399_a,4,1,2,4.644115615258242e-06
SMP408_c,4,3,3,4.644115615258242e-06
SMP411,4,2,4,4.644115615258242e-06
SMP414,4,1,2,4.644115615258242e-06
SMP420,4,2,3,4.644115615258242e-06
SMP421,4,2,2,4.644115615258242e-06
SMP422,4,2,2,4.644115615258242e-06
SMP460,4,2,3,4.644115615258242e-06
SMP494,4,2,4,4.644115615258242e-06
SMP495_a,4,2,3,4.644115615258242e-06
SMP580,4,2,3,4.644115615258242e-06
SMP590_b,4,2,3,4.644115615258242e-06
SMP600,4,2,2,4.644115615258242e-06
SMP730,4,2,3,4.644115615258242e-06
T3,4,4,4,4.644115615258242e-06
VA2_adPN,4,2,2,4.644115615258242e-06
VA5_lPN,4,3,3,4.644115615258242e-06
VES024_a,4,2,4,4.644115615258242e-06
VES093_a,4,1,4,4.644115615258242e-06
VES093_c,4,2,4,4.644115615258242e-06
VL2p_vPN,4,3,3,4.644115615258242e-06
VM3_adPN,4,3,3,4.644115615258242e-06
VM7d_adPN,4,4,4,4.644115615258242e-06
VP2+_adPN,4,1,2,4.644115615258242e-06
WED045,4,2,3,4.644115615258242e-06
WED051,4,1,2,4.644115615258242e-06
WED065,4,3,4,4.644115615258242e-06
WED084,4,2,3,4.644115615258242e-06
WED143_d,4,3,4,4.644115615258242e-06
WED204,4,3,3,4.644115615258242e-06
WEDPN1B,4,2,3,4.644115615258242e-06
aMe24,4,2,4,4.644115615258242e-06
cb_endocrine,4,1,2,4.644115615258242e-06
l2LN21,4,2,3,4.644115615258242e-06
mAL4H,4,2,3,4.644115615258242e-06
mAL4I,4,2,4,4.644115615258242e-06
v2LN34D,4,3,4,4.644115615258242e-06
v2LN34E,4,2,3,4.644115615258242e-06
v2LNX01,4,2,3,4.644115615258242e-06
ALLN,3,3,3,3.4830867114436813e-06
AMMC018,3,2,2,3.4830867114436813e-06
AN01B014,3,2,2,3.4830867114436813e-06
AN02A025,3,2,3,3.4830867114436813e-06
AN03B094,3,2,2,3.4830867114436813e-06
AN04B051,3,2,2,3.4830867114436813e-06
AN05B023d,3,2,2,3.4830867114436813e-06
AN06B012,3,2,3,3.4830867114436813e-06
AN06B015,3,1,1,3.4830867114436813e-06
AN06B026,3,1,1,3.4830867114436813e-06
AN06B034,3,2,3,3.4830867114436813e-06
AN08B013,3,2,3,3.4830867114436813e-06
AN08B023,3,2,3,3.4830867114436813e-06
AN08B059,3,3,3,3.4830867114436813e-06
AN08B069,3,2,3,3.4830867114436813e-06
AN08B084,3,2,2,3.4830867114436813e-06
AN09B017g,3,2,2,3.4830867114436813e-06
AN10B005,3,2,2,3.4830867114436813e-06
AN10B021,3,1,2,3.4830867114436813e-06
AN10B035,3,1,1,3.4830867114436813e-06
AN12B019,3,3,3,3.4830867114436813e-06
AN17A012,3,3,3,3.4830867114436813e-06
AN17B005,3,2,2,3.4830867114436813e-06
AN17B007,3,2,3,3.4830867114436813e-06
AN17B013,3,3,3,3.4830867114436813e-06
AN18B001,3,2,3,3.4830867114436813e-06
AN18B022,3,2,3,3.4830867114436813e-06
AOTU007,3,2,2,3.4830867114436813e-06
AOTU039,3,3,3,3.4830867114436813e-06
AOTU048,3,2,2,3.4830867114436813e-06
AOTU051,3,2,3,3.4830867114436813e-06
ATL013,3,3,3,3.4830867114436813e-06
AVLP063,3,3,3,3.4830867114436813e-06
AVLP550_a,3,2,2,3.4830867114436813e-06
AVLP598,3,2,3,3.4830867114436813e-06
AVLP603,3,1,2,3.4830867114436813e-06
CB0361,3,2,2,3.4830867114436813e-06
CB0647,3,2,3,3.4830867114436813e-06
CB0648,3,1,1,3.4830867114436813e-06
CB0738,3,1,3,3.4830867114436813e-06
CB1139,3,2,3,3.4830867114436813e-06
CB1160,3,3,3,3.4830867114436813e-06
CB1208,3,2,3,3.4830867114436813e-06
CB1274,3,1,2,3.4830867114436813e-06
CB1326,3,2,2,3.4830867114436813e-06
CB1346,3,2,3,3.4830867114436813e-06
CB1352,3,2,2,3.4830867114436813e-06
CB1412,3,1,2,3.4830867114436813e-06
CB1458,3,3,3,3.4830867114436813e-06
CB1477,3,2,3,3.4830867114436813e-06
CB1513,3,2,3,3.4830867114436813e-06
CB1529,3,3,3,3.4830867114436813e-06
CB1585,3,2,3,3.4830867114436813e-06
CB1610,3,2,2,3.4830867114436813e-06
CB1652,3,1,2,3.4830867114436813e-06
CB1856,3,2,3,3.4830867114436813e-06
CB1946,3,2,3,3.4830867114436813e-06
CB2004,3,3,3,3.4830867114436813e-06
CB2029,3,2,2,3.4830867114436813e-06
CB2045,3,2,2,3.4830867114436813e-06
CB2189,3,2,3,3.4830867114436813e-06
CB2208,3,2,2,3.4830867114436813e-06
CB2224,3,2,2,3.4830867114436813e-06
CB2244,3,1,3,3.4830867114436813e-06
CB2294,3,2,2,3.4830867114436813e-06
CB2431,3,3,3,3.4830867114436813e-06
CB2462,3,2,3,3.4830867114436813e-06
CB2537,3,1,3,3.4830867114436813e-06
CB2589,3,2,3,3.4830867114436813e-06
CB2694,3,3,3,3.4830867114436813e-06
CB2754,3,2,3,3.4830867114436813e-06
CB2763,3,3,3,3.4830867114436813e-06
CB2782,3,3,3,3.4830867114436813e-06
CB2792,3,3,3,3.4830867114436813e-06
CB2824,3,2,2,3.4830867114436813e-06
CB2859,3,2,3,3.4830867114436813e-06
CB2862,3,2,3,3.4830867114436813e-06
CB2870,3,1,2,3.4830867114436813e-06
CB2920,3,3,3,3.4830867114436813e-06
CB2931,3,1,2,3.4830867114436813e-06
CB2988,3,3,3,3.4830867114436813e-06
CB3005,3,3,3,3.4830867114436813e-06
CB3016,3,3,3,3.4830867114436813e-06
CB3055,3,3,3,3.4830867114436813e-06
CB3074,3,1,2,3.4830867114436813e-06
CB3103,3,2,2,3.4830867114436813e-06
CB3113,3,2,3,3.4830867114436813e-06
CB3141,3,2,3,3.4830867114436813e-06
CB3197,3,2,2,3.4830867114436813e-06
CB3417,3,3,3,3.4830867114436813e-06
CB3437,3,2,3,3.4830867114436813e-06
CB3446,3,2,3,3.4830867114436813e-06
CB3556,3,2,2,3.4830867114436813e-06
CB3671,3,2,3,3.4830867114436813e-06
CB3673b,3,3,3,3.4830867114436813e-06
CB3734,3,1,2,3.4830867114436813e-06
CB3740,3,2,3,3.4830867114436813e-06
CB3741,3,1,2,3.4830867114436813e-06
CB3742,3,1,2,3.4830867114436813e-06
CB3906,3,2,3,3.4830867114436813e-06
CB4052,3,2,2,3.4830867114436813e-06
CB4103,3,3,3,3.4830867114436813e-06
CB4131,3,2,3,3.4830867114436813e-06
CB4198,3,2,2,3.4830867114436813e-06
CB4205,3,3,3,3.4830867114436813e-06
CL007,3,2,3,3.4830867114436813e-06
CL046,3,3,3,3.4830867114436813e-06
CL090_c,3,3,3,3.4830867114436813e-06
CL128_d,3,2,3,3.4830867114436813e-06
CL147,3,3,3,3.4830867114436813e-06
CL161_b,3,3,3,3.4830867114436813e-06
CL169,3,3,3,3.4830867114436813e-06
CL187,3,1,2,3.4830867114436813e-06
CL234,3,3,3,3.4830867114436813e-06
CL253,3,3,3,3.4830867114436813e-06
CL293,3,2,3,3.4830867114436813e-06
CL309,3,2,2,3.4830867114436813e-06
CL354,3,2,3,3.4830867114436813e-06
DA1_vPN,3,2,3,3.4830867114436813e-06
DA2_lPN,3,2,2,3.4830867114436813e-06
DC4_adPN,3,2,2,3.4830867114436813e-06
DN1a,3,3,3,3.4830867114436813e-06
DNa16,3,2,2,3.4830867114436813e-06
DNae009,3,1,2,3.4830867114436813e-06
DNb04,3,2,3,3.4830867114436813e-06
DNde006,3,1,2,3.4830867114436813e-06
DNg09_a,3,2,2,3.4830867114436813e-06
DNg27,3,2,3,3.4830867114436813e-06
DNg82,3,2,3,3.4830867114436813e-06
DNg89,3,2,2,3.4830867114436813e-06
DNge010,3,2,3,3.4830867114436813e-06
DNge081,3,1,1,3.4830867114436813e-06
DNge105,3,1,2,3.4830867114436813e-06
DNge113,3,2,2,3.4830867114436813e-06
DNge119,3,1,3,3.4830867114436813e-06
DNge124,3,2,3,3.4830867114436813e-06
DNge132,3,2,3,3.4830867114436813e-06
DNge139,3,2,2,3.4830867114436813e-06
DNge147,3,2,2,3.4830867114436813e-06
DNge152,3,1,3,3.4830867114436813e-06
DNp01,3,2,2,3.4830867114436813e-06
DNpe004,3,2,3,3.4830867114436813e-06
DNpe012_b,3,2,3,3.4830867114436813e-06
DNpe017,3,1,2,3.4830867114436813e-06
FB1I,3,1,3,3.4830867114436813e-06
FB7I,3,3,3,3.4830867114436813e-06
FB8B,3,2,2,3.4830867114436813e-06
FLA002m,3,2,2,3.4830867114436813e-06
FLA017,3,2,3,3.4830867114436813e-06
FLA019,3,2,3,3.4830867114436813e-06
GNG005,3,1,2,3.4830867114436813e-06
GNG102,3,1,2,3.4830867114436813e-06
GNG191,3,2,2,3.4830867114436813e-06
GNG235,3,1,3,3.4830867114436813e-06
GNG283,3,2,2,3.4830867114436813e-06
GNG285,3,2,3,3.4830867114436813e-06
GNG298,3,1,2,3.4830867114436813e-06
GNG311,3,1,3,3.4830867114436813e-06
GNG370,3,2,2,3.4830867114436813e-06
GNG411,3,2,3,3.4830867114436813e-06
GNG438,3,2,3,3.4830867114436813e-06
GNG519,3,2,3,3.4830867114436813e-06
GNG561,3,1,3,3.4830867114436813e-06
GNG565,3,1,3,3.4830867114436813e-06
GNG567,3,2,3,3.4830867114436813e-06
GNG596,3,1,3,3.4830867114436813e-06
GNG602,3,2,3,3.4830867114436813e-06
GNG637,3,2,2,3.4830867114436813e-06
H2,3,2,3,3.4830867114436813e-06
IB008,3,2,3,3.4830867114436813e-06
IB025,3,2,3,3.4830867114436813e-06
IB096,3,2,3,3.4830867114436813e-06
LAL006,3,2,3,3.4830867114436813e-06
LAL133_e,3,1,2,3.4830867114436813e-06
LAL146,3,2,3,3.4830867114436813e-06
LHAD1h1,3,1,1,3.4830867114436813e-06
LHAD3b1_a,3,2,2,3.4830867114436813e-06
LHAV2e4_b,3,1,3,3.4830867114436813e-06
LHAV2j1,3,1,2,3.4830867114436813e-06
LHAV4e2_b1,3,2,2,3.4830867114436813e-06
LHAV6a5,3,2,2,3.4830867114436813e-06
LHPV4a5,3,2,2,3.4830867114436813e-06
LHPV4b3,3,1,2,3.4830867114436813e-06
LHPV4c1_a,3,2,3,3.4830867114436813e-06
LHPV4i3,3,2,3,3.4830867114436813e-06
LHPV5a3,3,2,3,3.4830867114436813e-06
LHPV5c2,3,1,1,3.4830867114436813e-06
LLPC_unclear,3,1,1,3.4830867114436813e-06
LPC_unclear,3,2,3,3.4830867114436813e-06
LPLC_unclear,3,1,3,3.4830867114436813e-06
LPT27,3,2,2,3.4830867114436813e-06
LPi2b,3,2,2,3.4830867114436813e-06
LPi3c,3,3,3,3.4830867114436813e-06
LoVP105,3,1,3,3.4830867114436813e-06
M_lPNm11B,3,2,2,3.4830867114436813e-06
M_vPNml69,3,2,2,3.4830867114436813e-06
M_vPNml76,3,3,3,3.4830867114436813e-06
MeVC27,3,3,3,3.4830867114436813e-06
MeVC8,3,2,2,3.4830867114436813e-06
MeVP10,3,3,3,3.4830867114436813e-06
MeVP24,3,1,1,3.4830867114436813e-06
MeVP30,3,1,2,3.4830867114436813e-06
MeVPMe5,3,2,3,3.4830867114436813e-06
Nod3,3,2,3,3.4830867114436813e-06
OCC02a,3,1,2,3.4830867114436813e-06
PLP020,3,2,3,3.4830867114436813e-06
PLP038,3,3,3,3.4830867114436813e-06
PLP056,3,1,3,3.4830867114436813e-06
PLP066,3,2,3,3.4830867114436813e-06
PLP154,3,1,2,3.4830867114436813e-06
PLP171,3,1,2,3.4830867114436813e-06
PLP225,3,2,2,3.4830867114436813e-06
PLP262,3,1,2,3.4830867114436813e-06
PLP_TBD1,3,1,2,3.4830867114436813e-06
PRW044,3,2,3,3.4830867114436813e-06
PS005_a,3,1,2,3.4830867114436813e-06
PS021,3,2,2,3.4830867114436813e-06
PS038,3,2,3,3.4830867114436813e-06
PS051,3,2,2,3.4830867114436813e-06
PS083_c,3,2,3,3.4830867114436813e-06
PS087,3,3,3,3.4830867114436813e-06
PS093,3,2,2,3.4830867114436813e-06
PS095,3,1,1,3.4830867114436813e-06
PS112,3,2,3,3.4830867114436813e-06
PS114,3,2,3,3.4830867114436813e-06
PS141,3,2,3,3.4830867114436813e-06
PS170,3,2,3,3.4830867114436813e-06
PS193,3,1,3,3.4830867114436813e-06
PS221,3,2,2,3.4830867114436813e-06
PS249,3,2,2,3.4830867114436813e-06
PS253,3,2,3,3.4830867114436813e-06
PS258,3,2,3,3.4830867114436813e-06
PS260,3,1,3,3.4830867114436813e-06
PS262,3,2,3,3.4830867114436813e-06
PS316,3,3,3,3.4830867114436813e-06
PS328,3,1,2,3.4830867114436813e-06
SAD021,3,2,3,3.4830867114436813e-06
SAD030,3,3,3,3.4830867114436813e-06
SAD034,3,1,3,3.4830867114436813e-06
SAD044,3,2,2,3.4830867114436813e-06
SAD047,3,2,2,3.4830867114436813e-06
SAD057,3,1,1,3.4830867114436813e-06
SAD097,3,1,3,3.4830867114436813e-06
SAD104,3,2,2,3.4830867114436813e-06
SIP006,3,2,3,3.4830867114436813e-06
SIP033,3,3,3,3.4830867114436813e-06
SIP051,3,2,2,3.4830867114436813e-06
SIP057,3,2,3,3.4830867114436813e-06
SLP046,3,1,1,3.4830867114436813e-06
SLP059,3,2,3,3.4830867114436813e-06
SLP060,3,2,2,3.4830867114436813e-06
SLP065,3,1,2,3.4830867114436813e-06
SLP068,3,2,2,3.4830867114436813e-06
SLP074,3,2,3,3.4830867114436813e-06
SLP134,3,2,3,3.4830867114436813e-06
SLP266,3,2,2,3.4830867114436813e-06
SLP311,3,1,1,3.4830867114436813e-06
SLP320,3,2,2,3.4830867114436813e-06
SLP372,3,3,3,3.4830867114436813e-06
SLP373,3,1,2,3.4830867114436813e-06
SLP383,3,1,3,3.4830867114436813e-06
SLP394,3,2,3,3.4830867114436813e-06
SLP462,3,1,3,3.4830867114436813e-06
SMP027,3,2,3,3.4830867114436813e-06
SMP033,3,2,3,3.4830867114436813e-06
SMP034,3,2,3,3.4830867114436813e-06
SMP044,3,2,2,3.4830867114436813e-06
SMP072,3,2,3,3.4830867114436813e-06
SMP093,3,2,3,3.4830867114436813e-06
SMP107,3,2,3,3.4830867114436813e-06
SMP189,3,1,3,3.4830867114436813e-06
SMP234,3,2,3,3.4830867114436813e-06
SMP236,3,2,2,3.4830867114436813e-06
SMP242,3,2,2,3.4830867114436813e-06
SMP249,3,2,3,3.4830867114436813e-06
SMP261,3,2,3,3.4830867114436813e-06
SMP276,3,2,3,3.4830867114436813e-06
SMP277,3,3,3,3.4830867114436813e-06
SMP281,3,3,3,3.4830867114436813e-06
SMP284_b,3,2,2,3.4830867114436813e-06
SMP307,3,2,3,3.4830867114436813e-06
SMP319,3,3,3,3.4830867114436813e-06
SMP330,3,2,3,3.4830867114436813e-06
SMP335,3,2,2,3.4830867114436813e-06
SMP341,3,2,2,3.4830867114436813e-06
SMP342,3,2,2,3.4830867114436813e-06
SMP348,3,2,3,3.4830867114436813e-06
SMP355,3,2,3,3.4830867114436813e-06
SMP368,3,2,2,3.4830867114436813e-06
SMP375,3,1,2,3.4830867114436813e-06
SMP389_c,3,2,3,3.4830867114436813e-06
SMP395,3,1,3,3.4830867114436813e-06
SMP398_b,3,2,3,3.4830867114436813e-06
SMP404,3,2,3,3.4830867114436813e-06
SMP437,3,2,3,3.4830867114436813e-06
SMP487,3,2,3,3.4830867114436813e-06
SMP495_c,3,2,2,3.4830867114436813e-06
SMP510,3,1,2,3.4830867114436813e-06
SMP511,3,1,3,3.4830867114436813e-06
SMP517,3,2,2,3.4830867114436813e-06
SMP525,3,1,2,3.4830867114436813e-06
SMP533,3,3,3,3.4830867114436813e-06
SMP717m,3,3,3,3.4830867114436813e-06
Tm2,3,3,3,3.4830867114436813e-06
V1,3,2,3,3.4830867114436813e-06
VC1_lPN,3,2,3,3.4830867114436813e-06
VC2_lPN,3,2,2,3.4830867114436813e-06
VES105,3,1,3,3.4830867114436813e-06
VM7v_adPN,3,2,2,3.4830867114436813e-06
VST1,3,2,2,3.4830867114436813e-06
WED069,3,2,2,3.4830867114436813e-06
WED100,3,2,3,3.4830867114436813e-06
WED124,3,2,3,3.4830867114436813e-06
WED146_b,3,1,1,3.4830867114436813e-06
WED161,3,3,3,3.4830867114436813e-06
WED166_a,3,3,3,3.4830867114436813e-06
WED187,3,2,3,3.4830867114436813e-06
WED202,3,2,2,3.4830867114436813e-06
WED208,3,2,3,3.4830867114436813e-06
ascending_neuron,3,1,1,3.4830867114436813e-06
l2LN23,3,2,2,3.4830867114436813e-06
lLN2X11,3,1,2,3.4830867114436813e-06
mAL4E,3,2,2,3.4830867114436813e-06
mAL4F,3,3,3,3.4830867114436813e-06
mAL_m3a,3,1,1,3.4830867114436813e-06
mAL_m3b,3,3,3,3.4830867114436813e-06
v2LN50,3,3,3,3.4830867114436813e-06
vLN26,3,1,2,3.4830867114436813e-06
vLN27,3,2,2,3.4830867114436813e-06
vLN28,3,2,2,3.4830867114436813e-06
AMMC001,2,2,2,2.322057807629121e-06
AMMC009,2,2,2,2.322057807629121e-06
AMMC025,2,2,2,2.322057807629121e-06
AN05B023c,2,1,2,2.322057807629121e-06
AN05B024,2,1,2,2.322057807629121e-06
AN05B044,2,1,1,2.322057807629121e-06
AN05B052,2,2,2,2.322057807629121e-06
AN05B101,2,2,2,2.322057807629121e-06
AN05B102c,2,1,2,2.322057807629121e-06
AN06B004,2,1,2,2.322057807629121e-06
AN07B078_b,2,2,2,2.322057807629121e-06
AN08B010,2,1,2,2.322057807629121e-06
AN08B048,2,1,2,2.322057807629121e-06
AN08B086,2,2,2,2.322057807629121e-06
AN08B099_h,2,1,1,2.322057807629121e-06
AN08B100,2,2,2,2.322057807629121e-06
AN08B101,2,2,2,2.322057807629121e-06
AN10B020,2,2,2,2.322057807629121e-06
AN10B029,2,2,2,2.322057807629121e-06
AN12B017,2,2,2,2.322057807629121e-06
AN17A073,2,2,2,2.322057807629121e-06
AN27X009,2,2,2,2.322057807629121e-06
ANXXX007,2,1,1,2.322057807629121e-06
ANXXX074,2,2,2,2.322057807629121e-06
ANXXX098,2,1,1,2.322057807629121e-06
ANXXX108,2,1,1,2.322057807629121e-06
ANXXX154,2,2,2,2.322057807629121e-06
ANXXX410,2,1,2,2.322057807629121e-06
AOTU011,2,2,2,2.322057807629121e-06
AOTU040,2,2,2,2.322057807629121e-06
AOTU053,2,2,2,2.322057807629121e-06
AVLP194_b2,2,1,2,2.322057807629121e-06
AVLP194_c1,2,1,2,2.322057807629121e-06
AVLP225_a,2,2,2,2.322057807629121e-06
AVLP255,2,2,2,2.322057807629121e-06
AVLP378,2,1,1,2.322057807629121e-06
AVLP422,2,2,2,2.322057807629121e-06
AVLP424,2,2,2,2.322057807629121e-06
AVLP548_b,2,1,1,2.322057807629121e-06
CB0024,2,2,2,2.322057807629121e-06
CB0090,2,1,1,2.322057807629121e-06
CB0307,2,1,1,2.322057807629121e-06
CB0312,2,1,2,2.322057807629121e-06
CB0382,2,2,2,2.322057807629121e-06
CB0405,2,2,2,2.322057807629121e-06
CB0414,2,1,2,2.322057807629121e-06
CB0432,2,2,2,2.322057807629121e-06
CB0630,2,2,2,2.322057807629121e-06
CB1005,2,2,2,2.322057807629121e-06
CB1030,2,2,2,2.322057807629121e-06
CB1178,2,2,2,2.322057807629121e-06
CB1206,2,2,2,2.322057807629121e-06
CB1212,2,2,2,2.322057807629121e-06
CB1280,2,1,1,2.322057807629121e-06
CB1282,2,2,2,2.322057807629121e-06
CB1374,2,2,2,2.322057807629121e-06
CB1391,2,1,2,2.322057807629121e-06
CB1392,2,2,2,2.322057807629121e-06
CB1403,2,1,2,2.322057807629121e-06
CB1448,2,2,2,2.322057807629121e-06
CB1456,2,1,2,2.322057807629121e-06
CB1493,2,2,2,2.322057807629121e-06
CB1547,2,2,2,2.322057807629121e-06
CB1573,2,1,2,2.322057807629121e-06
CB1577,2,1,1,2.322057807629121e-06
CB1608,2,2,2,2.322057807629121e-06
CB1627,2,1,2,2.322057807629121e-06
CB1642,2,2,2,2.322057807629121e-06
CB1650,2,1,2,2.322057807629121e-06
CB1698,2,1,2,2.322057807629121e-06
CB1705,2,1,2,2.322057807629121e-06
CB1726,2,2,2,2.322057807629121e-06
CB1733,2,2,2,2.322057807629121e-06
CB1803,2,2,2,2.322057807629121e-06
CB1834,2,2,2,2.322057807629121e-06
CB1908,2,2,2,2.322057807629121e-06
CB1950,2,2,2,2.322057807629121e-06
CB2036,2,1,2,2.322057807629121e-06
CB2094,2,2,2,2.322057807629121e-06
CB2300,2,2,2,2.322057807629121e-06
CB2311,2,1,2,2.322057807629121e-06
CB2337,2,2,2,2.322057807629121e-06
CB2389,2,1,1,2.322057807629121e-06
CB2401,2,2,2,2.322057807629121e-06
CB2411,2,1,1,2.322057807629121e-06
CB2442,2,1,1,2.322057807629121e-06
CB2471,2,2,2,2.322057807629121e-06
CB2530,2,1,1,2.322057807629121e-06
CB2572,2,2,2,2.322057807629121e-06
CB2653,2,2,2,2.322057807629121e-06
CB2703,2,2,2,2.322057807629121e-06
CB2711,2,2,2,2.322057807629121e-06
CB2714,2,2,2,2.322057807629121e-06
CB2764,2,2,2,2.322057807629121e-06
CB2790,2,2,2,2.322057807629121e-06
CB2802,2,1,1,2.322057807629121e-06
CB2877,2,2,2,2.322057807629121e-06
CB2889,2,1,1,2.322057807629121e-06
CB2906,2,2,2,2.322057807629121e-06
CB2907,2,2,2,2.322057807629121e-06
CB2954,2,2,2,2.322057807629121e-06
CB2982,2,1,2,2.322057807629121e-06
CB2992,2,1,1,2.322057807629121e-06
CB3008,2,1,1,2.322057807629121e-06
CB3050,2,2,2,2.322057807629121e-06
CB3120,2,1,1,2.322057807629121e-06
CB3127,2,1,1,2.322057807629121e-06
CB3220,2,1,1,2.322057807629121e-06
CB3233,2,2,2,2.322057807629121e-06
CB3240,2,2,2,2.322057807629121e-06
CB3276,2,1,1,2.322057807629121e-06
CB3320,2,2,2,2.322057807629121e-06
CB3373,2,2,2,2.322057807629121e-06
CB3394,2,1,2,2.322057807629121e-06
CB3541,2,2,2,2.322057807629121e-06
CB3548,2,2,2,2.322057807629121e-06
CB3566,2,1,2,2.322057807629121e-06
CB3649,2,1,2,2.322057807629121e-06
CB3682,2,1,2,2.322057807629121e-06
CB3710,2,1,2,2.322057807629121e-06
CB3724,2,1,2,2.322057807629121e-06
CB3727,2,1,1,2.322057807629121e-06
CB3732,2,2,2,2.322057807629121e-06
CB3733,2,2,2,2.322057807629121e-06
CB3748,2,1,2,2.322057807629121e-06
CB3784,2,2,2,2.322057807629121e-06
CB3865,2,2,2,2.322057807629121e-06
CB3930,2,2,2,2.322057807629121e-06
CB3932,2,2,2,2.322057807629121e-06
CB3998,2,2,2,2.322057807629121e-06
CB4000,2,2,2,2.322057807629121e-06
CB4038,2,1,2,2.322057807629121e-06
CB4102,2,2,2,2.322057807629121e-06
CB4124,2,1,2,2.322057807629121e-06
CB4143,2,2,2,2.322057807629121e-06
CB4158,2,2,2,2.322057807629121e-06
CB4181,2,1,2,2.322057807629121e-06
CL008,2,2,2,2.322057807629121e-06
CL012,2,1,2,2.322057807629121e-06
CL070_a,2,1,1,2.322057807629121e-06
CL075_b,2,2,2,2.322057807629121e-06
CL085_b,2,1,1,2.322057807629121e-06
CL086_a,2,2,2,2.322057807629121e-06
CL086_b,2,2,2,2.322057807629121e-06
CL086_c,2,2,2,2.322057807629121e-06
CL086_e,2,2,2,2.322057807629121e-06
CL088_a,2,1,1,2.322057807629121e-06
CL089_b,2,2,2,2.322057807629121e-06
CL125,2,1,1,2.322057807629121e-06
CL128_b,2,2,2,2.322057807629121e-06
CL131,2,2,2,2.322057807629121e-06
CL153,2,1,2,2.322057807629121e-06
CL171,2,2,2,2.322057807629121e-06
CL204,2,1,1,2.322057807629121e-06
CL209,2,2,2,2.322057807629121e-06
CL352,2,1,2,2.322057807629121e-06
CRZ02,2,1,2,2.322057807629121e-06
DL3_lPN,2,2,2,2.322057807629121e-06
DL5_adPN,2,2,2,2.322057807629121e-06
DNae002,2,2,2,2.322057807629121e-06
DNae010,2,1,1,2.322057807629121e-06
DNbe004,2,1,2,2.322057807629121e-06
DNg01_d,2,1,1,2.322057807629121e-06
DNg02_g,2,2,2,2.322057807629121e-06
DNg22,2,2,2,2.322057807629121e-06
DNg71,2,1,2,2.322057807629121e-06
DNg79,2,2,2,2.322057807629121e-06
DNg92_b,2,1,1,2.322057807629121e-06
DNge033,2,2,2,2.322057807629121e-06
DNge037,2,1,2,2.322057807629121e-06
DNge140,2,2,2,2.322057807629121e-06
DNge142,2,1,2,2.322057807629121e-06
DNge174,2,1,1,2.322057807629121e-06
DNp05,2,2,2,2.322057807629121e-06
DNp15,2,1,1,2.322057807629121e-06
DNp16_b,2,1,2,2.322057807629121e-06
DNp53,2,2,2,2.322057807629121e-06
DNpe007,2,2,2,2.322057807629121e-06
DNpe010,2,2,2,2.322057807629121e-06
DNpe015,2,2,2,2.322057807629121e-06
DNpe049,2,2,2,2.322057807629121e-06
DNpe057,2,1,2,2.322057807629121e-06
DP1l_adPN,2,1,2,2.322057807629121e-06
ER3d_b,2,2,2,2.322057807629121e-06
FB6G,2,2,2,2.322057807629121e-06
FB7G,2,2,2,2.322057807629121e-06
FB9B_b,2,2,2,2.322057807629121e-06
FLA006m,2,2,2,2.322057807629121e-06
GNG118,2,2,2,2.322057807629121e-06
GNG124,2,1,2,2.322057807629121e-06
GNG141,2,2,2,2.322057807629121e-06
GNG148,2,2,2,2.322057807629121e-06
GNG211,2,1,2,2.322057807629121e-06
GNG228,2,1,1,2.322057807629121e-06
GNG230,2,2,2,2.322057807629121e-06
GNG279_b,2,1,1,2.322057807629121e-06
GNG309,2,1,2,2.322057807629121e-06
GNG328,2,1,1,2.322057807629121e-06
GNG336,2,1,1,2.322057807629121e-06
GNG337,2,1,2,2.322057807629121e-06
GNG381,2,2,2,2.322057807629121e-06
GNG396,2,1,2,2.322057807629121e-06
GNG404,2,2,2,2.322057807629121e-06
GNG417,2,2,2,2.322057807629121e-06
GNG485,2,1,1,2.322057807629121e-06
GNG488,2,1,1,2.322057807629121e-06
GNG490,2,1,2,2.322057807629121e-06
GNG495,2,1,2,2.322057807629121e-06
GNG507,2,1,2,2.322057807629121e-06
GNG510,2,2,2,2.322057807629121e-06
GNG533,2,1,1,2.322057807629121e-06
GNG538,2,1,2,2.322057807629121e-06
GNG539,2,1,1,2.322057807629121e-06
GNG556,2,2,2,2.322057807629121e-06
GNG584,2,2,2,2.322057807629121e-06
GNG624,2,1,1,2.322057807629121e-06
GNG636,2,2,2,2.322057807629121e-06
GNG638,2,2,2,2.322057807629121e-06
GNG659,2,2,2,2.322057807629121e-06
GNG662,2,1,1,2.322057807629121e-06
GNG702m,2,2,2,2.322057807629121e-06
IB002,2,2,2,2.322057807629121e-06
IB033,2,2,2,2.322057807629121e-06
IB044,2,1,2,2.322057807629121e-06
IB053,2,1,2,2.322057807629121e-06
IB109,2,2,2,2.322057807629121e-06
JO-B1_a,2,2,2,2.322057807629121e-06
LHAV2b7_b,2,2,2,2.322057807629121e-06
LHPD3a2_a,2,2,2,2.322057807629121e-06
LHPV4c2,2,1,1,2.322057807629121e-06
LHPV4c3,2,1,1,2.322057807629121e-06
LHPV6a9_b,2,2,2,2.322057807629121e-06
LHPV6i2_a,2,1,1,2.322057807629121e-06
LO_LOP_unclear,2,1,2,2.322057807629121e-06
LPT50,2,1,2,2.322057807629121e-06
LPT57,2,2,2,2.322057807629121e-06
Lat1,2,2,2,2.322057807629121e-06
Li11b,2,2,2,2.322057807629121e-06
LoVC13,2,2,2,2.322057807629121e-06
M_VPNml66,2,2,2,2.322057807629121e-06
M_lvPNm26,2,2,2,2.322057807629121e-06
M_lvPNm28,2,1,1,2.322057807629121e-06
M_lvPNm32,2,1,1,2.322057807629121e-06
M_lvPNm33,2,2,2,2.322057807629121e-06
M_lvPNm41,2,2,2,2.322057807629121e-06
M_lvPNm44,2,1,2,2.322057807629121e-06
M_lvPNm45,2,2,2,2.322057807629121e-06
M_vPNml84,2,1,1,2.322057807629121e-06
MeTu4_unclear,2,1,2,2.322057807629121e-06
MeVC7a,2,2,2,2.322057807629121e-06
MeVP2,2,2,2,2.322057807629121e-06
MeVP27,2,2,2,2.322057807629121e-06
MeVP29,2,1,2,2.322057807629121e-06
MeVP3,2,2,2,2.322057807629121e-06
MeVP32,2,1,1,2.322057807629121e-06
MeVP36,2,1,2,2.322057807629121e-06
MeVP38,2,2,2,2.322057807629121e-06
MeVP56,2,2,2,2.322057807629121e-06
MeVP59,2,1,1,2.322057807629121e-06
MeVP6,2,2,2,2.322057807629121e-06
MeVP7,2,1,1,2.322057807629121e-06
MeVP_unclear,2,1,1,2.322057807629121e-06
OCG02b,2,2,2,2.322057807629121e-06
PLP119,2,2,2,2.322057807629121e-06
PLP120,2,2,2,2.322057807629121e-06
PS004,2,2,2,2.322057807629121e-06
PS008_a1,2,1,2,2.322057807629121e-06
PS008_a4,2,2,2,2.322057807629121e-06
PS018_a,2,2,2,2.322057807629121e-06
PS023,2,2,2,2.322057807629121e-06
PS053,2,1,2,2.322057807629121e-06
PS070,2,2,2,2.322057807629121e-06
PS078,2,2,2,2.322057807629121e-06
PS081,2,1,1,2.322057807629121e-06
PS083_a,2,1,2,2.322057807629121e-06
PS109,2,2,2,2.322057807629121e-06
PS118,2,2,2,2.322057807629121e-06
PS138,2,2,2,2.322057807629121e-06
PS140,2,2,2,2.322057807629121e-06
PS142,2,1,2,2.322057807629121e-06
PS148,2,2,2,2.322057807629121e-06
PS161,2,1,2,2.322057807629121e-06
PS174,2,1,1,2.322057807629121e-06
PS193b,2,2,2,2.322057807629121e-06
PS237,2,2,2,2.322057807629121e-06
PS241,2,2,2,2.322057807629121e-06
PS280,2,1,1,2.322057807629121e-06
PS281,2,2,2,2.322057807629121e-06
PS313,2,1,2,2.322057807629121e-06
PS321,2,2,2,2.322057807629121e-06
PS331,2,2,2,2.322057807629121e-06
PS334,2,2,2,2.322057807629121e-06
SAD023,2,2,2,2.322057807629121e-06
SAD055,2,1,2,2.322057807629121e-06
SAD076,2,1,2,2.322057807629121e-06
SAD080,2,1,1,2.322057807629121e-06
SAD091,2,1,2,2.322057807629121e-06
SAD093,2,1,2,2.322057807629121e-06
SAD100,2,1,2,2.322057807629121e-06
SAD108,2,1,1,2.322057807629121e-06
SAD109,2,1,1,2.322057807629121e-06
SAD112_b,2,2,2,2.322057807629121e-06
SIP007,2,1,1,2.322057807629121e-06
SIP021_b,2,2,2,2.322057807629121e-06
SIP031,2,1,2,2.322057807629121e-06
SIP080,2,2,2,2.322057807629121e-06
SLP030,2,1,2,2.322057807629121e-06
SLP040,2,2,2,2.322057807629121e-06
SLP062,2,1,1,2.322057807629121e-06
SLP081,2,2,2,2.322057807629121e-06
SLP086,2,2,2,2.322057807629121e-06
SLP088_a,2,2,2,2.322057807629121e-06
SLP114,2,1,2,2.322057807629121e-06
SLP126,2,1,1,2.322057807629121e-06
SLP137,2,2,2,2.322057807629121e-06
SLP138,2,2,2,2.322057807629121e-06
SLP186,2,2,2,2.322057807629121e-06
SLP204,2,1,2,2.322057807629121e-06
SLP222,2,2,2,2.322057807629121e-06
SLP246,2,1,2,2.322057807629121e-06
SLP251,2,1,1,2.322057807629121e-06
SLP252_b,2,1,2,2.322057807629121e-06
SLP265,2,2,2,2.322057807629121e-06
SLP268,2,2,2,2.322057807629121e-06
SLP269,2,1,2,2.322057807629121e-06
SLP270,2,1,2,2.322057807629121e-06
SLP281,2,1,2,2.322057807629121e-06
SLP341_b,2,2,2,2.322057807629121e-06
SLP355,2,2,2,2.322057807629121e-06
SLP360_c,2,2,2,2.322057807629121e-06
SLP366,2,2,2,2.322057807629121e-06
SLP387,2,2,2,2.322057807629121e-06
SLP389,2,1,1,2.322057807629121e-06
SLP395,2,1,2,2.322057807629121e-06
SLP402_a,2,2,2,2.322057807629121e-06
SLP412_a,2,1,2,2.322057807629121e-06
SLP447,2,1,2,2.322057807629121e-06
SLP466,2,2,2,2.322057807629121e-06
SMP047,2,2,2,2.322057807629121e-06
SMP095,2,1,1,2.322057807629121e-06
SMP168,2,1,2,2.322057807629121e-06
SMP169,2,2,2,2.322057807629121e-06
SMP200,2,1,2,2.322057807629121e-06
SMP201,2,2,2,2.322057807629121e-06
SMP213,2,2,2,2.322057807629121e-06
SMP262,2,1,2,2.322057807629121e-06
SMP279_b,2,2,2,2.322057807629121e-06
SMP279_c,2,1,1,2.322057807629121e-06
SMP280,2,2,2,2.322057807629121e-06
SMP284_a,2,2,2,2.322057807629121e-06
SMP314,2,1,2,2.322057807629121e-06
SMP316_a,2,1,2,2.322057807629121e-06
SMP316_b,2,1,2,2.322057807629121e-06
SMP328_a,2,2,2,2.322057807629121e-06
SMP332,2,1,1,2.322057807629121e-06
SMP340,2,2,2,2.322057807629121e-06
SMP345,2,2,2,2.322057807629121e-06
SMP350,2,2,2,2.322057807629121e-06
SMP353,2,1,2,2.322057807629121e-06
SMP392,2,2,2,2.322057807629121e-06
SMP394,2,2,2,2.322057807629121e-06
SMP399_c,2,1,1,2.322057807629121e-06
SMP407,2,2,2,2.322057807629121e-06
SMP413,2,2,2,2.322057807629121e-06
SMP425,2,1,1,2.322057807629121e-06
SMP428_b,2,1,2,2.322057807629121e-06
SMP491,2,2,2,2.322057807629121e-06
SMP495_b,2,1,2,2.322057807629121e-06
SMP505,2,1,2,2.322057807629121e-06
SMP528,2,2,2,2.322057807629121e-06
SMP535,2,2,2,2.322057807629121e-06
SMP545,2,2,2,2.322057807629121e-06
SMP727m,2,1,1,2.322057807629121e-06
SMP732,2,1,1,2.322057807629121e-06
SMP739,2,1,1,2.322057807629121e-06
SMPp&v1B_M02,2,1,1,2.322057807629121e-06
Tm_unclear,2,2,2,2.322057807629121e-06
VC4_adPN,2,2,2,2.322057807629121e-06
VES109,2,1,1,2.322057807629121e-06
VM1_lPN,2,2,2,2.322057807629121e-06
VP1l+VP3_ilPN,2,2,2,2.322057807629121e-06
WED013,2,1,2,2.322057807629121e-06
WED024,2,2,2,2.322057807629121e-06
WED098,2,2,2,2.322057807629121e-06
WED183,2,1,2,2.322057807629121e-06
WED203,2,1,2,2.322057807629121e-06
aMe12,2,2,2,2.322057807629121e-06
aMe15,2,2,2,2.322057807629121e-06
aMe2,2,2,2,2.322057807629121e-06
aMe26,2,2,2,2.322057807629121e-06
aMe3,2,1,2,2.322057807629121e-06
lLN2F_a,2,2,2,2.322057807629121e-06
lLN2T_e,2,1,2,2.322057807629121e-06
mAL4B,2,1,1,2.322057807629121e-06
mAL4G,2,1,1,2.322057807629121e-06
mAL_m6,2,2,2,2.322057807629121e-06
v2LN30,2,1,1,2.322057807629121e-06
v2LN32,2,2,2,2.322057807629121e-06
v2LN49,2,1,2,2.322057807629121e-06
5thsLNv_LNd6,1,1,1,1.1610289038145606e-06
ALIN7,1,1,1,1.1610289038145606e-06
ALON2,1,1,1,1.1610289038145606e-06
AMMC006,1,1,1,1.1610289038145606e-06
AMMC008,1,1,1,1.1610289038145606e-06
AMMC012,1,1,1,1.1610289038145606e-06
AMMC013,1,1,1,1.1610289038145606e-06
AMMC016,1,1,1,1.1610289038145606e-06
AMMC034_b,1,1,1,1.1610289038145606e-06
AMMC038,1,1,1,1.1610289038145606e-06
AN02A016,1,1,1,1.1610289038145606e-06
AN05B004,1,1,1,1.1610289038145606e-06
AN05B007,1,1,1,1.1610289038145606e-06
AN05B026,1,1,1,1.1610289038145606e-06
AN05B050_c,1,1,1,1.1610289038145606e-06
AN05B059,1,1,1,1.1610289038145606e-06
AN05B081,1,1,1,1.1610289038145606e-06
AN05B106,1,1,1,1.1610289038145606e-06
AN07B101_c,1,1,1,1.1610289038145606e-06
AN08B031,1,1,1,1.1610289038145606e-06
AN08B041,1,1,1,1.1610289038145606e-06
AN08B047,1,1,1,1.1610289038145606e-06
AN08B049,1,1,1,1.1610289038145606e-06
AN08B053,1,1,1,1.1610289038145606e-06
AN08B066,1,1,1,1.1610289038145606e-06
AN08B074,1,1,1,1.1610289038145606e-06
AN08B081,1,1,1,1.1610289038145606e-06
AN08B098,1,1,1,1.1610289038145606e-06
AN08B099_b,1,1,1,1.1610289038145606e-06
AN08B099_c,1,1,1,1.1610289038145606e-06
AN08B103,1,1,1,1.1610289038145606e-06
AN08B110,1,1,1,1.1610289038145606e-06
AN08B112,1,1,1,1.1610289038145606e-06
AN09B013,1,1,1,1.1610289038145606e-06
AN09B024,1,1,1,1.1610289038145606e-06
AN09B026,1,1,1,1.1610289038145606e-06
AN09B028,1,1,1,1.1610289038145606e-06
AN09B036,1,1,1,1.1610289038145606e-06
AN09B042,1,1,1,1.1610289038145606e-06
AN10B015,1,1,1,1.1610289038145606e-06
AN10B033,1,1,1,1.1610289038145606e-06
AN10B048,1,1,1,1.1610289038145606e-06
AN10B053,1,1,1,1.1610289038145606e-06
AN18B023,1,1,1,1.1610289038145606e-06
AN19B004,1,1,1,1.1610289038145606e-06
AN19B032,1,1,1,1.1610289038145606e-06
AN23B001,1,1,1,1.1610289038145606e-06
AN23B026,1,1,1,1.1610289038145606e-06
AN27X021,1,1,1,1.1610289038145606e-06
ANXXX030,1,1,1,1.1610289038145606e-06
ANXXX068,1,1,1,1.1610289038145606e-06
ANXXX084,1,1,1,1.1610289038145606e-06
ANXXX131,1,1,1,1.1610289038145606e-06
ANXXX151,1,1,1,1.1610289038145606e-06
ANXXX152,1,1,1,1.1610289038145606e-06
ANXXX165,1,1,1,1.1610289038145606e-06
ANXXX178,1,1,1,1.1610289038145606e-06
ANXXX296,1,1,1,1.1610289038145606e-06
ATL045,1,1,1,1.1610289038145606e-06
AVLP379,1,1,1,1.1610289038145606e-06
AVLP483,1,1,1,1.1610289038145606e-06
AVLP548_a,1,1,1,1.1610289038145606e-06
AVLP548_c,1,1,1,1.1610289038145606e-06
AVLP586,1,1,1,1.1610289038145606e-06
CB0122,1,1,1,1.1610289038145606e-06
CB0214,1,1,1,1.1610289038145606e-06
CB0228,1,1,1,1.1610289038145606e-06
CB0373,1,1,1,1.1610289038145606e-06
CB0374,1,1,1,1.1610289038145606e-06
CB0530,1,1,1,1.1610289038145606e-06
CB0533,1,1,1,1.1610289038145606e-06
CB0652,1,1,1,1.1610289038145606e-06
CB0671,1,1,1,1.1610289038145606e-06
CB0758,1,1,1,1.1610289038145606e-06
CB0927,1,1,1,1.1610289038145606e-06
CB1023,1,1,1,1.1610289038145606e-06
CB1035,1,1,1,1.1610289038145606e-06
CB1076,1,1,1,1.1610289038145606e-06
CB1079,1,1,1,1.1610289038145606e-06
CB1265,1,1,1,1.1610289038145606e-06
CB1269,1,1,1,1.1610289038145606e-06
CB1286,1,1,1,1.1610289038145606e-06
CB1296_a,1,1,1,1.1610289038145606e-06
CB1299,1,1,1,1.1610289038145606e-06
CB1337,1,1,1,1.1610289038145606e-06
CB1348,1,1,1,1.1610289038145606e-06
CB1353,1,1,1,1.1610289038145606e-06
CB1379,1,1,1,1.1610289038145606e-06
CB1384,1,1,1,1.1610289038145606e-06
CB1387,1,1,1,1.1610289038145606e-06
CB1396,1,1,1,1.1610289038145606e-06
CB1442,1,1,1,1.1610289038145606e-06
CB1545,1,1,1,1.1610289038145606e-06
CB1551,1,1,1,1.1610289038145606e-06
CB1595,1,1,1,1.1610289038145606e-06
CB1607,1,1,1,1.1610289038145606e-06
CB1636,1,1,1,1.1610289038145606e-06
CB1641,1,1,1,1.1610289038145606e-06
CB1649,1,1,1,1.1610289038145606e-06
CB1702,1,1,1,1.1610289038145606e-06
CB1808,1,1,1,1.1610289038145606e-06
CB1836,1,1,1,1.1610289038145606e-06
CB1838,1,1,1,1.1610289038145606e-06
CB1896,1,1,1,1.1610289038145606e-06
CB1918,1,1,1,1.1610289038145606e-06
CB1960,1,1,1,1.1610289038145606e-06
CB1975,1,1,1,1.1610289038145606e-06
CB1977,1,1,1,1.1610289038145606e-06
CB1997_b,1,1,1,1.1610289038145606e-06
CB2026,1,1,1,1.1610289038145606e-06
CB2032,1,1,1,1.1610289038145606e-06
CB2033,1,1,1,1.1610289038145606e-06
CB2050,1,1,1,1.1610289038145606e-06
CB2074,1,1,1,1.1610289038145606e-06
CB2079,1,1,1,1.1610289038145606e-06
CB2084,1,1,1,1.1610289038145606e-06
CB2086,1,1,1,1.1610289038145606e-06
CB2093,1,1,1,1.1610289038145606e-06
CB2108,1,1,1,1.1610289038145606e-06
CB2153,1,1,1,1.1610289038145606e-06
CB2182,1,1,1,1.1610289038145606e-06
CB2200,1,1,1,1.1610289038145606e-06
CB2205,1,1,1,1.1610289038145606e-06
CB2229,1,1,1,1.1610289038145606e-06
CB2252,1,1,1,1.1610289038145606e-06
CB2295,1,1,1,1.1610289038145606e-06
CB2347,1,1,1,1.1610289038145606e-06
CB2425,1,1,1,1.1610289038145606e-06
CB2430,1,1,1,1.1610289038145606e-06
CB2521,1,1,1,1.1610289038145606e-06
CB2561,1,1,1,1.1610289038145606e-06
CB2681,1,1,1,1.1610289038145606e-06
CB2710,1,1,1,1.1610289038145606e-06
CB2725,1,1,1,1.1610289038145606e-06
CB2751,1,1,1,1.1610289038145606e-06
CB2863,1,1,1,1.1610289038145606e-06
CB2908,1,1,1,1.1610289038145606e-06
CB2948,1,1,1,1.1610289038145606e-06
CB2953,1,1,1,1.1610289038145606e-06
CB2956,1,1,1,1.1610289038145606e-06
CB2958,1,1,1,1.1610289038145606e-06
CB3015,1,1,1,1.1610289038145606e-06
CB3124,1,1,1,1.1610289038145606e-06
CB3173,1,1,1,1.1610289038145606e-06
CB3187,1,1,1,1.1610289038145606e-06
CB3207,1,1,1,1.1610289038145606e-06
CB3228,1,1,1,1.1610289038145606e-06
CB3249,1,1,1,1.1610289038145606e-06
CB3281,1,1,1,1.1610289038145606e-06
CB3318,1,1,1,1.1610289038145606e-06
CB3358,1,1,1,1.1610289038145606e-06
CB3361,1,1,1,1.1610289038145606e-06
CB3393,1,1,1,1.1610289038145606e-06
CB3692,1,1,1,1.1610289038145606e-06
CB3729,1,1,1,1.1610289038145606e-06
CB3745,1,1,1,1.1610289038145606e-06
CB3747,1,1,1,1.1610289038145606e-06
CB3762,1,1,1,1.1610289038145606e-06
CB3951,1,1,1,1.1610289038145606e-06
CB3999,1,1,1,1.1610289038145606e-06
CB4022,1,1,1,1.1610289038145606e-06
CB4033,1,1,1,1.1610289038145606e-06
CB4069,1,1,1,1.1610289038145606e-06
CB4087,1,1,1,1.1610289038145606e-06
CB4091,1,1,1,1.1610289038145606e-06
CB4127,1,1,1,1.1610289038145606e-06
CB4128,1,1,1,1.1610289038145606e-06
CB4152,1,1,1,1.1610289038145606e-06
CL006,1,1,1,1.1610289038145606e-06
CL013,1,1,1,1.1610289038145606e-06
CL049,1,1,1,1.1610289038145606e-06
CL087,1,1,1,1.1610289038145606e-06
CL089_a2,1,1,1,1.1610289038145606e-06
CL089_c,1,1,1,1.1610289038145606e-06
CL090_a,1,1,1,1.1610289038145606e-06
CL097,1,1,1,1.1610289038145606e-06
CL128_a,1,1,1,1.1610289038145606e-06
CL128_c,1,1,1,1.1610289038145606e-06
CL12X,1,1,1,1.1610289038145606e-06
CL143,1,1,1,1.1610289038145606e-06
CL146,1,1,1,1.1610289038145606e-06
CL170,1,1,1,1.1610289038145606e-06
CL195,1,1,1,1.1610289038145606e-06
CL216,1,1,1,1.1610289038145606e-06
CL224,1,1,1,1.1610289038145606e-06
CL273,1,1,1,1.1610289038145606e-06
CL351,1,1,1,1.1610289038145606e-06
CT1,1,1,1,1.1610289038145606e-06
DL2d_vPN,1,1,1,1.1610289038145606e-06
DM3_vPN,1,1,1,1.1610289038145606e-06
DM4_vPN,1,1,1,1.1610289038145606e-06
DNa05,1,1,1,1.1610289038145606e-06
DNa09,1,1,1,1.1610289038145606e-06
DNb01,1,1,1,1.1610289038145606e-06
DNb06,1,1,1,1.1610289038145606e-06
DNg01_b,1,1,1,1.1610289038145606e-06
DNg02_a,1,1,1,1.1610289038145606e-06
DNg04,1,1,1,1.1610289038145606e-06
DNg08,1,1,1,1.1610289038145606e-06
DNg09_b,1,1,1,1.1610289038145606e-06
DNg106,1,1,1,1.1610289038145606e-06
DNg11,1,1,1,1.1610289038145606e-06
DNg19,1,1,1,1.1610289038145606e-06
DNg26,1,1,1,1.1610289038145606e-06
DNg33,1,1,1,1.1610289038145606e-06
DNg44,1,1,1,1.1610289038145606e-06
DNg50,1,1,1,1.1610289038145606e-06
DNg51,1,1,1,1.1610289038145606e-06
DNg56,1,1,1,1.1610289038145606e-06
DNg60,1,1,1,1.1610289038145606e-06
DNg69,1,1,1,1.1610289038145606e-06
DNg70,1,1,1,1.1610289038145606e-06
DNg92_a,1,1,1,1.1610289038145606e-06
DNge006,1,1,1,1.1610289038145606e-06
DNge026,1,1,1,1.1610289038145606e-06
DNge032,1,1,1,1.1610289038145606e-06
DNge034,1,1,1,1.1610289038145606e-06
DNge039,1,1,1,1.1610289038145606e-06
DNge048,1,1,1,1.1610289038145606e-06
DNge049,1,1,1,1.1610289038145606e-06
DNge050,1,1,1,1.1610289038145606e-06
DNge052,1,1,1,1.1610289038145606e-06
DNge059,1,1,1,1.1610289038145606e-06
DNge064,1,1,1,1.1610289038145606e-06
DNge070,1,1,1,1.1610289038145606e-06
DNge077,1,1,1,1.1610289038145606e-06
DNge086,1,1,1,1.1610289038145606e-06
DNge117,1,1,1,1.1610289038145606e-06
DNge125,1,1,1,1.1610289038145606e-06
DNge131,1,1,1,1.1610289038145606e-06
DNge137,1,1,1,1.1610289038145606e-06
DNge143,1,1,1,1.1610289038145606e-06
DNge144,1,1,1,1.1610289038145606e-06
DNp02,1,1,1,1.1610289038145606e-06
DNp03,1,1,1,1.1610289038145606e-06
DNp18,1,1,1,1.1610289038145606e-06
DNp25,1,1,1,1.1610289038145606e-06
DNp58,1,1,1,1.1610289038145606e-06
DNp72,1,1,1,1.1610289038145606e-06
DNp73,1,1,1,1.1610289038145606e-06
DNpe008,1,1,1,1.1610289038145606e-06
DNpe009,1,1,1,1.1610289038145606e-06
DNpe014,1,1,1,1.1610289038145606e-06
DNpe029,1,1,1,1.1610289038145606e-06
DNpe054,1,1,1,1.1610289038145606e-06
DNxl114,1,1,1,1.1610289038145606e-06
ER3p_b,1,1,1,1.1610289038145606e-06
FB7J,1,1,1,1.1610289038145606e-06
FB7K,1,1,1,1.1610289038145606e-06
FB7M,1,1,1,1.1610289038145606e-06
FB8A,1,1,1,1.1610289038145606e-06
FB8D,1,1,1,1.1610289038145606e-06
FB8F_b,1,1,1,1.1610289038145606e-06
FB8G,1,1,1,1.1610289038145606e-06
FB9A,1,1,1,1.1610289038145606e-06
FLA005m,1,1,1,1.1610289038145606e-06
GNG006,1,1,1,1.1610289038145606e-06
GNG013,1,1,1,1.1610289038145606e-06
GNG021,1,1,1,1.1610289038145606e-06
GNG022,1,1,1,1.1610289038145606e-06
GNG034,1,1,1,1.1610289038145606e-06
GNG038,1,1,1,1.1610289038145606e-06
GNG054,1,1,1,1.1610289038145606e-06
GNG057,1,1,1,1.1610289038145606e-06
GNG085,1,1,1,1.1610289038145606e-06
GNG090,1,1,1,1.1610289038145606e-06
GNG093,1,1,1,1.1610289038145606e-06
GNG094,1,1,1,1.1610289038145606e-06
GNG100,1,1,1,1.1610289038145606e-06
GNG101,1,1,1,1.1610289038145606e-06
GNG114,1,1,1,1.1610289038145606e-06
GNG119,1,1,1,1.1610289038145606e-06
GNG122,1,1,1,1.1610289038145606e-06
GNG128,1,1,1,1.1610289038145606e-06
GNG129,1,1,1,1.1610289038145606e-06
GNG143,1,1,1,1.1610289038145606e-06
GNG145,1,1,1,1.1610289038145606e-06
GNG152,1,1,1,1.1610289038145606e-06
GNG154,1,1,1,1.1610289038145606e-06
GNG160,1,1,1,1.1610289038145606e-06
GNG163,1,1,1,1.1610289038145606e-06
GNG166,1,1,1,1.1610289038145606e-06
GNG175,1,1,1,1.1610289038145606e-06
GNG198,1,1,1,1.1610289038145606e-06
GNG202,1,1,1,1.1610289038145606e-06
GNG204,1,1,1,1.1610289038145606e-06
GNG205,1,1,1,1.1610289038145606e-06
GNG210,1,1,1,1.1610289038145606e-06
GNG215,1,1,1,1.1610289038145606e-06
GNG248,1,1,1,1.1610289038145606e-06
GNG273,1,1,1,1.1610289038145606e-06
GNG276,1,1,1,1.1610289038145606e-06
GNG279_a,1,1,1,1.1610289038145606e-06
GNG280,1,1,1,1.1610289038145606e-06
GNG308,1,1,1,1.1610289038145606e-06
GNG312,1,1,1,1.1610289038145606e-06
GNG318,1,1,1,1.1610289038145606e-06
GNG338,1,1,1,1.1610289038145606e-06
GNG339,1,1,1,1.1610289038145606e-06
GNG343,1,1,1,1.1610289038145606e-06
GNG344,1,1,1,1.1610289038145606e-06
GNG345,1,1,1,1.1610289038145606e-06
GNG352,1,1,1,1.1610289038145606e-06
GNG353,1,1,1,1.1610289038145606e-06
GNG364,1,1,1,1.1610289038145606e-06
GNG367_a,1,1,1,1.1610289038145606e-06
GNG397,1,1,1,1.1610289038145606e-06
GNG423,1,1,1,1.1610289038145606e-06
GNG424,1,1,1,1.1610289038145606e-06
GNG428,1,1,1,1.1610289038145606e-06
GNG443,1,1,1,1.1610289038145606e-06
GNG453,1,1,1,1.1610289038145606e-06
GNG470,1,1,1,1.1610289038145606e-06
GNG489,1,1,1,1.1610289038145606e-06
GNG492,1,1,1,1.1610289038145606e-06
GNG493,1,1,1,1.1610289038145606e-06
GNG503,1,1,1,1.1610289038145606e-06
GNG520,1,1,1,1.1610289038145606e-06
GNG527,1,1,1,1.1610289038145606e-06
GNG528,1,1,1,1.1610289038145606e-06
GNG542,1,1,1,1.1610289038145606e-06
GNG547,1,1,1,1.1610289038145606e-06
GNG549,1,1,1,1.1610289038145606e-06
GNG559,1,1,1,1.1610289038145606e-06
GNG566,1,1,1,1.1610289038145606e-06
GNG573,1,1,1,1.1610289038145606e-06
GNG574,1,1,1,1.1610289038145606e-06
GNG576,1,1,1,1.1610289038145606e-06
GNG578,1,1,1,1.1610289038145606e-06
GNG580,1,1,1,1.1610289038145606e-06
GNG583,1,1,1,1.1610289038145606e-06
GNG588,1,1,1,1.1610289038145606e-06
GNG600,1,1,1,1.1610289038145606e-06
GNG639,1,1,1,1.1610289038145606e-06
GNG641,1,1,1,1.1610289038145606e-06
GNG651,1,1,1,1.1610289038145606e-06
GNG653,1,1,1,1.1610289038145606e-06
GNG658,1,1,1,1.1610289038145606e-06
HRN_VP5,1,1,1,1.1610289038145606e-06
IB004_b,1,1,1,1.1610289038145606e-06
IB042,1,1,1,1.1610289038145606e-06
IB084,1,1,1,1.1610289038145606e-06
IPS001,1,1,1,1.1610289038145606e-06
JO-A1,1,1,1,1.1610289038145606e-06
JO-CA1,1,1,1,1.1610289038145606e-06
KC,1,1,1,1.1610289038145606e-06
LAL187,1,1,1,1.1610289038145606e-06
LHAD1a3,1,1,1,1.1610289038145606e-06
LHAV2k12_b,1,1,1,1.1610289038145606e-06
LHAV3a1_b,1,1,1,1.1610289038145606e-06
LHAV4d4,1,1,1,1.1610289038145606e-06
LHAV6i2_b,1,1,1,1.1610289038145606e-06
LHPV10a1a,1,1,1,1.1610289038145606e-06
LHPV4b7,1,1,1,1.1610289038145606e-06
LHPV5a5,1,1,1,1.1610289038145606e-06
LHPV5e2,1,1,1,1.1610289038145606e-06
LHPV5h2_c,1,1,1,1.1610289038145606e-06
LHPV6a3,1,1,1,1.1610289038145606e-06
LHPV6i1_a,1,1,1,1.1610289038145606e-06
LN60,1,1,1,1.1610289038145606e-06
LOP_ME_unclear,1,1,1,1.1610289038145606e-06
LO_ME_unclear,1,1,1,1.1610289038145606e-06
LPN_a,1,1,1,1.1610289038145606e-06
Li11a,1,1,1,1.1610289038145606e-06
Li_unclear,1,1,1,1.1610289038145606e-06
LoVC24,1,1,1,1.1610289038145606e-06
LopVC_unclear,1,1,1,1.1610289038145606e-06
ME_LOP_unclear,1,1,1,1.1610289038145606e-06
M_lPNm11C,1,1,1,1.1610289038145606e-06
M_lvPNm27,1,1,1,1.1610289038145606e-06
M_lvPNm29,1,1,1,1.1610289038145606e-06
M_lvPNm31,1,1,1,1.1610289038145606e-06
M_lvPNm35,1,1,1,1.1610289038145606e-06
M_lvPNm37,1,1,1,1.1610289038145606e-06
M_lvPNm40,1,1,1,1.1610289038145606e-06
M_lvPNm42,1,1,1,1.1610289038145606e-06
M_lvPNm43,1,1,1,1.1610289038145606e-06
M_vPNml53,1,1,1,1.1610289038145606e-06
M_vPNml73,1,1,1,1.1610289038145606e-06
M_vPNml75,1,1,1,1.1610289038145606e-06
M_vPNml77,1,1,1,1.1610289038145606e-06
M_vPNml78,1,1,1,1.1610289038145606e-06
M_vPNml86,1,1,1,1.1610289038145606e-06
M_vPNml88,1,1,1,1.1610289038145606e-06
MeTu2a,1,1,1,1.1610289038145606e-06
MeVC5,1,1,1,1.1610289038145606e-06
MeVC6,1,1,1,1.1610289038145606e-06
MeVC7b,1,1,1,1.1610289038145606e-06
MeVP12,1,1,1,1.1610289038145606e-06
MeVP16,1,1,1,1.1610289038145606e-06
MeVP20,1,1,1,1.1610289038145606e-06
MeVP34,1,1,1,1.1610289038145606e-06
MeVP4,1,1,1,1.1610289038145606e-06
MeVP42,1,1,1,1.1610289038145606e-06
MeVP58,1,1,1,1.1610289038145606e-06
MeVP60,1,1,1,1.1610289038145606e-06
MeVP61,1,1,1,1.1610289038145606e-06
MeVP63,1,1,1,1.1610289038145606e-06
MeVP6_unclear,1,1,1,1.1610289038145606e-06
MeVPLp2,1,1,1,1.1610289038145606e-06
MeVPMe11,1,1,1,1.1610289038145606e-06
MeVPMe3,1,1,1,1.1610289038145606e-06
MeVPMe6,1,1,1,1.1610289038145606e-06
OCG02c,1,1,1,1.1610289038145606e-06
OLVC6,1,1,1,1.1610289038145606e-06
ORN_DA1,1,1,1,1.1610289038145606e-06
ORN_VL1,1,1,1,1.1610289038145606e-06
PLP122_a,1,1,1,1.1610289038145606e-06
PLP164,1,1,1,1.1610289038145606e-06
PLP219,1,1,1,1.1610289038145606e-06
PLP248,1,1,1,1.1610289038145606e-06
PRW032,1,1,1,1.1610289038145606e-06
PRW046,1,1,1,1.1610289038145606e-06
PRW067,1,1,1,1.1610289038145606e-06
PS005_b,1,1,1,1.1610289038145606e-06
PS005_c,1,1,1,1.1610289038145606e-06
PS005_d,1,1,1,1.1610289038145606e-06
PS024,1,1,1,1.1610289038145606e-06
PS025,1,1,1,1.1610289038145606e-06
PS032,1,1,1,1.1610289038145606e-06
PS037,1,1,1,1.1610289038145606e-06
PS042,1,1,1,1.1610289038145606e-06
PS050,1,1,1,1.1610289038145606e-06
PS074,1,1,1,1.1610289038145606e-06
PS080,1,1,1,1.1610289038145606e-06
PS089,1,1,1,1.1610289038145606e-06
PS108,1,1,1,1.1610289038145606e-06
PS116,1,1,1,1.1610289038145606e-06
PS117_a,1,1,1,1.1610289038145606e-06
PS126,1,1,1,1.1610289038145606e-06
PS209,1,1,1,1.1610289038145606e-06
PS210,1,1,1,1.1610289038145606e-06
PS215,1,1,1,1.1610289038145606e-06
PS220,1,1,1,1.1610289038145606e-06
PS238,1,1,1,1.1610289038145606e-06
PS246,1,1,1,1.1610289038145606e-06
PS323,1,1,1,1.1610289038145606e-06
PS338,1,1,1,1.1610289038145606e-06
PS352,1,1,1,1.1610289038145606e-06
SA1_c,1,1,1,1.1610289038145606e-06
SAD005,1,1,1,1.1610289038145606e-06
SAD096,1,1,1,1.1610289038145606e-06
SAD103,1,1,1,1.1610289038145606e-06
SAD107,1,1,1,1.1610289038145606e-06
SAD112_a,1,1,1,1.1610289038145606e-06
SAD112_c,1,1,1,1.1610289038145606e-06
SAD114,1,1,1,1.1610289038145606e-06
SAF,1,1,1,1.1610289038145606e-06
SApp10,1,1,1,1.1610289038145606e-06
SLP006,1,1,1,1.1610289038145606e-06
SLP069,1,1,1,1.1610289038145606e-06
SLP075,1,1,1,1.1610289038145606e-06
SLP083,1,1,1,1.1610289038145606e-06
SLP089,1,1,1,1.1610289038145606e-06
SLP109,1,1,1,1.1610289038145606e-06
SLP120,1,1,1,1.1610289038145606e-06
SLP151,1,1,1,1.1610289038145606e-06
SLP202,1,1,1,1.1610289038145606e-06
SLP210,1,1,1,1.1610289038145606e-06
SLP249,1,1,1,1.1610289038145606e-06
SLP260,1,1,1,1.1610289038145606e-06
SLP298,1,1,1,1.1610289038145606e-06
SLP302,1,1,1,1.1610289038145606e-06
SLP307,1,1,1,1.1610289038145606e-06
SLP316,1,1,1,1.1610289038145606e-06
SLP344,1,1,1,1.1610289038145606e-06
SLP347,1,1,1,1.1610289038145606e-06
SLP368,1,1,1,1.1610289038145606e-06
SLP375,1,1,1,1.1610289038145606e-06
SLP386,1,1,1,1.1610289038145606e-06
SLP403,1,1,1,1.1610289038145606e-06
SLP412_b,1,1,1,1.1610289038145606e-06
SLP435,1,1,1,1.1610289038145606e-06
SLP459,1,1,1,1.1610289038145606e-06
SLP460,1,1,1,1.1610289038145606e-06
SLP465,1,1,1,1.1610289038145606e-06
SMP045,1,1,1,1.1610289038145606e-06
SMP046,1,1,1,1.1610289038145606e-06
SMP067,1,1,1,1.1610289038145606e-06
SMP090,1,1,1,1.1610289038145606e-06
SMP162,1,1,1,1.1610289038145606e-06
SMP166,1,1,1,1.1610289038145606e-06
SMP191,1,1,1,1.1610289038145606e-06
SMP217,1,1,1,1.1610289038145606e-06
SMP235,1,1,1,1.1610289038145606e-06
SMP251,1,1,1,1.1610289038145606e-06
SMP267,1,1,1,1.1610289038145606e-06
SMP274,1,1,1,1.1610289038145606e-06
SMP275,1,1,1,1.1610289038145606e-06
SMP291,1,1,1,1.1610289038145606e-06
SMP306,1,1,1,1.1610289038145606e-06
SMP320,1,1,1,1.1610289038145606e-06
SMP327,1,1,1,1.1610289038145606e-06
SMP328_b,1,1,1,1.1610289038145606e-06
SMP337,1,1,1,1.1610289038145606e-06
SMP344,1,1,1,1.1610289038145606e-06
SMP346,1,1,1,1.1610289038145606e-06
SMP360,1,1,1,1.1610289038145606e-06
SMP378,1,1,1,1.1610289038145606e-06
SMP393,1,1,1,1.1610289038145606e-06
SMP403,1,1,1,1.1610289038145606e-06
SMP406_b,1,1,1,1.1610289038145606e-06
SMP416,1,1,1,1.1610289038145606e-06
SMP428_a,1,1,1,1.1610289038145606e-06
SMP445,1,1,1,1.1610289038145606e-06
SMP482,1,1,1,1.1610289038145606e-06
SMP483,1,1,1,1.1610289038145606e-06
SMP484,1,1,1,1.1610289038145606e-06
SMP519,1,1,1,1.1610289038145606e-06
SMP526,1,1,1,1.1610289038145606e-06
SMP540,1,1,1,1.1610289038145606e-06
SMP560,1,1,1,1.1610289038145606e-06
SMP581,1,1,1,1.1610289038145606e-06
SMP582,1,1,1,1.1610289038145606e-06
SMP590_a,1,1,1,1.1610289038145606e-06
SMP729,1,1,1,1.1610289038145606e-06
SMP731,1,1,1,1.1610289038145606e-06
TRN_VP3a,1,1,1,1.1610289038145606e-06
TuTuB_b,1,1,1,1.1610289038145606e-06
VA1d_adPN,1,1,1,1.1610289038145606e-06
VM2_adPN,1,1,1,1.1610289038145606e-06
VM6_lvPN,1,1,1,1.1610289038145606e-06
VP3+_vPN,1,1,1,1.1610289038145606e-06
VP4+_vPN,1,1,1,1.1610289038145606e-06
WED014,1,1,1,1.1610289038145606e-06
WED040_b,1,1,1,1.1610289038145606e-06
WED063_b,1,1,1,1.1610289038145606e-06
WED071,1,1,1,1.1610289038145606e-06
WED076,1,1,1,1.1610289038145606e-06
WED099,1,1,1,1.1610289038145606e-06
WED146_a,1,1,1,1.1610289038145606e-06
WED146_c,1,1,1,1.1610289038145606e-06
WED159,1,1,1,1.1610289038145606e-06
WED185,1,1,1,1.1610289038145606e-06
WED191,1,1,1,1.1610289038145606e-06
WED206,1,1,1,1.1610289038145606e-06
Y_unclear,1,1,1,1.1610289038145606e-06
aDT4,1,1,1,1.1610289038145606e-06
aMe23,1,1,1,1.1610289038145606e-06
aMe9,1,1,1,1.1610289038145606e-06
il3LN6,1,1,1,1.1610289038145606e-06
lLN10,1,1,1,1.1610289038145606e-06
lLN12A,1,1,1,1.1610289038145606e-06
lLN15,1,1,1,1.1610289038145606e-06
lLN1_a,1,1,1,1.1610289038145606e-06
lLN2F_b,1,1,1,1.1610289038145606e-06
lLN2P_c,1,1,1,1.1610289038145606e-06
lLN2T_a,1,1,1,1.1610289038145606e-06
mAL4A,1,1,1,1.1610289038145606e-06
mAL4C,1,1,1,1.1610289038145606e-06
mAL5A1,1,1,1,1.1610289038145606e-06
mAL5B,1,1,1,1.1610289038145606e-06
mAL_m10,1,1,1,1.1610289038145606e-06
v2LN31,1,1,1,1.1610289038145606e-06
v2LN47,1,1,1,1.1610289038145606e-06
vCal1,1,1,1,1.1610289038145606e-06
vMS16,1,1,1,1.1610289038145606e-06
